text,scenario_id,standard_name,relevance,role,unit,source,group_id,split,training_angle
2号线_CALCINER_COAL_测点A12,cement_rotary_kiln,calciner_coal_feed,useful,manipulated,t/h,multi_angle:equipment_channel_context,5236e2bffcdfb8c2,external_train,equipment_channel_context
2号线_calciner_coal_feed_测点A12,cement_rotary_kiln,calciner_coal_feed,useful,manipulated,t/h,multi_angle:equipment_channel_context,a4bca34ab31e9888,external_train,equipment_channel_context
2号线_分解炉喂煤量_测点A12,cement_rotary_kiln,calciner_coal_feed,useful,manipulated,t/h,multi_angle:equipment_channel_context,4fc16f4ab732ba29,external_train,equipment_channel_context
2号线_分解炉煤量_测点A12,cement_rotary_kiln,calciner_coal_feed,useful,manipulated,t/h,multi_angle:equipment_channel_context,b9ace2e88cf6023a,external_train,equipment_channel_context
CALCINER.COAL,cement_rotary_kiln,calciner_coal_feed,useful,manipulated,t/h,multi_angle:separator_noise,3b1e1fc16874ce08,external_train,separator_noise
CALCINER_COAL(t/h),cement_rotary_kiln,calciner_coal_feed,useful,manipulated,t/h,multi_angle:unit_parenthesis,29ea9b0bfaefcd1b,external_train,unit_parenthesis
CALCINER_COAL__t/h__AI,cement_rotary_kiln,calciner_coal_feed,useful,manipulated,t/h,multi_angle:unit_channel_mix,441887e64688c1e3,external_train,unit_channel_mix
DCS-A-CALCINER_COAL-PV-07,cement_rotary_kiln,calciner_coal_feed,useful,manipulated,t/h,multi_angle:dcs_vendor_envelope,2794e2a33fa95fc3,external_train,dcs_vendor_envelope
DCS-A-calciner_coal_feed-PV-07,cement_rotary_kiln,calciner_coal_feed,useful,manipulated,t/h,multi_angle:dcs_vendor_envelope,c65c71389f7f1aca,external_train,dcs_vendor_envelope
DCS-A-分解炉喂煤量-PV-07,cement_rotary_kiln,calciner_coal_feed,useful,manipulated,t/h,multi_angle:dcs_vendor_envelope,1fa12c1690cad34f,external_train,dcs_vendor_envelope
DCS-A-分解炉煤量-PV-07,cement_rotary_kiln,calciner_coal_feed,useful,manipulated,t/h,multi_angle:dcs_vendor_envelope,021ce5422ef192b4,external_train,dcs_vendor_envelope
PLC01.CALCINER_COAL.VALUE,cement_rotary_kiln,calciner_coal_feed,useful,manipulated,t/h,multi_angle:plc_vendor_envelope,c0e5326d1dab1174,external_train,plc_vendor_envelope
PLC01.calciner_coal_feed.VALUE,cement_rotary_kiln,calciner_coal_feed,useful,manipulated,t/h,multi_angle:plc_vendor_envelope,775cc40f48874dc9,external_train,plc_vendor_envelope
PLC01.分解炉喂煤量.VALUE,cement_rotary_kiln,calciner_coal_feed,useful,manipulated,t/h,multi_angle:plc_vendor_envelope,46bfd9eb9280d594,external_train,plc_vendor_envelope
PLC01.分解炉煤量.VALUE,cement_rotary_kiln,calciner_coal_feed,useful,manipulated,t/h,multi_angle:plc_vendor_envelope,25728ee237a144b2,external_train,plc_vendor_envelope
calciner.coal.feed,cement_rotary_kiln,calciner_coal_feed,useful,manipulated,t/h,multi_angle:separator_noise,e6c2b3adfc329721,external_train,separator_noise
calciner_coal_feed(t/h),cement_rotary_kiln,calciner_coal_feed,useful,manipulated,t/h,multi_angle:unit_parenthesis,d45deeeb6b3f1053,external_train,unit_parenthesis
calciner_coal_feed__t/h__AI,cement_rotary_kiln,calciner_coal_feed,useful,manipulated,t/h,multi_angle:unit_channel_mix,e913e2d996b591c2,external_train,unit_channel_mix
calciner_coal_feed_raw,cement_rotary_kiln,calciner_coal_feed,useful,manipulated,t/h,multi_angle:case_and_suffix_noise,dc8abd4e2d05c5c6,external_train,case_and_suffix_noise
calciner_coal_raw,cement_rotary_kiln,calciner_coal_feed,useful,manipulated,t/h,multi_angle:case_and_suffix_noise,4a1bedeb69dfc15c,external_train,case_and_suffix_noise
分解炉喂煤量,cement_rotary_kiln,calciner_coal_feed,useful,manipulated,t/h,multi_angle:separator_noise,5b47296b457db015,external_train,separator_noise
分解炉喂煤量(t/h),cement_rotary_kiln,calciner_coal_feed,useful,manipulated,t/h,multi_angle:unit_parenthesis,f361c5b4431c8c58,external_train,unit_parenthesis
分解炉喂煤量__t/h__AI,cement_rotary_kiln,calciner_coal_feed,useful,manipulated,t/h,multi_angle:unit_channel_mix,6ad0ae931ed556a8,external_train,unit_channel_mix
分解炉喂煤量_raw,cement_rotary_kiln,calciner_coal_feed,useful,manipulated,t/h,multi_angle:case_and_suffix_noise,9eb91d714ecb86a6,external_train,case_and_suffix_noise
分解炉煤量,cement_rotary_kiln,calciner_coal_feed,useful,manipulated,t/h,multi_angle:separator_noise,16d5301633fed5f4,external_train,separator_noise
分解炉煤量(t/h),cement_rotary_kiln,calciner_coal_feed,useful,manipulated,t/h,multi_angle:unit_parenthesis,d668f72e40a918b2,external_train,unit_parenthesis
分解炉煤量__t/h__AI,cement_rotary_kiln,calciner_coal_feed,useful,manipulated,t/h,multi_angle:unit_channel_mix,b17eab27ed90ae5c,external_train,unit_channel_mix
分解炉煤量_raw,cement_rotary_kiln,calciner_coal_feed,useful,manipulated,t/h,multi_angle:case_and_suffix_noise,3c931895d03986e1,external_train,case_and_suffix_noise
2号线_CLINKER_FCAO_测点A12,cement_rotary_kiln,clinker_free_lime,required,controlled,percent,multi_angle:equipment_channel_context,eab732285a12d153,external_train,equipment_channel_context
2号线_FREE_LIME_测点A12,cement_rotary_kiln,clinker_free_lime,required,controlled,percent,multi_angle:equipment_channel_context,ecba13a9a12d9275,external_train,equipment_channel_context
2号线_clinker_free_lime_测点A12,cement_rotary_kiln,clinker_free_lime,required,controlled,percent,multi_angle:equipment_channel_context,86d7a41140adef33,external_train,equipment_channel_context
2号线_游离钙_测点A12,cement_rotary_kiln,clinker_free_lime,required,controlled,percent,multi_angle:equipment_channel_context,c077ed76f8ab83ec,external_train,equipment_channel_context
2号线_熟料游离钙_测点A12,cement_rotary_kiln,clinker_free_lime,required,controlled,percent,multi_angle:equipment_channel_context,fab1652adb0bd101,external_train,equipment_channel_context
CLINKER.FCAO,cement_rotary_kiln,clinker_free_lime,required,controlled,percent,multi_angle:separator_noise,d19848f3ca484954,external_train,separator_noise
CLINKER_FCAO(percent),cement_rotary_kiln,clinker_free_lime,required,controlled,percent,multi_angle:unit_parenthesis,fd76cc3e65eb2bc5,external_train,unit_parenthesis
CLINKER_FCAO__percent__AI,cement_rotary_kiln,clinker_free_lime,required,controlled,percent,multi_angle:unit_channel_mix,0a0c796ae2b78315,external_train,unit_channel_mix
DCS-A-CLINKER_FCAO-PV-07,cement_rotary_kiln,clinker_free_lime,required,controlled,percent,multi_angle:dcs_vendor_envelope,28d77a174ebdd74b,external_train,dcs_vendor_envelope
DCS-A-FREE_LIME-PV-07,cement_rotary_kiln,clinker_free_lime,required,controlled,percent,multi_angle:dcs_vendor_envelope,17f76d51a68b31ca,external_train,dcs_vendor_envelope
DCS-A-clinker_free_lime-PV-07,cement_rotary_kiln,clinker_free_lime,required,controlled,percent,multi_angle:dcs_vendor_envelope,37c3969dd675a577,external_train,dcs_vendor_envelope
DCS-A-游离钙-PV-07,cement_rotary_kiln,clinker_free_lime,required,controlled,percent,multi_angle:dcs_vendor_envelope,12084ff7c40fa575,external_train,dcs_vendor_envelope
DCS-A-熟料游离钙-PV-07,cement_rotary_kiln,clinker_free_lime,required,controlled,percent,multi_angle:dcs_vendor_envelope,82c60a6c77dab25a,external_train,dcs_vendor_envelope
FREE.LIME,cement_rotary_kiln,clinker_free_lime,required,controlled,percent,multi_angle:separator_noise,5a9c61cb4f9b4aca,external_train,separator_noise
FREE_LIME(percent),cement_rotary_kiln,clinker_free_lime,required,controlled,percent,multi_angle:unit_parenthesis,e6643009d173d169,external_train,unit_parenthesis
FREE_LIME__percent__AI,cement_rotary_kiln,clinker_free_lime,required,controlled,percent,multi_angle:unit_channel_mix,daed4a99bbd0e4b4,external_train,unit_channel_mix
PLC01.CLINKER_FCAO.VALUE,cement_rotary_kiln,clinker_free_lime,required,controlled,percent,multi_angle:plc_vendor_envelope,59c88942f42d255f,external_train,plc_vendor_envelope
PLC01.FREE_LIME.VALUE,cement_rotary_kiln,clinker_free_lime,required,controlled,percent,multi_angle:plc_vendor_envelope,ca457a51684f2c14,external_train,plc_vendor_envelope
PLC01.clinker_free_lime.VALUE,cement_rotary_kiln,clinker_free_lime,required,controlled,percent,multi_angle:plc_vendor_envelope,12e741b8ea58c26d,external_train,plc_vendor_envelope
PLC01.游离钙.VALUE,cement_rotary_kiln,clinker_free_lime,required,controlled,percent,multi_angle:plc_vendor_envelope,0536d97eb5fd4f24,external_train,plc_vendor_envelope
PLC01.熟料游离钙.VALUE,cement_rotary_kiln,clinker_free_lime,required,controlled,percent,multi_angle:plc_vendor_envelope,21dddf5d7e237f70,external_train,plc_vendor_envelope
clinker.free.lime,cement_rotary_kiln,clinker_free_lime,required,controlled,percent,multi_angle:separator_noise,193fd9669a8134d5,external_train,separator_noise
clinker_fcao_raw,cement_rotary_kiln,clinker_free_lime,required,controlled,percent,multi_angle:case_and_suffix_noise,9d113c75fff0648f,external_train,case_and_suffix_noise
clinker_free_lime(percent),cement_rotary_kiln,clinker_free_lime,required,controlled,percent,multi_angle:unit_parenthesis,4401d1c8eabc92d0,external_train,unit_parenthesis
clinker_free_lime__percent__AI,cement_rotary_kiln,clinker_free_lime,required,controlled,percent,multi_angle:unit_channel_mix,a88e39bf8e3091ad,external_train,unit_channel_mix
clinker_free_lime_raw,cement_rotary_kiln,clinker_free_lime,required,controlled,percent,multi_angle:case_and_suffix_noise,716b2850aa0f6a87,external_train,case_and_suffix_noise
free_lime_raw,cement_rotary_kiln,clinker_free_lime,required,controlled,percent,multi_angle:case_and_suffix_noise,2c37c9d009b2c6e3,external_train,case_and_suffix_noise
游离钙,cement_rotary_kiln,clinker_free_lime,required,controlled,percent,multi_angle:separator_noise,ba9c06b02da80626,external_train,separator_noise
游离钙(percent),cement_rotary_kiln,clinker_free_lime,required,controlled,percent,multi_angle:unit_parenthesis,ad6a60b194139fb5,external_train,unit_parenthesis
游离钙__percent__AI,cement_rotary_kiln,clinker_free_lime,required,controlled,percent,multi_angle:unit_channel_mix,1e7e4859a58c3bbb,external_train,unit_channel_mix
游离钙_raw,cement_rotary_kiln,clinker_free_lime,required,controlled,percent,multi_angle:case_and_suffix_noise,ad7bab6985fc2429,external_train,case_and_suffix_noise
熟料游离钙,cement_rotary_kiln,clinker_free_lime,required,controlled,percent,multi_angle:separator_noise,e0d7b2d66424f966,external_train,separator_noise
熟料游离钙(percent),cement_rotary_kiln,clinker_free_lime,required,controlled,percent,multi_angle:unit_parenthesis,6c8ee40fde4407da,external_train,unit_parenthesis
熟料游离钙__percent__AI,cement_rotary_kiln,clinker_free_lime,required,controlled,percent,multi_angle:unit_channel_mix,82b7487e7f2a527d,external_train,unit_channel_mix
熟料游离钙_raw,cement_rotary_kiln,clinker_free_lime,required,controlled,percent,multi_angle:case_and_suffix_noise,15b959006c1e8736,external_train,case_and_suffix_noise
2号线_出窑熟料温度_测点A12,cement_rotary_kiln,clinker_temperature,useful,state,degC,multi_angle:equipment_channel_context,422364ae4aafc591,external_train,equipment_channel_context
2号线_熟料温度_测点A12,cement_rotary_kiln,clinker_temperature,useful,state,degC,multi_angle:equipment_channel_context,ae55f25ec5da815f,external_train,equipment_channel_context
DCS-A-出窑熟料温度-PV-07,cement_rotary_kiln,clinker_temperature,useful,state,degC,multi_angle:dcs_vendor_envelope,24151b0a34c1146b,external_train,dcs_vendor_envelope
DCS-A-熟料温度-PV-07,cement_rotary_kiln,clinker_temperature,useful,state,degC,multi_angle:dcs_vendor_envelope,31c3fb645d9c14df,external_train,dcs_vendor_envelope
PLC01.出窑熟料温度.VALUE,cement_rotary_kiln,clinker_temperature,useful,state,degC,multi_angle:plc_vendor_envelope,03f04046cfca1f0a,external_train,plc_vendor_envelope
PLC01.熟料温度.VALUE,cement_rotary_kiln,clinker_temperature,useful,state,degC,multi_angle:plc_vendor_envelope,77353723ca9e2727,external_train,plc_vendor_envelope
出窑熟料温度,cement_rotary_kiln,clinker_temperature,useful,state,degC,multi_angle:separator_noise,33e9c324aefd1279,external_train,separator_noise
出窑熟料温度(degC),cement_rotary_kiln,clinker_temperature,useful,state,degC,multi_angle:unit_parenthesis,74dd4df04ff4fbd1,external_train,unit_parenthesis
出窑熟料温度__degC__AI,cement_rotary_kiln,clinker_temperature,useful,state,degC,multi_angle:unit_channel_mix,11fc94f424cbb49a,external_train,unit_channel_mix
出窑熟料温度_raw,cement_rotary_kiln,clinker_temperature,useful,state,degC,multi_angle:case_and_suffix_noise,4a3c92ef2b2a66d2,external_train,case_and_suffix_noise
熟料温度,cement_rotary_kiln,clinker_temperature,useful,state,degC,multi_angle:separator_noise,c838fbde624df165,external_train,separator_noise
熟料温度(degC),cement_rotary_kiln,clinker_temperature,useful,state,degC,multi_angle:unit_parenthesis,7e1407bc441bbfc0,external_train,unit_parenthesis
熟料温度__degC__AI,cement_rotary_kiln,clinker_temperature,useful,state,degC,multi_angle:unit_channel_mix,49503942104351cd,external_train,unit_channel_mix
熟料温度_raw,cement_rotary_kiln,clinker_temperature,useful,state,degC,multi_angle:case_and_suffix_noise,86cb5dfc40c21f31,external_train,case_and_suffix_noise
2号线_COAL_FEED_测点A12,cement_rotary_kiln,coal_feed,required,manipulated,t/h,multi_angle:equipment_channel_context,34dd908b02ca84c3,external_train,equipment_channel_context
2号线_KILN_COAL_FEED_测点A12,cement_rotary_kiln,coal_feed,required,manipulated,t/h,multi_angle:equipment_channel_context,a193be42915fb33a,external_train,equipment_channel_context
2号线_coal_feed_测点A12,cement_rotary_kiln,coal_feed,required,manipulated,t/h,multi_angle:equipment_channel_context,124a02ee1e5c9bea,external_train,equipment_channel_context
2号线_喂煤量_测点A12,cement_rotary_kiln,coal_feed,required,manipulated,t/h,multi_angle:equipment_channel_context,3c7316cf531f9656,external_train,equipment_channel_context
2号线_窑头煤量_测点A12,cement_rotary_kiln,coal_feed,required,manipulated,t/h,multi_angle:equipment_channel_context,a65de5709ee3cefa,external_train,equipment_channel_context
COAL.FEED,cement_rotary_kiln,coal_feed,required,manipulated,t/h,multi_angle:separator_noise,d411760846eff2f9,external_train,separator_noise
COAL_FEED(t/h),cement_rotary_kiln,coal_feed,required,manipulated,t/h,multi_angle:unit_parenthesis,8e493da110d28b88,external_train,unit_parenthesis
COAL_FEED__t/h__AI,cement_rotary_kiln,coal_feed,required,manipulated,t/h,multi_angle:unit_channel_mix,2fa44da5fb062316,external_train,unit_channel_mix
DCS-A-COAL_FEED-PV-07,cement_rotary_kiln,coal_feed,required,manipulated,t/h,multi_angle:dcs_vendor_envelope,a65c791f4f6cfc96,external_train,dcs_vendor_envelope
DCS-A-KILN_COAL_FEED-PV-07,cement_rotary_kiln,coal_feed,required,manipulated,t/h,multi_angle:dcs_vendor_envelope,c75ccc19fe4852fd,external_train,dcs_vendor_envelope
DCS-A-coal_feed-PV-07,cement_rotary_kiln,coal_feed,required,manipulated,t/h,multi_angle:dcs_vendor_envelope,bd0195cd15cb93f2,external_train,dcs_vendor_envelope
DCS-A-喂煤量-PV-07,cement_rotary_kiln,coal_feed,required,manipulated,t/h,multi_angle:dcs_vendor_envelope,1d4c69f65e4a9d95,external_train,dcs_vendor_envelope
DCS-A-窑头煤量-PV-07,cement_rotary_kiln,coal_feed,required,manipulated,t/h,multi_angle:dcs_vendor_envelope,39c6561fd0d274d4,external_train,dcs_vendor_envelope
KILN.COAL.FEED,cement_rotary_kiln,coal_feed,required,manipulated,t/h,multi_angle:separator_noise,9f300c793e33c5f3,external_train,separator_noise
KILN_COAL_FEED(t/h),cement_rotary_kiln,coal_feed,required,manipulated,t/h,multi_angle:unit_parenthesis,791b48b2d2dbc1cf,external_train,unit_parenthesis
KILN_COAL_FEED__t/h__AI,cement_rotary_kiln,coal_feed,required,manipulated,t/h,multi_angle:unit_channel_mix,e81c4755b0e3265c,external_train,unit_channel_mix
PLC01.COAL_FEED.VALUE,cement_rotary_kiln,coal_feed,required,manipulated,t/h,multi_angle:plc_vendor_envelope,e2b81895ed03b267,external_train,plc_vendor_envelope
PLC01.KILN_COAL_FEED.VALUE,cement_rotary_kiln,coal_feed,required,manipulated,t/h,multi_angle:plc_vendor_envelope,084b1ef8c7c177c0,external_train,plc_vendor_envelope
PLC01.coal_feed.VALUE,cement_rotary_kiln,coal_feed,required,manipulated,t/h,multi_angle:plc_vendor_envelope,34c8936937fcf5cd,external_train,plc_vendor_envelope
PLC01.喂煤量.VALUE,cement_rotary_kiln,coal_feed,required,manipulated,t/h,multi_angle:plc_vendor_envelope,1c17d0b5dc9bf768,external_train,plc_vendor_envelope
PLC01.窑头煤量.VALUE,cement_rotary_kiln,coal_feed,required,manipulated,t/h,multi_angle:plc_vendor_envelope,a5f4d532998e6ecb,external_train,plc_vendor_envelope
coal.feed,cement_rotary_kiln,coal_feed,required,manipulated,t/h,multi_angle:separator_noise,1693a37eaafc24d6,external_train,separator_noise
coal_feed(t/h),cement_rotary_kiln,coal_feed,required,manipulated,t/h,multi_angle:unit_parenthesis,9a0d63b59f71d058,external_train,unit_parenthesis
coal_feed__t/h__AI,cement_rotary_kiln,coal_feed,required,manipulated,t/h,multi_angle:unit_channel_mix,684a711c7b009d92,external_train,unit_channel_mix
coal_feed_raw,cement_rotary_kiln,coal_feed,required,manipulated,t/h,multi_angle:case_and_suffix_noise,edb771f00a2ae1a5,external_train,case_and_suffix_noise
kiln_coal_feed_raw,cement_rotary_kiln,coal_feed,required,manipulated,t/h,multi_angle:case_and_suffix_noise,30780647c6a98d1e,external_train,case_and_suffix_noise
喂煤量,cement_rotary_kiln,coal_feed,required,manipulated,t/h,multi_angle:separator_noise,12329ddda17f51a8,external_train,separator_noise
喂煤量(t/h),cement_rotary_kiln,coal_feed,required,manipulated,t/h,multi_angle:unit_parenthesis,9db83061edc9fbcc,external_train,unit_parenthesis
喂煤量__t/h__AI,cement_rotary_kiln,coal_feed,required,manipulated,t/h,multi_angle:unit_channel_mix,194a847d9b2b94e6,external_train,unit_channel_mix
喂煤量_raw,cement_rotary_kiln,coal_feed,required,manipulated,t/h,multi_angle:case_and_suffix_noise,f295d811a43b95c4,external_train,case_and_suffix_noise
窑头煤量,cement_rotary_kiln,coal_feed,required,manipulated,t/h,multi_angle:separator_noise,dc53dccf9a19220a,external_train,separator_noise
窑头煤量(t/h),cement_rotary_kiln,coal_feed,required,manipulated,t/h,multi_angle:unit_parenthesis,ac0a866904bc9daf,external_train,unit_parenthesis
窑头煤量__t/h__AI,cement_rotary_kiln,coal_feed,required,manipulated,t/h,multi_angle:unit_channel_mix,a8fad023f62c7455,external_train,unit_channel_mix
窑头煤量_raw,cement_rotary_kiln,coal_feed,required,manipulated,t/h,multi_angle:case_and_suffix_noise,3bad076f6045a00a,external_train,case_and_suffix_noise
2号线_ID_FAN_SPEED_测点A12,cement_rotary_kiln,id_fan_speed,useful,manipulated,rpm,multi_angle:equipment_channel_context,2307ee27e92575d8,external_train,equipment_channel_context
2号线_id_fan_speed_测点A12,cement_rotary_kiln,id_fan_speed,useful,manipulated,rpm,multi_angle:equipment_channel_context,67b13762146e27dd,external_train,equipment_channel_context
2号线_高温风机转速_测点A12,cement_rotary_kiln,id_fan_speed,useful,manipulated,rpm,multi_angle:equipment_channel_context,483dc64efcdc3dc4,external_train,equipment_channel_context
DCS-A-ID_FAN_SPEED-PV-07,cement_rotary_kiln,id_fan_speed,useful,manipulated,rpm,multi_angle:dcs_vendor_envelope,e7fc3bb7976a39e2,external_train,dcs_vendor_envelope
DCS-A-id_fan_speed-PV-07,cement_rotary_kiln,id_fan_speed,useful,manipulated,rpm,multi_angle:dcs_vendor_envelope,02a92ee9be794444,external_train,dcs_vendor_envelope
DCS-A-高温风机转速-PV-07,cement_rotary_kiln,id_fan_speed,useful,manipulated,rpm,multi_angle:dcs_vendor_envelope,014aad026c83c63b,external_train,dcs_vendor_envelope
ID.FAN.SPEED,cement_rotary_kiln,id_fan_speed,useful,manipulated,rpm,multi_angle:separator_noise,a83bc82e77cd27e1,external_train,separator_noise
ID_FAN_SPEED(rpm),cement_rotary_kiln,id_fan_speed,useful,manipulated,rpm,multi_angle:unit_parenthesis,aaba3467b904a6b4,external_train,unit_parenthesis
ID_FAN_SPEED__rpm__AI,cement_rotary_kiln,id_fan_speed,useful,manipulated,rpm,multi_angle:unit_channel_mix,4bc18daeaef19c50,external_train,unit_channel_mix
PLC01.ID_FAN_SPEED.VALUE,cement_rotary_kiln,id_fan_speed,useful,manipulated,rpm,multi_angle:plc_vendor_envelope,9b7fb0c4f17f715a,external_train,plc_vendor_envelope
PLC01.id_fan_speed.VALUE,cement_rotary_kiln,id_fan_speed,useful,manipulated,rpm,multi_angle:plc_vendor_envelope,99409fb08eca38e9,external_train,plc_vendor_envelope
PLC01.高温风机转速.VALUE,cement_rotary_kiln,id_fan_speed,useful,manipulated,rpm,multi_angle:plc_vendor_envelope,b4e7b5298c3eba0a,external_train,plc_vendor_envelope
id.fan.speed,cement_rotary_kiln,id_fan_speed,useful,manipulated,rpm,multi_angle:separator_noise,de41db5efa52743d,external_train,separator_noise
id_fan_speed(rpm),cement_rotary_kiln,id_fan_speed,useful,manipulated,rpm,multi_angle:unit_parenthesis,808552ecbd428903,external_train,unit_parenthesis
id_fan_speed__rpm__AI,cement_rotary_kiln,id_fan_speed,useful,manipulated,rpm,multi_angle:unit_channel_mix,8d026f5b0fe8f7fa,external_train,unit_channel_mix
id_fan_speed_raw,cement_rotary_kiln,id_fan_speed,useful,manipulated,rpm,multi_angle:case_and_suffix_noise,7031a19f62e91573,external_train,case_and_suffix_noise
高温风机转速,cement_rotary_kiln,id_fan_speed,useful,manipulated,rpm,multi_angle:separator_noise,66741b884871e61e,external_train,separator_noise
高温风机转速(rpm),cement_rotary_kiln,id_fan_speed,useful,manipulated,rpm,multi_angle:unit_parenthesis,c5ad779b1ae4de5f,external_train,unit_parenthesis
高温风机转速__rpm__AI,cement_rotary_kiln,id_fan_speed,useful,manipulated,rpm,multi_angle:unit_channel_mix,70155e6182fd658d,external_train,unit_channel_mix
高温风机转速_raw,cement_rotary_kiln,id_fan_speed,useful,manipulated,rpm,multi_angle:case_and_suffix_noise,0fdb9faac02122b0,external_train,case_and_suffix_noise
2号线_KILN_CURRENT_测点A12,cement_rotary_kiln,kiln_current,useful,state,A,multi_angle:equipment_channel_context,579e3da0770079b7,external_train,equipment_channel_context
2号线_kiln_current_测点A12,cement_rotary_kiln,kiln_current,useful,state,A,multi_angle:equipment_channel_context,22b4cb565af00cfc,external_train,equipment_channel_context
2号线_主传电流_测点A12,cement_rotary_kiln,kiln_current,useful,state,A,multi_angle:equipment_channel_context,19034106d112bc7a,external_train,equipment_channel_context
2号线_窑主电机电流_测点A12,cement_rotary_kiln,kiln_current,useful,state,A,multi_angle:equipment_channel_context,610c5b19c3543cdf,external_train,equipment_channel_context
DCS-A-KILN_CURRENT-PV-07,cement_rotary_kiln,kiln_current,useful,state,A,multi_angle:dcs_vendor_envelope,927ea5b7643f2e42,external_train,dcs_vendor_envelope
DCS-A-kiln_current-PV-07,cement_rotary_kiln,kiln_current,useful,state,A,multi_angle:dcs_vendor_envelope,574d81c76e278410,external_train,dcs_vendor_envelope
DCS-A-主传电流-PV-07,cement_rotary_kiln,kiln_current,useful,state,A,multi_angle:dcs_vendor_envelope,16ed6d55195b9a85,external_train,dcs_vendor_envelope
DCS-A-窑主电机电流-PV-07,cement_rotary_kiln,kiln_current,useful,state,A,multi_angle:dcs_vendor_envelope,155d48abd8be3c6b,external_train,dcs_vendor_envelope
KILN.CURRENT,cement_rotary_kiln,kiln_current,useful,state,A,multi_angle:separator_noise,395214da1c3fd920,external_train,separator_noise
KILN_CURRENT(A),cement_rotary_kiln,kiln_current,useful,state,A,multi_angle:unit_parenthesis,f37ad129c50c698b,external_train,unit_parenthesis
KILN_CURRENT__A__AI,cement_rotary_kiln,kiln_current,useful,state,A,multi_angle:unit_channel_mix,c02731247db8d317,external_train,unit_channel_mix
PLC01.KILN_CURRENT.VALUE,cement_rotary_kiln,kiln_current,useful,state,A,multi_angle:plc_vendor_envelope,02633ae11cbdb63b,external_train,plc_vendor_envelope
PLC01.kiln_current.VALUE,cement_rotary_kiln,kiln_current,useful,state,A,multi_angle:plc_vendor_envelope,9cbc6edb56b502f0,external_train,plc_vendor_envelope
PLC01.主传电流.VALUE,cement_rotary_kiln,kiln_current,useful,state,A,multi_angle:plc_vendor_envelope,73cbe9739b00d83e,external_train,plc_vendor_envelope
PLC01.窑主电机电流.VALUE,cement_rotary_kiln,kiln_current,useful,state,A,multi_angle:plc_vendor_envelope,ce136299a54832cc,external_train,plc_vendor_envelope
kiln.current,cement_rotary_kiln,kiln_current,useful,state,A,multi_angle:separator_noise,4d75e73025dac6c1,external_train,separator_noise
kiln_current(A),cement_rotary_kiln,kiln_current,useful,state,A,multi_angle:unit_parenthesis,953b0740dd6214e0,external_train,unit_parenthesis
kiln_current__A__AI,cement_rotary_kiln,kiln_current,useful,state,A,multi_angle:unit_channel_mix,8abce0d783093228,external_train,unit_channel_mix
kiln_current_raw,cement_rotary_kiln,kiln_current,useful,state,A,multi_angle:case_and_suffix_noise,bfe8e0a169e8b97f,external_train,case_and_suffix_noise
主传电流,cement_rotary_kiln,kiln_current,useful,state,A,multi_angle:separator_noise,02987856df166652,external_train,separator_noise
主传电流(A),cement_rotary_kiln,kiln_current,useful,state,A,multi_angle:unit_parenthesis,0e703aa08dc67b26,external_train,unit_parenthesis
主传电流__A__AI,cement_rotary_kiln,kiln_current,useful,state,A,multi_angle:unit_channel_mix,722fca5ba1439167,external_train,unit_channel_mix
主传电流_raw,cement_rotary_kiln,kiln_current,useful,state,A,multi_angle:case_and_suffix_noise,5347fb029039ba74,external_train,case_and_suffix_noise
窑主电机电流,cement_rotary_kiln,kiln_current,useful,state,A,multi_angle:separator_noise,ae05d899395463c5,external_train,separator_noise
窑主电机电流(A),cement_rotary_kiln,kiln_current,useful,state,A,multi_angle:unit_parenthesis,2b055decf6fea925,external_train,unit_parenthesis
窑主电机电流__A__AI,cement_rotary_kiln,kiln_current,useful,state,A,multi_angle:unit_channel_mix,36a95aae665b76e6,external_train,unit_channel_mix
窑主电机电流_raw,cement_rotary_kiln,kiln_current,useful,state,A,multi_angle:case_and_suffix_noise,852f2cdb896cd4e5,external_train,case_and_suffix_noise
2号线_kiln_inlet_o2_测点A12,cement_rotary_kiln,kiln_inlet_o2,useful,state,percent,multi_angle:equipment_channel_context,50b44785b21538b4,external_train,equipment_channel_context
2号线_窑尾含氧量_测点A12,cement_rotary_kiln,kiln_inlet_o2,useful,state,percent,multi_angle:equipment_channel_context,61f20565e571306a,external_train,equipment_channel_context
2号线_窑尾氧量_测点A12,cement_rotary_kiln,kiln_inlet_o2,useful,state,percent,multi_angle:equipment_channel_context,50357704ac68fc9e,external_train,equipment_channel_context
DCS-A-kiln_inlet_o2-PV-07,cement_rotary_kiln,kiln_inlet_o2,useful,state,percent,multi_angle:dcs_vendor_envelope,044bee46a1be984e,external_train,dcs_vendor_envelope
DCS-A-窑尾含氧量-PV-07,cement_rotary_kiln,kiln_inlet_o2,useful,state,percent,multi_angle:dcs_vendor_envelope,378d0a1c9c22b34d,external_train,dcs_vendor_envelope
DCS-A-窑尾氧量-PV-07,cement_rotary_kiln,kiln_inlet_o2,useful,state,percent,multi_angle:dcs_vendor_envelope,54743ced46caa83a,external_train,dcs_vendor_envelope
PLC01.kiln_inlet_o2.VALUE,cement_rotary_kiln,kiln_inlet_o2,useful,state,percent,multi_angle:plc_vendor_envelope,bf4f3653d254fb96,external_train,plc_vendor_envelope
PLC01.窑尾含氧量.VALUE,cement_rotary_kiln,kiln_inlet_o2,useful,state,percent,multi_angle:plc_vendor_envelope,7ecda4e0c7a468a0,external_train,plc_vendor_envelope
PLC01.窑尾氧量.VALUE,cement_rotary_kiln,kiln_inlet_o2,useful,state,percent,multi_angle:plc_vendor_envelope,b8f7b8a2f657f1bf,external_train,plc_vendor_envelope
kiln.inlet.o2,cement_rotary_kiln,kiln_inlet_o2,useful,state,percent,multi_angle:separator_noise,e211ceeca797716c,external_train,separator_noise
kiln_inlet_o2(percent),cement_rotary_kiln,kiln_inlet_o2,useful,state,percent,multi_angle:unit_parenthesis,9f5305c732df89ca,external_train,unit_parenthesis
kiln_inlet_o2__percent__AI,cement_rotary_kiln,kiln_inlet_o2,useful,state,percent,multi_angle:unit_channel_mix,523fad6678bd36ec,external_train,unit_channel_mix
kiln_inlet_o2_raw,cement_rotary_kiln,kiln_inlet_o2,useful,state,percent,multi_angle:case_and_suffix_noise,a120d09d7a37c889,external_train,case_and_suffix_noise
窑尾含氧量,cement_rotary_kiln,kiln_inlet_o2,useful,state,percent,multi_angle:separator_noise,c2662c57b580b43e,external_train,separator_noise
窑尾含氧量(percent),cement_rotary_kiln,kiln_inlet_o2,useful,state,percent,multi_angle:unit_parenthesis,7fbc82243bd59bb1,external_train,unit_parenthesis
窑尾含氧量__percent__AI,cement_rotary_kiln,kiln_inlet_o2,useful,state,percent,multi_angle:unit_channel_mix,31857db9f02cfa47,external_train,unit_channel_mix
窑尾含氧量_raw,cement_rotary_kiln,kiln_inlet_o2,useful,state,percent,multi_angle:case_and_suffix_noise,4b2c70c4cd20abd8,external_train,case_and_suffix_noise
窑尾氧量,cement_rotary_kiln,kiln_inlet_o2,useful,state,percent,multi_angle:separator_noise,f8e717252824b165,external_train,separator_noise
窑尾氧量(percent),cement_rotary_kiln,kiln_inlet_o2,useful,state,percent,multi_angle:unit_parenthesis,4569eb441cec2379,external_train,unit_parenthesis
窑尾氧量__percent__AI,cement_rotary_kiln,kiln_inlet_o2,useful,state,percent,multi_angle:unit_channel_mix,8dff3eb5530469c4,external_train,unit_channel_mix
窑尾氧量_raw,cement_rotary_kiln,kiln_inlet_o2,useful,state,percent,multi_angle:case_and_suffix_noise,decf7f48be3f466a,external_train,case_and_suffix_noise
2号线_窑入口温度_测点A12,cement_rotary_kiln,kiln_inlet_temperature,required,state,degC,multi_angle:equipment_channel_context,6f163e3acb7bc767,external_train,equipment_channel_context
2号线_窑尾温度_测点A12,cement_rotary_kiln,kiln_inlet_temperature,required,state,degC,multi_angle:equipment_channel_context,734b49fc8edafcc7,external_train,equipment_channel_context
2号线_窑尾烟室温度_测点A12,cement_rotary_kiln,kiln_inlet_temperature,required,state,degC,multi_angle:equipment_channel_context,732648749816de4c,external_train,equipment_channel_context
DCS-A-窑入口温度-PV-07,cement_rotary_kiln,kiln_inlet_temperature,required,state,degC,multi_angle:dcs_vendor_envelope,99a477346ce443f9,external_train,dcs_vendor_envelope
DCS-A-窑尾温度-PV-07,cement_rotary_kiln,kiln_inlet_temperature,required,state,degC,multi_angle:dcs_vendor_envelope,6fba6ace8c809976,external_train,dcs_vendor_envelope
DCS-A-窑尾烟室温度-PV-07,cement_rotary_kiln,kiln_inlet_temperature,required,state,degC,multi_angle:dcs_vendor_envelope,f0a19aa6667b921a,external_train,dcs_vendor_envelope
PLC01.窑入口温度.VALUE,cement_rotary_kiln,kiln_inlet_temperature,required,state,degC,multi_angle:plc_vendor_envelope,5b4f24a282d97def,external_train,plc_vendor_envelope
PLC01.窑尾温度.VALUE,cement_rotary_kiln,kiln_inlet_temperature,required,state,degC,multi_angle:plc_vendor_envelope,451fd3eda799e289,external_train,plc_vendor_envelope
PLC01.窑尾烟室温度.VALUE,cement_rotary_kiln,kiln_inlet_temperature,required,state,degC,multi_angle:plc_vendor_envelope,1bb102a81b0d6b50,external_train,plc_vendor_envelope
窑入口温度,cement_rotary_kiln,kiln_inlet_temperature,required,state,degC,multi_angle:separator_noise,5bc662dc30ff0966,external_train,separator_noise
窑入口温度(degC),cement_rotary_kiln,kiln_inlet_temperature,required,state,degC,multi_angle:unit_parenthesis,a043f5c59c95be0d,external_train,unit_parenthesis
窑入口温度__degC__AI,cement_rotary_kiln,kiln_inlet_temperature,required,state,degC,multi_angle:unit_channel_mix,38c66e4d248cb9e0,external_train,unit_channel_mix
窑入口温度_raw,cement_rotary_kiln,kiln_inlet_temperature,required,state,degC,multi_angle:case_and_suffix_noise,21dd3a9a40f2ea54,external_train,case_and_suffix_noise
窑尾温度,cement_rotary_kiln,kiln_inlet_temperature,required,state,degC,multi_angle:separator_noise,bdfbf0d1b4ddbef5,external_train,separator_noise
窑尾温度(degC),cement_rotary_kiln,kiln_inlet_temperature,required,state,degC,multi_angle:unit_parenthesis,fd3e6b757d7054ab,external_train,unit_parenthesis
窑尾温度__degC__AI,cement_rotary_kiln,kiln_inlet_temperature,required,state,degC,multi_angle:unit_channel_mix,aee2ae994afd1e8d,external_train,unit_channel_mix
窑尾温度_raw,cement_rotary_kiln,kiln_inlet_temperature,required,state,degC,multi_angle:case_and_suffix_noise,e654470f3e1e975c,external_train,case_and_suffix_noise
窑尾烟室温度,cement_rotary_kiln,kiln_inlet_temperature,required,state,degC,multi_angle:separator_noise,efa322ec707e2627,external_train,separator_noise
窑尾烟室温度(degC),cement_rotary_kiln,kiln_inlet_temperature,required,state,degC,multi_angle:unit_parenthesis,94c798db5be5543c,external_train,unit_parenthesis
窑尾烟室温度__degC__AI,cement_rotary_kiln,kiln_inlet_temperature,required,state,degC,multi_angle:unit_channel_mix,8e52a485c6732110,external_train,unit_channel_mix
窑尾烟室温度_raw,cement_rotary_kiln,kiln_inlet_temperature,required,state,degC,multi_angle:case_and_suffix_noise,a26f1dce7bca23b5,external_train,case_and_suffix_noise
2号线_窑出口温度_测点A12,cement_rotary_kiln,kiln_outlet_temperature,required,controlled,degC,multi_angle:equipment_channel_context,f08afd08d339ad78,external_train,equipment_channel_context
2号线_窑头温度_测点A12,cement_rotary_kiln,kiln_outlet_temperature,required,controlled,degC,multi_angle:equipment_channel_context,f661b381cc3c0db3,external_train,equipment_channel_context
2号线_窑头罩温度_测点A12,cement_rotary_kiln,kiln_outlet_temperature,required,controlled,degC,multi_angle:equipment_channel_context,92a9a88633227578,external_train,equipment_channel_context
DCS-A-窑出口温度-PV-07,cement_rotary_kiln,kiln_outlet_temperature,required,controlled,degC,multi_angle:dcs_vendor_envelope,f039cd688f5c4c42,external_train,dcs_vendor_envelope
DCS-A-窑头温度-PV-07,cement_rotary_kiln,kiln_outlet_temperature,required,controlled,degC,multi_angle:dcs_vendor_envelope,58c18b2960a391c0,external_train,dcs_vendor_envelope
DCS-A-窑头罩温度-PV-07,cement_rotary_kiln,kiln_outlet_temperature,required,controlled,degC,multi_angle:dcs_vendor_envelope,43be14ed89ae6807,external_train,dcs_vendor_envelope
PLC01.窑出口温度.VALUE,cement_rotary_kiln,kiln_outlet_temperature,required,controlled,degC,multi_angle:plc_vendor_envelope,3062e5ae7050f9de,external_train,plc_vendor_envelope
PLC01.窑头温度.VALUE,cement_rotary_kiln,kiln_outlet_temperature,required,controlled,degC,multi_angle:plc_vendor_envelope,5e8e721f8b65f9a0,external_train,plc_vendor_envelope
PLC01.窑头罩温度.VALUE,cement_rotary_kiln,kiln_outlet_temperature,required,controlled,degC,multi_angle:plc_vendor_envelope,5b6e35e79da7dc02,external_train,plc_vendor_envelope
窑出口温度,cement_rotary_kiln,kiln_outlet_temperature,required,controlled,degC,multi_angle:separator_noise,9e1958da1c85a8a6,external_train,separator_noise
窑出口温度(degC),cement_rotary_kiln,kiln_outlet_temperature,required,controlled,degC,multi_angle:unit_parenthesis,6c593ce70d4733b8,external_train,unit_parenthesis
窑出口温度__degC__AI,cement_rotary_kiln,kiln_outlet_temperature,required,controlled,degC,multi_angle:unit_channel_mix,b4ac5f473f9f849a,external_train,unit_channel_mix
窑出口温度_raw,cement_rotary_kiln,kiln_outlet_temperature,required,controlled,degC,multi_angle:case_and_suffix_noise,f8c71b2762d300fb,external_train,case_and_suffix_noise
窑头温度,cement_rotary_kiln,kiln_outlet_temperature,required,controlled,degC,multi_angle:separator_noise,78a660ac50a7f952,external_train,separator_noise
窑头温度(degC),cement_rotary_kiln,kiln_outlet_temperature,required,controlled,degC,multi_angle:unit_parenthesis,1e2e5217f05b81df,external_train,unit_parenthesis
窑头温度__degC__AI,cement_rotary_kiln,kiln_outlet_temperature,required,controlled,degC,multi_angle:unit_channel_mix,4896a570f3a1afcd,external_train,unit_channel_mix
窑头温度_raw,cement_rotary_kiln,kiln_outlet_temperature,required,controlled,degC,multi_angle:case_and_suffix_noise,9a888a9a0e149977,external_train,case_and_suffix_noise
窑头罩温度,cement_rotary_kiln,kiln_outlet_temperature,required,controlled,degC,multi_angle:separator_noise,b5f67baee299ef6b,external_train,separator_noise
窑头罩温度(degC),cement_rotary_kiln,kiln_outlet_temperature,required,controlled,degC,multi_angle:unit_parenthesis,2e88b0843cdeaa71,external_train,unit_parenthesis
窑头罩温度__degC__AI,cement_rotary_kiln,kiln_outlet_temperature,required,controlled,degC,multi_angle:unit_channel_mix,0c78b455f1ffec34,external_train,unit_channel_mix
窑头罩温度_raw,cement_rotary_kiln,kiln_outlet_temperature,required,controlled,degC,multi_angle:case_and_suffix_noise,f63763c2ce58c42b,external_train,case_and_suffix_noise
2号线_KILN_SPEED_测点A12,cement_rotary_kiln,kiln_speed,required,manipulated,rpm,multi_angle:equipment_channel_context,349154b16c178588,external_train,equipment_channel_context
2号线_kiln_speed_测点A12,cement_rotary_kiln,kiln_speed,required,manipulated,rpm,multi_angle:equipment_channel_context,1f4d4e563fecd953,external_train,equipment_channel_context
2号线_回转窑转速_测点A12,cement_rotary_kiln,kiln_speed,required,manipulated,rpm,multi_angle:equipment_channel_context,a3a8a9d610f83bf0,external_train,equipment_channel_context
2号线_窑转速_测点A12,cement_rotary_kiln,kiln_speed,required,manipulated,rpm,multi_angle:equipment_channel_context,bf75b688095b03fe,external_train,equipment_channel_context
DCS-A-KILN_SPEED-PV-07,cement_rotary_kiln,kiln_speed,required,manipulated,rpm,multi_angle:dcs_vendor_envelope,f2a8147aaeb524f7,external_train,dcs_vendor_envelope
DCS-A-kiln_speed-PV-07,cement_rotary_kiln,kiln_speed,required,manipulated,rpm,multi_angle:dcs_vendor_envelope,f69a52367a12e6a8,external_train,dcs_vendor_envelope
DCS-A-回转窑转速-PV-07,cement_rotary_kiln,kiln_speed,required,manipulated,rpm,multi_angle:dcs_vendor_envelope,1d62c2ab07a37048,external_train,dcs_vendor_envelope
DCS-A-窑转速-PV-07,cement_rotary_kiln,kiln_speed,required,manipulated,rpm,multi_angle:dcs_vendor_envelope,3826906adbc706e3,external_train,dcs_vendor_envelope
KILN.SPEED,cement_rotary_kiln,kiln_speed,required,manipulated,rpm,multi_angle:separator_noise,228e5c0f3177724c,external_train,separator_noise
KILN_SPEED(rpm),cement_rotary_kiln,kiln_speed,required,manipulated,rpm,multi_angle:unit_parenthesis,5e231e65d7860ce3,external_train,unit_parenthesis
KILN_SPEED__rpm__AI,cement_rotary_kiln,kiln_speed,required,manipulated,rpm,multi_angle:unit_channel_mix,9a4c60002a7c6974,external_train,unit_channel_mix
PLC01.KILN_SPEED.VALUE,cement_rotary_kiln,kiln_speed,required,manipulated,rpm,multi_angle:plc_vendor_envelope,f5c5dcf3379f8298,external_train,plc_vendor_envelope
PLC01.kiln_speed.VALUE,cement_rotary_kiln,kiln_speed,required,manipulated,rpm,multi_angle:plc_vendor_envelope,066a725cceff68b5,external_train,plc_vendor_envelope
PLC01.回转窑转速.VALUE,cement_rotary_kiln,kiln_speed,required,manipulated,rpm,multi_angle:plc_vendor_envelope,6e9caec3df08bed5,external_train,plc_vendor_envelope
PLC01.窑转速.VALUE,cement_rotary_kiln,kiln_speed,required,manipulated,rpm,multi_angle:plc_vendor_envelope,89b11665579a2c9d,external_train,plc_vendor_envelope
kiln.speed,cement_rotary_kiln,kiln_speed,required,manipulated,rpm,multi_angle:separator_noise,5edb4ab75584e2d9,external_train,separator_noise
kiln_speed(rpm),cement_rotary_kiln,kiln_speed,required,manipulated,rpm,multi_angle:unit_parenthesis,f6be04d7165b3cb6,external_train,unit_parenthesis
kiln_speed__rpm__AI,cement_rotary_kiln,kiln_speed,required,manipulated,rpm,multi_angle:unit_channel_mix,4d70c2651f9a7f3e,external_train,unit_channel_mix
kiln_speed_raw,cement_rotary_kiln,kiln_speed,required,manipulated,rpm,multi_angle:case_and_suffix_noise,9883a52cb2911667,external_train,case_and_suffix_noise
回转窑转速,cement_rotary_kiln,kiln_speed,required,manipulated,rpm,multi_angle:separator_noise,48864e6d3dca5bb6,external_train,separator_noise
回转窑转速(rpm),cement_rotary_kiln,kiln_speed,required,manipulated,rpm,multi_angle:unit_parenthesis,3f2606f0bc0f8a8f,external_train,unit_parenthesis
回转窑转速__rpm__AI,cement_rotary_kiln,kiln_speed,required,manipulated,rpm,multi_angle:unit_channel_mix,eb622b1d27c0aafe,external_train,unit_channel_mix
回转窑转速_raw,cement_rotary_kiln,kiln_speed,required,manipulated,rpm,multi_angle:case_and_suffix_noise,79cf44d735057725,external_train,case_and_suffix_noise
窑转速,cement_rotary_kiln,kiln_speed,required,manipulated,rpm,multi_angle:separator_noise,f13dc6212b66cd97,external_train,separator_noise
窑转速(rpm),cement_rotary_kiln,kiln_speed,required,manipulated,rpm,multi_angle:unit_parenthesis,b55bf8e3bf5e4400,external_train,unit_parenthesis
窑转速__rpm__AI,cement_rotary_kiln,kiln_speed,required,manipulated,rpm,multi_angle:unit_channel_mix,65f2fc24d5b826d0,external_train,unit_channel_mix
窑转速_raw,cement_rotary_kiln,kiln_speed,required,manipulated,rpm,multi_angle:case_and_suffix_noise,59ebbc74ce1eea51,external_train,case_and_suffix_noise
2号线_C1出口温度_测点A12,cement_rotary_kiln,preheater_exit_temperature,useful,state,degC,multi_angle:equipment_channel_context,931092702b04fdac,external_train,equipment_channel_context
2号线_PREHEATER_EXIT_TEMP_测点A12,cement_rotary_kiln,preheater_exit_temperature,useful,state,degC,multi_angle:equipment_channel_context,3780e4862f54a0ed,external_train,equipment_channel_context
2号线_预热器出口温度_测点A12,cement_rotary_kiln,preheater_exit_temperature,useful,state,degC,multi_angle:equipment_channel_context,b644537e7ae9459a,external_train,equipment_channel_context
C1出口温度,cement_rotary_kiln,preheater_exit_temperature,useful,state,degC,multi_angle:separator_noise,0a4d089b4b6890d1,external_train,separator_noise
C1出口温度(degC),cement_rotary_kiln,preheater_exit_temperature,useful,state,degC,multi_angle:unit_parenthesis,8f8b10e066180abe,external_train,unit_parenthesis
C1出口温度__degC__AI,cement_rotary_kiln,preheater_exit_temperature,useful,state,degC,multi_angle:unit_channel_mix,4f4f7bebc3615210,external_train,unit_channel_mix
DCS-A-C1出口温度-PV-07,cement_rotary_kiln,preheater_exit_temperature,useful,state,degC,multi_angle:dcs_vendor_envelope,100fca70a3f2232f,external_train,dcs_vendor_envelope
DCS-A-PREHEATER_EXIT_TEMP-PV-07,cement_rotary_kiln,preheater_exit_temperature,useful,state,degC,multi_angle:dcs_vendor_envelope,d8ae020b2500d230,external_train,dcs_vendor_envelope
DCS-A-预热器出口温度-PV-07,cement_rotary_kiln,preheater_exit_temperature,useful,state,degC,multi_angle:dcs_vendor_envelope,9fb7b6d3c4c497f9,external_train,dcs_vendor_envelope
PLC01.C1出口温度.VALUE,cement_rotary_kiln,preheater_exit_temperature,useful,state,degC,multi_angle:plc_vendor_envelope,173345796847847b,external_train,plc_vendor_envelope
PLC01.PREHEATER_EXIT_TEMP.VALUE,cement_rotary_kiln,preheater_exit_temperature,useful,state,degC,multi_angle:plc_vendor_envelope,934ef45b93db4165,external_train,plc_vendor_envelope
PLC01.预热器出口温度.VALUE,cement_rotary_kiln,preheater_exit_temperature,useful,state,degC,multi_angle:plc_vendor_envelope,267d4dc7df353f83,external_train,plc_vendor_envelope
PREHEATER.EXIT.TEMP,cement_rotary_kiln,preheater_exit_temperature,useful,state,degC,multi_angle:separator_noise,151b301a5fb15cb7,external_train,separator_noise
PREHEATER_EXIT_TEMP(degC),cement_rotary_kiln,preheater_exit_temperature,useful,state,degC,multi_angle:unit_parenthesis,e821416f9a177463,external_train,unit_parenthesis
PREHEATER_EXIT_TEMP__degC__AI,cement_rotary_kiln,preheater_exit_temperature,useful,state,degC,multi_angle:unit_channel_mix,48d74c2bb08db517,external_train,unit_channel_mix
c1出口温度_raw,cement_rotary_kiln,preheater_exit_temperature,useful,state,degC,multi_angle:case_and_suffix_noise,24e3f07329782469,external_train,case_and_suffix_noise
preheater_exit_temp_raw,cement_rotary_kiln,preheater_exit_temperature,useful,state,degC,multi_angle:case_and_suffix_noise,1a06c30b28e18d3d,external_train,case_and_suffix_noise
预热器出口温度,cement_rotary_kiln,preheater_exit_temperature,useful,state,degC,multi_angle:separator_noise,5e3158459adfd5cd,external_train,separator_noise
预热器出口温度(degC),cement_rotary_kiln,preheater_exit_temperature,useful,state,degC,multi_angle:unit_parenthesis,6d535f0e83c88d44,external_train,unit_parenthesis
预热器出口温度__degC__AI,cement_rotary_kiln,preheater_exit_temperature,useful,state,degC,multi_angle:unit_channel_mix,cc2a9d615607a2eb,external_train,unit_channel_mix
预热器出口温度_raw,cement_rotary_kiln,preheater_exit_temperature,useful,state,degC,multi_angle:case_and_suffix_noise,2dfcbc4b59491018,external_train,case_and_suffix_noise
2号线_raw_meal_feed_测点A12,cement_rotary_kiln,raw_meal_feed,required,manipulated,t/h,multi_angle:equipment_channel_context,e979ab96e17a8009,external_train,equipment_channel_context
2号线_喂料量_测点A12,cement_rotary_kiln,raw_meal_feed,required,manipulated,t/h,multi_angle:equipment_channel_context,7a59bf08e811f616,external_train,equipment_channel_context
2号线_生料喂料量_测点A12,cement_rotary_kiln,raw_meal_feed,required,manipulated,t/h,multi_angle:equipment_channel_context,05331de33a4a0e05,external_train,equipment_channel_context
2号线_生料量_测点A12,cement_rotary_kiln,raw_meal_feed,required,manipulated,t/h,multi_angle:equipment_channel_context,b2864324db4fc5df,external_train,equipment_channel_context
DCS-A-raw_meal_feed-PV-07,cement_rotary_kiln,raw_meal_feed,required,manipulated,t/h,multi_angle:dcs_vendor_envelope,b29b2eae93beceb9,external_train,dcs_vendor_envelope
DCS-A-喂料量-PV-07,cement_rotary_kiln,raw_meal_feed,required,manipulated,t/h,multi_angle:dcs_vendor_envelope,a52e632bcb941f12,external_train,dcs_vendor_envelope
DCS-A-生料喂料量-PV-07,cement_rotary_kiln,raw_meal_feed,required,manipulated,t/h,multi_angle:dcs_vendor_envelope,bc434371cb50ad7e,external_train,dcs_vendor_envelope
DCS-A-生料量-PV-07,cement_rotary_kiln,raw_meal_feed,required,manipulated,t/h,multi_angle:dcs_vendor_envelope,933b94da4d4fff96,external_train,dcs_vendor_envelope
PLC01.raw_meal_feed.VALUE,cement_rotary_kiln,raw_meal_feed,required,manipulated,t/h,multi_angle:plc_vendor_envelope,d33a6d81910c3578,external_train,plc_vendor_envelope
PLC01.喂料量.VALUE,cement_rotary_kiln,raw_meal_feed,required,manipulated,t/h,multi_angle:plc_vendor_envelope,be07f79dc5f5fc5b,external_train,plc_vendor_envelope
PLC01.生料喂料量.VALUE,cement_rotary_kiln,raw_meal_feed,required,manipulated,t/h,multi_angle:plc_vendor_envelope,12cd8581e5201fb6,external_train,plc_vendor_envelope
PLC01.生料量.VALUE,cement_rotary_kiln,raw_meal_feed,required,manipulated,t/h,multi_angle:plc_vendor_envelope,0f621b00697c3f7f,external_train,plc_vendor_envelope
raw.meal.feed,cement_rotary_kiln,raw_meal_feed,required,manipulated,t/h,multi_angle:separator_noise,3fb63c324d5e1a53,external_train,separator_noise
raw_meal_feed(t/h),cement_rotary_kiln,raw_meal_feed,required,manipulated,t/h,multi_angle:unit_parenthesis,24d5c3346ee2e235,external_train,unit_parenthesis
raw_meal_feed__t/h__AI,cement_rotary_kiln,raw_meal_feed,required,manipulated,t/h,multi_angle:unit_channel_mix,9893dd2bc8a6160e,external_train,unit_channel_mix
raw_meal_feed_raw,cement_rotary_kiln,raw_meal_feed,required,manipulated,t/h,multi_angle:case_and_suffix_noise,04e111e123437bb1,external_train,case_and_suffix_noise
喂料量,cement_rotary_kiln,raw_meal_feed,required,manipulated,t/h,multi_angle:separator_noise,64113cb032240801,external_train,separator_noise
喂料量(t/h),cement_rotary_kiln,raw_meal_feed,required,manipulated,t/h,multi_angle:unit_parenthesis,bdc82cf9cae2eee0,external_train,unit_parenthesis
喂料量__t/h__AI,cement_rotary_kiln,raw_meal_feed,required,manipulated,t/h,multi_angle:unit_channel_mix,affdb500ebbad9f3,external_train,unit_channel_mix
喂料量_raw,cement_rotary_kiln,raw_meal_feed,required,manipulated,t/h,multi_angle:case_and_suffix_noise,233178b7f462b3ea,external_train,case_and_suffix_noise
生料喂料量,cement_rotary_kiln,raw_meal_feed,required,manipulated,t/h,multi_angle:separator_noise,62c8f6768d7394c9,external_train,separator_noise
生料喂料量(t/h),cement_rotary_kiln,raw_meal_feed,required,manipulated,t/h,multi_angle:unit_parenthesis,5be792c1dcdc3e99,external_train,unit_parenthesis
生料喂料量__t/h__AI,cement_rotary_kiln,raw_meal_feed,required,manipulated,t/h,multi_angle:unit_channel_mix,54cc05b8489dbe12,external_train,unit_channel_mix
生料喂料量_raw,cement_rotary_kiln,raw_meal_feed,required,manipulated,t/h,multi_angle:case_and_suffix_noise,83a8bb5c5806437b,external_train,case_and_suffix_noise
生料量,cement_rotary_kiln,raw_meal_feed,required,manipulated,t/h,multi_angle:separator_noise,70b6c71162084e50,external_train,separator_noise
生料量(t/h),cement_rotary_kiln,raw_meal_feed,required,manipulated,t/h,multi_angle:unit_parenthesis,de9720234c0bb22c,external_train,unit_parenthesis
生料量__t/h__AI,cement_rotary_kiln,raw_meal_feed,required,manipulated,t/h,multi_angle:unit_channel_mix,77b18747d1b59576,external_train,unit_channel_mix
生料量_raw,cement_rotary_kiln,raw_meal_feed,required,manipulated,t/h,multi_angle:case_and_suffix_noise,a04b8f7ec0d08790,external_train,case_and_suffix_noise
2号线_DATETIME_测点A12,cement_rotary_kiln,timestamp,required,time,datetime,multi_angle:equipment_channel_context,1a45bb421f264f45,external_train,equipment_channel_context
2号线_TIME_测点A12,cement_rotary_kiln,timestamp,required,time,datetime,multi_angle:equipment_channel_context,9156efcb0a0e4b56,external_train,equipment_channel_context
2号线_timestamp_测点A12,cement_rotary_kiln,timestamp,required,time,datetime,multi_angle:equipment_channel_context,8daaa4624e81d170,external_train,equipment_channel_context
2号线_时间_测点A12,cement_rotary_kiln,timestamp,required,time,datetime,multi_angle:equipment_channel_context,ab8efdbc16bd48a8,external_train,equipment_channel_context
2号线_时间戳_测点A12,cement_rotary_kiln,timestamp,required,time,datetime,multi_angle:equipment_channel_context,982343c1ad83aba1,external_train,equipment_channel_context
2号线_记录时间_测点A12,cement_rotary_kiln,timestamp,required,time,datetime,multi_angle:equipment_channel_context,9396d29b7c0d8923,external_train,equipment_channel_context
2号线_采集时间_测点A12,cement_rotary_kiln,timestamp,required,time,datetime,multi_angle:equipment_channel_context,84294b286bf2381f,external_train,equipment_channel_context
DATETIME,cement_rotary_kiln,timestamp,required,time,datetime,multi_angle:separator_noise,a56fe8bc850adf60,external_train,separator_noise
DCS-A-DATETIME-PV-07,cement_rotary_kiln,timestamp,required,time,datetime,multi_angle:dcs_vendor_envelope,964ce889edbf69bf,external_train,dcs_vendor_envelope
DCS-A-TIME-PV-07,cement_rotary_kiln,timestamp,required,time,datetime,multi_angle:dcs_vendor_envelope,97d034b4aa6f8b93,external_train,dcs_vendor_envelope
DCS-A-timestamp-PV-07,cement_rotary_kiln,timestamp,required,time,datetime,multi_angle:dcs_vendor_envelope,2f66cb32101f9e90,external_train,dcs_vendor_envelope
DCS-A-时间-PV-07,cement_rotary_kiln,timestamp,required,time,datetime,multi_angle:dcs_vendor_envelope,c0e12dabb8896511,external_train,dcs_vendor_envelope
DCS-A-时间戳-PV-07,cement_rotary_kiln,timestamp,required,time,datetime,multi_angle:dcs_vendor_envelope,a5e36602259ce548,external_train,dcs_vendor_envelope
DCS-A-记录时间-PV-07,cement_rotary_kiln,timestamp,required,time,datetime,multi_angle:dcs_vendor_envelope,ba4c05fcb1f80386,external_train,dcs_vendor_envelope
DCS-A-采集时间-PV-07,cement_rotary_kiln,timestamp,required,time,datetime,multi_angle:dcs_vendor_envelope,37d97d0b005bb2b9,external_train,dcs_vendor_envelope
PLC01.DATETIME.VALUE,cement_rotary_kiln,timestamp,required,time,datetime,multi_angle:plc_vendor_envelope,ebfcae840041137c,external_train,plc_vendor_envelope
PLC01.TIME.VALUE,cement_rotary_kiln,timestamp,required,time,datetime,multi_angle:plc_vendor_envelope,1968832118cf24ad,external_train,plc_vendor_envelope
PLC01.timestamp.VALUE,cement_rotary_kiln,timestamp,required,time,datetime,multi_angle:plc_vendor_envelope,06586b40b7b5a07a,external_train,plc_vendor_envelope
PLC01.时间.VALUE,cement_rotary_kiln,timestamp,required,time,datetime,multi_angle:plc_vendor_envelope,99c3318f090ffdca,external_train,plc_vendor_envelope
PLC01.时间戳.VALUE,cement_rotary_kiln,timestamp,required,time,datetime,multi_angle:plc_vendor_envelope,52eaf97242bb41f1,external_train,plc_vendor_envelope
PLC01.记录时间.VALUE,cement_rotary_kiln,timestamp,required,time,datetime,multi_angle:plc_vendor_envelope,ae97855f760c17e9,external_train,plc_vendor_envelope
PLC01.采集时间.VALUE,cement_rotary_kiln,timestamp,required,time,datetime,multi_angle:plc_vendor_envelope,ef1fe12e407e25f2,external_train,plc_vendor_envelope
TIME,cement_rotary_kiln,timestamp,required,time,datetime,multi_angle:separator_noise,e16503986bbaa03f,external_train,separator_noise
datetime_raw,cement_rotary_kiln,timestamp,required,time,datetime,multi_angle:case_and_suffix_noise,9ab1601a38ad12e2,external_train,case_and_suffix_noise
time_raw,cement_rotary_kiln,timestamp,required,time,datetime,multi_angle:case_and_suffix_noise,ffacafa25c2dd0bf,external_train,case_and_suffix_noise
timestamp,cement_rotary_kiln,timestamp,required,time,datetime,multi_angle:separator_noise,0d268586a6b3e283,external_train,separator_noise
timestamp_raw,cement_rotary_kiln,timestamp,required,time,datetime,multi_angle:case_and_suffix_noise,2a2b25ac73048bf6,external_train,case_and_suffix_noise
时间,cement_rotary_kiln,timestamp,required,time,datetime,multi_angle:separator_noise,b1dca1b154b3e477,external_train,separator_noise
时间_raw,cement_rotary_kiln,timestamp,required,time,datetime,multi_angle:case_and_suffix_noise,083e4944584c3fad,external_train,case_and_suffix_noise
时间戳,cement_rotary_kiln,timestamp,required,time,datetime,multi_angle:separator_noise,f5c28f84f18967c3,external_train,separator_noise
时间戳_raw,cement_rotary_kiln,timestamp,required,time,datetime,multi_angle:case_and_suffix_noise,b157e6bf9e0632e1,external_train,case_and_suffix_noise
记录时间,cement_rotary_kiln,timestamp,required,time,datetime,multi_angle:separator_noise,3184d03486fea920,external_train,separator_noise
记录时间_raw,cement_rotary_kiln,timestamp,required,time,datetime,multi_angle:case_and_suffix_noise,2200cd65280df77c,external_train,case_and_suffix_noise
采集时间,cement_rotary_kiln,timestamp,required,time,datetime,multi_angle:separator_noise,bb30432718f96504,external_train,separator_noise
采集时间_raw,cement_rotary_kiln,timestamp,required,time,datetime,multi_angle:case_and_suffix_noise,1e1dcc8a57d77423,external_train,case_and_suffix_noise
2号线_塔底液位_测点A12,distillation_column,bottom_level,useful,state,percent,multi_angle:equipment_channel_context,1b796b3f099323c7,external_train,equipment_channel_context
2号线_釜液位_测点A12,distillation_column,bottom_level,useful,state,percent,multi_angle:equipment_channel_context,3634175ad6bf11d7,external_train,equipment_channel_context
DCS-A-塔底液位-PV-07,distillation_column,bottom_level,useful,state,percent,multi_angle:dcs_vendor_envelope,1d68ca2b4af21873,external_train,dcs_vendor_envelope
DCS-A-釜液位-PV-07,distillation_column,bottom_level,useful,state,percent,multi_angle:dcs_vendor_envelope,a5846ccd674303f1,external_train,dcs_vendor_envelope
PLC01.塔底液位.VALUE,distillation_column,bottom_level,useful,state,percent,multi_angle:plc_vendor_envelope,b1e3f6c8fc176e92,external_train,plc_vendor_envelope
PLC01.釜液位.VALUE,distillation_column,bottom_level,useful,state,percent,multi_angle:plc_vendor_envelope,a9e23d9132418e4e,external_train,plc_vendor_envelope
塔底液位,distillation_column,bottom_level,useful,state,percent,multi_angle:separator_noise,d879d854d7cd7930,external_train,separator_noise
塔底液位(percent),distillation_column,bottom_level,useful,state,percent,multi_angle:unit_parenthesis,54e7a52a9fd2d4a1,external_train,unit_parenthesis
塔底液位__percent__AI,distillation_column,bottom_level,useful,state,percent,multi_angle:unit_channel_mix,d23111b2c0288239,external_train,unit_channel_mix
塔底液位_raw,distillation_column,bottom_level,useful,state,percent,multi_angle:case_and_suffix_noise,4786352564263d7f,external_train,case_and_suffix_noise
釜液位,distillation_column,bottom_level,useful,state,percent,multi_angle:separator_noise,3a2ef2caf1260ab0,external_train,separator_noise
釜液位(percent),distillation_column,bottom_level,useful,state,percent,multi_angle:unit_parenthesis,5cca3d6847af94be,external_train,unit_parenthesis
釜液位__percent__AI,distillation_column,bottom_level,useful,state,percent,multi_angle:unit_channel_mix,0516f62a2316d641,external_train,unit_channel_mix
釜液位_raw,distillation_column,bottom_level,useful,state,percent,multi_angle:case_and_suffix_noise,d3a6c12c8a065bf0,external_train,case_and_suffix_noise
2号线_BOTTOM_TEMP_测点A12,distillation_column,bottom_temperature,required,state,degC,multi_angle:equipment_channel_context,32f396b96324ccbf,external_train,equipment_channel_context
2号线_bottom_temperature_测点A12,distillation_column,bottom_temperature,required,state,degC,multi_angle:equipment_channel_context,057682b259c8f1fc,external_train,equipment_channel_context
2号线_塔底温度_测点A12,distillation_column,bottom_temperature,required,state,degC,multi_angle:equipment_channel_context,1da896480e70e388,external_train,equipment_channel_context
2号线_塔釜温度_测点A12,distillation_column,bottom_temperature,required,state,degC,multi_angle:equipment_channel_context,ce7eeab20db4fc25,external_train,equipment_channel_context
BOTTOM.TEMP,distillation_column,bottom_temperature,required,state,degC,multi_angle:separator_noise,65ac268b584691b8,external_train,separator_noise
BOTTOM_TEMP(degC),distillation_column,bottom_temperature,required,state,degC,multi_angle:unit_parenthesis,1e1d722013731407,external_train,unit_parenthesis
BOTTOM_TEMP__degC__AI,distillation_column,bottom_temperature,required,state,degC,multi_angle:unit_channel_mix,8bbb787454e56a89,external_train,unit_channel_mix
DCS-A-BOTTOM_TEMP-PV-07,distillation_column,bottom_temperature,required,state,degC,multi_angle:dcs_vendor_envelope,c2859a2ff3fa17a4,external_train,dcs_vendor_envelope
DCS-A-bottom_temperature-PV-07,distillation_column,bottom_temperature,required,state,degC,multi_angle:dcs_vendor_envelope,811108516b52724f,external_train,dcs_vendor_envelope
DCS-A-塔底温度-PV-07,distillation_column,bottom_temperature,required,state,degC,multi_angle:dcs_vendor_envelope,fb01056f225c11d5,external_train,dcs_vendor_envelope
DCS-A-塔釜温度-PV-07,distillation_column,bottom_temperature,required,state,degC,multi_angle:dcs_vendor_envelope,8521b7ec37b3cb32,external_train,dcs_vendor_envelope
PLC01.BOTTOM_TEMP.VALUE,distillation_column,bottom_temperature,required,state,degC,multi_angle:plc_vendor_envelope,03373537f1a1f5b9,external_train,plc_vendor_envelope
PLC01.bottom_temperature.VALUE,distillation_column,bottom_temperature,required,state,degC,multi_angle:plc_vendor_envelope,db284a003d37f350,external_train,plc_vendor_envelope
PLC01.塔底温度.VALUE,distillation_column,bottom_temperature,required,state,degC,multi_angle:plc_vendor_envelope,d439ddbf352b78a3,external_train,plc_vendor_envelope
PLC01.塔釜温度.VALUE,distillation_column,bottom_temperature,required,state,degC,multi_angle:plc_vendor_envelope,f8ce55c92cb2e58b,external_train,plc_vendor_envelope
bottom.temperature,distillation_column,bottom_temperature,required,state,degC,multi_angle:separator_noise,f943cb240258fbca,external_train,separator_noise
bottom_temp_raw,distillation_column,bottom_temperature,required,state,degC,multi_angle:case_and_suffix_noise,15144f5652dd5cb0,external_train,case_and_suffix_noise
bottom_temperature(degC),distillation_column,bottom_temperature,required,state,degC,multi_angle:unit_parenthesis,6ca778e687385308,external_train,unit_parenthesis
bottom_temperature__degC__AI,distillation_column,bottom_temperature,required,state,degC,multi_angle:unit_channel_mix,4ee6b85b5853457c,external_train,unit_channel_mix
bottom_temperature_raw,distillation_column,bottom_temperature,required,state,degC,multi_angle:case_and_suffix_noise,207377d502b14fc2,external_train,case_and_suffix_noise
塔底温度,distillation_column,bottom_temperature,required,state,degC,multi_angle:separator_noise,e1a3e7bb3ff1863d,external_train,separator_noise
塔底温度(degC),distillation_column,bottom_temperature,required,state,degC,multi_angle:unit_parenthesis,ee4416a7c65284c6,external_train,unit_parenthesis
塔底温度__degC__AI,distillation_column,bottom_temperature,required,state,degC,multi_angle:unit_channel_mix,a882fce2f4128659,external_train,unit_channel_mix
塔底温度_raw,distillation_column,bottom_temperature,required,state,degC,multi_angle:case_and_suffix_noise,97c35131d057a116,external_train,case_and_suffix_noise
塔釜温度,distillation_column,bottom_temperature,required,state,degC,multi_angle:separator_noise,dafa4aaa5e721236,external_train,separator_noise
塔釜温度(degC),distillation_column,bottom_temperature,required,state,degC,multi_angle:unit_parenthesis,8abb39e90dcf566d,external_train,unit_parenthesis
塔釜温度__degC__AI,distillation_column,bottom_temperature,required,state,degC,multi_angle:unit_channel_mix,4bc689b3a2629348,external_train,unit_channel_mix
塔釜温度_raw,distillation_column,bottom_temperature,required,state,degC,multi_angle:case_and_suffix_noise,f426b3fa83813ece,external_train,case_and_suffix_noise
2号线_COLUMN_PRESSURE_测点A12,distillation_column,column_pressure,useful,state,Pa,multi_angle:equipment_channel_context,68867bad33090ae7,external_train,equipment_channel_context
2号线_column_pressure_测点A12,distillation_column,column_pressure,useful,state,Pa,multi_angle:equipment_channel_context,39705f9f165151a8,external_train,equipment_channel_context
2号线_塔内压力_测点A12,distillation_column,column_pressure,useful,state,Pa,multi_angle:equipment_channel_context,0f220e75775ced37,external_train,equipment_channel_context
2号线_塔压_测点A12,distillation_column,column_pressure,useful,state,Pa,multi_angle:equipment_channel_context,b122a7230a38fa55,external_train,equipment_channel_context
COLUMN.PRESSURE,distillation_column,column_pressure,useful,state,Pa,multi_angle:separator_noise,39462b2505af8869,external_train,separator_noise
COLUMN_PRESSURE(Pa),distillation_column,column_pressure,useful,state,Pa,multi_angle:unit_parenthesis,5d1583cda8f4ad2f,external_train,unit_parenthesis
COLUMN_PRESSURE__Pa__AI,distillation_column,column_pressure,useful,state,Pa,multi_angle:unit_channel_mix,6ff222243cbf4dd1,external_train,unit_channel_mix
DCS-A-COLUMN_PRESSURE-PV-07,distillation_column,column_pressure,useful,state,Pa,multi_angle:dcs_vendor_envelope,fb8fe701b93c915a,external_train,dcs_vendor_envelope
DCS-A-column_pressure-PV-07,distillation_column,column_pressure,useful,state,Pa,multi_angle:dcs_vendor_envelope,6291bc984ec52bc7,external_train,dcs_vendor_envelope
DCS-A-塔内压力-PV-07,distillation_column,column_pressure,useful,state,Pa,multi_angle:dcs_vendor_envelope,21b25ab8cf361ea2,external_train,dcs_vendor_envelope
DCS-A-塔压-PV-07,distillation_column,column_pressure,useful,state,Pa,multi_angle:dcs_vendor_envelope,a5e4debe92a8c444,external_train,dcs_vendor_envelope
PLC01.COLUMN_PRESSURE.VALUE,distillation_column,column_pressure,useful,state,Pa,multi_angle:plc_vendor_envelope,71e7589cde45604b,external_train,plc_vendor_envelope
PLC01.column_pressure.VALUE,distillation_column,column_pressure,useful,state,Pa,multi_angle:plc_vendor_envelope,82117bc2edfccaed,external_train,plc_vendor_envelope
PLC01.塔内压力.VALUE,distillation_column,column_pressure,useful,state,Pa,multi_angle:plc_vendor_envelope,3bdab82ade341398,external_train,plc_vendor_envelope
PLC01.塔压.VALUE,distillation_column,column_pressure,useful,state,Pa,multi_angle:plc_vendor_envelope,7b596b6ee05dfc9a,external_train,plc_vendor_envelope
column.pressure,distillation_column,column_pressure,useful,state,Pa,multi_angle:separator_noise,9d4e5d6ae5d9789d,external_train,separator_noise
column_pressure(Pa),distillation_column,column_pressure,useful,state,Pa,multi_angle:unit_parenthesis,66cdbeb159b3dc34,external_train,unit_parenthesis
column_pressure__Pa__AI,distillation_column,column_pressure,useful,state,Pa,multi_angle:unit_channel_mix,6efe8154ad0a3132,external_train,unit_channel_mix
column_pressure_raw,distillation_column,column_pressure,useful,state,Pa,multi_angle:case_and_suffix_noise,b2e8ed0e159446a9,external_train,case_and_suffix_noise
塔内压力,distillation_column,column_pressure,useful,state,Pa,multi_angle:separator_noise,bb71c9d9d69e7b00,external_train,separator_noise
塔内压力(Pa),distillation_column,column_pressure,useful,state,Pa,multi_angle:unit_parenthesis,33957d1a03f91290,external_train,unit_parenthesis
塔内压力__Pa__AI,distillation_column,column_pressure,useful,state,Pa,multi_angle:unit_channel_mix,12170fd5f65200b4,external_train,unit_channel_mix
塔内压力_raw,distillation_column,column_pressure,useful,state,Pa,multi_angle:case_and_suffix_noise,eafd7253e34eb3f5,external_train,case_and_suffix_noise
塔压,distillation_column,column_pressure,useful,state,Pa,multi_angle:separator_noise,afa22741045e9f30,external_train,separator_noise
塔压(Pa),distillation_column,column_pressure,useful,state,Pa,multi_angle:unit_parenthesis,6a39391ee2f540d4,external_train,unit_parenthesis
塔压__Pa__AI,distillation_column,column_pressure,useful,state,Pa,multi_angle:unit_channel_mix,495eac6e07f24216,external_train,unit_channel_mix
塔压_raw,distillation_column,column_pressure,useful,state,Pa,multi_angle:case_and_suffix_noise,5ebfede758cfe80b,external_train,case_and_suffix_noise
2号线_FEED_FLOW_测点A12,distillation_column,feed_flow,required,disturbance,t/h,multi_angle:equipment_channel_context,aff7ca81faf9d832,external_train,equipment_channel_context
2号线_原料流量_测点A12,distillation_column,feed_flow,required,disturbance,t/h,multi_angle:equipment_channel_context,0d9ea76078240495,external_train,equipment_channel_context
DCS-A-FEED_FLOW-PV-07,distillation_column,feed_flow,required,disturbance,t/h,multi_angle:dcs_vendor_envelope,d0fca3cdf325243a,external_train,dcs_vendor_envelope
DCS-A-原料流量-PV-07,distillation_column,feed_flow,required,disturbance,t/h,multi_angle:dcs_vendor_envelope,60c47303ebae1b71,external_train,dcs_vendor_envelope
FEED.FLOW,distillation_column,feed_flow,required,disturbance,t/h,multi_angle:separator_noise,e24defb627003f81,external_train,separator_noise
FEED_FLOW(t/h),distillation_column,feed_flow,required,disturbance,t/h,multi_angle:unit_parenthesis,deb7cadbdba2879b,external_train,unit_parenthesis
FEED_FLOW__t/h__AI,distillation_column,feed_flow,required,disturbance,t/h,multi_angle:unit_channel_mix,04869a98083a67a9,external_train,unit_channel_mix
PLC01.FEED_FLOW.VALUE,distillation_column,feed_flow,required,disturbance,t/h,multi_angle:plc_vendor_envelope,81c7322ed676e916,external_train,plc_vendor_envelope
PLC01.原料流量.VALUE,distillation_column,feed_flow,required,disturbance,t/h,multi_angle:plc_vendor_envelope,adcd8ce9de79dbaa,external_train,plc_vendor_envelope
feed_flow_raw,distillation_column,feed_flow,required,disturbance,t/h,multi_angle:case_and_suffix_noise,212d692736c788bb,external_train,case_and_suffix_noise
原料流量,distillation_column,feed_flow,required,disturbance,t/h,multi_angle:separator_noise,48a839d7acee12e0,external_train,separator_noise
原料流量(t/h),distillation_column,feed_flow,required,disturbance,t/h,multi_angle:unit_parenthesis,459d26bc93ecb7c0,external_train,unit_parenthesis
原料流量__t/h__AI,distillation_column,feed_flow,required,disturbance,t/h,multi_angle:unit_channel_mix,2a5702ad3b4365bb,external_train,unit_channel_mix
原料流量_raw,distillation_column,feed_flow,required,disturbance,t/h,multi_angle:case_and_suffix_noise,0f33fb2aeeea5852,external_train,case_and_suffix_noise
2号线_FEED_TEMP_测点A12,distillation_column,feed_temperature,useful,disturbance,degC,multi_angle:equipment_channel_context,7dac1bf713d6135f,external_train,equipment_channel_context
2号线_进料温度_测点A12,distillation_column,feed_temperature,useful,disturbance,degC,multi_angle:equipment_channel_context,1236096dcf3a5f1a,external_train,equipment_channel_context
DCS-A-FEED_TEMP-PV-07,distillation_column,feed_temperature,useful,disturbance,degC,multi_angle:dcs_vendor_envelope,0ca36436f67805e6,external_train,dcs_vendor_envelope
DCS-A-进料温度-PV-07,distillation_column,feed_temperature,useful,disturbance,degC,multi_angle:dcs_vendor_envelope,45977728571cfa31,external_train,dcs_vendor_envelope
FEED.TEMP,distillation_column,feed_temperature,useful,disturbance,degC,multi_angle:separator_noise,f1a49bba5b84f4f9,external_train,separator_noise
FEED_TEMP(degC),distillation_column,feed_temperature,useful,disturbance,degC,multi_angle:unit_parenthesis,c7527c2ee67d29b1,external_train,unit_parenthesis
FEED_TEMP__degC__AI,distillation_column,feed_temperature,useful,disturbance,degC,multi_angle:unit_channel_mix,9fa3467813ecb4b3,external_train,unit_channel_mix
PLC01.FEED_TEMP.VALUE,distillation_column,feed_temperature,useful,disturbance,degC,multi_angle:plc_vendor_envelope,27e1ec34c4b4d44e,external_train,plc_vendor_envelope
PLC01.进料温度.VALUE,distillation_column,feed_temperature,useful,disturbance,degC,multi_angle:plc_vendor_envelope,55765976561ad28e,external_train,plc_vendor_envelope
feed_temp_raw,distillation_column,feed_temperature,useful,disturbance,degC,multi_angle:case_and_suffix_noise,89f07424bd9a65fb,external_train,case_and_suffix_noise
进料温度,distillation_column,feed_temperature,useful,disturbance,degC,multi_angle:separator_noise,1fa5f20dd9308c55,external_train,separator_noise
进料温度(degC),distillation_column,feed_temperature,useful,disturbance,degC,multi_angle:unit_parenthesis,70ef0e15613ad787,external_train,unit_parenthesis
进料温度__degC__AI,distillation_column,feed_temperature,useful,disturbance,degC,multi_angle:unit_channel_mix,121638b58e15e877,external_train,unit_channel_mix
进料温度_raw,distillation_column,feed_temperature,useful,disturbance,degC,multi_angle:case_and_suffix_noise,9ed144969c8b3116,external_train,case_and_suffix_noise
2号线_REFLUX_FLOW_测点A12,distillation_column,reflux_flow,required,manipulated,t/h,multi_angle:equipment_channel_context,e796299a2ec25892,external_train,equipment_channel_context
2号线_回流量_测点A12,distillation_column,reflux_flow,required,manipulated,t/h,multi_angle:equipment_channel_context,dd490425808e508c,external_train,equipment_channel_context
DCS-A-REFLUX_FLOW-PV-07,distillation_column,reflux_flow,required,manipulated,t/h,multi_angle:dcs_vendor_envelope,7129b70784a48c92,external_train,dcs_vendor_envelope
DCS-A-回流量-PV-07,distillation_column,reflux_flow,required,manipulated,t/h,multi_angle:dcs_vendor_envelope,fd6e7175ece8792a,external_train,dcs_vendor_envelope
PLC01.REFLUX_FLOW.VALUE,distillation_column,reflux_flow,required,manipulated,t/h,multi_angle:plc_vendor_envelope,31d1fb842a3d9d7d,external_train,plc_vendor_envelope
PLC01.回流量.VALUE,distillation_column,reflux_flow,required,manipulated,t/h,multi_angle:plc_vendor_envelope,4b12828f9a5c2a0f,external_train,plc_vendor_envelope
REFLUX.FLOW,distillation_column,reflux_flow,required,manipulated,t/h,multi_angle:separator_noise,da790d1bb3eb2758,external_train,separator_noise
REFLUX_FLOW(t/h),distillation_column,reflux_flow,required,manipulated,t/h,multi_angle:unit_parenthesis,4e00a8ec574bb9ab,external_train,unit_parenthesis
REFLUX_FLOW__t/h__AI,distillation_column,reflux_flow,required,manipulated,t/h,multi_angle:unit_channel_mix,21b213945e995955,external_train,unit_channel_mix
reflux_flow_raw,distillation_column,reflux_flow,required,manipulated,t/h,multi_angle:case_and_suffix_noise,13fe0619ddb24e5e,external_train,case_and_suffix_noise
回流量,distillation_column,reflux_flow,required,manipulated,t/h,multi_angle:separator_noise,9c05e7c5dcced00c,external_train,separator_noise
回流量(t/h),distillation_column,reflux_flow,required,manipulated,t/h,multi_angle:unit_parenthesis,7f9216d4c99ef095,external_train,unit_parenthesis
回流量__t/h__AI,distillation_column,reflux_flow,required,manipulated,t/h,multi_angle:unit_channel_mix,5ec84adc0d9fb901,external_train,unit_channel_mix
回流量_raw,distillation_column,reflux_flow,required,manipulated,t/h,multi_angle:case_and_suffix_noise,a76703187b09699b,external_train,case_and_suffix_noise
2号线_再沸器蒸汽_测点A12,distillation_column,steam_flow,required,manipulated,t/h,multi_angle:equipment_channel_context,3b11f56e824a9d01,external_train,equipment_channel_context
2号线_再沸蒸汽流量_测点A12,distillation_column,steam_flow,required,manipulated,t/h,multi_angle:equipment_channel_context,38601504ddfdee0c,external_train,equipment_channel_context
DCS-A-再沸器蒸汽-PV-07,distillation_column,steam_flow,required,manipulated,t/h,multi_angle:dcs_vendor_envelope,e5e368e90c941894,external_train,dcs_vendor_envelope
DCS-A-再沸蒸汽流量-PV-07,distillation_column,steam_flow,required,manipulated,t/h,multi_angle:dcs_vendor_envelope,33e1b959eff8c8df,external_train,dcs_vendor_envelope
PLC01.再沸器蒸汽.VALUE,distillation_column,steam_flow,required,manipulated,t/h,multi_angle:plc_vendor_envelope,58e6738b0d828bad,external_train,plc_vendor_envelope
PLC01.再沸蒸汽流量.VALUE,distillation_column,steam_flow,required,manipulated,t/h,multi_angle:plc_vendor_envelope,7482f55dcd52e722,external_train,plc_vendor_envelope
再沸器蒸汽,distillation_column,steam_flow,required,manipulated,t/h,multi_angle:separator_noise,ad997eb3e64b9277,external_train,separator_noise
再沸器蒸汽(t/h),distillation_column,steam_flow,required,manipulated,t/h,multi_angle:unit_parenthesis,48cdbf1fa5d6c938,external_train,unit_parenthesis
再沸器蒸汽__t/h__AI,distillation_column,steam_flow,required,manipulated,t/h,multi_angle:unit_channel_mix,cd9cf3625bc68d59,external_train,unit_channel_mix
再沸器蒸汽_raw,distillation_column,steam_flow,required,manipulated,t/h,multi_angle:case_and_suffix_noise,6db91caa167471a7,external_train,case_and_suffix_noise
再沸蒸汽流量,distillation_column,steam_flow,required,manipulated,t/h,multi_angle:separator_noise,406270b420648cad,external_train,separator_noise
再沸蒸汽流量(t/h),distillation_column,steam_flow,required,manipulated,t/h,multi_angle:unit_parenthesis,880ec0de67827d50,external_train,unit_parenthesis
再沸蒸汽流量__t/h__AI,distillation_column,steam_flow,required,manipulated,t/h,multi_angle:unit_channel_mix,9553068d7a37bc57,external_train,unit_channel_mix
再沸蒸汽流量_raw,distillation_column,steam_flow,required,manipulated,t/h,multi_angle:case_and_suffix_noise,db1f08a5d99e9152,external_train,case_and_suffix_noise
2号线_TS_测点A12,distillation_column,timestamp,required,time,datetime,multi_angle:equipment_channel_context,8286d617772f8ab3,external_train,equipment_channel_context
2号线_timestamp_测点A12,distillation_column,timestamp,required,time,datetime,multi_angle:equipment_channel_context,8ba1ac626bca14e9,external_train,equipment_channel_context
2号线_时间_测点A12,distillation_column,timestamp,required,time,datetime,multi_angle:equipment_channel_context,1f69026927792c56,external_train,equipment_channel_context
2号线_记录时间_测点A12,distillation_column,timestamp,required,time,datetime,multi_angle:equipment_channel_context,65b75b6678648c83,external_train,equipment_channel_context
2号线_采集时间_测点A12,distillation_column,timestamp,required,time,datetime,multi_angle:equipment_channel_context,5677b53809e843dd,external_train,equipment_channel_context
DCS-A-TS-PV-07,distillation_column,timestamp,required,time,datetime,multi_angle:dcs_vendor_envelope,932b97a8b3f2b135,external_train,dcs_vendor_envelope
DCS-A-timestamp-PV-07,distillation_column,timestamp,required,time,datetime,multi_angle:dcs_vendor_envelope,7a63ecb307e7df8c,external_train,dcs_vendor_envelope
DCS-A-时间-PV-07,distillation_column,timestamp,required,time,datetime,multi_angle:dcs_vendor_envelope,f616ee6fca2ae8e2,external_train,dcs_vendor_envelope
DCS-A-记录时间-PV-07,distillation_column,timestamp,required,time,datetime,multi_angle:dcs_vendor_envelope,318700da340f5f6c,external_train,dcs_vendor_envelope
DCS-A-采集时间-PV-07,distillation_column,timestamp,required,time,datetime,multi_angle:dcs_vendor_envelope,9a8a2b7a7c8b62ec,external_train,dcs_vendor_envelope
PLC01.TS.VALUE,distillation_column,timestamp,required,time,datetime,multi_angle:plc_vendor_envelope,eb0c6282074f253c,external_train,plc_vendor_envelope
PLC01.timestamp.VALUE,distillation_column,timestamp,required,time,datetime,multi_angle:plc_vendor_envelope,2369644a5558b284,external_train,plc_vendor_envelope
PLC01.时间.VALUE,distillation_column,timestamp,required,time,datetime,multi_angle:plc_vendor_envelope,bd5cf5989c68ff5d,external_train,plc_vendor_envelope
PLC01.记录时间.VALUE,distillation_column,timestamp,required,time,datetime,multi_angle:plc_vendor_envelope,cabd5c5faff311b5,external_train,plc_vendor_envelope
PLC01.采集时间.VALUE,distillation_column,timestamp,required,time,datetime,multi_angle:plc_vendor_envelope,fa30c4e6ad014273,external_train,plc_vendor_envelope
TS,distillation_column,timestamp,required,time,datetime,multi_angle:separator_noise,5847aeca9ea836d5,external_train,separator_noise
timestamp,distillation_column,timestamp,required,time,datetime,multi_angle:separator_noise,376100a3bc4d8f22,external_train,separator_noise
timestamp_raw,distillation_column,timestamp,required,time,datetime,multi_angle:case_and_suffix_noise,68a2bf9e3143297b,external_train,case_and_suffix_noise
ts_raw,distillation_column,timestamp,required,time,datetime,multi_angle:case_and_suffix_noise,46b0f5ac96dcea35,external_train,case_and_suffix_noise
时间,distillation_column,timestamp,required,time,datetime,multi_angle:separator_noise,9a3d0adebe790595,external_train,separator_noise
时间_raw,distillation_column,timestamp,required,time,datetime,multi_angle:case_and_suffix_noise,a22f8e2fcac07e22,external_train,case_and_suffix_noise
记录时间,distillation_column,timestamp,required,time,datetime,multi_angle:separator_noise,6778fb590f7773fa,external_train,separator_noise
记录时间_raw,distillation_column,timestamp,required,time,datetime,multi_angle:case_and_suffix_noise,d29c599b7c06ebfc,external_train,case_and_suffix_noise
采集时间,distillation_column,timestamp,required,time,datetime,multi_angle:separator_noise,fec374dde74cfd59,external_train,separator_noise
采集时间_raw,distillation_column,timestamp,required,time,datetime,multi_angle:case_and_suffix_noise,464560b80bafae50,external_train,case_and_suffix_noise
2号线_top_product_purity_测点A12,distillation_column,top_product_purity,required,controlled,percent,multi_angle:equipment_channel_context,6f932c72cd053bb9,external_train,equipment_channel_context
2号线_产品纯度_测点A12,distillation_column,top_product_purity,required,controlled,percent,multi_angle:equipment_channel_context,b2b1438c203fd7ac,external_train,equipment_channel_context
2号线_塔顶产品纯度_测点A12,distillation_column,top_product_purity,required,controlled,percent,multi_angle:equipment_channel_context,9059e05831fbd833,external_train,equipment_channel_context
2号线_塔顶纯度_测点A12,distillation_column,top_product_purity,required,controlled,percent,multi_angle:equipment_channel_context,d9065c5aa6e18fbe,external_train,equipment_channel_context
DCS-A-top_product_purity-PV-07,distillation_column,top_product_purity,required,controlled,percent,multi_angle:dcs_vendor_envelope,c10a64d809c36b54,external_train,dcs_vendor_envelope
DCS-A-产品纯度-PV-07,distillation_column,top_product_purity,required,controlled,percent,multi_angle:dcs_vendor_envelope,ce74f2b54354a02f,external_train,dcs_vendor_envelope
DCS-A-塔顶产品纯度-PV-07,distillation_column,top_product_purity,required,controlled,percent,multi_angle:dcs_vendor_envelope,e52a78eff1a1f14b,external_train,dcs_vendor_envelope
DCS-A-塔顶纯度-PV-07,distillation_column,top_product_purity,required,controlled,percent,multi_angle:dcs_vendor_envelope,a22da5d8f932baab,external_train,dcs_vendor_envelope
PLC01.top_product_purity.VALUE,distillation_column,top_product_purity,required,controlled,percent,multi_angle:plc_vendor_envelope,54ca19094e542d1d,external_train,plc_vendor_envelope
PLC01.产品纯度.VALUE,distillation_column,top_product_purity,required,controlled,percent,multi_angle:plc_vendor_envelope,ad7703e01efa488c,external_train,plc_vendor_envelope
PLC01.塔顶产品纯度.VALUE,distillation_column,top_product_purity,required,controlled,percent,multi_angle:plc_vendor_envelope,6c5716d7e1dff4cf,external_train,plc_vendor_envelope
PLC01.塔顶纯度.VALUE,distillation_column,top_product_purity,required,controlled,percent,multi_angle:plc_vendor_envelope,fff8882f6322cf6e,external_train,plc_vendor_envelope
top.product.purity,distillation_column,top_product_purity,required,controlled,percent,multi_angle:separator_noise,73a75251145bebb9,external_train,separator_noise
top_product_purity(percent),distillation_column,top_product_purity,required,controlled,percent,multi_angle:unit_parenthesis,b5b00aaffb0c11e9,external_train,unit_parenthesis
top_product_purity__percent__AI,distillation_column,top_product_purity,required,controlled,percent,multi_angle:unit_channel_mix,cf8529281b16ab64,external_train,unit_channel_mix
top_product_purity_raw,distillation_column,top_product_purity,required,controlled,percent,multi_angle:case_and_suffix_noise,eeb50d4343440c7b,external_train,case_and_suffix_noise
产品纯度,distillation_column,top_product_purity,required,controlled,percent,multi_angle:separator_noise,aa04daeb30e6f18b,external_train,separator_noise
产品纯度(percent),distillation_column,top_product_purity,required,controlled,percent,multi_angle:unit_parenthesis,67ea9b0ba8e04803,external_train,unit_parenthesis
产品纯度__percent__AI,distillation_column,top_product_purity,required,controlled,percent,multi_angle:unit_channel_mix,87c52c4835f42f1e,external_train,unit_channel_mix
产品纯度_raw,distillation_column,top_product_purity,required,controlled,percent,multi_angle:case_and_suffix_noise,3e88bc630d2aeb4e,external_train,case_and_suffix_noise
塔顶产品纯度,distillation_column,top_product_purity,required,controlled,percent,multi_angle:separator_noise,4f6955832c6ad983,external_train,separator_noise
塔顶产品纯度(percent),distillation_column,top_product_purity,required,controlled,percent,multi_angle:unit_parenthesis,5b7d1f759390189b,external_train,unit_parenthesis
塔顶产品纯度__percent__AI,distillation_column,top_product_purity,required,controlled,percent,multi_angle:unit_channel_mix,671d0587b0da722f,external_train,unit_channel_mix
塔顶产品纯度_raw,distillation_column,top_product_purity,required,controlled,percent,multi_angle:case_and_suffix_noise,7ba72706fc6312b0,external_train,case_and_suffix_noise
塔顶纯度,distillation_column,top_product_purity,required,controlled,percent,multi_angle:separator_noise,618449ee75fedcf4,external_train,separator_noise
塔顶纯度(percent),distillation_column,top_product_purity,required,controlled,percent,multi_angle:unit_parenthesis,7f7ee2bb1fa17fd1,external_train,unit_parenthesis
塔顶纯度__percent__AI,distillation_column,top_product_purity,required,controlled,percent,multi_angle:unit_channel_mix,630eb821d6d2d9e0,external_train,unit_channel_mix
塔顶纯度_raw,distillation_column,top_product_purity,required,controlled,percent,multi_angle:case_and_suffix_noise,cc7a49f360fbce49,external_train,case_and_suffix_noise
2号线_TOP_TEMP_测点A12,distillation_column,top_temperature,required,controlled,degC,multi_angle:equipment_channel_context,6e81e41746ba05f8,external_train,equipment_channel_context
2号线_塔顶温度_测点A12,distillation_column,top_temperature,required,controlled,degC,multi_angle:equipment_channel_context,7709a05f1dc77844,external_train,equipment_channel_context
DCS-A-TOP_TEMP-PV-07,distillation_column,top_temperature,required,controlled,degC,multi_angle:dcs_vendor_envelope,3039ba186685646d,external_train,dcs_vendor_envelope
DCS-A-塔顶温度-PV-07,distillation_column,top_temperature,required,controlled,degC,multi_angle:dcs_vendor_envelope,8e2b6511ca57b1cc,external_train,dcs_vendor_envelope
PLC01.TOP_TEMP.VALUE,distillation_column,top_temperature,required,controlled,degC,multi_angle:plc_vendor_envelope,ed8a5a5aebc1e17d,external_train,plc_vendor_envelope
PLC01.塔顶温度.VALUE,distillation_column,top_temperature,required,controlled,degC,multi_angle:plc_vendor_envelope,a845cabf5ca4d244,external_train,plc_vendor_envelope
TOP.TEMP,distillation_column,top_temperature,required,controlled,degC,multi_angle:separator_noise,d7025149c42af3ae,external_train,separator_noise
TOP_TEMP(degC),distillation_column,top_temperature,required,controlled,degC,multi_angle:unit_parenthesis,97dad3f20d7662b7,external_train,unit_parenthesis
TOP_TEMP__degC__AI,distillation_column,top_temperature,required,controlled,degC,multi_angle:unit_channel_mix,13301f751e1ae506,external_train,unit_channel_mix
top_temp_raw,distillation_column,top_temperature,required,controlled,degC,multi_angle:case_and_suffix_noise,a7344a72b37b1cba,external_train,case_and_suffix_noise
塔顶温度,distillation_column,top_temperature,required,controlled,degC,multi_angle:separator_noise,bc31f3801db524be,external_train,separator_noise
塔顶温度(degC),distillation_column,top_temperature,required,controlled,degC,multi_angle:unit_parenthesis,966fdc33c3d1e632,external_train,unit_parenthesis
塔顶温度__degC__AI,distillation_column,top_temperature,required,controlled,degC,multi_angle:unit_channel_mix,6b40c63723ab8780,external_train,unit_channel_mix
塔顶温度_raw,distillation_column,top_temperature,required,controlled,degC,multi_angle:case_and_suffix_noise,3b80ab6cb010e2bb,external_train,case_and_suffix_noise
2号线_AIR_FLOW_NM3H_测点A12,steel_reheating_furnace,air_flow,required,manipulated,Nm3/h,multi_angle:equipment_channel_context,13d5b2e3b2dc4690,external_train,equipment_channel_context
2号线_AIR_FLOW_测点A12,steel_reheating_furnace,air_flow,required,manipulated,Nm3/h,multi_angle:equipment_channel_context,86492634e383b9e6,external_train,equipment_channel_context
2号线_助燃空气流量_测点A12,steel_reheating_furnace,air_flow,required,manipulated,Nm3/h,multi_angle:equipment_channel_context,2082f290aeda6fe1,external_train,equipment_channel_context
2号线_空气流量_测点A12,steel_reheating_furnace,air_flow,required,manipulated,Nm3/h,multi_angle:equipment_channel_context,8c84b76b65454ad7,external_train,equipment_channel_context
2号线_风量_测点A12,steel_reheating_furnace,air_flow,required,manipulated,Nm3/h,multi_angle:equipment_channel_context,27f9690c2d000272,external_train,equipment_channel_context
AIR.FLOW,steel_reheating_furnace,air_flow,required,manipulated,Nm3/h,multi_angle:separator_noise,2c8d71dfab453ad9,external_train,separator_noise
AIR.FLOW.NM3H,steel_reheating_furnace,air_flow,required,manipulated,Nm3/h,multi_angle:separator_noise,348bf3e8d965a3db,external_train,separator_noise
AIR_FLOW(Nm3/h),steel_reheating_furnace,air_flow,required,manipulated,Nm3/h,multi_angle:unit_parenthesis,2d9edf7b683edd1e,external_train,unit_parenthesis
AIR_FLOW_NM3H(Nm3/h),steel_reheating_furnace,air_flow,required,manipulated,Nm3/h,multi_angle:unit_parenthesis,4a0b3d1c0c214f00,external_train,unit_parenthesis
AIR_FLOW_NM3H__Nm3/h__AI,steel_reheating_furnace,air_flow,required,manipulated,Nm3/h,multi_angle:unit_channel_mix,bfed2f6d4f3c7ba0,external_train,unit_channel_mix
AIR_FLOW__Nm3/h__AI,steel_reheating_furnace,air_flow,required,manipulated,Nm3/h,multi_angle:unit_channel_mix,6993f904858b2b4f,external_train,unit_channel_mix
DCS-A-AIR_FLOW-PV-07,steel_reheating_furnace,air_flow,required,manipulated,Nm3/h,multi_angle:dcs_vendor_envelope,666333e228bdd866,external_train,dcs_vendor_envelope
DCS-A-AIR_FLOW_NM3H-PV-07,steel_reheating_furnace,air_flow,required,manipulated,Nm3/h,multi_angle:dcs_vendor_envelope,986695e38134b6f4,external_train,dcs_vendor_envelope
DCS-A-助燃空气流量-PV-07,steel_reheating_furnace,air_flow,required,manipulated,Nm3/h,multi_angle:dcs_vendor_envelope,baffad790ac0001a,external_train,dcs_vendor_envelope
DCS-A-空气流量-PV-07,steel_reheating_furnace,air_flow,required,manipulated,Nm3/h,multi_angle:dcs_vendor_envelope,3fe3eadc11f1ea7d,external_train,dcs_vendor_envelope
DCS-A-风量-PV-07,steel_reheating_furnace,air_flow,required,manipulated,Nm3/h,multi_angle:dcs_vendor_envelope,2fc3d410614199a3,external_train,dcs_vendor_envelope
PLC01.AIR_FLOW.VALUE,steel_reheating_furnace,air_flow,required,manipulated,Nm3/h,multi_angle:plc_vendor_envelope,43c09d872e29c56e,external_train,plc_vendor_envelope
PLC01.AIR_FLOW_NM3H.VALUE,steel_reheating_furnace,air_flow,required,manipulated,Nm3/h,multi_angle:plc_vendor_envelope,de838a56d79b8639,external_train,plc_vendor_envelope
PLC01.助燃空气流量.VALUE,steel_reheating_furnace,air_flow,required,manipulated,Nm3/h,multi_angle:plc_vendor_envelope,d171ed3ab06fb689,external_train,plc_vendor_envelope
PLC01.空气流量.VALUE,steel_reheating_furnace,air_flow,required,manipulated,Nm3/h,multi_angle:plc_vendor_envelope,2b7cbb372ae679ac,external_train,plc_vendor_envelope
PLC01.风量.VALUE,steel_reheating_furnace,air_flow,required,manipulated,Nm3/h,multi_angle:plc_vendor_envelope,820f8fe5f238c637,external_train,plc_vendor_envelope
air_flow_nm3h_raw,steel_reheating_furnace,air_flow,required,manipulated,Nm3/h,multi_angle:case_and_suffix_noise,ef724fd00aedf98e,external_train,case_and_suffix_noise
air_flow_raw,steel_reheating_furnace,air_flow,required,manipulated,Nm3/h,multi_angle:case_and_suffix_noise,7604fd0b09e7bebc,external_train,case_and_suffix_noise
助燃空气流量,steel_reheating_furnace,air_flow,required,manipulated,Nm3/h,multi_angle:separator_noise,eb64ffd0d975b2c1,external_train,separator_noise
助燃空气流量(Nm3/h),steel_reheating_furnace,air_flow,required,manipulated,Nm3/h,multi_angle:unit_parenthesis,f1277226f6b5658b,external_train,unit_parenthesis
助燃空气流量__Nm3/h__AI,steel_reheating_furnace,air_flow,required,manipulated,Nm3/h,multi_angle:unit_channel_mix,86f993b1ed750308,external_train,unit_channel_mix
助燃空气流量_raw,steel_reheating_furnace,air_flow,required,manipulated,Nm3/h,multi_angle:case_and_suffix_noise,6fdb5ed8ada9e6ca,external_train,case_and_suffix_noise
空气流量,steel_reheating_furnace,air_flow,required,manipulated,Nm3/h,multi_angle:separator_noise,ebbe4b6932a01851,external_train,separator_noise
空气流量(Nm3/h),steel_reheating_furnace,air_flow,required,manipulated,Nm3/h,multi_angle:unit_parenthesis,84c6e7749cee2c3e,external_train,unit_parenthesis
空气流量__Nm3/h__AI,steel_reheating_furnace,air_flow,required,manipulated,Nm3/h,multi_angle:unit_channel_mix,4fdef0fbaefdb4dd,external_train,unit_channel_mix
空气流量_raw,steel_reheating_furnace,air_flow,required,manipulated,Nm3/h,multi_angle:case_and_suffix_noise,d0cd1fbc7c2d135f,external_train,case_and_suffix_noise
风量,steel_reheating_furnace,air_flow,required,manipulated,Nm3/h,multi_angle:separator_noise,593eaef9f905d9e3,external_train,separator_noise
风量(Nm3/h),steel_reheating_furnace,air_flow,required,manipulated,Nm3/h,multi_angle:unit_parenthesis,848f72486aa98f22,external_train,unit_parenthesis
风量__Nm3/h__AI,steel_reheating_furnace,air_flow,required,manipulated,Nm3/h,multi_angle:unit_channel_mix,a637229fcac7fe25,external_train,unit_channel_mix
风量_raw,steel_reheating_furnace,air_flow,required,manipulated,Nm3/h,multi_angle:case_and_suffix_noise,3cff395f23e0ecba,external_train,case_and_suffix_noise
2号线_AFR_测点A12,steel_reheating_furnace,air_fuel_ratio,useful,state,ratio,multi_angle:equipment_channel_context,d485ed18bf7d607f,external_train,equipment_channel_context
2号线_AIR_FUEL_RATIO_测点A12,steel_reheating_furnace,air_fuel_ratio,useful,state,ratio,multi_angle:equipment_channel_context,72f0ffa8f56a4733,external_train,equipment_channel_context
2号线_air_fuel_ratio_测点A12,steel_reheating_furnace,air_fuel_ratio,useful,state,ratio,multi_angle:equipment_channel_context,6f08b0a1138b780d,external_train,equipment_channel_context
2号线_风燃比_测点A12,steel_reheating_furnace,air_fuel_ratio,useful,state,ratio,multi_angle:equipment_channel_context,21d243c73038e1f6,external_train,equipment_channel_context
AFR,steel_reheating_furnace,air_fuel_ratio,useful,state,ratio,multi_angle:separator_noise,d47fbba00d5ea154,external_train,separator_noise
AFR(ratio),steel_reheating_furnace,air_fuel_ratio,useful,state,ratio,multi_angle:unit_parenthesis,fcf0244bacf0c0a5,external_train,unit_parenthesis
AFR__ratio__AI,steel_reheating_furnace,air_fuel_ratio,useful,state,ratio,multi_angle:unit_channel_mix,57163aadbed3fe9b,external_train,unit_channel_mix
AIR.FUEL.RATIO,steel_reheating_furnace,air_fuel_ratio,useful,state,ratio,multi_angle:separator_noise,5f029bc33706abd3,external_train,separator_noise
AIR_FUEL_RATIO(ratio),steel_reheating_furnace,air_fuel_ratio,useful,state,ratio,multi_angle:unit_parenthesis,466f76a9603a2791,external_train,unit_parenthesis
AIR_FUEL_RATIO__ratio__AI,steel_reheating_furnace,air_fuel_ratio,useful,state,ratio,multi_angle:unit_channel_mix,ce2777db8c5c5d77,external_train,unit_channel_mix
DCS-A-AFR-PV-07,steel_reheating_furnace,air_fuel_ratio,useful,state,ratio,multi_angle:dcs_vendor_envelope,e8aa37a8b1487341,external_train,dcs_vendor_envelope
DCS-A-AIR_FUEL_RATIO-PV-07,steel_reheating_furnace,air_fuel_ratio,useful,state,ratio,multi_angle:dcs_vendor_envelope,9e876be51298acfa,external_train,dcs_vendor_envelope
DCS-A-air_fuel_ratio-PV-07,steel_reheating_furnace,air_fuel_ratio,useful,state,ratio,multi_angle:dcs_vendor_envelope,0abeeef3edbb89a2,external_train,dcs_vendor_envelope
DCS-A-风燃比-PV-07,steel_reheating_furnace,air_fuel_ratio,useful,state,ratio,multi_angle:dcs_vendor_envelope,580d3d28faff65ec,external_train,dcs_vendor_envelope
PLC01.AFR.VALUE,steel_reheating_furnace,air_fuel_ratio,useful,state,ratio,multi_angle:plc_vendor_envelope,d85ebf8bdbbb606b,external_train,plc_vendor_envelope
PLC01.AIR_FUEL_RATIO.VALUE,steel_reheating_furnace,air_fuel_ratio,useful,state,ratio,multi_angle:plc_vendor_envelope,5a96ac7714c1167d,external_train,plc_vendor_envelope
PLC01.air_fuel_ratio.VALUE,steel_reheating_furnace,air_fuel_ratio,useful,state,ratio,multi_angle:plc_vendor_envelope,435ea82abc8175ba,external_train,plc_vendor_envelope
PLC01.风燃比.VALUE,steel_reheating_furnace,air_fuel_ratio,useful,state,ratio,multi_angle:plc_vendor_envelope,ad9d1cabccd6d54e,external_train,plc_vendor_envelope
afr_raw,steel_reheating_furnace,air_fuel_ratio,useful,state,ratio,multi_angle:case_and_suffix_noise,8e34cb2a7a9b9ad2,external_train,case_and_suffix_noise
air.fuel.ratio,steel_reheating_furnace,air_fuel_ratio,useful,state,ratio,multi_angle:separator_noise,7ce96ca4e7b0823f,external_train,separator_noise
air_fuel_ratio(ratio),steel_reheating_furnace,air_fuel_ratio,useful,state,ratio,multi_angle:unit_parenthesis,185a3987fe8e3461,external_train,unit_parenthesis
air_fuel_ratio__ratio__AI,steel_reheating_furnace,air_fuel_ratio,useful,state,ratio,multi_angle:unit_channel_mix,7f63125804f21121,external_train,unit_channel_mix
air_fuel_ratio_raw,steel_reheating_furnace,air_fuel_ratio,useful,state,ratio,multi_angle:case_and_suffix_noise,10edae7c88a0db57,external_train,case_and_suffix_noise
风燃比,steel_reheating_furnace,air_fuel_ratio,useful,state,ratio,multi_angle:separator_noise,eb51f6b9bc60029e,external_train,separator_noise
风燃比(ratio),steel_reheating_furnace,air_fuel_ratio,useful,state,ratio,multi_angle:unit_parenthesis,ff853b70c7a35c39,external_train,unit_parenthesis
风燃比__ratio__AI,steel_reheating_furnace,air_fuel_ratio,useful,state,ratio,multi_angle:unit_channel_mix,76d40337eb6c1c80,external_train,unit_channel_mix
风燃比_raw,steel_reheating_furnace,air_fuel_ratio,useful,state,ratio,multi_angle:case_and_suffix_noise,915774f0dab8ae24,external_train,case_and_suffix_noise
2号线_QUALITY_FLAG_测点A12,steel_reheating_furnace,data_valid,useful,quality,boolean,multi_angle:equipment_channel_context,a6e2deff3e8e28c1,external_train,equipment_channel_context
2号线_VALID_测点A12,steel_reheating_furnace,data_valid,useful,quality,boolean,multi_angle:equipment_channel_context,bb1649364cbdd4af,external_train,equipment_channel_context
2号线_data_valid_测点A12,steel_reheating_furnace,data_valid,useful,quality,boolean,multi_angle:equipment_channel_context,1d66eca398e49fdb,external_train,equipment_channel_context
2号线_数据有效标记_测点A12,steel_reheating_furnace,data_valid,useful,quality,boolean,multi_angle:equipment_channel_context,ee0bb8d972437e12,external_train,equipment_channel_context
2号线_质量码_测点A12,steel_reheating_furnace,data_valid,useful,quality,boolean,multi_angle:equipment_channel_context,937de4782dacfda0,external_train,equipment_channel_context
DCS-A-QUALITY_FLAG-PV-07,steel_reheating_furnace,data_valid,useful,quality,boolean,multi_angle:dcs_vendor_envelope,7f4e5bb7594abddf,external_train,dcs_vendor_envelope
DCS-A-VALID-PV-07,steel_reheating_furnace,data_valid,useful,quality,boolean,multi_angle:dcs_vendor_envelope,37a60d63f480f598,external_train,dcs_vendor_envelope
DCS-A-data_valid-PV-07,steel_reheating_furnace,data_valid,useful,quality,boolean,multi_angle:dcs_vendor_envelope,8d027c677695ee3e,external_train,dcs_vendor_envelope
DCS-A-数据有效标记-PV-07,steel_reheating_furnace,data_valid,useful,quality,boolean,multi_angle:dcs_vendor_envelope,1deaf69f3e5249f1,external_train,dcs_vendor_envelope
DCS-A-质量码-PV-07,steel_reheating_furnace,data_valid,useful,quality,boolean,multi_angle:dcs_vendor_envelope,a5ac738878bd1be5,external_train,dcs_vendor_envelope
PLC01.QUALITY_FLAG.VALUE,steel_reheating_furnace,data_valid,useful,quality,boolean,multi_angle:plc_vendor_envelope,c2315d803d027f18,external_train,plc_vendor_envelope
PLC01.VALID.VALUE,steel_reheating_furnace,data_valid,useful,quality,boolean,multi_angle:plc_vendor_envelope,18ddc21ef69269b5,external_train,plc_vendor_envelope
PLC01.data_valid.VALUE,steel_reheating_furnace,data_valid,useful,quality,boolean,multi_angle:plc_vendor_envelope,93bbaa86c5c2d433,external_train,plc_vendor_envelope
PLC01.数据有效标记.VALUE,steel_reheating_furnace,data_valid,useful,quality,boolean,multi_angle:plc_vendor_envelope,225aa0844d4c18bd,external_train,plc_vendor_envelope
PLC01.质量码.VALUE,steel_reheating_furnace,data_valid,useful,quality,boolean,multi_angle:plc_vendor_envelope,c6bcb9fe04ee1693,external_train,plc_vendor_envelope
QUALITY.FLAG,steel_reheating_furnace,data_valid,useful,quality,boolean,multi_angle:separator_noise,db74bcb21e9fee10,external_train,separator_noise
VALID,steel_reheating_furnace,data_valid,useful,quality,boolean,multi_angle:separator_noise,092b8b4d82267fe0,external_train,separator_noise
data.valid,steel_reheating_furnace,data_valid,useful,quality,boolean,multi_angle:separator_noise,f6511c396a97cd68,external_train,separator_noise
data_valid_raw,steel_reheating_furnace,data_valid,useful,quality,boolean,multi_angle:case_and_suffix_noise,5f79945531777312,external_train,case_and_suffix_noise
quality_flag_raw,steel_reheating_furnace,data_valid,useful,quality,boolean,multi_angle:case_and_suffix_noise,11e9ea8caf24d5ab,external_train,case_and_suffix_noise
valid_raw,steel_reheating_furnace,data_valid,useful,quality,boolean,multi_angle:case_and_suffix_noise,ea92ae7bd2b638a5,external_train,case_and_suffix_noise
数据有效标记,steel_reheating_furnace,data_valid,useful,quality,boolean,multi_angle:separator_noise,374e0dac6aac7783,external_train,separator_noise
数据有效标记_raw,steel_reheating_furnace,data_valid,useful,quality,boolean,multi_angle:case_and_suffix_noise,8ecb96743ae083ee,external_train,case_and_suffix_noise
质量码,steel_reheating_furnace,data_valid,useful,quality,boolean,multi_angle:separator_noise,eb7c01502111d0b9,external_train,separator_noise
质量码_raw,steel_reheating_furnace,data_valid,useful,quality,boolean,multi_angle:case_and_suffix_noise,0b997ca7105bf7b3,external_train,case_and_suffix_noise
2号线_FLUE_GAS_O2_测点A12,steel_reheating_furnace,flue_gas_o2,useful,state,percent,multi_angle:equipment_channel_context,816a4e66e647f080,external_train,equipment_channel_context
2号线_flue_gas_o2_测点A12,steel_reheating_furnace,flue_gas_o2,useful,state,percent,multi_angle:equipment_channel_context,a58626016e9273b0,external_train,equipment_channel_context
2号线_含氧量_测点A12,steel_reheating_furnace,flue_gas_o2,useful,state,percent,multi_angle:equipment_channel_context,fde2f48aa51a988d,external_train,equipment_channel_context
2号线_氧量_测点A12,steel_reheating_furnace,flue_gas_o2,useful,state,percent,multi_angle:equipment_channel_context,f331e3744353d494,external_train,equipment_channel_context
2号线_烟气氧_测点A12,steel_reheating_furnace,flue_gas_o2,useful,state,percent,multi_angle:equipment_channel_context,8081c07f0528ee97,external_train,equipment_channel_context
DCS-A-FLUE_GAS_O2-PV-07,steel_reheating_furnace,flue_gas_o2,useful,state,percent,multi_angle:dcs_vendor_envelope,b613c91963ffe0c8,external_train,dcs_vendor_envelope
DCS-A-flue_gas_o2-PV-07,steel_reheating_furnace,flue_gas_o2,useful,state,percent,multi_angle:dcs_vendor_envelope,637917422885a499,external_train,dcs_vendor_envelope
DCS-A-含氧量-PV-07,steel_reheating_furnace,flue_gas_o2,useful,state,percent,multi_angle:dcs_vendor_envelope,04a6310720baf5a1,external_train,dcs_vendor_envelope
DCS-A-氧量-PV-07,steel_reheating_furnace,flue_gas_o2,useful,state,percent,multi_angle:dcs_vendor_envelope,e7f4f86de2d04479,external_train,dcs_vendor_envelope
DCS-A-烟气氧-PV-07,steel_reheating_furnace,flue_gas_o2,useful,state,percent,multi_angle:dcs_vendor_envelope,413f8c53ea7e80c4,external_train,dcs_vendor_envelope
FLUE.GAS.O2,steel_reheating_furnace,flue_gas_o2,useful,state,percent,multi_angle:separator_noise,b601bef917e3c0aa,external_train,separator_noise
FLUE_GAS_O2(percent),steel_reheating_furnace,flue_gas_o2,useful,state,percent,multi_angle:unit_parenthesis,1a671fd9bdd3f8b6,external_train,unit_parenthesis
FLUE_GAS_O2__percent__AI,steel_reheating_furnace,flue_gas_o2,useful,state,percent,multi_angle:unit_channel_mix,f7d21f9a35b6832a,external_train,unit_channel_mix
PLC01.FLUE_GAS_O2.VALUE,steel_reheating_furnace,flue_gas_o2,useful,state,percent,multi_angle:plc_vendor_envelope,94d1151f25ca2e14,external_train,plc_vendor_envelope
PLC01.flue_gas_o2.VALUE,steel_reheating_furnace,flue_gas_o2,useful,state,percent,multi_angle:plc_vendor_envelope,6bbecde026dc3c65,external_train,plc_vendor_envelope
PLC01.含氧量.VALUE,steel_reheating_furnace,flue_gas_o2,useful,state,percent,multi_angle:plc_vendor_envelope,0991c13a15c7af12,external_train,plc_vendor_envelope
PLC01.氧量.VALUE,steel_reheating_furnace,flue_gas_o2,useful,state,percent,multi_angle:plc_vendor_envelope,760949bb0bce2b82,external_train,plc_vendor_envelope
PLC01.烟气氧.VALUE,steel_reheating_furnace,flue_gas_o2,useful,state,percent,multi_angle:plc_vendor_envelope,064a69d628ca122c,external_train,plc_vendor_envelope
flue.gas.o2,steel_reheating_furnace,flue_gas_o2,useful,state,percent,multi_angle:separator_noise,e1c5af50082661ca,external_train,separator_noise
flue_gas_o2(percent),steel_reheating_furnace,flue_gas_o2,useful,state,percent,multi_angle:unit_parenthesis,04be36d622dc5944,external_train,unit_parenthesis
flue_gas_o2__percent__AI,steel_reheating_furnace,flue_gas_o2,useful,state,percent,multi_angle:unit_channel_mix,183197b835315ee1,external_train,unit_channel_mix
flue_gas_o2_raw,steel_reheating_furnace,flue_gas_o2,useful,state,percent,multi_angle:case_and_suffix_noise,3b4806d006225e28,external_train,case_and_suffix_noise
含氧量,steel_reheating_furnace,flue_gas_o2,useful,state,percent,multi_angle:separator_noise,b20b71a497a7f114,external_train,separator_noise
含氧量(percent),steel_reheating_furnace,flue_gas_o2,useful,state,percent,multi_angle:unit_parenthesis,d572c7e5b8182dbd,external_train,unit_parenthesis
含氧量__percent__AI,steel_reheating_furnace,flue_gas_o2,useful,state,percent,multi_angle:unit_channel_mix,8ef6ce89e4b7920d,external_train,unit_channel_mix
含氧量_raw,steel_reheating_furnace,flue_gas_o2,useful,state,percent,multi_angle:case_and_suffix_noise,6d713d62f48a9bcd,external_train,case_and_suffix_noise
氧量,steel_reheating_furnace,flue_gas_o2,useful,state,percent,multi_angle:separator_noise,1a41f985890935fc,external_train,separator_noise
氧量(percent),steel_reheating_furnace,flue_gas_o2,useful,state,percent,multi_angle:unit_parenthesis,2c3c794892d436ba,external_train,unit_parenthesis
氧量__percent__AI,steel_reheating_furnace,flue_gas_o2,useful,state,percent,multi_angle:unit_channel_mix,171c8ef639124b79,external_train,unit_channel_mix
氧量_raw,steel_reheating_furnace,flue_gas_o2,useful,state,percent,multi_angle:case_and_suffix_noise,88ddf045224eedc2,external_train,case_and_suffix_noise
烟气氧,steel_reheating_furnace,flue_gas_o2,useful,state,percent,multi_angle:separator_noise,0a7022931f431ede,external_train,separator_noise
烟气氧(percent),steel_reheating_furnace,flue_gas_o2,useful,state,percent,multi_angle:unit_parenthesis,b95598e300f69eb7,external_train,unit_parenthesis
烟气氧__percent__AI,steel_reheating_furnace,flue_gas_o2,useful,state,percent,multi_angle:unit_channel_mix,cfa0ac6183237c93,external_train,unit_channel_mix
烟气氧_raw,steel_reheating_furnace,flue_gas_o2,useful,state,percent,multi_angle:case_and_suffix_noise,7ca5edb6aeda769f,external_train,case_and_suffix_noise
2号线_EXHAUST_TEMP_测点A12,steel_reheating_furnace,flue_gas_temp,useful,state,degC,multi_angle:equipment_channel_context,bf2d85f1774a5ec8,external_train,equipment_channel_context
2号线_FLUE_GAS_TEMP_测点A12,steel_reheating_furnace,flue_gas_temp,useful,state,degC,multi_angle:equipment_channel_context,9cacd40f7df5c02b,external_train,equipment_channel_context
2号线_烟气温度_测点A12,steel_reheating_furnace,flue_gas_temp,useful,state,degC,multi_angle:equipment_channel_context,9816a9084a32395c,external_train,equipment_channel_context
DCS-A-EXHAUST_TEMP-PV-07,steel_reheating_furnace,flue_gas_temp,useful,state,degC,multi_angle:dcs_vendor_envelope,5d275431c5f7a846,external_train,dcs_vendor_envelope
DCS-A-FLUE_GAS_TEMP-PV-07,steel_reheating_furnace,flue_gas_temp,useful,state,degC,multi_angle:dcs_vendor_envelope,a84ca4e2b9cab596,external_train,dcs_vendor_envelope
DCS-A-烟气温度-PV-07,steel_reheating_furnace,flue_gas_temp,useful,state,degC,multi_angle:dcs_vendor_envelope,759a9ff2805d7b0c,external_train,dcs_vendor_envelope
EXHAUST.TEMP,steel_reheating_furnace,flue_gas_temp,useful,state,degC,multi_angle:separator_noise,e7037f079ccfbffe,external_train,separator_noise
EXHAUST_TEMP(degC),steel_reheating_furnace,flue_gas_temp,useful,state,degC,multi_angle:unit_parenthesis,96255d1923e8a19d,external_train,unit_parenthesis
EXHAUST_TEMP__degC__AI,steel_reheating_furnace,flue_gas_temp,useful,state,degC,multi_angle:unit_channel_mix,3efb9b01d8d9b65b,external_train,unit_channel_mix
FLUE.GAS.TEMP,steel_reheating_furnace,flue_gas_temp,useful,state,degC,multi_angle:separator_noise,f938f7ef85a901f8,external_train,separator_noise
FLUE_GAS_TEMP(degC),steel_reheating_furnace,flue_gas_temp,useful,state,degC,multi_angle:unit_parenthesis,4f88b20c6904eea0,external_train,unit_parenthesis
FLUE_GAS_TEMP__degC__AI,steel_reheating_furnace,flue_gas_temp,useful,state,degC,multi_angle:unit_channel_mix,ed2f8b0a2c9178d4,external_train,unit_channel_mix
PLC01.EXHAUST_TEMP.VALUE,steel_reheating_furnace,flue_gas_temp,useful,state,degC,multi_angle:plc_vendor_envelope,c3e8a766fe4de5ad,external_train,plc_vendor_envelope
PLC01.FLUE_GAS_TEMP.VALUE,steel_reheating_furnace,flue_gas_temp,useful,state,degC,multi_angle:plc_vendor_envelope,3ee41142c0f97bb6,external_train,plc_vendor_envelope
PLC01.烟气温度.VALUE,steel_reheating_furnace,flue_gas_temp,useful,state,degC,multi_angle:plc_vendor_envelope,ca0d73037c68b1b9,external_train,plc_vendor_envelope
exhaust_temp_raw,steel_reheating_furnace,flue_gas_temp,useful,state,degC,multi_angle:case_and_suffix_noise,35eaad0805b2bd3a,external_train,case_and_suffix_noise
flue_gas_temp_raw,steel_reheating_furnace,flue_gas_temp,useful,state,degC,multi_angle:case_and_suffix_noise,7d86378c77274297,external_train,case_and_suffix_noise
烟气温度,steel_reheating_furnace,flue_gas_temp,useful,state,degC,multi_angle:separator_noise,abb1aebc09002892,external_train,separator_noise
烟气温度(degC),steel_reheating_furnace,flue_gas_temp,useful,state,degC,multi_angle:unit_parenthesis,cf462a3578a5367d,external_train,unit_parenthesis
烟气温度__degC__AI,steel_reheating_furnace,flue_gas_temp,useful,state,degC,multi_angle:unit_channel_mix,35dd4edaf5d61197,external_train,unit_channel_mix
烟气温度_raw,steel_reheating_furnace,flue_gas_temp,useful,state,degC,multi_angle:case_and_suffix_noise,7ea275daafea0197,external_train,case_and_suffix_noise
2号线_FURNACE_PRESSURE_测点A12,steel_reheating_furnace,furnace_pressure,useful,state,Pa,multi_angle:equipment_channel_context,4023375940d50b5f,external_train,equipment_channel_context
2号线_PRESSURE_PA_测点A12,steel_reheating_furnace,furnace_pressure,useful,state,Pa,multi_angle:equipment_channel_context,c26581d569686399,external_train,equipment_channel_context
2号线_炉压_测点A12,steel_reheating_furnace,furnace_pressure,useful,state,Pa,multi_angle:equipment_channel_context,e72268d7f5897661,external_train,equipment_channel_context
2号线_炉膛压力_测点A12,steel_reheating_furnace,furnace_pressure,useful,state,Pa,multi_angle:equipment_channel_context,17302924773b71b1,external_train,equipment_channel_context
2号线_炉膛压强_测点A12,steel_reheating_furnace,furnace_pressure,useful,state,Pa,multi_angle:equipment_channel_context,20497f97e3445b7f,external_train,equipment_channel_context
DCS-A-FURNACE_PRESSURE-PV-07,steel_reheating_furnace,furnace_pressure,useful,state,Pa,multi_angle:dcs_vendor_envelope,c89b94627629fb19,external_train,dcs_vendor_envelope
DCS-A-PRESSURE_PA-PV-07,steel_reheating_furnace,furnace_pressure,useful,state,Pa,multi_angle:dcs_vendor_envelope,42af2d9114e44f11,external_train,dcs_vendor_envelope
DCS-A-炉压-PV-07,steel_reheating_furnace,furnace_pressure,useful,state,Pa,multi_angle:dcs_vendor_envelope,9573bb9b2a68cf9c,external_train,dcs_vendor_envelope
DCS-A-炉膛压力-PV-07,steel_reheating_furnace,furnace_pressure,useful,state,Pa,multi_angle:dcs_vendor_envelope,9c5280629a8f7bc2,external_train,dcs_vendor_envelope
DCS-A-炉膛压强-PV-07,steel_reheating_furnace,furnace_pressure,useful,state,Pa,multi_angle:dcs_vendor_envelope,a17acbd72128974a,external_train,dcs_vendor_envelope
FURNACE.PRESSURE,steel_reheating_furnace,furnace_pressure,useful,state,Pa,multi_angle:separator_noise,bf91d1d91218f9cf,external_train,separator_noise
FURNACE_PRESSURE(Pa),steel_reheating_furnace,furnace_pressure,useful,state,Pa,multi_angle:unit_parenthesis,35ce2e88f7b62096,external_train,unit_parenthesis
FURNACE_PRESSURE__Pa__AI,steel_reheating_furnace,furnace_pressure,useful,state,Pa,multi_angle:unit_channel_mix,dbaffadcea743dcf,external_train,unit_channel_mix
PLC01.FURNACE_PRESSURE.VALUE,steel_reheating_furnace,furnace_pressure,useful,state,Pa,multi_angle:plc_vendor_envelope,d92ce5775ceb86f0,external_train,plc_vendor_envelope
PLC01.PRESSURE_PA.VALUE,steel_reheating_furnace,furnace_pressure,useful,state,Pa,multi_angle:plc_vendor_envelope,6363ca8cff3d2741,external_train,plc_vendor_envelope
PLC01.炉压.VALUE,steel_reheating_furnace,furnace_pressure,useful,state,Pa,multi_angle:plc_vendor_envelope,def1bcb627987c37,external_train,plc_vendor_envelope
PLC01.炉膛压力.VALUE,steel_reheating_furnace,furnace_pressure,useful,state,Pa,multi_angle:plc_vendor_envelope,7509ec44952acc0b,external_train,plc_vendor_envelope
PLC01.炉膛压强.VALUE,steel_reheating_furnace,furnace_pressure,useful,state,Pa,multi_angle:plc_vendor_envelope,537a8f091192a8bb,external_train,plc_vendor_envelope
PRESSURE.PA,steel_reheating_furnace,furnace_pressure,useful,state,Pa,multi_angle:separator_noise,13146e74b8f5f617,external_train,separator_noise
PRESSURE_PA(Pa),steel_reheating_furnace,furnace_pressure,useful,state,Pa,multi_angle:unit_parenthesis,929bd71e0345a8bc,external_train,unit_parenthesis
PRESSURE_PA__Pa__AI,steel_reheating_furnace,furnace_pressure,useful,state,Pa,multi_angle:unit_channel_mix,7b2d97ff785c7fd8,external_train,unit_channel_mix
furnace_pressure_raw,steel_reheating_furnace,furnace_pressure,useful,state,Pa,multi_angle:case_and_suffix_noise,31e469323319727d,external_train,case_and_suffix_noise
pressure_pa_raw,steel_reheating_furnace,furnace_pressure,useful,state,Pa,multi_angle:case_and_suffix_noise,445e50665c381431,external_train,case_and_suffix_noise
炉压,steel_reheating_furnace,furnace_pressure,useful,state,Pa,multi_angle:separator_noise,4b80523aca58ca46,external_train,separator_noise
炉压(Pa),steel_reheating_furnace,furnace_pressure,useful,state,Pa,multi_angle:unit_parenthesis,39f699e18243394c,external_train,unit_parenthesis
炉压__Pa__AI,steel_reheating_furnace,furnace_pressure,useful,state,Pa,multi_angle:unit_channel_mix,1565c11938598bee,external_train,unit_channel_mix
炉压_raw,steel_reheating_furnace,furnace_pressure,useful,state,Pa,multi_angle:case_and_suffix_noise,6efb30ab491b2f22,external_train,case_and_suffix_noise
炉膛压力,steel_reheating_furnace,furnace_pressure,useful,state,Pa,multi_angle:separator_noise,0e1b22c2e7c0bb70,external_train,separator_noise
炉膛压力(Pa),steel_reheating_furnace,furnace_pressure,useful,state,Pa,multi_angle:unit_parenthesis,85735f2e258561bb,external_train,unit_parenthesis
炉膛压力__Pa__AI,steel_reheating_furnace,furnace_pressure,useful,state,Pa,multi_angle:unit_channel_mix,d442305403e583d7,external_train,unit_channel_mix
炉膛压力_raw,steel_reheating_furnace,furnace_pressure,useful,state,Pa,multi_angle:case_and_suffix_noise,1c7fcd160faccb35,external_train,case_and_suffix_noise
炉膛压强,steel_reheating_furnace,furnace_pressure,useful,state,Pa,multi_angle:separator_noise,9210ec31c379d675,external_train,separator_noise
炉膛压强(Pa),steel_reheating_furnace,furnace_pressure,useful,state,Pa,multi_angle:unit_parenthesis,6cd72de4215f6548,external_train,unit_parenthesis
炉膛压强__Pa__AI,steel_reheating_furnace,furnace_pressure,useful,state,Pa,multi_angle:unit_channel_mix,28eb90ee9ac8718c,external_train,unit_channel_mix
炉膛压强_raw,steel_reheating_furnace,furnace_pressure,useful,state,Pa,multi_angle:case_and_suffix_noise,9ce7f01cb6c052e9,external_train,case_and_suffix_noise
2号线_ZONE1_TEMP_C_测点A12,steel_reheating_furnace,furnace_zone1_temp,required,controlled,degC,multi_angle:equipment_channel_context,16fe58400c6fb1c4,external_train,equipment_channel_context
2号线_ZONE1_TEMP_测点A12,steel_reheating_furnace,furnace_zone1_temp,required,controlled,degC,multi_angle:equipment_channel_context,c6f1d20c340f5d80,external_train,equipment_channel_context
2号线_一段炉温_测点A12,steel_reheating_furnace,furnace_zone1_temp,required,controlled,degC,multi_angle:equipment_channel_context,489e1d383bb8c6d8,external_train,equipment_channel_context
2号线_炉温1_测点A12,steel_reheating_furnace,furnace_zone1_temp,required,controlled,degC,multi_angle:equipment_channel_context,32856a0bc19ee019,external_train,equipment_channel_context
2号线_预热段温度_测点A12,steel_reheating_furnace,furnace_zone1_temp,required,controlled,degC,multi_angle:equipment_channel_context,d8aefee5cc0588fa,external_train,equipment_channel_context
DCS-A-ZONE1_TEMP-PV-07,steel_reheating_furnace,furnace_zone1_temp,required,controlled,degC,multi_angle:dcs_vendor_envelope,44aca8620056d0c6,external_train,dcs_vendor_envelope
DCS-A-ZONE1_TEMP_C-PV-07,steel_reheating_furnace,furnace_zone1_temp,required,controlled,degC,multi_angle:dcs_vendor_envelope,49154d30f8cab048,external_train,dcs_vendor_envelope
DCS-A-一段炉温-PV-07,steel_reheating_furnace,furnace_zone1_temp,required,controlled,degC,multi_angle:dcs_vendor_envelope,0471ebf83fb5e254,external_train,dcs_vendor_envelope
DCS-A-炉温1-PV-07,steel_reheating_furnace,furnace_zone1_temp,required,controlled,degC,multi_angle:dcs_vendor_envelope,746abc279a7f7047,external_train,dcs_vendor_envelope
DCS-A-预热段温度-PV-07,steel_reheating_furnace,furnace_zone1_temp,required,controlled,degC,multi_angle:dcs_vendor_envelope,0d6f0236a44c70bd,external_train,dcs_vendor_envelope
PLC01.ZONE1_TEMP.VALUE,steel_reheating_furnace,furnace_zone1_temp,required,controlled,degC,multi_angle:plc_vendor_envelope,ada2f59d1634a14f,external_train,plc_vendor_envelope
PLC01.ZONE1_TEMP_C.VALUE,steel_reheating_furnace,furnace_zone1_temp,required,controlled,degC,multi_angle:plc_vendor_envelope,7f91971ae1503c00,external_train,plc_vendor_envelope
PLC01.一段炉温.VALUE,steel_reheating_furnace,furnace_zone1_temp,required,controlled,degC,multi_angle:plc_vendor_envelope,10017ed329e01a89,external_train,plc_vendor_envelope
PLC01.炉温1.VALUE,steel_reheating_furnace,furnace_zone1_temp,required,controlled,degC,multi_angle:plc_vendor_envelope,fb2dd2a5519a9613,external_train,plc_vendor_envelope
PLC01.预热段温度.VALUE,steel_reheating_furnace,furnace_zone1_temp,required,controlled,degC,multi_angle:plc_vendor_envelope,57041ffae9c35cde,external_train,plc_vendor_envelope
ZONE1.TEMP,steel_reheating_furnace,furnace_zone1_temp,required,controlled,degC,multi_angle:separator_noise,d9ce6be3e4fb8a74,external_train,separator_noise
ZONE1.TEMP.C,steel_reheating_furnace,furnace_zone1_temp,required,controlled,degC,multi_angle:separator_noise,200f8a85cc29818e,external_train,separator_noise
ZONE1_TEMP(degC),steel_reheating_furnace,furnace_zone1_temp,required,controlled,degC,multi_angle:unit_parenthesis,e1f66133959165f5,external_train,unit_parenthesis
ZONE1_TEMP_C(degC),steel_reheating_furnace,furnace_zone1_temp,required,controlled,degC,multi_angle:unit_parenthesis,e8c04bedd553ddef,external_train,unit_parenthesis
ZONE1_TEMP_C__degC__AI,steel_reheating_furnace,furnace_zone1_temp,required,controlled,degC,multi_angle:unit_channel_mix,b95459535c279005,external_train,unit_channel_mix
ZONE1_TEMP__degC__AI,steel_reheating_furnace,furnace_zone1_temp,required,controlled,degC,multi_angle:unit_channel_mix,573e8232d7c5603f,external_train,unit_channel_mix
zone1_temp_c_raw,steel_reheating_furnace,furnace_zone1_temp,required,controlled,degC,multi_angle:case_and_suffix_noise,3624623ec8c51b29,external_train,case_and_suffix_noise
zone1_temp_raw,steel_reheating_furnace,furnace_zone1_temp,required,controlled,degC,multi_angle:case_and_suffix_noise,34e1157103160119,external_train,case_and_suffix_noise
一段炉温,steel_reheating_furnace,furnace_zone1_temp,required,controlled,degC,multi_angle:separator_noise,95c3b20b78993d3e,external_train,separator_noise
一段炉温(degC),steel_reheating_furnace,furnace_zone1_temp,required,controlled,degC,multi_angle:unit_parenthesis,6ec5e164f06374f3,external_train,unit_parenthesis
一段炉温__degC__AI,steel_reheating_furnace,furnace_zone1_temp,required,controlled,degC,multi_angle:unit_channel_mix,5fde1a1e17221af6,external_train,unit_channel_mix
一段炉温_raw,steel_reheating_furnace,furnace_zone1_temp,required,controlled,degC,multi_angle:case_and_suffix_noise,fea7fc902a650744,external_train,case_and_suffix_noise
炉温1,steel_reheating_furnace,furnace_zone1_temp,required,controlled,degC,multi_angle:separator_noise,751c11239361167a,external_train,separator_noise
炉温1(degC),steel_reheating_furnace,furnace_zone1_temp,required,controlled,degC,multi_angle:unit_parenthesis,ba5c48511c4c28ad,external_train,unit_parenthesis
炉温1__degC__AI,steel_reheating_furnace,furnace_zone1_temp,required,controlled,degC,multi_angle:unit_channel_mix,351d48e5eddbfe27,external_train,unit_channel_mix
炉温1_raw,steel_reheating_furnace,furnace_zone1_temp,required,controlled,degC,multi_angle:case_and_suffix_noise,55257431c970d572,external_train,case_and_suffix_noise
预热段温度,steel_reheating_furnace,furnace_zone1_temp,required,controlled,degC,multi_angle:separator_noise,703fe9561a90b573,external_train,separator_noise
预热段温度(degC),steel_reheating_furnace,furnace_zone1_temp,required,controlled,degC,multi_angle:unit_parenthesis,ddeb629b89fba181,external_train,unit_parenthesis
预热段温度__degC__AI,steel_reheating_furnace,furnace_zone1_temp,required,controlled,degC,multi_angle:unit_channel_mix,44a8bd1a39a1213a,external_train,unit_channel_mix
预热段温度_raw,steel_reheating_furnace,furnace_zone1_temp,required,controlled,degC,multi_angle:case_and_suffix_noise,ecbf7b315a87a32f,external_train,case_and_suffix_noise
2号线_ZONE2_TEMP_C_测点A12,steel_reheating_furnace,furnace_zone2_temp,required,controlled,degC,multi_angle:equipment_channel_context,cdb5768ddbc7d99d,external_train,equipment_channel_context
2号线_furnace_zone2_temp_测点A12,steel_reheating_furnace,furnace_zone2_temp,required,controlled,degC,multi_angle:equipment_channel_context,2a41e18ff717a59a,external_train,equipment_channel_context
2号线_二段炉温_测点A12,steel_reheating_furnace,furnace_zone2_temp,required,controlled,degC,multi_angle:equipment_channel_context,5d1f56c9d1c2a7a0,external_train,equipment_channel_context
2号线_加热段温度_测点A12,steel_reheating_furnace,furnace_zone2_temp,required,controlled,degC,multi_angle:equipment_channel_context,022e37f1ede3d2fc,external_train,equipment_channel_context
2号线_加热段炉温_测点A12,steel_reheating_furnace,furnace_zone2_temp,required,controlled,degC,multi_angle:equipment_channel_context,aef0fa59d59a56ed,external_train,equipment_channel_context
2号线_炉温2_测点A12,steel_reheating_furnace,furnace_zone2_temp,required,controlled,degC,multi_angle:equipment_channel_context,ed1e07801cf2aa35,external_train,equipment_channel_context
DCS-A-ZONE2_TEMP_C-PV-07,steel_reheating_furnace,furnace_zone2_temp,required,controlled,degC,multi_angle:dcs_vendor_envelope,8a09e85829130104,external_train,dcs_vendor_envelope
DCS-A-furnace_zone2_temp-PV-07,steel_reheating_furnace,furnace_zone2_temp,required,controlled,degC,multi_angle:dcs_vendor_envelope,b3a0a1eda7a502e5,external_train,dcs_vendor_envelope
DCS-A-二段炉温-PV-07,steel_reheating_furnace,furnace_zone2_temp,required,controlled,degC,multi_angle:dcs_vendor_envelope,28b51ea542d5ea35,external_train,dcs_vendor_envelope
DCS-A-加热段温度-PV-07,steel_reheating_furnace,furnace_zone2_temp,required,controlled,degC,multi_angle:dcs_vendor_envelope,108b55a3da76c89a,external_train,dcs_vendor_envelope
DCS-A-加热段炉温-PV-07,steel_reheating_furnace,furnace_zone2_temp,required,controlled,degC,multi_angle:dcs_vendor_envelope,4585feab351818b3,external_train,dcs_vendor_envelope
DCS-A-炉温2-PV-07,steel_reheating_furnace,furnace_zone2_temp,required,controlled,degC,multi_angle:dcs_vendor_envelope,081b6d75fae073b9,external_train,dcs_vendor_envelope
PLC01.ZONE2_TEMP_C.VALUE,steel_reheating_furnace,furnace_zone2_temp,required,controlled,degC,multi_angle:plc_vendor_envelope,da47e3f438253c64,external_train,plc_vendor_envelope
PLC01.furnace_zone2_temp.VALUE,steel_reheating_furnace,furnace_zone2_temp,required,controlled,degC,multi_angle:plc_vendor_envelope,2c1368b81581c7af,external_train,plc_vendor_envelope
PLC01.二段炉温.VALUE,steel_reheating_furnace,furnace_zone2_temp,required,controlled,degC,multi_angle:plc_vendor_envelope,8298b2fc1bfd5e5d,external_train,plc_vendor_envelope
PLC01.加热段温度.VALUE,steel_reheating_furnace,furnace_zone2_temp,required,controlled,degC,multi_angle:plc_vendor_envelope,6a6879eed5d769c8,external_train,plc_vendor_envelope
PLC01.加热段炉温.VALUE,steel_reheating_furnace,furnace_zone2_temp,required,controlled,degC,multi_angle:plc_vendor_envelope,3e8d7a14f777b8dd,external_train,plc_vendor_envelope
PLC01.炉温2.VALUE,steel_reheating_furnace,furnace_zone2_temp,required,controlled,degC,multi_angle:plc_vendor_envelope,0a8d26f6d3fb59de,external_train,plc_vendor_envelope
ZONE2.TEMP.C,steel_reheating_furnace,furnace_zone2_temp,required,controlled,degC,multi_angle:separator_noise,99cd2565221c0a19,external_train,separator_noise
ZONE2_TEMP_C(degC),steel_reheating_furnace,furnace_zone2_temp,required,controlled,degC,multi_angle:unit_parenthesis,28e67f392a7c9942,external_train,unit_parenthesis
ZONE2_TEMP_C__degC__AI,steel_reheating_furnace,furnace_zone2_temp,required,controlled,degC,multi_angle:unit_channel_mix,239b78329ae31558,external_train,unit_channel_mix
furnace.zone2.temp,steel_reheating_furnace,furnace_zone2_temp,required,controlled,degC,multi_angle:separator_noise,beb1b19496552583,external_train,separator_noise
furnace_zone2_temp(degC),steel_reheating_furnace,furnace_zone2_temp,required,controlled,degC,multi_angle:unit_parenthesis,704f05bc04e6596e,external_train,unit_parenthesis
furnace_zone2_temp__degC__AI,steel_reheating_furnace,furnace_zone2_temp,required,controlled,degC,multi_angle:unit_channel_mix,17276de946efa44d,external_train,unit_channel_mix
furnace_zone2_temp_raw,steel_reheating_furnace,furnace_zone2_temp,required,controlled,degC,multi_angle:case_and_suffix_noise,c6c491212107d1ee,external_train,case_and_suffix_noise
zone2_temp_c_raw,steel_reheating_furnace,furnace_zone2_temp,required,controlled,degC,multi_angle:case_and_suffix_noise,dbce6f1a5b3e20ff,external_train,case_and_suffix_noise
二段炉温,steel_reheating_furnace,furnace_zone2_temp,required,controlled,degC,multi_angle:separator_noise,7d6c01bbf163adbe,external_train,separator_noise
二段炉温(degC),steel_reheating_furnace,furnace_zone2_temp,required,controlled,degC,multi_angle:unit_parenthesis,1c4a00cdafb2ba0c,external_train,unit_parenthesis
二段炉温__degC__AI,steel_reheating_furnace,furnace_zone2_temp,required,controlled,degC,multi_angle:unit_channel_mix,3de03508d58fe391,external_train,unit_channel_mix
二段炉温_raw,steel_reheating_furnace,furnace_zone2_temp,required,controlled,degC,multi_angle:case_and_suffix_noise,9e12aa1819a0bb1c,external_train,case_and_suffix_noise
加热段温度,steel_reheating_furnace,furnace_zone2_temp,required,controlled,degC,multi_angle:separator_noise,1dc08693c3a739ed,external_train,separator_noise
加热段温度(degC),steel_reheating_furnace,furnace_zone2_temp,required,controlled,degC,multi_angle:unit_parenthesis,280371821ad1ba53,external_train,unit_parenthesis
加热段温度__degC__AI,steel_reheating_furnace,furnace_zone2_temp,required,controlled,degC,multi_angle:unit_channel_mix,14202443e0405085,external_train,unit_channel_mix
加热段温度_raw,steel_reheating_furnace,furnace_zone2_temp,required,controlled,degC,multi_angle:case_and_suffix_noise,3cb6aa6b1c70cd30,external_train,case_and_suffix_noise
加热段炉温,steel_reheating_furnace,furnace_zone2_temp,required,controlled,degC,multi_angle:separator_noise,c96ed88830c6f59c,external_train,separator_noise
加热段炉温(degC),steel_reheating_furnace,furnace_zone2_temp,required,controlled,degC,multi_angle:unit_parenthesis,454c899a7c9ea125,external_train,unit_parenthesis
加热段炉温__degC__AI,steel_reheating_furnace,furnace_zone2_temp,required,controlled,degC,multi_angle:unit_channel_mix,3a8199733f7fb6c5,external_train,unit_channel_mix
加热段炉温_raw,steel_reheating_furnace,furnace_zone2_temp,required,controlled,degC,multi_angle:case_and_suffix_noise,834254e7ae64fadf,external_train,case_and_suffix_noise
炉温2,steel_reheating_furnace,furnace_zone2_temp,required,controlled,degC,multi_angle:separator_noise,6adce6bda22c5733,external_train,separator_noise
炉温2(degC),steel_reheating_furnace,furnace_zone2_temp,required,controlled,degC,multi_angle:unit_parenthesis,667efb03d79e7576,external_train,unit_parenthesis
炉温2__degC__AI,steel_reheating_furnace,furnace_zone2_temp,required,controlled,degC,multi_angle:unit_channel_mix,7d93d4ab3fffd6a7,external_train,unit_channel_mix
炉温2_raw,steel_reheating_furnace,furnace_zone2_temp,required,controlled,degC,multi_angle:case_and_suffix_noise,de040f7c7fe2e9a9,external_train,case_and_suffix_noise
2号线_ZONE3_TEMP_测点A12,steel_reheating_furnace,furnace_zone3_temp,required,controlled,degC,multi_angle:equipment_channel_context,80129f9bcb273fba,external_train,equipment_channel_context
2号线_furnace_zone3_temp_测点A12,steel_reheating_furnace,furnace_zone3_temp,required,controlled,degC,multi_angle:equipment_channel_context,347da018014af1dd,external_train,equipment_channel_context
2号线_均热段温度_测点A12,steel_reheating_furnace,furnace_zone3_temp,required,controlled,degC,multi_angle:equipment_channel_context,fb5eb57f52a47415,external_train,equipment_channel_context
2号线_炉温3_测点A12,steel_reheating_furnace,furnace_zone3_temp,required,controlled,degC,multi_angle:equipment_channel_context,7820b25dd6e72e7e,external_train,equipment_channel_context
DCS-A-ZONE3_TEMP-PV-07,steel_reheating_furnace,furnace_zone3_temp,required,controlled,degC,multi_angle:dcs_vendor_envelope,6fa0240183455ec2,external_train,dcs_vendor_envelope
DCS-A-furnace_zone3_temp-PV-07,steel_reheating_furnace,furnace_zone3_temp,required,controlled,degC,multi_angle:dcs_vendor_envelope,caef8187f1527f6c,external_train,dcs_vendor_envelope
DCS-A-均热段温度-PV-07,steel_reheating_furnace,furnace_zone3_temp,required,controlled,degC,multi_angle:dcs_vendor_envelope,1ae1afd98ff81d2d,external_train,dcs_vendor_envelope
DCS-A-炉温3-PV-07,steel_reheating_furnace,furnace_zone3_temp,required,controlled,degC,multi_angle:dcs_vendor_envelope,b4cf70d805c0188a,external_train,dcs_vendor_envelope
PLC01.ZONE3_TEMP.VALUE,steel_reheating_furnace,furnace_zone3_temp,required,controlled,degC,multi_angle:plc_vendor_envelope,6574507ce27868b4,external_train,plc_vendor_envelope
PLC01.furnace_zone3_temp.VALUE,steel_reheating_furnace,furnace_zone3_temp,required,controlled,degC,multi_angle:plc_vendor_envelope,9d75ebb067cc74d6,external_train,plc_vendor_envelope
PLC01.均热段温度.VALUE,steel_reheating_furnace,furnace_zone3_temp,required,controlled,degC,multi_angle:plc_vendor_envelope,da94b91034548178,external_train,plc_vendor_envelope
PLC01.炉温3.VALUE,steel_reheating_furnace,furnace_zone3_temp,required,controlled,degC,multi_angle:plc_vendor_envelope,552f4fbc2d01cecf,external_train,plc_vendor_envelope
ZONE3.TEMP,steel_reheating_furnace,furnace_zone3_temp,required,controlled,degC,multi_angle:separator_noise,cf65ab67fa80d6a3,external_train,separator_noise
ZONE3_TEMP(degC),steel_reheating_furnace,furnace_zone3_temp,required,controlled,degC,multi_angle:unit_parenthesis,ea91931158c752cd,external_train,unit_parenthesis
ZONE3_TEMP__degC__AI,steel_reheating_furnace,furnace_zone3_temp,required,controlled,degC,multi_angle:unit_channel_mix,0bc6e1417469c4e0,external_train,unit_channel_mix
furnace.zone3.temp,steel_reheating_furnace,furnace_zone3_temp,required,controlled,degC,multi_angle:separator_noise,4339d8ee8d1c9088,external_train,separator_noise
furnace_zone3_temp(degC),steel_reheating_furnace,furnace_zone3_temp,required,controlled,degC,multi_angle:unit_parenthesis,58520bd0f5a65ebf,external_train,unit_parenthesis
furnace_zone3_temp__degC__AI,steel_reheating_furnace,furnace_zone3_temp,required,controlled,degC,multi_angle:unit_channel_mix,83a527976bcea1e3,external_train,unit_channel_mix
furnace_zone3_temp_raw,steel_reheating_furnace,furnace_zone3_temp,required,controlled,degC,multi_angle:case_and_suffix_noise,4508c44b83f2f67f,external_train,case_and_suffix_noise
zone3_temp_raw,steel_reheating_furnace,furnace_zone3_temp,required,controlled,degC,multi_angle:case_and_suffix_noise,070357585fc9704c,external_train,case_and_suffix_noise
均热段温度,steel_reheating_furnace,furnace_zone3_temp,required,controlled,degC,multi_angle:separator_noise,98d70f2f164a4424,external_train,separator_noise
均热段温度(degC),steel_reheating_furnace,furnace_zone3_temp,required,controlled,degC,multi_angle:unit_parenthesis,0f18787f2c37f632,external_train,unit_parenthesis
均热段温度__degC__AI,steel_reheating_furnace,furnace_zone3_temp,required,controlled,degC,multi_angle:unit_channel_mix,5bbbf7962e83d6a1,external_train,unit_channel_mix
均热段温度_raw,steel_reheating_furnace,furnace_zone3_temp,required,controlled,degC,multi_angle:case_and_suffix_noise,2fc75e70da3035bf,external_train,case_and_suffix_noise
炉温3,steel_reheating_furnace,furnace_zone3_temp,required,controlled,degC,multi_angle:separator_noise,a68b7451602c86da,external_train,separator_noise
炉温3(degC),steel_reheating_furnace,furnace_zone3_temp,required,controlled,degC,multi_angle:unit_parenthesis,5a9682cdb596b657,external_train,unit_parenthesis
炉温3__degC__AI,steel_reheating_furnace,furnace_zone3_temp,required,controlled,degC,multi_angle:unit_channel_mix,2f16b8eca6b7dedd,external_train,unit_channel_mix
炉温3_raw,steel_reheating_furnace,furnace_zone3_temp,required,controlled,degC,multi_angle:case_and_suffix_noise,b0ec0801e93c9abe,external_train,case_and_suffix_noise
2号线_GAS_FLOW_NM3H_测点A12,steel_reheating_furnace,gas_flow,required,manipulated,Nm3/h,multi_angle:equipment_channel_context,d2b35d8ea3621e53,external_train,equipment_channel_context
2号线_GAS_FLOW_测点A12,steel_reheating_furnace,gas_flow,required,manipulated,Nm3/h,multi_angle:equipment_channel_context,cecd0cf134b37296,external_train,equipment_channel_context
2号线_煤气流量_测点A12,steel_reheating_furnace,gas_flow,required,manipulated,Nm3/h,multi_angle:equipment_channel_context,8ada822cd07c46d8,external_train,equipment_channel_context
2号线_燃气流量_测点A12,steel_reheating_furnace,gas_flow,required,manipulated,Nm3/h,multi_angle:equipment_channel_context,1517871b293fa49a,external_train,equipment_channel_context
DCS-A-GAS_FLOW-PV-07,steel_reheating_furnace,gas_flow,required,manipulated,Nm3/h,multi_angle:dcs_vendor_envelope,cd3ba207bbd97df8,external_train,dcs_vendor_envelope
DCS-A-GAS_FLOW_NM3H-PV-07,steel_reheating_furnace,gas_flow,required,manipulated,Nm3/h,multi_angle:dcs_vendor_envelope,c7b42231fd501961,external_train,dcs_vendor_envelope
DCS-A-煤气流量-PV-07,steel_reheating_furnace,gas_flow,required,manipulated,Nm3/h,multi_angle:dcs_vendor_envelope,10e54dfd1a7f3e53,external_train,dcs_vendor_envelope
DCS-A-燃气流量-PV-07,steel_reheating_furnace,gas_flow,required,manipulated,Nm3/h,multi_angle:dcs_vendor_envelope,88e9a8e7e0e0455b,external_train,dcs_vendor_envelope
GAS.FLOW,steel_reheating_furnace,gas_flow,required,manipulated,Nm3/h,multi_angle:separator_noise,0a9b1fc94abd29fa,external_train,separator_noise
GAS.FLOW.NM3H,steel_reheating_furnace,gas_flow,required,manipulated,Nm3/h,multi_angle:separator_noise,dcd60e039893a5f8,external_train,separator_noise
GAS_FLOW(Nm3/h),steel_reheating_furnace,gas_flow,required,manipulated,Nm3/h,multi_angle:unit_parenthesis,2081aa8835958b72,external_train,unit_parenthesis
GAS_FLOW_NM3H(Nm3/h),steel_reheating_furnace,gas_flow,required,manipulated,Nm3/h,multi_angle:unit_parenthesis,ea3abcd4b445a90f,external_train,unit_parenthesis
GAS_FLOW_NM3H__Nm3/h__AI,steel_reheating_furnace,gas_flow,required,manipulated,Nm3/h,multi_angle:unit_channel_mix,7760654af95c8809,external_train,unit_channel_mix
GAS_FLOW__Nm3/h__AI,steel_reheating_furnace,gas_flow,required,manipulated,Nm3/h,multi_angle:unit_channel_mix,2bea91f0b90e7201,external_train,unit_channel_mix
PLC01.GAS_FLOW.VALUE,steel_reheating_furnace,gas_flow,required,manipulated,Nm3/h,multi_angle:plc_vendor_envelope,f72bb08491d94103,external_train,plc_vendor_envelope
PLC01.GAS_FLOW_NM3H.VALUE,steel_reheating_furnace,gas_flow,required,manipulated,Nm3/h,multi_angle:plc_vendor_envelope,3509d7fa00066710,external_train,plc_vendor_envelope
PLC01.煤气流量.VALUE,steel_reheating_furnace,gas_flow,required,manipulated,Nm3/h,multi_angle:plc_vendor_envelope,2eeabdaad8444f3e,external_train,plc_vendor_envelope
PLC01.燃气流量.VALUE,steel_reheating_furnace,gas_flow,required,manipulated,Nm3/h,multi_angle:plc_vendor_envelope,201f6eb6a353846d,external_train,plc_vendor_envelope
gas_flow_nm3h_raw,steel_reheating_furnace,gas_flow,required,manipulated,Nm3/h,multi_angle:case_and_suffix_noise,03aa3e8e86de0ea5,external_train,case_and_suffix_noise
gas_flow_raw,steel_reheating_furnace,gas_flow,required,manipulated,Nm3/h,multi_angle:case_and_suffix_noise,d0f82e3afc6eaeef,external_train,case_and_suffix_noise
煤气流量,steel_reheating_furnace,gas_flow,required,manipulated,Nm3/h,multi_angle:separator_noise,5dc2b7c4b1809921,external_train,separator_noise
煤气流量(Nm3/h),steel_reheating_furnace,gas_flow,required,manipulated,Nm3/h,multi_angle:unit_parenthesis,9560a47fc0ae5f96,external_train,unit_parenthesis
煤气流量__Nm3/h__AI,steel_reheating_furnace,gas_flow,required,manipulated,Nm3/h,multi_angle:unit_channel_mix,76a08632046d6140,external_train,unit_channel_mix
煤气流量_raw,steel_reheating_furnace,gas_flow,required,manipulated,Nm3/h,multi_angle:case_and_suffix_noise,a6196602dcf8050e,external_train,case_and_suffix_noise
燃气流量,steel_reheating_furnace,gas_flow,required,manipulated,Nm3/h,multi_angle:separator_noise,7aed07b578c68095,external_train,separator_noise
燃气流量(Nm3/h),steel_reheating_furnace,gas_flow,required,manipulated,Nm3/h,multi_angle:unit_parenthesis,16196b61cd0e4b70,external_train,unit_parenthesis
燃气流量__Nm3/h__AI,steel_reheating_furnace,gas_flow,required,manipulated,Nm3/h,multi_angle:unit_channel_mix,13411c2e4b887133,external_train,unit_channel_mix
燃气流量_raw,steel_reheating_furnace,gas_flow,required,manipulated,Nm3/h,multi_angle:case_and_suffix_noise,f1eb0feafbd7d926,external_train,case_and_suffix_noise
2号线_HEAT_ID_测点A12,steel_reheating_furnace,heat_id,useful,identifier,string,multi_angle:equipment_channel_context,b167dbefbebc15e2,external_train,equipment_channel_context
2号线_heat_id_测点A12,steel_reheating_furnace,heat_id,useful,identifier,string,multi_angle:equipment_channel_context,e041df5ef3139a5d,external_train,equipment_channel_context
2号线_批次号_测点A12,steel_reheating_furnace,heat_id,useful,identifier,string,multi_angle:equipment_channel_context,358697471387aeae,external_train,equipment_channel_context
2号线_炉号_测点A12,steel_reheating_furnace,heat_id,useful,identifier,string,multi_angle:equipment_channel_context,eaf3afcca114311f,external_train,equipment_channel_context
2号线_炉次号_测点A12,steel_reheating_furnace,heat_id,useful,identifier,string,multi_angle:equipment_channel_context,d0ccefab21465b22,external_train,equipment_channel_context
DCS-A-HEAT_ID-PV-07,steel_reheating_furnace,heat_id,useful,identifier,string,multi_angle:dcs_vendor_envelope,0ae9500e391c09e1,external_train,dcs_vendor_envelope
DCS-A-heat_id-PV-07,steel_reheating_furnace,heat_id,useful,identifier,string,multi_angle:dcs_vendor_envelope,75b6b8dcb8f44f63,external_train,dcs_vendor_envelope
DCS-A-批次号-PV-07,steel_reheating_furnace,heat_id,useful,identifier,string,multi_angle:dcs_vendor_envelope,ecffca8e8d71e786,external_train,dcs_vendor_envelope
DCS-A-炉号-PV-07,steel_reheating_furnace,heat_id,useful,identifier,string,multi_angle:dcs_vendor_envelope,6248d9309f10ab42,external_train,dcs_vendor_envelope
DCS-A-炉次号-PV-07,steel_reheating_furnace,heat_id,useful,identifier,string,multi_angle:dcs_vendor_envelope,e8eb5b7594904209,external_train,dcs_vendor_envelope
HEAT.ID,steel_reheating_furnace,heat_id,useful,identifier,string,multi_angle:separator_noise,8e98e5c2f96c3e84,external_train,separator_noise
PLC01.HEAT_ID.VALUE,steel_reheating_furnace,heat_id,useful,identifier,string,multi_angle:plc_vendor_envelope,30360a0bdb1aa852,external_train,plc_vendor_envelope
PLC01.heat_id.VALUE,steel_reheating_furnace,heat_id,useful,identifier,string,multi_angle:plc_vendor_envelope,f70dc1e1a206fab1,external_train,plc_vendor_envelope
PLC01.批次号.VALUE,steel_reheating_furnace,heat_id,useful,identifier,string,multi_angle:plc_vendor_envelope,5889a6797e59bb6a,external_train,plc_vendor_envelope
PLC01.炉号.VALUE,steel_reheating_furnace,heat_id,useful,identifier,string,multi_angle:plc_vendor_envelope,65d884b637669fdd,external_train,plc_vendor_envelope
PLC01.炉次号.VALUE,steel_reheating_furnace,heat_id,useful,identifier,string,multi_angle:plc_vendor_envelope,455455b4689e69dd,external_train,plc_vendor_envelope
heat.id,steel_reheating_furnace,heat_id,useful,identifier,string,multi_angle:separator_noise,9c61eec6c8d8b78b,external_train,separator_noise
heat_id_raw,steel_reheating_furnace,heat_id,useful,identifier,string,multi_angle:case_and_suffix_noise,773b61e89f7a25b8,external_train,case_and_suffix_noise
批次号,steel_reheating_furnace,heat_id,useful,identifier,string,multi_angle:separator_noise,a2da822b451c49ce,external_train,separator_noise
批次号_raw,steel_reheating_furnace,heat_id,useful,identifier,string,multi_angle:case_and_suffix_noise,57afd3cee64c9589,external_train,case_and_suffix_noise
炉号,steel_reheating_furnace,heat_id,useful,identifier,string,multi_angle:separator_noise,9c37b74740d6a75e,external_train,separator_noise
炉号_raw,steel_reheating_furnace,heat_id,useful,identifier,string,multi_angle:case_and_suffix_noise,c7b21a4e2c14f5ee,external_train,case_and_suffix_noise
炉次号,steel_reheating_furnace,heat_id,useful,identifier,string,multi_angle:separator_noise,2325c75caccb204c,external_train,separator_noise
炉次号_raw,steel_reheating_furnace,heat_id,useful,identifier,string,multi_angle:case_and_suffix_noise,494c1369f2c0a763,external_train,case_and_suffix_noise
2号线_PRODUCTION_RATE_测点A12,steel_reheating_furnace,production_rate,useful,disturbance,t/h,multi_angle:equipment_channel_context,d560b6f8d8099900,external_train,equipment_channel_context
2号线_THROUGHPUT_测点A12,steel_reheating_furnace,production_rate,useful,disturbance,t/h,multi_angle:equipment_channel_context,20204d4895af72b6,external_train,equipment_channel_context
2号线_产量_测点A12,steel_reheating_furnace,production_rate,useful,disturbance,t/h,multi_angle:equipment_channel_context,fe76b61b5d0202a4,external_train,equipment_channel_context
2号线_小时产量_测点A12,steel_reheating_furnace,production_rate,useful,disturbance,t/h,multi_angle:equipment_channel_context,47f22eb02df2ff55,external_train,equipment_channel_context
2号线_生产节奏_测点A12,steel_reheating_furnace,production_rate,useful,disturbance,t/h,multi_angle:equipment_channel_context,a3a72622348df939,external_train,equipment_channel_context
DCS-A-PRODUCTION_RATE-PV-07,steel_reheating_furnace,production_rate,useful,disturbance,t/h,multi_angle:dcs_vendor_envelope,a5403e0c838fc4f3,external_train,dcs_vendor_envelope
DCS-A-THROUGHPUT-PV-07,steel_reheating_furnace,production_rate,useful,disturbance,t/h,multi_angle:dcs_vendor_envelope,779fe41a9915823a,external_train,dcs_vendor_envelope
DCS-A-产量-PV-07,steel_reheating_furnace,production_rate,useful,disturbance,t/h,multi_angle:dcs_vendor_envelope,075ae4020a921a6e,external_train,dcs_vendor_envelope
DCS-A-小时产量-PV-07,steel_reheating_furnace,production_rate,useful,disturbance,t/h,multi_angle:dcs_vendor_envelope,24c53b54dee62dbb,external_train,dcs_vendor_envelope
DCS-A-生产节奏-PV-07,steel_reheating_furnace,production_rate,useful,disturbance,t/h,multi_angle:dcs_vendor_envelope,4f6f8c3544d12b43,external_train,dcs_vendor_envelope
PLC01.PRODUCTION_RATE.VALUE,steel_reheating_furnace,production_rate,useful,disturbance,t/h,multi_angle:plc_vendor_envelope,446c8c82fd392d1e,external_train,plc_vendor_envelope
PLC01.THROUGHPUT.VALUE,steel_reheating_furnace,production_rate,useful,disturbance,t/h,multi_angle:plc_vendor_envelope,bdfddf8e23195ea8,external_train,plc_vendor_envelope
PLC01.产量.VALUE,steel_reheating_furnace,production_rate,useful,disturbance,t/h,multi_angle:plc_vendor_envelope,bd7d115c0015aaff,external_train,plc_vendor_envelope
PLC01.小时产量.VALUE,steel_reheating_furnace,production_rate,useful,disturbance,t/h,multi_angle:plc_vendor_envelope,0ca238005caa73d1,external_train,plc_vendor_envelope
PLC01.生产节奏.VALUE,steel_reheating_furnace,production_rate,useful,disturbance,t/h,multi_angle:plc_vendor_envelope,8ccb01ecddfefeff,external_train,plc_vendor_envelope
PRODUCTION.RATE,steel_reheating_furnace,production_rate,useful,disturbance,t/h,multi_angle:separator_noise,6247b1748c04c019,external_train,separator_noise
PRODUCTION_RATE(t/h),steel_reheating_furnace,production_rate,useful,disturbance,t/h,multi_angle:unit_parenthesis,daf69db6e603519b,external_train,unit_parenthesis
PRODUCTION_RATE__t/h__AI,steel_reheating_furnace,production_rate,useful,disturbance,t/h,multi_angle:unit_channel_mix,8cc26ef10310ab29,external_train,unit_channel_mix
THROUGHPUT,steel_reheating_furnace,production_rate,useful,disturbance,t/h,multi_angle:separator_noise,bacc447b29dd0d60,external_train,separator_noise
THROUGHPUT(t/h),steel_reheating_furnace,production_rate,useful,disturbance,t/h,multi_angle:unit_parenthesis,ec4493612f6edca7,external_train,unit_parenthesis
THROUGHPUT__t/h__AI,steel_reheating_furnace,production_rate,useful,disturbance,t/h,multi_angle:unit_channel_mix,a5b7c24b0a3f5e67,external_train,unit_channel_mix
production_rate_raw,steel_reheating_furnace,production_rate,useful,disturbance,t/h,multi_angle:case_and_suffix_noise,2a9e14bdb131b418,external_train,case_and_suffix_noise
throughput_raw,steel_reheating_furnace,production_rate,useful,disturbance,t/h,multi_angle:case_and_suffix_noise,0a8eab25d9bcde47,external_train,case_and_suffix_noise
产量,steel_reheating_furnace,production_rate,useful,disturbance,t/h,multi_angle:separator_noise,90e2736c9ab78d69,external_train,separator_noise
产量(t/h),steel_reheating_furnace,production_rate,useful,disturbance,t/h,multi_angle:unit_parenthesis,51d9a3261353d64a,external_train,unit_parenthesis
产量__t/h__AI,steel_reheating_furnace,production_rate,useful,disturbance,t/h,multi_angle:unit_channel_mix,30317bcdfebc0194,external_train,unit_channel_mix
产量_raw,steel_reheating_furnace,production_rate,useful,disturbance,t/h,multi_angle:case_and_suffix_noise,f7f842653d2e875a,external_train,case_and_suffix_noise
小时产量,steel_reheating_furnace,production_rate,useful,disturbance,t/h,multi_angle:separator_noise,126cc335617e708f,external_train,separator_noise
小时产量(t/h),steel_reheating_furnace,production_rate,useful,disturbance,t/h,multi_angle:unit_parenthesis,a08dc014904cbfbc,external_train,unit_parenthesis
小时产量__t/h__AI,steel_reheating_furnace,production_rate,useful,disturbance,t/h,multi_angle:unit_channel_mix,71af9067b4e9bb1f,external_train,unit_channel_mix
小时产量_raw,steel_reheating_furnace,production_rate,useful,disturbance,t/h,multi_angle:case_and_suffix_noise,db797466609f253c,external_train,case_and_suffix_noise
生产节奏,steel_reheating_furnace,production_rate,useful,disturbance,t/h,multi_angle:separator_noise,6b7353f2d9d914f9,external_train,separator_noise
生产节奏(t/h),steel_reheating_furnace,production_rate,useful,disturbance,t/h,multi_angle:unit_parenthesis,310de828ae7f615a,external_train,unit_parenthesis
生产节奏__t/h__AI,steel_reheating_furnace,production_rate,useful,disturbance,t/h,multi_angle:unit_channel_mix,e59e39b38131ab29,external_train,unit_channel_mix
生产节奏_raw,steel_reheating_furnace,production_rate,useful,disturbance,t/h,multi_angle:case_and_suffix_noise,e1782c52f8d492d0,external_train,case_and_suffix_noise
2号线_SLAB_OUT_TEMP_C_测点A12,steel_reheating_furnace,slab_discharge_temp,required,controlled,degC,multi_angle:equipment_channel_context,e35760ef79245a20,external_train,equipment_channel_context
2号线_SLAB_OUT_TEMP_测点A12,steel_reheating_furnace,slab_discharge_temp,required,controlled,degC,multi_angle:equipment_channel_context,524c09da233ddbd0,external_train,equipment_channel_context
2号线_出炉温度_测点A12,steel_reheating_furnace,slab_discharge_temp,required,controlled,degC,multi_angle:equipment_channel_context,4e6599f63aea8a38,external_train,equipment_channel_context
2号线_出炉钢坯温度_测点A12,steel_reheating_furnace,slab_discharge_temp,required,controlled,degC,multi_angle:equipment_channel_context,6237ddfcddfc296f,external_train,equipment_channel_context
2号线_板坯出炉温度_测点A12,steel_reheating_furnace,slab_discharge_temp,required,controlled,degC,multi_angle:equipment_channel_context,93e6e73e31f8d816,external_train,equipment_channel_context
DCS-A-SLAB_OUT_TEMP-PV-07,steel_reheating_furnace,slab_discharge_temp,required,controlled,degC,multi_angle:dcs_vendor_envelope,9a7b458ff40b7edd,external_train,dcs_vendor_envelope
DCS-A-SLAB_OUT_TEMP_C-PV-07,steel_reheating_furnace,slab_discharge_temp,required,controlled,degC,multi_angle:dcs_vendor_envelope,01ab585f3006e7b1,external_train,dcs_vendor_envelope
DCS-A-出炉温度-PV-07,steel_reheating_furnace,slab_discharge_temp,required,controlled,degC,multi_angle:dcs_vendor_envelope,4b4089753d6933a5,external_train,dcs_vendor_envelope
DCS-A-出炉钢坯温度-PV-07,steel_reheating_furnace,slab_discharge_temp,required,controlled,degC,multi_angle:dcs_vendor_envelope,3862f1c47e481cf9,external_train,dcs_vendor_envelope
DCS-A-板坯出炉温度-PV-07,steel_reheating_furnace,slab_discharge_temp,required,controlled,degC,multi_angle:dcs_vendor_envelope,730153951e18199d,external_train,dcs_vendor_envelope
PLC01.SLAB_OUT_TEMP.VALUE,steel_reheating_furnace,slab_discharge_temp,required,controlled,degC,multi_angle:plc_vendor_envelope,e9929f5e48b9998c,external_train,plc_vendor_envelope
PLC01.SLAB_OUT_TEMP_C.VALUE,steel_reheating_furnace,slab_discharge_temp,required,controlled,degC,multi_angle:plc_vendor_envelope,859d1b5bf1080cc5,external_train,plc_vendor_envelope
PLC01.出炉温度.VALUE,steel_reheating_furnace,slab_discharge_temp,required,controlled,degC,multi_angle:plc_vendor_envelope,e852f58c99866bd7,external_train,plc_vendor_envelope
PLC01.出炉钢坯温度.VALUE,steel_reheating_furnace,slab_discharge_temp,required,controlled,degC,multi_angle:plc_vendor_envelope,ed84bb6586ab0e1d,external_train,plc_vendor_envelope
PLC01.板坯出炉温度.VALUE,steel_reheating_furnace,slab_discharge_temp,required,controlled,degC,multi_angle:plc_vendor_envelope,3fff1b62d2bacfd3,external_train,plc_vendor_envelope
SLAB.OUT.TEMP,steel_reheating_furnace,slab_discharge_temp,required,controlled,degC,multi_angle:separator_noise,fc69f318cb0f71ed,external_train,separator_noise
SLAB.OUT.TEMP.C,steel_reheating_furnace,slab_discharge_temp,required,controlled,degC,multi_angle:separator_noise,ba1994dbffec2dde,external_train,separator_noise
SLAB_OUT_TEMP(degC),steel_reheating_furnace,slab_discharge_temp,required,controlled,degC,multi_angle:unit_parenthesis,b47fad936f3bb078,external_train,unit_parenthesis
SLAB_OUT_TEMP_C(degC),steel_reheating_furnace,slab_discharge_temp,required,controlled,degC,multi_angle:unit_parenthesis,c878443db6a4af4d,external_train,unit_parenthesis
SLAB_OUT_TEMP_C__degC__AI,steel_reheating_furnace,slab_discharge_temp,required,controlled,degC,multi_angle:unit_channel_mix,20d5a9c6afa1b8b6,external_train,unit_channel_mix
SLAB_OUT_TEMP__degC__AI,steel_reheating_furnace,slab_discharge_temp,required,controlled,degC,multi_angle:unit_channel_mix,be7ff718338b696c,external_train,unit_channel_mix
slab_out_temp_c_raw,steel_reheating_furnace,slab_discharge_temp,required,controlled,degC,multi_angle:case_and_suffix_noise,112a65b1b7d3da60,external_train,case_and_suffix_noise
slab_out_temp_raw,steel_reheating_furnace,slab_discharge_temp,required,controlled,degC,multi_angle:case_and_suffix_noise,a73ec952a598ed10,external_train,case_and_suffix_noise
出炉温度,steel_reheating_furnace,slab_discharge_temp,required,controlled,degC,multi_angle:separator_noise,abf2bc6ad3a5afa9,external_train,separator_noise
出炉温度(degC),steel_reheating_furnace,slab_discharge_temp,required,controlled,degC,multi_angle:unit_parenthesis,d811fe68ed42965f,external_train,unit_parenthesis
出炉温度__degC__AI,steel_reheating_furnace,slab_discharge_temp,required,controlled,degC,multi_angle:unit_channel_mix,4e076607da2d87d0,external_train,unit_channel_mix
出炉温度_raw,steel_reheating_furnace,slab_discharge_temp,required,controlled,degC,multi_angle:case_and_suffix_noise,c5adc3933b480259,external_train,case_and_suffix_noise
出炉钢坯温度,steel_reheating_furnace,slab_discharge_temp,required,controlled,degC,multi_angle:separator_noise,6f1fbe4bb7e3b93f,external_train,separator_noise
出炉钢坯温度(degC),steel_reheating_furnace,slab_discharge_temp,required,controlled,degC,multi_angle:unit_parenthesis,8ee84b633537965d,external_train,unit_parenthesis
出炉钢坯温度__degC__AI,steel_reheating_furnace,slab_discharge_temp,required,controlled,degC,multi_angle:unit_channel_mix,8e96a1055614545b,external_train,unit_channel_mix
出炉钢坯温度_raw,steel_reheating_furnace,slab_discharge_temp,required,controlled,degC,multi_angle:case_and_suffix_noise,757875931dd8070f,external_train,case_and_suffix_noise
板坯出炉温度,steel_reheating_furnace,slab_discharge_temp,required,controlled,degC,multi_angle:separator_noise,df05acedaa15e188,external_train,separator_noise
板坯出炉温度(degC),steel_reheating_furnace,slab_discharge_temp,required,controlled,degC,multi_angle:unit_parenthesis,ca5e364573390bfc,external_train,unit_parenthesis
板坯出炉温度__degC__AI,steel_reheating_furnace,slab_discharge_temp,required,controlled,degC,multi_angle:unit_channel_mix,884a1fdbfc35aa31,external_train,unit_channel_mix
板坯出炉温度_raw,steel_reheating_furnace,slab_discharge_temp,required,controlled,degC,multi_angle:case_and_suffix_noise,574acc8ba51627e9,external_train,case_and_suffix_noise
2号线_slab_entry_temp_测点A12,steel_reheating_furnace,slab_entry_temp,useful,disturbance,degC,multi_angle:equipment_channel_context,de5ccc7fefb697c4,external_train,equipment_channel_context
2号线_入炉温度_测点A12,steel_reheating_furnace,slab_entry_temp,useful,disturbance,degC,multi_angle:equipment_channel_context,c49fc4fb3602529e,external_train,equipment_channel_context
2号线_入炉钢坯温度_测点A12,steel_reheating_furnace,slab_entry_temp,useful,disturbance,degC,multi_angle:equipment_channel_context,ebda1c38c96cbf62,external_train,equipment_channel_context
2号线_板坯入炉温度_测点A12,steel_reheating_furnace,slab_entry_temp,useful,disturbance,degC,multi_angle:equipment_channel_context,001c7b6359df86d5,external_train,equipment_channel_context
2号线_钢坯入口温度_测点A12,steel_reheating_furnace,slab_entry_temp,useful,disturbance,degC,multi_angle:equipment_channel_context,0c2d077e293e6606,external_train,equipment_channel_context
DCS-A-slab_entry_temp-PV-07,steel_reheating_furnace,slab_entry_temp,useful,disturbance,degC,multi_angle:dcs_vendor_envelope,f64bef2918ad5bd2,external_train,dcs_vendor_envelope
DCS-A-入炉温度-PV-07,steel_reheating_furnace,slab_entry_temp,useful,disturbance,degC,multi_angle:dcs_vendor_envelope,55e498612fe149fa,external_train,dcs_vendor_envelope
DCS-A-入炉钢坯温度-PV-07,steel_reheating_furnace,slab_entry_temp,useful,disturbance,degC,multi_angle:dcs_vendor_envelope,6561472be9ba959f,external_train,dcs_vendor_envelope
DCS-A-板坯入炉温度-PV-07,steel_reheating_furnace,slab_entry_temp,useful,disturbance,degC,multi_angle:dcs_vendor_envelope,7c6b393fcece3a54,external_train,dcs_vendor_envelope
DCS-A-钢坯入口温度-PV-07,steel_reheating_furnace,slab_entry_temp,useful,disturbance,degC,multi_angle:dcs_vendor_envelope,e6c2c159380f1a3f,external_train,dcs_vendor_envelope
PLC01.slab_entry_temp.VALUE,steel_reheating_furnace,slab_entry_temp,useful,disturbance,degC,multi_angle:plc_vendor_envelope,59109e3236b8ccbe,external_train,plc_vendor_envelope
PLC01.入炉温度.VALUE,steel_reheating_furnace,slab_entry_temp,useful,disturbance,degC,multi_angle:plc_vendor_envelope,71f0040f7b0503b5,external_train,plc_vendor_envelope
PLC01.入炉钢坯温度.VALUE,steel_reheating_furnace,slab_entry_temp,useful,disturbance,degC,multi_angle:plc_vendor_envelope,282d4f2ad729df89,external_train,plc_vendor_envelope
PLC01.板坯入炉温度.VALUE,steel_reheating_furnace,slab_entry_temp,useful,disturbance,degC,multi_angle:plc_vendor_envelope,bd5147c25e6de557,external_train,plc_vendor_envelope
PLC01.钢坯入口温度.VALUE,steel_reheating_furnace,slab_entry_temp,useful,disturbance,degC,multi_angle:plc_vendor_envelope,778ded7212fcf1fc,external_train,plc_vendor_envelope
slab.entry.temp,steel_reheating_furnace,slab_entry_temp,useful,disturbance,degC,multi_angle:separator_noise,e4f06d05894c63c0,external_train,separator_noise
slab_entry_temp(degC),steel_reheating_furnace,slab_entry_temp,useful,disturbance,degC,multi_angle:unit_parenthesis,b1abebc293b18230,external_train,unit_parenthesis
slab_entry_temp__degC__AI,steel_reheating_furnace,slab_entry_temp,useful,disturbance,degC,multi_angle:unit_channel_mix,ca143f37521ee9ef,external_train,unit_channel_mix
slab_entry_temp_raw,steel_reheating_furnace,slab_entry_temp,useful,disturbance,degC,multi_angle:case_and_suffix_noise,c9b6241f5d66c1f6,external_train,case_and_suffix_noise
入炉温度,steel_reheating_furnace,slab_entry_temp,useful,disturbance,degC,multi_angle:separator_noise,04c5cbe7fd6e20cc,external_train,separator_noise
入炉温度(degC),steel_reheating_furnace,slab_entry_temp,useful,disturbance,degC,multi_angle:unit_parenthesis,f13d64a430152c30,external_train,unit_parenthesis
入炉温度__degC__AI,steel_reheating_furnace,slab_entry_temp,useful,disturbance,degC,multi_angle:unit_channel_mix,00eb025406344b12,external_train,unit_channel_mix
入炉温度_raw,steel_reheating_furnace,slab_entry_temp,useful,disturbance,degC,multi_angle:case_and_suffix_noise,2034ee7ecf2e49f7,external_train,case_and_suffix_noise
入炉钢坯温度,steel_reheating_furnace,slab_entry_temp,useful,disturbance,degC,multi_angle:separator_noise,df2cb440a40a6b58,external_train,separator_noise
入炉钢坯温度(degC),steel_reheating_furnace,slab_entry_temp,useful,disturbance,degC,multi_angle:unit_parenthesis,28012faa0b358eaf,external_train,unit_parenthesis
入炉钢坯温度__degC__AI,steel_reheating_furnace,slab_entry_temp,useful,disturbance,degC,multi_angle:unit_channel_mix,3d0c0776ed59546e,external_train,unit_channel_mix
入炉钢坯温度_raw,steel_reheating_furnace,slab_entry_temp,useful,disturbance,degC,multi_angle:case_and_suffix_noise,b3340cdeb667d674,external_train,case_and_suffix_noise
板坯入炉温度,steel_reheating_furnace,slab_entry_temp,useful,disturbance,degC,multi_angle:separator_noise,78c058b20e35fb7d,external_train,separator_noise
板坯入炉温度(degC),steel_reheating_furnace,slab_entry_temp,useful,disturbance,degC,multi_angle:unit_parenthesis,3bb81c350a69f734,external_train,unit_parenthesis
板坯入炉温度__degC__AI,steel_reheating_furnace,slab_entry_temp,useful,disturbance,degC,multi_angle:unit_channel_mix,31c960eee657d245,external_train,unit_channel_mix
板坯入炉温度_raw,steel_reheating_furnace,slab_entry_temp,useful,disturbance,degC,multi_angle:case_and_suffix_noise,5f3650a632648cd8,external_train,case_and_suffix_noise
钢坯入口温度,steel_reheating_furnace,slab_entry_temp,useful,disturbance,degC,multi_angle:separator_noise,405219676626fb64,external_train,separator_noise
钢坯入口温度(degC),steel_reheating_furnace,slab_entry_temp,useful,disturbance,degC,multi_angle:unit_parenthesis,27b3d20b7e3e89c4,external_train,unit_parenthesis
钢坯入口温度__degC__AI,steel_reheating_furnace,slab_entry_temp,useful,disturbance,degC,multi_angle:unit_channel_mix,84582818198f1a65,external_train,unit_channel_mix
钢坯入口温度_raw,steel_reheating_furnace,slab_entry_temp,useful,disturbance,degC,multi_angle:case_and_suffix_noise,8131d4b7c47598e0,external_train,case_and_suffix_noise
2号线_slab_thickness_测点A12,steel_reheating_furnace,slab_thickness,useful,disturbance,mm,multi_angle:equipment_channel_context,bc9982486cd3a0fd,external_train,equipment_channel_context
2号线_板坯厚度_测点A12,steel_reheating_furnace,slab_thickness,useful,disturbance,mm,multi_angle:equipment_channel_context,a8befe58f22265d4,external_train,equipment_channel_context
2号线_钢坯厚度_测点A12,steel_reheating_furnace,slab_thickness,useful,disturbance,mm,multi_angle:equipment_channel_context,78635b4daa020a5a,external_train,equipment_channel_context
DCS-A-slab_thickness-PV-07,steel_reheating_furnace,slab_thickness,useful,disturbance,mm,multi_angle:dcs_vendor_envelope,56d171f73f062baa,external_train,dcs_vendor_envelope
DCS-A-板坯厚度-PV-07,steel_reheating_furnace,slab_thickness,useful,disturbance,mm,multi_angle:dcs_vendor_envelope,c1620c1d9ef430b3,external_train,dcs_vendor_envelope
DCS-A-钢坯厚度-PV-07,steel_reheating_furnace,slab_thickness,useful,disturbance,mm,multi_angle:dcs_vendor_envelope,018100efb1c30b59,external_train,dcs_vendor_envelope
PLC01.slab_thickness.VALUE,steel_reheating_furnace,slab_thickness,useful,disturbance,mm,multi_angle:plc_vendor_envelope,e2195acc04d8f367,external_train,plc_vendor_envelope
PLC01.板坯厚度.VALUE,steel_reheating_furnace,slab_thickness,useful,disturbance,mm,multi_angle:plc_vendor_envelope,42af33135ca6ea07,external_train,plc_vendor_envelope
PLC01.钢坯厚度.VALUE,steel_reheating_furnace,slab_thickness,useful,disturbance,mm,multi_angle:plc_vendor_envelope,d86b07832afd3287,external_train,plc_vendor_envelope
slab.thickness,steel_reheating_furnace,slab_thickness,useful,disturbance,mm,multi_angle:separator_noise,dd6700bbea833447,external_train,separator_noise
slab_thickness(mm),steel_reheating_furnace,slab_thickness,useful,disturbance,mm,multi_angle:unit_parenthesis,41dfd7eb7af9f449,external_train,unit_parenthesis
slab_thickness__mm__AI,steel_reheating_furnace,slab_thickness,useful,disturbance,mm,multi_angle:unit_channel_mix,c5986f83b7e459d7,external_train,unit_channel_mix
slab_thickness_raw,steel_reheating_furnace,slab_thickness,useful,disturbance,mm,multi_angle:case_and_suffix_noise,e93c08474afb9b64,external_train,case_and_suffix_noise
板坯厚度,steel_reheating_furnace,slab_thickness,useful,disturbance,mm,multi_angle:separator_noise,ca75604654e34300,external_train,separator_noise
板坯厚度(mm),steel_reheating_furnace,slab_thickness,useful,disturbance,mm,multi_angle:unit_parenthesis,d17af9d2590a831a,external_train,unit_parenthesis
板坯厚度__mm__AI,steel_reheating_furnace,slab_thickness,useful,disturbance,mm,multi_angle:unit_channel_mix,24f60e86f1d065b8,external_train,unit_channel_mix
板坯厚度_raw,steel_reheating_furnace,slab_thickness,useful,disturbance,mm,multi_angle:case_and_suffix_noise,8e2ab4716f9c979d,external_train,case_and_suffix_noise
钢坯厚度,steel_reheating_furnace,slab_thickness,useful,disturbance,mm,multi_angle:separator_noise,b60b645604fc7dfc,external_train,separator_noise
钢坯厚度(mm),steel_reheating_furnace,slab_thickness,useful,disturbance,mm,multi_angle:unit_parenthesis,e0d44a145503b23f,external_train,unit_parenthesis
钢坯厚度__mm__AI,steel_reheating_furnace,slab_thickness,useful,disturbance,mm,multi_angle:unit_channel_mix,9af75e9aa20f8829,external_train,unit_channel_mix
钢坯厚度_raw,steel_reheating_furnace,slab_thickness,useful,disturbance,mm,multi_angle:case_and_suffix_noise,bf3ce919426fa184,external_train,case_and_suffix_noise
2号线_WIDTH_测点A12,steel_reheating_furnace,slab_width,useful,disturbance,mm,multi_angle:equipment_channel_context,0de9304f45f29207,external_train,equipment_channel_context
2号线_slab_width_测点A12,steel_reheating_furnace,slab_width,useful,disturbance,mm,multi_angle:equipment_channel_context,4b15b8ea9a735964,external_train,equipment_channel_context
2号线_坯料宽度_测点A12,steel_reheating_furnace,slab_width,useful,disturbance,mm,multi_angle:equipment_channel_context,2db8f9580e64323e,external_train,equipment_channel_context
2号线_钢坯宽度_测点A12,steel_reheating_furnace,slab_width,useful,disturbance,mm,multi_angle:equipment_channel_context,95b56f040888bfa2,external_train,equipment_channel_context
DCS-A-WIDTH-PV-07,steel_reheating_furnace,slab_width,useful,disturbance,mm,multi_angle:dcs_vendor_envelope,00d36d6a604f2da2,external_train,dcs_vendor_envelope
DCS-A-slab_width-PV-07,steel_reheating_furnace,slab_width,useful,disturbance,mm,multi_angle:dcs_vendor_envelope,2f806703fef93da0,external_train,dcs_vendor_envelope
DCS-A-坯料宽度-PV-07,steel_reheating_furnace,slab_width,useful,disturbance,mm,multi_angle:dcs_vendor_envelope,60a4a6eee8aa9b05,external_train,dcs_vendor_envelope
DCS-A-钢坯宽度-PV-07,steel_reheating_furnace,slab_width,useful,disturbance,mm,multi_angle:dcs_vendor_envelope,fe59e436809f044a,external_train,dcs_vendor_envelope
PLC01.WIDTH.VALUE,steel_reheating_furnace,slab_width,useful,disturbance,mm,multi_angle:plc_vendor_envelope,558ef2168e4e6c43,external_train,plc_vendor_envelope
PLC01.slab_width.VALUE,steel_reheating_furnace,slab_width,useful,disturbance,mm,multi_angle:plc_vendor_envelope,8921bae67578422f,external_train,plc_vendor_envelope
PLC01.坯料宽度.VALUE,steel_reheating_furnace,slab_width,useful,disturbance,mm,multi_angle:plc_vendor_envelope,1a514c7fd1577b40,external_train,plc_vendor_envelope
PLC01.钢坯宽度.VALUE,steel_reheating_furnace,slab_width,useful,disturbance,mm,multi_angle:plc_vendor_envelope,0fbe09db6a2077e0,external_train,plc_vendor_envelope
WIDTH,steel_reheating_furnace,slab_width,useful,disturbance,mm,multi_angle:separator_noise,5bceb506865e53ab,external_train,separator_noise
WIDTH(mm),steel_reheating_furnace,slab_width,useful,disturbance,mm,multi_angle:unit_parenthesis,f8414169ff2e7b0a,external_train,unit_parenthesis
WIDTH__mm__AI,steel_reheating_furnace,slab_width,useful,disturbance,mm,multi_angle:unit_channel_mix,f59bd109c325de6e,external_train,unit_channel_mix
slab.width,steel_reheating_furnace,slab_width,useful,disturbance,mm,multi_angle:separator_noise,0d1976b26ebf924d,external_train,separator_noise
slab_width(mm),steel_reheating_furnace,slab_width,useful,disturbance,mm,multi_angle:unit_parenthesis,21b6f8662f6a2545,external_train,unit_parenthesis
slab_width__mm__AI,steel_reheating_furnace,slab_width,useful,disturbance,mm,multi_angle:unit_channel_mix,984032e1f2933382,external_train,unit_channel_mix
slab_width_raw,steel_reheating_furnace,slab_width,useful,disturbance,mm,multi_angle:case_and_suffix_noise,ac8c3362321a5881,external_train,case_and_suffix_noise
width_raw,steel_reheating_furnace,slab_width,useful,disturbance,mm,multi_angle:case_and_suffix_noise,ac711d410a687cee,external_train,case_and_suffix_noise
坯料宽度,steel_reheating_furnace,slab_width,useful,disturbance,mm,multi_angle:separator_noise,e2c9af0241393076,external_train,separator_noise
坯料宽度(mm),steel_reheating_furnace,slab_width,useful,disturbance,mm,multi_angle:unit_parenthesis,fbc0bbcc94f757d9,external_train,unit_parenthesis
坯料宽度__mm__AI,steel_reheating_furnace,slab_width,useful,disturbance,mm,multi_angle:unit_channel_mix,3f36efe6d44aafa3,external_train,unit_channel_mix
坯料宽度_raw,steel_reheating_furnace,slab_width,useful,disturbance,mm,multi_angle:case_and_suffix_noise,d69e32bfaf1462a4,external_train,case_and_suffix_noise
钢坯宽度,steel_reheating_furnace,slab_width,useful,disturbance,mm,multi_angle:separator_noise,e98686b6f14a7ae2,external_train,separator_noise
钢坯宽度(mm),steel_reheating_furnace,slab_width,useful,disturbance,mm,multi_angle:unit_parenthesis,e5a29cfa7648a300,external_train,unit_parenthesis
钢坯宽度__mm__AI,steel_reheating_furnace,slab_width,useful,disturbance,mm,multi_angle:unit_channel_mix,e3f3417f3ec50c45,external_train,unit_channel_mix
钢坯宽度_raw,steel_reheating_furnace,slab_width,useful,disturbance,mm,multi_angle:case_and_suffix_noise,3d65338f25aab611,external_train,case_and_suffix_noise
2号线_DATETIME_测点A12,steel_reheating_furnace,timestamp,required,time,datetime,multi_angle:equipment_channel_context,03aab355c02a722e,external_train,equipment_channel_context
2号线_TS_测点A12,steel_reheating_furnace,timestamp,required,time,datetime,multi_angle:equipment_channel_context,e9aa39d82a5356a3,external_train,equipment_channel_context
2号线_时间戳_测点A12,steel_reheating_furnace,timestamp,required,time,datetime,multi_angle:equipment_channel_context,8c8cfac40462251d,external_train,equipment_channel_context
2号线_采集时间_测点A12,steel_reheating_furnace,timestamp,required,time,datetime,multi_angle:equipment_channel_context,ac5e731a2c903600,external_train,equipment_channel_context
DATETIME,steel_reheating_furnace,timestamp,required,time,datetime,multi_angle:separator_noise,c910dfd4c5092da3,external_train,separator_noise
DCS-A-DATETIME-PV-07,steel_reheating_furnace,timestamp,required,time,datetime,multi_angle:dcs_vendor_envelope,9f36a2d3aaf5a4de,external_train,dcs_vendor_envelope
DCS-A-TS-PV-07,steel_reheating_furnace,timestamp,required,time,datetime,multi_angle:dcs_vendor_envelope,0dfb414d5dc47c23,external_train,dcs_vendor_envelope
DCS-A-时间戳-PV-07,steel_reheating_furnace,timestamp,required,time,datetime,multi_angle:dcs_vendor_envelope,964b4ff4d921382a,external_train,dcs_vendor_envelope
DCS-A-采集时间-PV-07,steel_reheating_furnace,timestamp,required,time,datetime,multi_angle:dcs_vendor_envelope,469738dce8e98434,external_train,dcs_vendor_envelope
PLC01.DATETIME.VALUE,steel_reheating_furnace,timestamp,required,time,datetime,multi_angle:plc_vendor_envelope,68418d82ebb4ff0a,external_train,plc_vendor_envelope
PLC01.TS.VALUE,steel_reheating_furnace,timestamp,required,time,datetime,multi_angle:plc_vendor_envelope,8bce32d82b9c1eff,external_train,plc_vendor_envelope
PLC01.时间戳.VALUE,steel_reheating_furnace,timestamp,required,time,datetime,multi_angle:plc_vendor_envelope,e962747c16c26b63,external_train,plc_vendor_envelope
PLC01.采集时间.VALUE,steel_reheating_furnace,timestamp,required,time,datetime,multi_angle:plc_vendor_envelope,ead932450d4ab36f,external_train,plc_vendor_envelope
TS,steel_reheating_furnace,timestamp,required,time,datetime,multi_angle:separator_noise,c4420a4e9f8dbb5a,external_train,separator_noise
datetime_raw,steel_reheating_furnace,timestamp,required,time,datetime,multi_angle:case_and_suffix_noise,eb13d82206192544,external_train,case_and_suffix_noise
ts_raw,steel_reheating_furnace,timestamp,required,time,datetime,multi_angle:case_and_suffix_noise,1948a75db68cd11d,external_train,case_and_suffix_noise
时间戳,steel_reheating_furnace,timestamp,required,time,datetime,multi_angle:separator_noise,9cacd14964352ceb,external_train,separator_noise
时间戳_raw,steel_reheating_furnace,timestamp,required,time,datetime,multi_angle:case_and_suffix_noise,c44b0cb2f4932551,external_train,case_and_suffix_noise
采集时间,steel_reheating_furnace,timestamp,required,time,datetime,multi_angle:separator_noise,95955c95d176ee3b,external_train,separator_noise
采集时间_raw,steel_reheating_furnace,timestamp,required,time,datetime,multi_angle:case_and_suffix_noise,3adfde3dfd32bfd3,external_train,case_and_suffix_noise
2号线_BEAM_SPEED_测点A12,steel_reheating_furnace,walking_beam_speed,required,manipulated,m/min,multi_angle:equipment_channel_context,4edd81c0ff66438b,external_train,equipment_channel_context
2号线_WALKING_BEAM_SPEED_测点A12,steel_reheating_furnace,walking_beam_speed,required,manipulated,m/min,multi_angle:equipment_channel_context,007ddca1369c9d96,external_train,equipment_channel_context
2号线_walking_beam_speed_测点A12,steel_reheating_furnace,walking_beam_speed,required,manipulated,m/min,multi_angle:equipment_channel_context,86f66eece144fac4,external_train,equipment_channel_context
2号线_出钢速度_测点A12,steel_reheating_furnace,walking_beam_speed,required,manipulated,m/min,multi_angle:equipment_channel_context,5f8f74e97705244a,external_train,equipment_channel_context
2号线_推钢速度_测点A12,steel_reheating_furnace,walking_beam_speed,required,manipulated,m/min,multi_angle:equipment_channel_context,24ff10a39ea86e0d,external_train,equipment_channel_context
2号线_步进速度_测点A12,steel_reheating_furnace,walking_beam_speed,required,manipulated,m/min,multi_angle:equipment_channel_context,06ebc9260b32bf6a,external_train,equipment_channel_context
BEAM.SPEED,steel_reheating_furnace,walking_beam_speed,required,manipulated,m/min,multi_angle:separator_noise,41b7780335c54244,external_train,separator_noise
BEAM_SPEED(m/min),steel_reheating_furnace,walking_beam_speed,required,manipulated,m/min,multi_angle:unit_parenthesis,c99279afee9b2b3d,external_train,unit_parenthesis
BEAM_SPEED__m/min__AI,steel_reheating_furnace,walking_beam_speed,required,manipulated,m/min,multi_angle:unit_channel_mix,2f561147b2756aec,external_train,unit_channel_mix
DCS-A-BEAM_SPEED-PV-07,steel_reheating_furnace,walking_beam_speed,required,manipulated,m/min,multi_angle:dcs_vendor_envelope,c45d29babe745c51,external_train,dcs_vendor_envelope
DCS-A-WALKING_BEAM_SPEED-PV-07,steel_reheating_furnace,walking_beam_speed,required,manipulated,m/min,multi_angle:dcs_vendor_envelope,0139ec1ad34b0533,external_train,dcs_vendor_envelope
DCS-A-walking_beam_speed-PV-07,steel_reheating_furnace,walking_beam_speed,required,manipulated,m/min,multi_angle:dcs_vendor_envelope,5b37be806a0ad43f,external_train,dcs_vendor_envelope
DCS-A-出钢速度-PV-07,steel_reheating_furnace,walking_beam_speed,required,manipulated,m/min,multi_angle:dcs_vendor_envelope,8a9996bd5612e2dd,external_train,dcs_vendor_envelope
DCS-A-推钢速度-PV-07,steel_reheating_furnace,walking_beam_speed,required,manipulated,m/min,multi_angle:dcs_vendor_envelope,af84002615639df1,external_train,dcs_vendor_envelope
DCS-A-步进速度-PV-07,steel_reheating_furnace,walking_beam_speed,required,manipulated,m/min,multi_angle:dcs_vendor_envelope,eda44f2933ee80fb,external_train,dcs_vendor_envelope
PLC01.BEAM_SPEED.VALUE,steel_reheating_furnace,walking_beam_speed,required,manipulated,m/min,multi_angle:plc_vendor_envelope,30c71423d54e15d9,external_train,plc_vendor_envelope
PLC01.WALKING_BEAM_SPEED.VALUE,steel_reheating_furnace,walking_beam_speed,required,manipulated,m/min,multi_angle:plc_vendor_envelope,983bcd8d1278537f,external_train,plc_vendor_envelope
PLC01.walking_beam_speed.VALUE,steel_reheating_furnace,walking_beam_speed,required,manipulated,m/min,multi_angle:plc_vendor_envelope,81011f74d017fb76,external_train,plc_vendor_envelope
PLC01.出钢速度.VALUE,steel_reheating_furnace,walking_beam_speed,required,manipulated,m/min,multi_angle:plc_vendor_envelope,678df6d1af993324,external_train,plc_vendor_envelope
PLC01.推钢速度.VALUE,steel_reheating_furnace,walking_beam_speed,required,manipulated,m/min,multi_angle:plc_vendor_envelope,b5411df3483babcb,external_train,plc_vendor_envelope
PLC01.步进速度.VALUE,steel_reheating_furnace,walking_beam_speed,required,manipulated,m/min,multi_angle:plc_vendor_envelope,16d7ad61d238739b,external_train,plc_vendor_envelope
WALKING.BEAM.SPEED,steel_reheating_furnace,walking_beam_speed,required,manipulated,m/min,multi_angle:separator_noise,d86c67b0f3678ae8,external_train,separator_noise
WALKING_BEAM_SPEED(m/min),steel_reheating_furnace,walking_beam_speed,required,manipulated,m/min,multi_angle:unit_parenthesis,9734758865127754,external_train,unit_parenthesis
WALKING_BEAM_SPEED__m/min__AI,steel_reheating_furnace,walking_beam_speed,required,manipulated,m/min,multi_angle:unit_channel_mix,2b2ecc7a4ce8e0bc,external_train,unit_channel_mix
beam_speed_raw,steel_reheating_furnace,walking_beam_speed,required,manipulated,m/min,multi_angle:case_and_suffix_noise,4bbd1c14816ef0be,external_train,case_and_suffix_noise
walking.beam.speed,steel_reheating_furnace,walking_beam_speed,required,manipulated,m/min,multi_angle:separator_noise,42c001309ca49ab1,external_train,separator_noise
walking_beam_speed(m/min),steel_reheating_furnace,walking_beam_speed,required,manipulated,m/min,multi_angle:unit_parenthesis,cb4b31799756bc20,external_train,unit_parenthesis
walking_beam_speed__m/min__AI,steel_reheating_furnace,walking_beam_speed,required,manipulated,m/min,multi_angle:unit_channel_mix,ea05a035b4e6bc42,external_train,unit_channel_mix
walking_beam_speed_raw,steel_reheating_furnace,walking_beam_speed,required,manipulated,m/min,multi_angle:case_and_suffix_noise,0cab37d268f69a6b,external_train,case_and_suffix_noise
出钢速度,steel_reheating_furnace,walking_beam_speed,required,manipulated,m/min,multi_angle:separator_noise,516f5830643c45d7,external_train,separator_noise
出钢速度(m/min),steel_reheating_furnace,walking_beam_speed,required,manipulated,m/min,multi_angle:unit_parenthesis,9bc07c74e76d17b0,external_train,unit_parenthesis
出钢速度__m/min__AI,steel_reheating_furnace,walking_beam_speed,required,manipulated,m/min,multi_angle:unit_channel_mix,80fd2a40db2acc71,external_train,unit_channel_mix
出钢速度_raw,steel_reheating_furnace,walking_beam_speed,required,manipulated,m/min,multi_angle:case_and_suffix_noise,208b9b1620494559,external_train,case_and_suffix_noise
推钢速度,steel_reheating_furnace,walking_beam_speed,required,manipulated,m/min,multi_angle:separator_noise,98808f47b468007d,external_train,separator_noise
推钢速度(m/min),steel_reheating_furnace,walking_beam_speed,required,manipulated,m/min,multi_angle:unit_parenthesis,e5a563d45e31a7ed,external_train,unit_parenthesis
推钢速度__m/min__AI,steel_reheating_furnace,walking_beam_speed,required,manipulated,m/min,multi_angle:unit_channel_mix,a856efe7e51ea7f9,external_train,unit_channel_mix
推钢速度_raw,steel_reheating_furnace,walking_beam_speed,required,manipulated,m/min,multi_angle:case_and_suffix_noise,3d88792d18867fd2,external_train,case_and_suffix_noise
步进速度,steel_reheating_furnace,walking_beam_speed,required,manipulated,m/min,multi_angle:separator_noise,1bc88f2b6941fe97,external_train,separator_noise
步进速度(m/min),steel_reheating_furnace,walking_beam_speed,required,manipulated,m/min,multi_angle:unit_parenthesis,adad43b1eb6966e5,external_train,unit_parenthesis
步进速度__m/min__AI,steel_reheating_furnace,walking_beam_speed,required,manipulated,m/min,multi_angle:unit_channel_mix,64a283a2b3d50178,external_train,unit_channel_mix
步进速度_raw,steel_reheating_furnace,walking_beam_speed,required,manipulated,m/min,multi_angle:case_and_suffix_noise,12c30370a8644c65,external_train,case_and_suffix_noise
2号线_coal_flow_测点A12,thermal_power_boiler,coal_flow,required,manipulated,t/h,multi_angle:equipment_channel_context,276bd3cfbdb78c94,external_train,equipment_channel_context
2号线_总煤量_测点A12,thermal_power_boiler,coal_flow,required,manipulated,t/h,multi_angle:equipment_channel_context,1d228f875ac0e2c5,external_train,equipment_channel_context
2号线_燃煤量_测点A12,thermal_power_boiler,coal_flow,required,manipulated,t/h,multi_angle:equipment_channel_context,16e648100d25ff7c,external_train,equipment_channel_context
DCS-A-coal_flow-PV-07,thermal_power_boiler,coal_flow,required,manipulated,t/h,multi_angle:dcs_vendor_envelope,d54675dc7bd7d2bd,external_train,dcs_vendor_envelope
DCS-A-总煤量-PV-07,thermal_power_boiler,coal_flow,required,manipulated,t/h,multi_angle:dcs_vendor_envelope,10949ac997da980c,external_train,dcs_vendor_envelope
DCS-A-燃煤量-PV-07,thermal_power_boiler,coal_flow,required,manipulated,t/h,multi_angle:dcs_vendor_envelope,0c7bcaba447329f0,external_train,dcs_vendor_envelope
PLC01.coal_flow.VALUE,thermal_power_boiler,coal_flow,required,manipulated,t/h,multi_angle:plc_vendor_envelope,fbc49442f63f7d55,external_train,plc_vendor_envelope
PLC01.总煤量.VALUE,thermal_power_boiler,coal_flow,required,manipulated,t/h,multi_angle:plc_vendor_envelope,d921aed1fb7cd4a4,external_train,plc_vendor_envelope
PLC01.燃煤量.VALUE,thermal_power_boiler,coal_flow,required,manipulated,t/h,multi_angle:plc_vendor_envelope,df02d843c96d3cec,external_train,plc_vendor_envelope
coal.flow,thermal_power_boiler,coal_flow,required,manipulated,t/h,multi_angle:separator_noise,33049a8bb91c4c7c,external_train,separator_noise
coal_flow(t/h),thermal_power_boiler,coal_flow,required,manipulated,t/h,multi_angle:unit_parenthesis,0457ead272309a9e,external_train,unit_parenthesis
coal_flow__t/h__AI,thermal_power_boiler,coal_flow,required,manipulated,t/h,multi_angle:unit_channel_mix,9ba97b497e21339e,external_train,unit_channel_mix
coal_flow_raw,thermal_power_boiler,coal_flow,required,manipulated,t/h,multi_angle:case_and_suffix_noise,2477e733d8e33523,external_train,case_and_suffix_noise
总煤量,thermal_power_boiler,coal_flow,required,manipulated,t/h,multi_angle:separator_noise,ec58f94338159da3,external_train,separator_noise
总煤量(t/h),thermal_power_boiler,coal_flow,required,manipulated,t/h,multi_angle:unit_parenthesis,c9f14e4e306a3b0d,external_train,unit_parenthesis
总煤量__t/h__AI,thermal_power_boiler,coal_flow,required,manipulated,t/h,multi_angle:unit_channel_mix,ce6bc7da67f95c3a,external_train,unit_channel_mix
总煤量_raw,thermal_power_boiler,coal_flow,required,manipulated,t/h,multi_angle:case_and_suffix_noise,e5dbb9fa0da3e747,external_train,case_and_suffix_noise
燃煤量,thermal_power_boiler,coal_flow,required,manipulated,t/h,multi_angle:separator_noise,05f75f0ad2b3b122,external_train,separator_noise
燃煤量(t/h),thermal_power_boiler,coal_flow,required,manipulated,t/h,multi_angle:unit_parenthesis,5c138b8aaa2820b2,external_train,unit_parenthesis
燃煤量__t/h__AI,thermal_power_boiler,coal_flow,required,manipulated,t/h,multi_angle:unit_channel_mix,83a1888794c1edb6,external_train,unit_channel_mix
燃煤量_raw,thermal_power_boiler,coal_flow,required,manipulated,t/h,multi_angle:case_and_suffix_noise,45281334a8b475fc,external_train,case_and_suffix_noise
2号线_汽包水位_测点A12,thermal_power_boiler,drum_level,useful,controlled,mm,multi_angle:equipment_channel_context,6a21b26a765712bb,external_train,equipment_channel_context
2号线_汽包液位_测点A12,thermal_power_boiler,drum_level,useful,controlled,mm,multi_angle:equipment_channel_context,670871b20849f9a2,external_train,equipment_channel_context
DCS-A-汽包水位-PV-07,thermal_power_boiler,drum_level,useful,controlled,mm,multi_angle:dcs_vendor_envelope,0edabd6b043bc5f1,external_train,dcs_vendor_envelope
DCS-A-汽包液位-PV-07,thermal_power_boiler,drum_level,useful,controlled,mm,multi_angle:dcs_vendor_envelope,03c3c8342317e09c,external_train,dcs_vendor_envelope
PLC01.汽包水位.VALUE,thermal_power_boiler,drum_level,useful,controlled,mm,multi_angle:plc_vendor_envelope,2de9b873dafdbc7e,external_train,plc_vendor_envelope
PLC01.汽包液位.VALUE,thermal_power_boiler,drum_level,useful,controlled,mm,multi_angle:plc_vendor_envelope,4875dc7eedd2fb04,external_train,plc_vendor_envelope
汽包水位,thermal_power_boiler,drum_level,useful,controlled,mm,multi_angle:separator_noise,6f4a80f13ba94661,external_train,separator_noise
汽包水位(mm),thermal_power_boiler,drum_level,useful,controlled,mm,multi_angle:unit_parenthesis,fa8634b51cb566c7,external_train,unit_parenthesis
汽包水位__mm__AI,thermal_power_boiler,drum_level,useful,controlled,mm,multi_angle:unit_channel_mix,6a6832b4848958eb,external_train,unit_channel_mix
汽包水位_raw,thermal_power_boiler,drum_level,useful,controlled,mm,multi_angle:case_and_suffix_noise,5fd8b93f4a60bd80,external_train,case_and_suffix_noise
汽包液位,thermal_power_boiler,drum_level,useful,controlled,mm,multi_angle:separator_noise,6a152c385009563f,external_train,separator_noise
汽包液位(mm),thermal_power_boiler,drum_level,useful,controlled,mm,multi_angle:unit_parenthesis,41b46fecb410bb7c,external_train,unit_parenthesis
汽包液位__mm__AI,thermal_power_boiler,drum_level,useful,controlled,mm,multi_angle:unit_channel_mix,c460a9656bc66bef,external_train,unit_channel_mix
汽包液位_raw,thermal_power_boiler,drum_level,useful,controlled,mm,multi_angle:case_and_suffix_noise,380743f6dd1fa7db,external_train,case_and_suffix_noise
2号线_FEEDWATER_FLOW_测点A12,thermal_power_boiler,feedwater_flow,required,manipulated,t/h,multi_angle:equipment_channel_context,7393b257cac301d1,external_train,equipment_channel_context
2号线_给水量_测点A12,thermal_power_boiler,feedwater_flow,required,manipulated,t/h,multi_angle:equipment_channel_context,f582245b95e2384f,external_train,equipment_channel_context
2号线_锅炉给水_测点A12,thermal_power_boiler,feedwater_flow,required,manipulated,t/h,multi_angle:equipment_channel_context,b59cc5fff5dc1396,external_train,equipment_channel_context
DCS-A-FEEDWATER_FLOW-PV-07,thermal_power_boiler,feedwater_flow,required,manipulated,t/h,multi_angle:dcs_vendor_envelope,f007e3439e032a2f,external_train,dcs_vendor_envelope
DCS-A-给水量-PV-07,thermal_power_boiler,feedwater_flow,required,manipulated,t/h,multi_angle:dcs_vendor_envelope,c1e5a09895508d59,external_train,dcs_vendor_envelope
DCS-A-锅炉给水-PV-07,thermal_power_boiler,feedwater_flow,required,manipulated,t/h,multi_angle:dcs_vendor_envelope,ba6db29e6aaeb6bb,external_train,dcs_vendor_envelope
FEEDWATER.FLOW,thermal_power_boiler,feedwater_flow,required,manipulated,t/h,multi_angle:separator_noise,a942f9e9597b65ff,external_train,separator_noise
FEEDWATER_FLOW(t/h),thermal_power_boiler,feedwater_flow,required,manipulated,t/h,multi_angle:unit_parenthesis,af51624343676e20,external_train,unit_parenthesis
FEEDWATER_FLOW__t/h__AI,thermal_power_boiler,feedwater_flow,required,manipulated,t/h,multi_angle:unit_channel_mix,96b93625dfc3718a,external_train,unit_channel_mix
PLC01.FEEDWATER_FLOW.VALUE,thermal_power_boiler,feedwater_flow,required,manipulated,t/h,multi_angle:plc_vendor_envelope,de4072f1c5f676e7,external_train,plc_vendor_envelope
PLC01.给水量.VALUE,thermal_power_boiler,feedwater_flow,required,manipulated,t/h,multi_angle:plc_vendor_envelope,cdf7042cc093ed8b,external_train,plc_vendor_envelope
PLC01.锅炉给水.VALUE,thermal_power_boiler,feedwater_flow,required,manipulated,t/h,multi_angle:plc_vendor_envelope,54013491092180be,external_train,plc_vendor_envelope
feedwater_flow_raw,thermal_power_boiler,feedwater_flow,required,manipulated,t/h,multi_angle:case_and_suffix_noise,e2a07a56babbc2eb,external_train,case_and_suffix_noise
给水量,thermal_power_boiler,feedwater_flow,required,manipulated,t/h,multi_angle:separator_noise,05517af223de87a0,external_train,separator_noise
给水量(t/h),thermal_power_boiler,feedwater_flow,required,manipulated,t/h,multi_angle:unit_parenthesis,1d43628e5225935c,external_train,unit_parenthesis
给水量__t/h__AI,thermal_power_boiler,feedwater_flow,required,manipulated,t/h,multi_angle:unit_channel_mix,7d4447e255e84dee,external_train,unit_channel_mix
给水量_raw,thermal_power_boiler,feedwater_flow,required,manipulated,t/h,multi_angle:case_and_suffix_noise,0d0e73df05a1629c,external_train,case_and_suffix_noise
锅炉给水,thermal_power_boiler,feedwater_flow,required,manipulated,t/h,multi_angle:separator_noise,0a932c6e8ec57408,external_train,separator_noise
锅炉给水(t/h),thermal_power_boiler,feedwater_flow,required,manipulated,t/h,multi_angle:unit_parenthesis,dbb17614c72c4651,external_train,unit_parenthesis
锅炉给水__t/h__AI,thermal_power_boiler,feedwater_flow,required,manipulated,t/h,multi_angle:unit_channel_mix,865e691c33a59aee,external_train,unit_channel_mix
锅炉给水_raw,thermal_power_boiler,feedwater_flow,required,manipulated,t/h,multi_angle:case_and_suffix_noise,215f4409f3ddbe1c,external_train,case_and_suffix_noise
2号线_FLUE_GAS_O2_测点A12,thermal_power_boiler,flue_gas_o2,required,state,percent,multi_angle:equipment_channel_context,fd59471305ab6368,external_train,equipment_channel_context
2号线_O2_PERCENT_测点A12,thermal_power_boiler,flue_gas_o2,required,state,percent,multi_angle:equipment_channel_context,d38860d80e480710,external_train,equipment_channel_context
2号线_flue_gas_o2_测点A12,thermal_power_boiler,flue_gas_o2,required,state,percent,multi_angle:equipment_channel_context,8afb334fa4eaf0fc,external_train,equipment_channel_context
2号线_氧量_测点A12,thermal_power_boiler,flue_gas_o2,required,state,percent,multi_angle:equipment_channel_context,36ec35be93258237,external_train,equipment_channel_context
DCS-A-FLUE_GAS_O2-PV-07,thermal_power_boiler,flue_gas_o2,required,state,percent,multi_angle:dcs_vendor_envelope,5627f6ef7142f55c,external_train,dcs_vendor_envelope
DCS-A-O2_PERCENT-PV-07,thermal_power_boiler,flue_gas_o2,required,state,percent,multi_angle:dcs_vendor_envelope,156c38eb4585ab6a,external_train,dcs_vendor_envelope
DCS-A-flue_gas_o2-PV-07,thermal_power_boiler,flue_gas_o2,required,state,percent,multi_angle:dcs_vendor_envelope,ee1740ef2826c107,external_train,dcs_vendor_envelope
DCS-A-氧量-PV-07,thermal_power_boiler,flue_gas_o2,required,state,percent,multi_angle:dcs_vendor_envelope,1961ac15d4815276,external_train,dcs_vendor_envelope
FLUE.GAS.O2,thermal_power_boiler,flue_gas_o2,required,state,percent,multi_angle:separator_noise,ed800b45d2952632,external_train,separator_noise
FLUE_GAS_O2(percent),thermal_power_boiler,flue_gas_o2,required,state,percent,multi_angle:unit_parenthesis,b63e38cc51054ea6,external_train,unit_parenthesis
FLUE_GAS_O2__percent__AI,thermal_power_boiler,flue_gas_o2,required,state,percent,multi_angle:unit_channel_mix,2b0907f7c7471caa,external_train,unit_channel_mix
O2.PERCENT,thermal_power_boiler,flue_gas_o2,required,state,percent,multi_angle:separator_noise,128673807a5f6ea5,external_train,separator_noise
O2_PERCENT(percent),thermal_power_boiler,flue_gas_o2,required,state,percent,multi_angle:unit_parenthesis,2f23520bf4b549e7,external_train,unit_parenthesis
O2_PERCENT__percent__AI,thermal_power_boiler,flue_gas_o2,required,state,percent,multi_angle:unit_channel_mix,3e419a0593828407,external_train,unit_channel_mix
PLC01.FLUE_GAS_O2.VALUE,thermal_power_boiler,flue_gas_o2,required,state,percent,multi_angle:plc_vendor_envelope,7b70c0ab3115ff1b,external_train,plc_vendor_envelope
PLC01.O2_PERCENT.VALUE,thermal_power_boiler,flue_gas_o2,required,state,percent,multi_angle:plc_vendor_envelope,d8902a52c5b14f0d,external_train,plc_vendor_envelope
PLC01.flue_gas_o2.VALUE,thermal_power_boiler,flue_gas_o2,required,state,percent,multi_angle:plc_vendor_envelope,5a4fe72c8650d106,external_train,plc_vendor_envelope
PLC01.氧量.VALUE,thermal_power_boiler,flue_gas_o2,required,state,percent,multi_angle:plc_vendor_envelope,ef0f7aa919c918f1,external_train,plc_vendor_envelope
flue.gas.o2,thermal_power_boiler,flue_gas_o2,required,state,percent,multi_angle:separator_noise,711b476c23f861f1,external_train,separator_noise
flue_gas_o2(percent),thermal_power_boiler,flue_gas_o2,required,state,percent,multi_angle:unit_parenthesis,4464a0c39e804dc8,external_train,unit_parenthesis
flue_gas_o2__percent__AI,thermal_power_boiler,flue_gas_o2,required,state,percent,multi_angle:unit_channel_mix,082a2e867723f6b4,external_train,unit_channel_mix
flue_gas_o2_raw,thermal_power_boiler,flue_gas_o2,required,state,percent,multi_angle:case_and_suffix_noise,688591d3ae880dae,external_train,case_and_suffix_noise
o2_percent_raw,thermal_power_boiler,flue_gas_o2,required,state,percent,multi_angle:case_and_suffix_noise,52a42bebfa9a500c,external_train,case_and_suffix_noise
氧量,thermal_power_boiler,flue_gas_o2,required,state,percent,multi_angle:separator_noise,fefcc9c5124a9520,external_train,separator_noise
氧量(percent),thermal_power_boiler,flue_gas_o2,required,state,percent,multi_angle:unit_parenthesis,cd00da3fa97fc7cd,external_train,unit_parenthesis
氧量__percent__AI,thermal_power_boiler,flue_gas_o2,required,state,percent,multi_angle:unit_channel_mix,1c40be9749024b4c,external_train,unit_channel_mix
氧量_raw,thermal_power_boiler,flue_gas_o2,required,state,percent,multi_angle:case_and_suffix_noise,4703a92b0ae72a1f,external_train,case_and_suffix_noise
2号线_FURNACE_PRESSURE_测点A12,thermal_power_boiler,furnace_pressure,required,state,Pa,multi_angle:equipment_channel_context,c9db82fe5853775a,external_train,equipment_channel_context
2号线_furnace_pressure_测点A12,thermal_power_boiler,furnace_pressure,required,state,Pa,multi_angle:equipment_channel_context,080c42b136c41b60,external_train,equipment_channel_context
2号线_炉压_测点A12,thermal_power_boiler,furnace_pressure,required,state,Pa,multi_angle:equipment_channel_context,a59fd89b10f08dad,external_train,equipment_channel_context
2号线_炉膛压力_测点A12,thermal_power_boiler,furnace_pressure,required,state,Pa,multi_angle:equipment_channel_context,f4dc9d538bbadd35,external_train,equipment_channel_context
2号线_炉膛负压_测点A12,thermal_power_boiler,furnace_pressure,required,state,Pa,multi_angle:equipment_channel_context,901cb537ec44b796,external_train,equipment_channel_context
DCS-A-FURNACE_PRESSURE-PV-07,thermal_power_boiler,furnace_pressure,required,state,Pa,multi_angle:dcs_vendor_envelope,24b526d9ed5b1100,external_train,dcs_vendor_envelope
DCS-A-furnace_pressure-PV-07,thermal_power_boiler,furnace_pressure,required,state,Pa,multi_angle:dcs_vendor_envelope,3247a9f5048d1aed,external_train,dcs_vendor_envelope
DCS-A-炉压-PV-07,thermal_power_boiler,furnace_pressure,required,state,Pa,multi_angle:dcs_vendor_envelope,33e98eade1f7eb7a,external_train,dcs_vendor_envelope
DCS-A-炉膛压力-PV-07,thermal_power_boiler,furnace_pressure,required,state,Pa,multi_angle:dcs_vendor_envelope,56978692fe7c3f8b,external_train,dcs_vendor_envelope
DCS-A-炉膛负压-PV-07,thermal_power_boiler,furnace_pressure,required,state,Pa,multi_angle:dcs_vendor_envelope,e738f608da46faa9,external_train,dcs_vendor_envelope
FURNACE.PRESSURE,thermal_power_boiler,furnace_pressure,required,state,Pa,multi_angle:separator_noise,0c4c8b024f4f9606,external_train,separator_noise
FURNACE_PRESSURE(Pa),thermal_power_boiler,furnace_pressure,required,state,Pa,multi_angle:unit_parenthesis,5cb1411f23eb88f0,external_train,unit_parenthesis
FURNACE_PRESSURE__Pa__AI,thermal_power_boiler,furnace_pressure,required,state,Pa,multi_angle:unit_channel_mix,65ff3a1f70b2ba64,external_train,unit_channel_mix
PLC01.FURNACE_PRESSURE.VALUE,thermal_power_boiler,furnace_pressure,required,state,Pa,multi_angle:plc_vendor_envelope,3de6c582bd2a6acc,external_train,plc_vendor_envelope
PLC01.furnace_pressure.VALUE,thermal_power_boiler,furnace_pressure,required,state,Pa,multi_angle:plc_vendor_envelope,13d8b8aebb245c5c,external_train,plc_vendor_envelope
PLC01.炉压.VALUE,thermal_power_boiler,furnace_pressure,required,state,Pa,multi_angle:plc_vendor_envelope,1a5e0423465021be,external_train,plc_vendor_envelope
PLC01.炉膛压力.VALUE,thermal_power_boiler,furnace_pressure,required,state,Pa,multi_angle:plc_vendor_envelope,5c5333621d0f5eef,external_train,plc_vendor_envelope
PLC01.炉膛负压.VALUE,thermal_power_boiler,furnace_pressure,required,state,Pa,multi_angle:plc_vendor_envelope,f98c6de619f79620,external_train,plc_vendor_envelope
furnace.pressure,thermal_power_boiler,furnace_pressure,required,state,Pa,multi_angle:separator_noise,6854afb8f1b62f12,external_train,separator_noise
furnace_pressure(Pa),thermal_power_boiler,furnace_pressure,required,state,Pa,multi_angle:unit_parenthesis,697aa2a47fc91638,external_train,unit_parenthesis
furnace_pressure__Pa__AI,thermal_power_boiler,furnace_pressure,required,state,Pa,multi_angle:unit_channel_mix,a8e61f9ae52dc44c,external_train,unit_channel_mix
furnace_pressure_raw,thermal_power_boiler,furnace_pressure,required,state,Pa,multi_angle:case_and_suffix_noise,d2f2be660b3b24b9,external_train,case_and_suffix_noise
炉压,thermal_power_boiler,furnace_pressure,required,state,Pa,multi_angle:separator_noise,cd0a54fd74532411,external_train,separator_noise
炉压(Pa),thermal_power_boiler,furnace_pressure,required,state,Pa,multi_angle:unit_parenthesis,a502437191736866,external_train,unit_parenthesis
炉压__Pa__AI,thermal_power_boiler,furnace_pressure,required,state,Pa,multi_angle:unit_channel_mix,1691d961c62609e0,external_train,unit_channel_mix
炉压_raw,thermal_power_boiler,furnace_pressure,required,state,Pa,multi_angle:case_and_suffix_noise,d23245eca3529c6c,external_train,case_and_suffix_noise
炉膛压力,thermal_power_boiler,furnace_pressure,required,state,Pa,multi_angle:separator_noise,33b8b3047a0f9122,external_train,separator_noise
炉膛压力(Pa),thermal_power_boiler,furnace_pressure,required,state,Pa,multi_angle:unit_parenthesis,07b4c99e4c9bcdf5,external_train,unit_parenthesis
炉膛压力__Pa__AI,thermal_power_boiler,furnace_pressure,required,state,Pa,multi_angle:unit_channel_mix,8049fd44e730836b,external_train,unit_channel_mix
炉膛压力_raw,thermal_power_boiler,furnace_pressure,required,state,Pa,multi_angle:case_and_suffix_noise,8571fb88ba72c360,external_train,case_and_suffix_noise
炉膛负压,thermal_power_boiler,furnace_pressure,required,state,Pa,multi_angle:separator_noise,84ef96a0bc5d97bf,external_train,separator_noise
炉膛负压(Pa),thermal_power_boiler,furnace_pressure,required,state,Pa,multi_angle:unit_parenthesis,1d668f464fc75390,external_train,unit_parenthesis
炉膛负压__Pa__AI,thermal_power_boiler,furnace_pressure,required,state,Pa,multi_angle:unit_channel_mix,b0d3ed0472ee426d,external_train,unit_channel_mix
炉膛负压_raw,thermal_power_boiler,furnace_pressure,required,state,Pa,multi_angle:case_and_suffix_noise,45b4edbb8a602aad,external_train,case_and_suffix_noise
2号线_FURNACE_TEMP_测点A12,thermal_power_boiler,furnace_temperature,useful,state,degC,multi_angle:equipment_channel_context,5257d0e08b0a85fe,external_train,equipment_channel_context
2号线_火焰温度_测点A12,thermal_power_boiler,furnace_temperature,useful,state,degC,multi_angle:equipment_channel_context,1387811797a4ca12,external_train,equipment_channel_context
2号线_炉温_测点A12,thermal_power_boiler,furnace_temperature,useful,state,degC,multi_angle:equipment_channel_context,b93c389d99babdfb,external_train,equipment_channel_context
2号线_炉膛温度_测点A12,thermal_power_boiler,furnace_temperature,useful,state,degC,multi_angle:equipment_channel_context,9ac0cdaec5cdf319,external_train,equipment_channel_context
DCS-A-FURNACE_TEMP-PV-07,thermal_power_boiler,furnace_temperature,useful,state,degC,multi_angle:dcs_vendor_envelope,2384ee98da1742e1,external_train,dcs_vendor_envelope
DCS-A-火焰温度-PV-07,thermal_power_boiler,furnace_temperature,useful,state,degC,multi_angle:dcs_vendor_envelope,d595aae4381372d3,external_train,dcs_vendor_envelope
DCS-A-炉温-PV-07,thermal_power_boiler,furnace_temperature,useful,state,degC,multi_angle:dcs_vendor_envelope,0898cd56a8b74f1a,external_train,dcs_vendor_envelope
DCS-A-炉膛温度-PV-07,thermal_power_boiler,furnace_temperature,useful,state,degC,multi_angle:dcs_vendor_envelope,e8d688997972012b,external_train,dcs_vendor_envelope
FURNACE.TEMP,thermal_power_boiler,furnace_temperature,useful,state,degC,multi_angle:separator_noise,c30634ec2b2f767c,external_train,separator_noise
FURNACE_TEMP(degC),thermal_power_boiler,furnace_temperature,useful,state,degC,multi_angle:unit_parenthesis,b4b3f269f1418120,external_train,unit_parenthesis
FURNACE_TEMP__degC__AI,thermal_power_boiler,furnace_temperature,useful,state,degC,multi_angle:unit_channel_mix,cb6461f39d04fb8a,external_train,unit_channel_mix
PLC01.FURNACE_TEMP.VALUE,thermal_power_boiler,furnace_temperature,useful,state,degC,multi_angle:plc_vendor_envelope,9eff3c1d361cc140,external_train,plc_vendor_envelope
PLC01.火焰温度.VALUE,thermal_power_boiler,furnace_temperature,useful,state,degC,multi_angle:plc_vendor_envelope,9bddbb02527f1a15,external_train,plc_vendor_envelope
PLC01.炉温.VALUE,thermal_power_boiler,furnace_temperature,useful,state,degC,multi_angle:plc_vendor_envelope,b86b9b0ca7c81ed5,external_train,plc_vendor_envelope
PLC01.炉膛温度.VALUE,thermal_power_boiler,furnace_temperature,useful,state,degC,multi_angle:plc_vendor_envelope,c6ab7a753a635de4,external_train,plc_vendor_envelope
furnace_temp_raw,thermal_power_boiler,furnace_temperature,useful,state,degC,multi_angle:case_and_suffix_noise,b702fe1c35feeb84,external_train,case_and_suffix_noise
火焰温度,thermal_power_boiler,furnace_temperature,useful,state,degC,multi_angle:separator_noise,8fda4eb2e392bcc0,external_train,separator_noise
火焰温度(degC),thermal_power_boiler,furnace_temperature,useful,state,degC,multi_angle:unit_parenthesis,0e3564e839298237,external_train,unit_parenthesis
火焰温度__degC__AI,thermal_power_boiler,furnace_temperature,useful,state,degC,multi_angle:unit_channel_mix,ac0ee37ec71e0bdd,external_train,unit_channel_mix
火焰温度_raw,thermal_power_boiler,furnace_temperature,useful,state,degC,multi_angle:case_and_suffix_noise,2ee5a0f4a07b24d1,external_train,case_and_suffix_noise
炉温,thermal_power_boiler,furnace_temperature,useful,state,degC,multi_angle:separator_noise,301fab50c6dd4431,external_train,separator_noise
炉温(degC),thermal_power_boiler,furnace_temperature,useful,state,degC,multi_angle:unit_parenthesis,63096406163f0227,external_train,unit_parenthesis
炉温__degC__AI,thermal_power_boiler,furnace_temperature,useful,state,degC,multi_angle:unit_channel_mix,fe27867997e3c596,external_train,unit_channel_mix
炉温_raw,thermal_power_boiler,furnace_temperature,useful,state,degC,multi_angle:case_and_suffix_noise,2043feda4c1b4988,external_train,case_and_suffix_noise
炉膛温度,thermal_power_boiler,furnace_temperature,useful,state,degC,multi_angle:separator_noise,2583ddb9092b796a,external_train,separator_noise
炉膛温度(degC),thermal_power_boiler,furnace_temperature,useful,state,degC,multi_angle:unit_parenthesis,2c8dc621d9aca8bd,external_train,unit_parenthesis
炉膛温度__degC__AI,thermal_power_boiler,furnace_temperature,useful,state,degC,multi_angle:unit_channel_mix,656ed64171616117,external_train,unit_channel_mix
炉膛温度_raw,thermal_power_boiler,furnace_temperature,useful,state,degC,multi_angle:case_and_suffix_noise,02d1aa59251ce4f5,external_train,case_and_suffix_noise
2号线_MAIN_STEAM_FLOW_测点A12,thermal_power_boiler,main_steam_flow,useful,state,t/h,multi_angle:equipment_channel_context,8f2e18a87f8f9cc7,external_train,equipment_channel_context
2号线_main_steam_flow_测点A12,thermal_power_boiler,main_steam_flow,useful,state,t/h,multi_angle:equipment_channel_context,bb6c6a085938ae83,external_train,equipment_channel_context
2号线_主汽流量_测点A12,thermal_power_boiler,main_steam_flow,useful,state,t/h,multi_angle:equipment_channel_context,bdb2117ced6794a9,external_train,equipment_channel_context
2号线_主蒸汽流量_测点A12,thermal_power_boiler,main_steam_flow,useful,state,t/h,multi_angle:equipment_channel_context,b6675c75f6e99b5d,external_train,equipment_channel_context
DCS-A-MAIN_STEAM_FLOW-PV-07,thermal_power_boiler,main_steam_flow,useful,state,t/h,multi_angle:dcs_vendor_envelope,2eef17037ca237d2,external_train,dcs_vendor_envelope
DCS-A-main_steam_flow-PV-07,thermal_power_boiler,main_steam_flow,useful,state,t/h,multi_angle:dcs_vendor_envelope,8eafd8bab483c771,external_train,dcs_vendor_envelope
DCS-A-主汽流量-PV-07,thermal_power_boiler,main_steam_flow,useful,state,t/h,multi_angle:dcs_vendor_envelope,ba655624560fd32c,external_train,dcs_vendor_envelope
DCS-A-主蒸汽流量-PV-07,thermal_power_boiler,main_steam_flow,useful,state,t/h,multi_angle:dcs_vendor_envelope,f4a8c35cb8674ce0,external_train,dcs_vendor_envelope
MAIN.STEAM.FLOW,thermal_power_boiler,main_steam_flow,useful,state,t/h,multi_angle:separator_noise,031f8f1e8e97606e,external_train,separator_noise
MAIN_STEAM_FLOW(t/h),thermal_power_boiler,main_steam_flow,useful,state,t/h,multi_angle:unit_parenthesis,b9bfe957e310ce05,external_train,unit_parenthesis
MAIN_STEAM_FLOW__t/h__AI,thermal_power_boiler,main_steam_flow,useful,state,t/h,multi_angle:unit_channel_mix,00247556d472da2a,external_train,unit_channel_mix
PLC01.MAIN_STEAM_FLOW.VALUE,thermal_power_boiler,main_steam_flow,useful,state,t/h,multi_angle:plc_vendor_envelope,17ffa208d2ac309e,external_train,plc_vendor_envelope
PLC01.main_steam_flow.VALUE,thermal_power_boiler,main_steam_flow,useful,state,t/h,multi_angle:plc_vendor_envelope,31e315e9896a8088,external_train,plc_vendor_envelope
PLC01.主汽流量.VALUE,thermal_power_boiler,main_steam_flow,useful,state,t/h,multi_angle:plc_vendor_envelope,cb2091ad91f1375b,external_train,plc_vendor_envelope
PLC01.主蒸汽流量.VALUE,thermal_power_boiler,main_steam_flow,useful,state,t/h,multi_angle:plc_vendor_envelope,98d9789b0d01af67,external_train,plc_vendor_envelope
main.steam.flow,thermal_power_boiler,main_steam_flow,useful,state,t/h,multi_angle:separator_noise,3c635f0b6aba4065,external_train,separator_noise
main_steam_flow(t/h),thermal_power_boiler,main_steam_flow,useful,state,t/h,multi_angle:unit_parenthesis,5f37b434363eaaf6,external_train,unit_parenthesis
main_steam_flow__t/h__AI,thermal_power_boiler,main_steam_flow,useful,state,t/h,multi_angle:unit_channel_mix,b55a32ab5fc042d7,external_train,unit_channel_mix
main_steam_flow_raw,thermal_power_boiler,main_steam_flow,useful,state,t/h,multi_angle:case_and_suffix_noise,a2a71f7989e09a71,external_train,case_and_suffix_noise
主汽流量,thermal_power_boiler,main_steam_flow,useful,state,t/h,multi_angle:separator_noise,ff5af680700910d2,external_train,separator_noise
主汽流量(t/h),thermal_power_boiler,main_steam_flow,useful,state,t/h,multi_angle:unit_parenthesis,92aed333232cbbde,external_train,unit_parenthesis
主汽流量__t/h__AI,thermal_power_boiler,main_steam_flow,useful,state,t/h,multi_angle:unit_channel_mix,216181e3b2e93529,external_train,unit_channel_mix
主汽流量_raw,thermal_power_boiler,main_steam_flow,useful,state,t/h,multi_angle:case_and_suffix_noise,74f6aaa934853976,external_train,case_and_suffix_noise
主蒸汽流量,thermal_power_boiler,main_steam_flow,useful,state,t/h,multi_angle:separator_noise,66bb1392fe4c8fd5,external_train,separator_noise
主蒸汽流量(t/h),thermal_power_boiler,main_steam_flow,useful,state,t/h,multi_angle:unit_parenthesis,06fe12ebefd9b5e1,external_train,unit_parenthesis
主蒸汽流量__t/h__AI,thermal_power_boiler,main_steam_flow,useful,state,t/h,multi_angle:unit_channel_mix,df5c91fe22e5ef19,external_train,unit_channel_mix
主蒸汽流量_raw,thermal_power_boiler,main_steam_flow,useful,state,t/h,multi_angle:case_and_suffix_noise,aa73ea59b3e03268,external_train,case_and_suffix_noise
2号线_MAIN_STEAM_PRESSURE_测点A12,thermal_power_boiler,main_steam_pressure,required,controlled,Pa,multi_angle:equipment_channel_context,3168a888ed84e0ad,external_train,equipment_channel_context
2号线_main_steam_pressure_测点A12,thermal_power_boiler,main_steam_pressure,required,controlled,Pa,multi_angle:equipment_channel_context,45a53f9c7188853d,external_train,equipment_channel_context
2号线_主蒸汽压力_测点A12,thermal_power_boiler,main_steam_pressure,required,controlled,Pa,multi_angle:equipment_channel_context,122192511c25cd99,external_train,equipment_channel_context
DCS-A-MAIN_STEAM_PRESSURE-PV-07,thermal_power_boiler,main_steam_pressure,required,controlled,Pa,multi_angle:dcs_vendor_envelope,3439202ec05bc7c2,external_train,dcs_vendor_envelope
DCS-A-main_steam_pressure-PV-07,thermal_power_boiler,main_steam_pressure,required,controlled,Pa,multi_angle:dcs_vendor_envelope,1d68c7110de3da75,external_train,dcs_vendor_envelope
DCS-A-主蒸汽压力-PV-07,thermal_power_boiler,main_steam_pressure,required,controlled,Pa,multi_angle:dcs_vendor_envelope,9b48cff2a042896f,external_train,dcs_vendor_envelope
MAIN.STEAM.PRESSURE,thermal_power_boiler,main_steam_pressure,required,controlled,Pa,multi_angle:separator_noise,0b719ac84e45a7da,external_train,separator_noise
MAIN_STEAM_PRESSURE(Pa),thermal_power_boiler,main_steam_pressure,required,controlled,Pa,multi_angle:unit_parenthesis,34029ced8365a51c,external_train,unit_parenthesis
MAIN_STEAM_PRESSURE__Pa__AI,thermal_power_boiler,main_steam_pressure,required,controlled,Pa,multi_angle:unit_channel_mix,1ba84c4c09ed5d4b,external_train,unit_channel_mix
PLC01.MAIN_STEAM_PRESSURE.VALUE,thermal_power_boiler,main_steam_pressure,required,controlled,Pa,multi_angle:plc_vendor_envelope,12c991dd5d558b22,external_train,plc_vendor_envelope
PLC01.main_steam_pressure.VALUE,thermal_power_boiler,main_steam_pressure,required,controlled,Pa,multi_angle:plc_vendor_envelope,c5576432e2f952c1,external_train,plc_vendor_envelope
PLC01.主蒸汽压力.VALUE,thermal_power_boiler,main_steam_pressure,required,controlled,Pa,multi_angle:plc_vendor_envelope,576dd00e49c04fbe,external_train,plc_vendor_envelope
main.steam.pressure,thermal_power_boiler,main_steam_pressure,required,controlled,Pa,multi_angle:separator_noise,62fa2acaa4422b61,external_train,separator_noise
main_steam_pressure(Pa),thermal_power_boiler,main_steam_pressure,required,controlled,Pa,multi_angle:unit_parenthesis,16c6a71e1d0bdd34,external_train,unit_parenthesis
main_steam_pressure__Pa__AI,thermal_power_boiler,main_steam_pressure,required,controlled,Pa,multi_angle:unit_channel_mix,3327ac2f83bebcf3,external_train,unit_channel_mix
main_steam_pressure_raw,thermal_power_boiler,main_steam_pressure,required,controlled,Pa,multi_angle:case_and_suffix_noise,85e7217348d0cc37,external_train,case_and_suffix_noise
主蒸汽压力,thermal_power_boiler,main_steam_pressure,required,controlled,Pa,multi_angle:separator_noise,761e0b4447e8dff2,external_train,separator_noise
主蒸汽压力(Pa),thermal_power_boiler,main_steam_pressure,required,controlled,Pa,multi_angle:unit_parenthesis,eae9ae204240ef7d,external_train,unit_parenthesis
主蒸汽压力__Pa__AI,thermal_power_boiler,main_steam_pressure,required,controlled,Pa,multi_angle:unit_channel_mix,d3520f1b5cafc583,external_train,unit_channel_mix
主蒸汽压力_raw,thermal_power_boiler,main_steam_pressure,required,controlled,Pa,multi_angle:case_and_suffix_noise,57bcecd6d93345ec,external_train,case_and_suffix_noise
2号线_MAIN_STEAM_TEMP_测点A12,thermal_power_boiler,main_steam_temperature,required,controlled,degC,multi_angle:equipment_channel_context,a8f13ea035eebdf6,external_train,equipment_channel_context
2号线_main_steam_temperature_测点A12,thermal_power_boiler,main_steam_temperature,required,controlled,degC,multi_angle:equipment_channel_context,a324a103b7582747,external_train,equipment_channel_context
2号线_主汽温_测点A12,thermal_power_boiler,main_steam_temperature,required,controlled,degC,multi_angle:equipment_channel_context,699ad14d3f96bbff,external_train,equipment_channel_context
2号线_主汽温度_测点A12,thermal_power_boiler,main_steam_temperature,required,controlled,degC,multi_angle:equipment_channel_context,324af0464194fdbf,external_train,equipment_channel_context
2号线_主蒸汽温度_测点A12,thermal_power_boiler,main_steam_temperature,required,controlled,degC,multi_angle:equipment_channel_context,88fa64f272681de5,external_train,equipment_channel_context
DCS-A-MAIN_STEAM_TEMP-PV-07,thermal_power_boiler,main_steam_temperature,required,controlled,degC,multi_angle:dcs_vendor_envelope,c5d395ef30d46ff3,external_train,dcs_vendor_envelope
DCS-A-main_steam_temperature-PV-07,thermal_power_boiler,main_steam_temperature,required,controlled,degC,multi_angle:dcs_vendor_envelope,bc8294315664feb0,external_train,dcs_vendor_envelope
DCS-A-主汽温-PV-07,thermal_power_boiler,main_steam_temperature,required,controlled,degC,multi_angle:dcs_vendor_envelope,887549774b08dce4,external_train,dcs_vendor_envelope
DCS-A-主汽温度-PV-07,thermal_power_boiler,main_steam_temperature,required,controlled,degC,multi_angle:dcs_vendor_envelope,03ca54909fe6d700,external_train,dcs_vendor_envelope
DCS-A-主蒸汽温度-PV-07,thermal_power_boiler,main_steam_temperature,required,controlled,degC,multi_angle:dcs_vendor_envelope,2664c9dda1a28d01,external_train,dcs_vendor_envelope
MAIN.STEAM.TEMP,thermal_power_boiler,main_steam_temperature,required,controlled,degC,multi_angle:separator_noise,5973e7a9726c5e53,external_train,separator_noise
MAIN_STEAM_TEMP(degC),thermal_power_boiler,main_steam_temperature,required,controlled,degC,multi_angle:unit_parenthesis,5c36ea0afc37c740,external_train,unit_parenthesis
MAIN_STEAM_TEMP__degC__AI,thermal_power_boiler,main_steam_temperature,required,controlled,degC,multi_angle:unit_channel_mix,7aa1dcbb20e364e3,external_train,unit_channel_mix
PLC01.MAIN_STEAM_TEMP.VALUE,thermal_power_boiler,main_steam_temperature,required,controlled,degC,multi_angle:plc_vendor_envelope,a16ce7e059bd0f58,external_train,plc_vendor_envelope
PLC01.main_steam_temperature.VALUE,thermal_power_boiler,main_steam_temperature,required,controlled,degC,multi_angle:plc_vendor_envelope,73004fb7a785e286,external_train,plc_vendor_envelope
PLC01.主汽温.VALUE,thermal_power_boiler,main_steam_temperature,required,controlled,degC,multi_angle:plc_vendor_envelope,502db14da79316f7,external_train,plc_vendor_envelope
PLC01.主汽温度.VALUE,thermal_power_boiler,main_steam_temperature,required,controlled,degC,multi_angle:plc_vendor_envelope,6dcaf12350de2f1b,external_train,plc_vendor_envelope
PLC01.主蒸汽温度.VALUE,thermal_power_boiler,main_steam_temperature,required,controlled,degC,multi_angle:plc_vendor_envelope,f653da38f28fcff9,external_train,plc_vendor_envelope
main.steam.temperature,thermal_power_boiler,main_steam_temperature,required,controlled,degC,multi_angle:separator_noise,5fe3119dec7c21a6,external_train,separator_noise
main_steam_temp_raw,thermal_power_boiler,main_steam_temperature,required,controlled,degC,multi_angle:case_and_suffix_noise,85f904bd7989fca2,external_train,case_and_suffix_noise
main_steam_temperature(degC),thermal_power_boiler,main_steam_temperature,required,controlled,degC,multi_angle:unit_parenthesis,61691317af139277,external_train,unit_parenthesis
main_steam_temperature__degC__AI,thermal_power_boiler,main_steam_temperature,required,controlled,degC,multi_angle:unit_channel_mix,ba7cce15cf350806,external_train,unit_channel_mix
main_steam_temperature_raw,thermal_power_boiler,main_steam_temperature,required,controlled,degC,multi_angle:case_and_suffix_noise,c4d6d927c5437424,external_train,case_and_suffix_noise
主汽温,thermal_power_boiler,main_steam_temperature,required,controlled,degC,multi_angle:separator_noise,31498f3ee1c076c3,external_train,separator_noise
主汽温(degC),thermal_power_boiler,main_steam_temperature,required,controlled,degC,multi_angle:unit_parenthesis,2278ec7dd309fad9,external_train,unit_parenthesis
主汽温__degC__AI,thermal_power_boiler,main_steam_temperature,required,controlled,degC,multi_angle:unit_channel_mix,cc4b0961f6e62390,external_train,unit_channel_mix
主汽温_raw,thermal_power_boiler,main_steam_temperature,required,controlled,degC,multi_angle:case_and_suffix_noise,4d1579345338ced9,external_train,case_and_suffix_noise
主汽温度,thermal_power_boiler,main_steam_temperature,required,controlled,degC,multi_angle:separator_noise,8da39f03ec2ae04a,external_train,separator_noise
主汽温度(degC),thermal_power_boiler,main_steam_temperature,required,controlled,degC,multi_angle:unit_parenthesis,b51c3cf55c5b790d,external_train,unit_parenthesis
主汽温度__degC__AI,thermal_power_boiler,main_steam_temperature,required,controlled,degC,multi_angle:unit_channel_mix,961a8d7408aad8cb,external_train,unit_channel_mix
主汽温度_raw,thermal_power_boiler,main_steam_temperature,required,controlled,degC,multi_angle:case_and_suffix_noise,7d5956fce202cc7c,external_train,case_and_suffix_noise
主蒸汽温度,thermal_power_boiler,main_steam_temperature,required,controlled,degC,multi_angle:separator_noise,36be81e268fb0fc6,external_train,separator_noise
主蒸汽温度(degC),thermal_power_boiler,main_steam_temperature,required,controlled,degC,multi_angle:unit_parenthesis,479fed3143942f09,external_train,unit_parenthesis
主蒸汽温度__degC__AI,thermal_power_boiler,main_steam_temperature,required,controlled,degC,multi_angle:unit_channel_mix,7936126852fe5b7e,external_train,unit_channel_mix
主蒸汽温度_raw,thermal_power_boiler,main_steam_temperature,required,controlled,degC,multi_angle:case_and_suffix_noise,4e591af4f4e5a39e,external_train,case_and_suffix_noise
2号线_PA_FLOW_测点A12,thermal_power_boiler,primary_air_flow,useful,manipulated,Nm3/h,multi_angle:equipment_channel_context,86be1dbb8c1b10d3,external_train,equipment_channel_context
2号线_PRIMARY_AIR_FLOW_测点A12,thermal_power_boiler,primary_air_flow,useful,manipulated,Nm3/h,multi_angle:equipment_channel_context,8bfd8b5bddbbc0ec,external_train,equipment_channel_context
2号线_primary_air_flow_测点A12,thermal_power_boiler,primary_air_flow,useful,manipulated,Nm3/h,multi_angle:equipment_channel_context,ca40c9998d92cf4d,external_train,equipment_channel_context
2号线_一次风流量_测点A12,thermal_power_boiler,primary_air_flow,useful,manipulated,Nm3/h,multi_angle:equipment_channel_context,9c862e07a95f226b,external_train,equipment_channel_context
DCS-A-PA_FLOW-PV-07,thermal_power_boiler,primary_air_flow,useful,manipulated,Nm3/h,multi_angle:dcs_vendor_envelope,c0956d36c39fca53,external_train,dcs_vendor_envelope
DCS-A-PRIMARY_AIR_FLOW-PV-07,thermal_power_boiler,primary_air_flow,useful,manipulated,Nm3/h,multi_angle:dcs_vendor_envelope,fae0365d6b48c391,external_train,dcs_vendor_envelope
DCS-A-primary_air_flow-PV-07,thermal_power_boiler,primary_air_flow,useful,manipulated,Nm3/h,multi_angle:dcs_vendor_envelope,13a27f61d0b66a59,external_train,dcs_vendor_envelope
DCS-A-一次风流量-PV-07,thermal_power_boiler,primary_air_flow,useful,manipulated,Nm3/h,multi_angle:dcs_vendor_envelope,b9658e1a2ae7ba25,external_train,dcs_vendor_envelope
PA.FLOW,thermal_power_boiler,primary_air_flow,useful,manipulated,Nm3/h,multi_angle:separator_noise,0a59ce5e619499be,external_train,separator_noise
PA_FLOW(Nm3/h),thermal_power_boiler,primary_air_flow,useful,manipulated,Nm3/h,multi_angle:unit_parenthesis,f3b4767b951e9cbc,external_train,unit_parenthesis
PA_FLOW__Nm3/h__AI,thermal_power_boiler,primary_air_flow,useful,manipulated,Nm3/h,multi_angle:unit_channel_mix,3d0c6a67414ebb24,external_train,unit_channel_mix
PLC01.PA_FLOW.VALUE,thermal_power_boiler,primary_air_flow,useful,manipulated,Nm3/h,multi_angle:plc_vendor_envelope,692f96a1aaf2e4cb,external_train,plc_vendor_envelope
PLC01.PRIMARY_AIR_FLOW.VALUE,thermal_power_boiler,primary_air_flow,useful,manipulated,Nm3/h,multi_angle:plc_vendor_envelope,bbb35edcc3412437,external_train,plc_vendor_envelope
PLC01.primary_air_flow.VALUE,thermal_power_boiler,primary_air_flow,useful,manipulated,Nm3/h,multi_angle:plc_vendor_envelope,cfbab6f7ab9150e2,external_train,plc_vendor_envelope
PLC01.一次风流量.VALUE,thermal_power_boiler,primary_air_flow,useful,manipulated,Nm3/h,multi_angle:plc_vendor_envelope,c846b5d88e671335,external_train,plc_vendor_envelope
PRIMARY.AIR.FLOW,thermal_power_boiler,primary_air_flow,useful,manipulated,Nm3/h,multi_angle:separator_noise,b3c70f70fdd7b57d,external_train,separator_noise
PRIMARY_AIR_FLOW(Nm3/h),thermal_power_boiler,primary_air_flow,useful,manipulated,Nm3/h,multi_angle:unit_parenthesis,0283651164e0eb9b,external_train,unit_parenthesis
PRIMARY_AIR_FLOW__Nm3/h__AI,thermal_power_boiler,primary_air_flow,useful,manipulated,Nm3/h,multi_angle:unit_channel_mix,e2ee505444bc799b,external_train,unit_channel_mix
pa_flow_raw,thermal_power_boiler,primary_air_flow,useful,manipulated,Nm3/h,multi_angle:case_and_suffix_noise,0ec24501060720bb,external_train,case_and_suffix_noise
primary.air.flow,thermal_power_boiler,primary_air_flow,useful,manipulated,Nm3/h,multi_angle:separator_noise,cac89e5cda5e8c22,external_train,separator_noise
primary_air_flow(Nm3/h),thermal_power_boiler,primary_air_flow,useful,manipulated,Nm3/h,multi_angle:unit_parenthesis,e9bcb1d1c31d2fb1,external_train,unit_parenthesis
primary_air_flow__Nm3/h__AI,thermal_power_boiler,primary_air_flow,useful,manipulated,Nm3/h,multi_angle:unit_channel_mix,2c2e89bf4e5bb78d,external_train,unit_channel_mix
primary_air_flow_raw,thermal_power_boiler,primary_air_flow,useful,manipulated,Nm3/h,multi_angle:case_and_suffix_noise,4ce14a4e08d50657,external_train,case_and_suffix_noise
一次风流量,thermal_power_boiler,primary_air_flow,useful,manipulated,Nm3/h,multi_angle:separator_noise,84fdb5dafa34e4d5,external_train,separator_noise
一次风流量(Nm3/h),thermal_power_boiler,primary_air_flow,useful,manipulated,Nm3/h,multi_angle:unit_parenthesis,1e13d2bd6f274372,external_train,unit_parenthesis
一次风流量__Nm3/h__AI,thermal_power_boiler,primary_air_flow,useful,manipulated,Nm3/h,multi_angle:unit_channel_mix,96b6a1870343b346,external_train,unit_channel_mix
一次风流量_raw,thermal_power_boiler,primary_air_flow,useful,manipulated,Nm3/h,multi_angle:case_and_suffix_noise,2675a5017926dea7,external_train,case_and_suffix_noise
2号线_SECONDARY_AIR_FLOW_测点A12,thermal_power_boiler,secondary_air_flow,useful,manipulated,Nm3/h,multi_angle:equipment_channel_context,1a559100cfbf7ca3,external_train,equipment_channel_context
2号线_secondary_air_flow_测点A12,thermal_power_boiler,secondary_air_flow,useful,manipulated,Nm3/h,multi_angle:equipment_channel_context,49f84da8cbd151b8,external_train,equipment_channel_context
2号线_二次风量_测点A12,thermal_power_boiler,secondary_air_flow,useful,manipulated,Nm3/h,multi_angle:equipment_channel_context,efcb06dadd80feec,external_train,equipment_channel_context
DCS-A-SECONDARY_AIR_FLOW-PV-07,thermal_power_boiler,secondary_air_flow,useful,manipulated,Nm3/h,multi_angle:dcs_vendor_envelope,717b600697180445,external_train,dcs_vendor_envelope
DCS-A-secondary_air_flow-PV-07,thermal_power_boiler,secondary_air_flow,useful,manipulated,Nm3/h,multi_angle:dcs_vendor_envelope,dc536b634296b421,external_train,dcs_vendor_envelope
DCS-A-二次风量-PV-07,thermal_power_boiler,secondary_air_flow,useful,manipulated,Nm3/h,multi_angle:dcs_vendor_envelope,b1a33a0f47f37183,external_train,dcs_vendor_envelope
PLC01.SECONDARY_AIR_FLOW.VALUE,thermal_power_boiler,secondary_air_flow,useful,manipulated,Nm3/h,multi_angle:plc_vendor_envelope,479ab05a41c1f23d,external_train,plc_vendor_envelope
PLC01.secondary_air_flow.VALUE,thermal_power_boiler,secondary_air_flow,useful,manipulated,Nm3/h,multi_angle:plc_vendor_envelope,a09828388cb4bbfb,external_train,plc_vendor_envelope
PLC01.二次风量.VALUE,thermal_power_boiler,secondary_air_flow,useful,manipulated,Nm3/h,multi_angle:plc_vendor_envelope,3704ccd29984cf68,external_train,plc_vendor_envelope
SECONDARY.AIR.FLOW,thermal_power_boiler,secondary_air_flow,useful,manipulated,Nm3/h,multi_angle:separator_noise,03c474fb749cee03,external_train,separator_noise
SECONDARY_AIR_FLOW(Nm3/h),thermal_power_boiler,secondary_air_flow,useful,manipulated,Nm3/h,multi_angle:unit_parenthesis,69fc6d09e03e6a30,external_train,unit_parenthesis
SECONDARY_AIR_FLOW__Nm3/h__AI,thermal_power_boiler,secondary_air_flow,useful,manipulated,Nm3/h,multi_angle:unit_channel_mix,84a66398e77ca724,external_train,unit_channel_mix
secondary.air.flow,thermal_power_boiler,secondary_air_flow,useful,manipulated,Nm3/h,multi_angle:separator_noise,8009d5ab83caf860,external_train,separator_noise
secondary_air_flow(Nm3/h),thermal_power_boiler,secondary_air_flow,useful,manipulated,Nm3/h,multi_angle:unit_parenthesis,869c7f602b5cbf84,external_train,unit_parenthesis
secondary_air_flow__Nm3/h__AI,thermal_power_boiler,secondary_air_flow,useful,manipulated,Nm3/h,multi_angle:unit_channel_mix,7bb0a3155092ab50,external_train,unit_channel_mix
secondary_air_flow_raw,thermal_power_boiler,secondary_air_flow,useful,manipulated,Nm3/h,multi_angle:case_and_suffix_noise,ad268eb7c9ce47e9,external_train,case_and_suffix_noise
二次风量,thermal_power_boiler,secondary_air_flow,useful,manipulated,Nm3/h,multi_angle:separator_noise,e594bf20c90bbac1,external_train,separator_noise
二次风量(Nm3/h),thermal_power_boiler,secondary_air_flow,useful,manipulated,Nm3/h,multi_angle:unit_parenthesis,89503b304cb0d181,external_train,unit_parenthesis
二次风量__Nm3/h__AI,thermal_power_boiler,secondary_air_flow,useful,manipulated,Nm3/h,multi_angle:unit_channel_mix,79f3a80f08b4c42a,external_train,unit_channel_mix
二次风量_raw,thermal_power_boiler,secondary_air_flow,useful,manipulated,Nm3/h,multi_angle:case_and_suffix_noise,23de43ac543f778b,external_train,case_and_suffix_noise
2号线_SOOTBLOWER_STATE_测点A12,thermal_power_boiler,sootblower_state,useful,state,boolean,multi_angle:equipment_channel_context,4d994bc97b66d231,external_train,equipment_channel_context
2号线_吹灰器状态_测点A12,thermal_power_boiler,sootblower_state,useful,state,boolean,multi_angle:equipment_channel_context,1923568e208f441a,external_train,equipment_channel_context
2号线_吹灰状态_测点A12,thermal_power_boiler,sootblower_state,useful,state,boolean,multi_angle:equipment_channel_context,0e825193b864e06a,external_train,equipment_channel_context
DCS-A-SOOTBLOWER_STATE-PV-07,thermal_power_boiler,sootblower_state,useful,state,boolean,multi_angle:dcs_vendor_envelope,40f8f0d3d0765c61,external_train,dcs_vendor_envelope
DCS-A-吹灰器状态-PV-07,thermal_power_boiler,sootblower_state,useful,state,boolean,multi_angle:dcs_vendor_envelope,347f831c69d155ef,external_train,dcs_vendor_envelope
DCS-A-吹灰状态-PV-07,thermal_power_boiler,sootblower_state,useful,state,boolean,multi_angle:dcs_vendor_envelope,0efeffb3c439b411,external_train,dcs_vendor_envelope
PLC01.SOOTBLOWER_STATE.VALUE,thermal_power_boiler,sootblower_state,useful,state,boolean,multi_angle:plc_vendor_envelope,c7c71ba8db82e466,external_train,plc_vendor_envelope
PLC01.吹灰器状态.VALUE,thermal_power_boiler,sootblower_state,useful,state,boolean,multi_angle:plc_vendor_envelope,a4f448eb2ab74f68,external_train,plc_vendor_envelope
PLC01.吹灰状态.VALUE,thermal_power_boiler,sootblower_state,useful,state,boolean,multi_angle:plc_vendor_envelope,a3f1a76363a5aa5b,external_train,plc_vendor_envelope
SOOTBLOWER.STATE,thermal_power_boiler,sootblower_state,useful,state,boolean,multi_angle:separator_noise,da1a8ae1e45b0fd3,external_train,separator_noise
sootblower_state_raw,thermal_power_boiler,sootblower_state,useful,state,boolean,multi_angle:case_and_suffix_noise,3c75c6cda5f5a3aa,external_train,case_and_suffix_noise
吹灰器状态,thermal_power_boiler,sootblower_state,useful,state,boolean,multi_angle:separator_noise,d10bb553502aba3b,external_train,separator_noise
吹灰器状态_raw,thermal_power_boiler,sootblower_state,useful,state,boolean,multi_angle:case_and_suffix_noise,cdccdfa910824faa,external_train,case_and_suffix_noise
吹灰状态,thermal_power_boiler,sootblower_state,useful,state,boolean,multi_angle:separator_noise,85cd27c0a1e82dd6,external_train,separator_noise
吹灰状态_raw,thermal_power_boiler,sootblower_state,useful,state,boolean,multi_angle:case_and_suffix_noise,ac6fed16ced3b57f,external_train,case_and_suffix_noise
2号线_DATETIME_测点A12,thermal_power_boiler,timestamp,required,time,datetime,multi_angle:equipment_channel_context,8ef379d7f819ae17,external_train,equipment_channel_context
2号线_TS_测点A12,thermal_power_boiler,timestamp,required,time,datetime,multi_angle:equipment_channel_context,156c9df87340f4f7,external_train,equipment_channel_context
2号线_timestamp_测点A12,thermal_power_boiler,timestamp,required,time,datetime,multi_angle:equipment_channel_context,9d8847d8f964359d,external_train,equipment_channel_context
2号线_时间_测点A12,thermal_power_boiler,timestamp,required,time,datetime,multi_angle:equipment_channel_context,9700fd0f5f74eb11,external_train,equipment_channel_context
2号线_记录时间_测点A12,thermal_power_boiler,timestamp,required,time,datetime,multi_angle:equipment_channel_context,b111371856e6c5e4,external_train,equipment_channel_context
2号线_采集时间_测点A12,thermal_power_boiler,timestamp,required,time,datetime,multi_angle:equipment_channel_context,79b2e17cf0c88cf6,external_train,equipment_channel_context
DATETIME,thermal_power_boiler,timestamp,required,time,datetime,multi_angle:separator_noise,0fce235f26956ca6,external_train,separator_noise
DCS-A-DATETIME-PV-07,thermal_power_boiler,timestamp,required,time,datetime,multi_angle:dcs_vendor_envelope,c46a67f0a5d53ffb,external_train,dcs_vendor_envelope
DCS-A-TS-PV-07,thermal_power_boiler,timestamp,required,time,datetime,multi_angle:dcs_vendor_envelope,e34d5c7b357959d2,external_train,dcs_vendor_envelope
DCS-A-timestamp-PV-07,thermal_power_boiler,timestamp,required,time,datetime,multi_angle:dcs_vendor_envelope,e281dabc3d1cb73d,external_train,dcs_vendor_envelope
DCS-A-时间-PV-07,thermal_power_boiler,timestamp,required,time,datetime,multi_angle:dcs_vendor_envelope,be02b4b304c8d131,external_train,dcs_vendor_envelope
DCS-A-记录时间-PV-07,thermal_power_boiler,timestamp,required,time,datetime,multi_angle:dcs_vendor_envelope,3a82486f87aaa4b0,external_train,dcs_vendor_envelope
DCS-A-采集时间-PV-07,thermal_power_boiler,timestamp,required,time,datetime,multi_angle:dcs_vendor_envelope,755627f474fcce66,external_train,dcs_vendor_envelope
PLC01.DATETIME.VALUE,thermal_power_boiler,timestamp,required,time,datetime,multi_angle:plc_vendor_envelope,c521b141863c25d0,external_train,plc_vendor_envelope
PLC01.TS.VALUE,thermal_power_boiler,timestamp,required,time,datetime,multi_angle:plc_vendor_envelope,e961a6ea8133c392,external_train,plc_vendor_envelope
PLC01.timestamp.VALUE,thermal_power_boiler,timestamp,required,time,datetime,multi_angle:plc_vendor_envelope,be084c19f104dd9f,external_train,plc_vendor_envelope
PLC01.时间.VALUE,thermal_power_boiler,timestamp,required,time,datetime,multi_angle:plc_vendor_envelope,132d710a19761260,external_train,plc_vendor_envelope
PLC01.记录时间.VALUE,thermal_power_boiler,timestamp,required,time,datetime,multi_angle:plc_vendor_envelope,a72bfcfadaf56ca3,external_train,plc_vendor_envelope
PLC01.采集时间.VALUE,thermal_power_boiler,timestamp,required,time,datetime,multi_angle:plc_vendor_envelope,0102e863b829f424,external_train,plc_vendor_envelope
TS,thermal_power_boiler,timestamp,required,time,datetime,multi_angle:separator_noise,0bd9518004e17f1e,external_train,separator_noise
datetime_raw,thermal_power_boiler,timestamp,required,time,datetime,multi_angle:case_and_suffix_noise,8e88fe97ca7a8460,external_train,case_and_suffix_noise
timestamp,thermal_power_boiler,timestamp,required,time,datetime,multi_angle:separator_noise,6cc53e15bed538c4,external_train,separator_noise
timestamp_raw,thermal_power_boiler,timestamp,required,time,datetime,multi_angle:case_and_suffix_noise,62f0b2a93be8475b,external_train,case_and_suffix_noise
ts_raw,thermal_power_boiler,timestamp,required,time,datetime,multi_angle:case_and_suffix_noise,d7580756018ddeca,external_train,case_and_suffix_noise
时间,thermal_power_boiler,timestamp,required,time,datetime,multi_angle:separator_noise,9d6d83cba441b89b,external_train,separator_noise
时间_raw,thermal_power_boiler,timestamp,required,time,datetime,multi_angle:case_and_suffix_noise,5f924d75230c1b9a,external_train,case_and_suffix_noise
记录时间,thermal_power_boiler,timestamp,required,time,datetime,multi_angle:separator_noise,574ab75a499e6606,external_train,separator_noise
记录时间_raw,thermal_power_boiler,timestamp,required,time,datetime,multi_angle:case_and_suffix_noise,5193c8382b027667,external_train,case_and_suffix_noise
采集时间,thermal_power_boiler,timestamp,required,time,datetime,multi_angle:separator_noise,40c0289021d9fdd6,external_train,separator_noise
采集时间_raw,thermal_power_boiler,timestamp,required,time,datetime,multi_angle:case_and_suffix_noise,c04a9c6b4b610e3a,external_train,case_and_suffix_noise
2号线_LOAD_测点A12,thermal_power_boiler,unit_load,required,disturbance,MW,multi_angle:equipment_channel_context,6f32b67933b11a5f,external_train,equipment_channel_context
2号线_UNIT_LOAD_测点A12,thermal_power_boiler,unit_load,required,disturbance,MW,multi_angle:equipment_channel_context,ca3013d7d49acdf6,external_train,equipment_channel_context
2号线_负荷_测点A12,thermal_power_boiler,unit_load,required,disturbance,MW,multi_angle:equipment_channel_context,d700229acf8c2f02,external_train,equipment_channel_context
DCS-A-LOAD-PV-07,thermal_power_boiler,unit_load,required,disturbance,MW,multi_angle:dcs_vendor_envelope,c819a4aaf17a804a,external_train,dcs_vendor_envelope
DCS-A-UNIT_LOAD-PV-07,thermal_power_boiler,unit_load,required,disturbance,MW,multi_angle:dcs_vendor_envelope,e5e9ecfc26982865,external_train,dcs_vendor_envelope
DCS-A-负荷-PV-07,thermal_power_boiler,unit_load,required,disturbance,MW,multi_angle:dcs_vendor_envelope,14de9840e8b78824,external_train,dcs_vendor_envelope
LOAD,thermal_power_boiler,unit_load,required,disturbance,MW,multi_angle:separator_noise,d7a5fa763fa1058c,external_train,separator_noise
LOAD(MW),thermal_power_boiler,unit_load,required,disturbance,MW,multi_angle:unit_parenthesis,4c9d29e66c796dc7,external_train,unit_parenthesis
LOAD__MW__AI,thermal_power_boiler,unit_load,required,disturbance,MW,multi_angle:unit_channel_mix,6f86a32c4721bbdd,external_train,unit_channel_mix
PLC01.LOAD.VALUE,thermal_power_boiler,unit_load,required,disturbance,MW,multi_angle:plc_vendor_envelope,41190406f5eb8951,external_train,plc_vendor_envelope
PLC01.UNIT_LOAD.VALUE,thermal_power_boiler,unit_load,required,disturbance,MW,multi_angle:plc_vendor_envelope,5df22f8f6a615645,external_train,plc_vendor_envelope
PLC01.负荷.VALUE,thermal_power_boiler,unit_load,required,disturbance,MW,multi_angle:plc_vendor_envelope,2932257b8ede41cc,external_train,plc_vendor_envelope
UNIT.LOAD,thermal_power_boiler,unit_load,required,disturbance,MW,multi_angle:separator_noise,6e651898c776c6f0,external_train,separator_noise
UNIT_LOAD(MW),thermal_power_boiler,unit_load,required,disturbance,MW,multi_angle:unit_parenthesis,cf556bb23e232a9b,external_train,unit_parenthesis
UNIT_LOAD__MW__AI,thermal_power_boiler,unit_load,required,disturbance,MW,multi_angle:unit_channel_mix,df92897c786b60cc,external_train,unit_channel_mix
load_raw,thermal_power_boiler,unit_load,required,disturbance,MW,multi_angle:case_and_suffix_noise,9c427ef0f22b5f55,external_train,case_and_suffix_noise
unit_load_raw,thermal_power_boiler,unit_load,required,disturbance,MW,multi_angle:case_and_suffix_noise,17010835582c7693,external_train,case_and_suffix_noise
负荷,thermal_power_boiler,unit_load,required,disturbance,MW,multi_angle:separator_noise,9b1a845275462303,external_train,separator_noise
负荷(MW),thermal_power_boiler,unit_load,required,disturbance,MW,multi_angle:unit_parenthesis,d5a09993695fa56c,external_train,unit_parenthesis
负荷__MW__AI,thermal_power_boiler,unit_load,required,disturbance,MW,multi_angle:unit_channel_mix,e217b04a2ec66f6e,external_train,unit_channel_mix
负荷_raw,thermal_power_boiler,unit_load,required,disturbance,MW,multi_angle:case_and_suffix_noise,970b671d44ecfb75,external_train,case_and_suffix_noise
2号线_AERATION_AIR_FLOW_测点A12,wastewater_aeration,aeration_air_flow,required,manipulated,Nm3/h,multi_angle:equipment_channel_context,bc6a06fd7487a6f3,external_train,equipment_channel_context
2号线_BLOWER_AIR_FLOW_测点A12,wastewater_aeration,aeration_air_flow,required,manipulated,Nm3/h,multi_angle:equipment_channel_context,4118e8f37aee2915,external_train,equipment_channel_context
2号线_aeration_air_flow_测点A12,wastewater_aeration,aeration_air_flow,required,manipulated,Nm3/h,multi_angle:equipment_channel_context,5e992aebcbddf825,external_train,equipment_channel_context
2号线_曝气风量_测点A12,wastewater_aeration,aeration_air_flow,required,manipulated,Nm3/h,multi_angle:equipment_channel_context,acfc19971defb12f,external_train,equipment_channel_context
AERATION.AIR.FLOW,wastewater_aeration,aeration_air_flow,required,manipulated,Nm3/h,multi_angle:separator_noise,07220383b111f984,external_train,separator_noise
AERATION_AIR_FLOW(Nm3/h),wastewater_aeration,aeration_air_flow,required,manipulated,Nm3/h,multi_angle:unit_parenthesis,bef6d4d809f895fe,external_train,unit_parenthesis
AERATION_AIR_FLOW__Nm3/h__AI,wastewater_aeration,aeration_air_flow,required,manipulated,Nm3/h,multi_angle:unit_channel_mix,517dd6e92aa249bb,external_train,unit_channel_mix
BLOWER.AIR.FLOW,wastewater_aeration,aeration_air_flow,required,manipulated,Nm3/h,multi_angle:separator_noise,ef11e6aa7f757ea1,external_train,separator_noise
BLOWER_AIR_FLOW(Nm3/h),wastewater_aeration,aeration_air_flow,required,manipulated,Nm3/h,multi_angle:unit_parenthesis,fce6abf05fd19afe,external_train,unit_parenthesis
BLOWER_AIR_FLOW__Nm3/h__AI,wastewater_aeration,aeration_air_flow,required,manipulated,Nm3/h,multi_angle:unit_channel_mix,ae785458fa7fa1e0,external_train,unit_channel_mix
DCS-A-AERATION_AIR_FLOW-PV-07,wastewater_aeration,aeration_air_flow,required,manipulated,Nm3/h,multi_angle:dcs_vendor_envelope,f0ae0b203ee21103,external_train,dcs_vendor_envelope
DCS-A-BLOWER_AIR_FLOW-PV-07,wastewater_aeration,aeration_air_flow,required,manipulated,Nm3/h,multi_angle:dcs_vendor_envelope,464de7645f1c7566,external_train,dcs_vendor_envelope
DCS-A-aeration_air_flow-PV-07,wastewater_aeration,aeration_air_flow,required,manipulated,Nm3/h,multi_angle:dcs_vendor_envelope,600696c7d2023bc1,external_train,dcs_vendor_envelope
DCS-A-曝气风量-PV-07,wastewater_aeration,aeration_air_flow,required,manipulated,Nm3/h,multi_angle:dcs_vendor_envelope,d0eb7604b643db34,external_train,dcs_vendor_envelope
PLC01.AERATION_AIR_FLOW.VALUE,wastewater_aeration,aeration_air_flow,required,manipulated,Nm3/h,multi_angle:plc_vendor_envelope,745b9a673f3db932,external_train,plc_vendor_envelope
PLC01.BLOWER_AIR_FLOW.VALUE,wastewater_aeration,aeration_air_flow,required,manipulated,Nm3/h,multi_angle:plc_vendor_envelope,a6d68cac4023dbf9,external_train,plc_vendor_envelope
PLC01.aeration_air_flow.VALUE,wastewater_aeration,aeration_air_flow,required,manipulated,Nm3/h,multi_angle:plc_vendor_envelope,59fb8ec893446505,external_train,plc_vendor_envelope
PLC01.曝气风量.VALUE,wastewater_aeration,aeration_air_flow,required,manipulated,Nm3/h,multi_angle:plc_vendor_envelope,875950c2cba3f7ab,external_train,plc_vendor_envelope
aeration.air.flow,wastewater_aeration,aeration_air_flow,required,manipulated,Nm3/h,multi_angle:separator_noise,be09ae8ac6e5d1dd,external_train,separator_noise
aeration_air_flow(Nm3/h),wastewater_aeration,aeration_air_flow,required,manipulated,Nm3/h,multi_angle:unit_parenthesis,e829701812ec9b15,external_train,unit_parenthesis
aeration_air_flow__Nm3/h__AI,wastewater_aeration,aeration_air_flow,required,manipulated,Nm3/h,multi_angle:unit_channel_mix,e6432e7e0228d46d,external_train,unit_channel_mix
aeration_air_flow_raw,wastewater_aeration,aeration_air_flow,required,manipulated,Nm3/h,multi_angle:case_and_suffix_noise,4130284be2933f86,external_train,case_and_suffix_noise
blower_air_flow_raw,wastewater_aeration,aeration_air_flow,required,manipulated,Nm3/h,multi_angle:case_and_suffix_noise,0ed62b81a921bbb4,external_train,case_and_suffix_noise
曝气风量,wastewater_aeration,aeration_air_flow,required,manipulated,Nm3/h,multi_angle:separator_noise,5246d30703728039,external_train,separator_noise
曝气风量(Nm3/h),wastewater_aeration,aeration_air_flow,required,manipulated,Nm3/h,multi_angle:unit_parenthesis,9e05c2499ca97515,external_train,unit_parenthesis
曝气风量__Nm3/h__AI,wastewater_aeration,aeration_air_flow,required,manipulated,Nm3/h,multi_angle:unit_channel_mix,1a166bc22ee60e1c,external_train,unit_channel_mix
曝气风量_raw,wastewater_aeration,aeration_air_flow,required,manipulated,Nm3/h,multi_angle:case_and_suffix_noise,0bef4c5ce9103f87,external_train,case_and_suffix_noise
2号线_BLOWER_FREQ_测点A12,wastewater_aeration,blower_frequency,useful,manipulated,Hz,multi_angle:equipment_channel_context,dc71663ee63c51dd,external_train,equipment_channel_context
2号线_风机频率_测点A12,wastewater_aeration,blower_frequency,useful,manipulated,Hz,multi_angle:equipment_channel_context,b78b71b5c7cf5e21,external_train,equipment_channel_context
2号线_鼓风机频率_测点A12,wastewater_aeration,blower_frequency,useful,manipulated,Hz,multi_angle:equipment_channel_context,570ec26e9ee56ce9,external_train,equipment_channel_context
BLOWER.FREQ,wastewater_aeration,blower_frequency,useful,manipulated,Hz,multi_angle:separator_noise,d58caf9270aba3fb,external_train,separator_noise
BLOWER_FREQ(Hz),wastewater_aeration,blower_frequency,useful,manipulated,Hz,multi_angle:unit_parenthesis,b37820d8ebb34da3,external_train,unit_parenthesis
BLOWER_FREQ__Hz__AI,wastewater_aeration,blower_frequency,useful,manipulated,Hz,multi_angle:unit_channel_mix,5650f57effcde677,external_train,unit_channel_mix
DCS-A-BLOWER_FREQ-PV-07,wastewater_aeration,blower_frequency,useful,manipulated,Hz,multi_angle:dcs_vendor_envelope,f3e2059cd909e247,external_train,dcs_vendor_envelope
DCS-A-风机频率-PV-07,wastewater_aeration,blower_frequency,useful,manipulated,Hz,multi_angle:dcs_vendor_envelope,3ac365584c1be71b,external_train,dcs_vendor_envelope
DCS-A-鼓风机频率-PV-07,wastewater_aeration,blower_frequency,useful,manipulated,Hz,multi_angle:dcs_vendor_envelope,4fde96aadcc60e90,external_train,dcs_vendor_envelope
PLC01.BLOWER_FREQ.VALUE,wastewater_aeration,blower_frequency,useful,manipulated,Hz,multi_angle:plc_vendor_envelope,94a0f8c8241bca38,external_train,plc_vendor_envelope
PLC01.风机频率.VALUE,wastewater_aeration,blower_frequency,useful,manipulated,Hz,multi_angle:plc_vendor_envelope,bf75e4532643f171,external_train,plc_vendor_envelope
PLC01.鼓风机频率.VALUE,wastewater_aeration,blower_frequency,useful,manipulated,Hz,multi_angle:plc_vendor_envelope,5d21573fcd9c7c91,external_train,plc_vendor_envelope
blower_freq_raw,wastewater_aeration,blower_frequency,useful,manipulated,Hz,multi_angle:case_and_suffix_noise,04e3964943bf4fd7,external_train,case_and_suffix_noise
风机频率,wastewater_aeration,blower_frequency,useful,manipulated,Hz,multi_angle:separator_noise,362c36702fdbdebe,external_train,separator_noise
风机频率(Hz),wastewater_aeration,blower_frequency,useful,manipulated,Hz,multi_angle:unit_parenthesis,7ed4ce444a5a4fb2,external_train,unit_parenthesis
风机频率__Hz__AI,wastewater_aeration,blower_frequency,useful,manipulated,Hz,multi_angle:unit_channel_mix,98b06ef791025923,external_train,unit_channel_mix
风机频率_raw,wastewater_aeration,blower_frequency,useful,manipulated,Hz,multi_angle:case_and_suffix_noise,66382253b1a6183a,external_train,case_and_suffix_noise
鼓风机频率,wastewater_aeration,blower_frequency,useful,manipulated,Hz,multi_angle:separator_noise,528e7af6d8c924e2,external_train,separator_noise
鼓风机频率(Hz),wastewater_aeration,blower_frequency,useful,manipulated,Hz,multi_angle:unit_parenthesis,8336deb8322aed87,external_train,unit_parenthesis
鼓风机频率__Hz__AI,wastewater_aeration,blower_frequency,useful,manipulated,Hz,multi_angle:unit_channel_mix,b61696b42c7b8e5b,external_train,unit_channel_mix
鼓风机频率_raw,wastewater_aeration,blower_frequency,useful,manipulated,Hz,multi_angle:case_and_suffix_noise,0f50bcc707e36b57,external_train,case_and_suffix_noise
2号线_DO_测点A12,wastewater_aeration,dissolved_oxygen,required,controlled,mg/L,multi_angle:equipment_channel_context,987821dfb5a2e4c8,external_train,equipment_channel_context
2号线_dissolved_oxygen_测点A12,wastewater_aeration,dissolved_oxygen,required,controlled,mg/L,multi_angle:equipment_channel_context,bd17c89757c68145,external_train,equipment_channel_context
2号线_曝气池DO_测点A12,wastewater_aeration,dissolved_oxygen,required,controlled,mg/L,multi_angle:equipment_channel_context,5c5004d5d8191841,external_train,equipment_channel_context
2号线_溶解氧_测点A12,wastewater_aeration,dissolved_oxygen,required,controlled,mg/L,multi_angle:equipment_channel_context,9864d5144859f93f,external_train,equipment_channel_context
DCS-A-DO-PV-07,wastewater_aeration,dissolved_oxygen,required,controlled,mg/L,multi_angle:dcs_vendor_envelope,92cd02c04b9edd51,external_train,dcs_vendor_envelope
DCS-A-dissolved_oxygen-PV-07,wastewater_aeration,dissolved_oxygen,required,controlled,mg/L,multi_angle:dcs_vendor_envelope,b72b55ae21db5d89,external_train,dcs_vendor_envelope
DCS-A-曝气池DO-PV-07,wastewater_aeration,dissolved_oxygen,required,controlled,mg/L,multi_angle:dcs_vendor_envelope,4f9886f4873dc394,external_train,dcs_vendor_envelope
DCS-A-溶解氧-PV-07,wastewater_aeration,dissolved_oxygen,required,controlled,mg/L,multi_angle:dcs_vendor_envelope,7a7b746e6a583eb5,external_train,dcs_vendor_envelope
DO,wastewater_aeration,dissolved_oxygen,required,controlled,mg/L,multi_angle:separator_noise,a754917df75b2729,external_train,separator_noise
DO(mg/L),wastewater_aeration,dissolved_oxygen,required,controlled,mg/L,multi_angle:unit_parenthesis,43e15ed76b0a750d,external_train,unit_parenthesis
DO__mg/L__AI,wastewater_aeration,dissolved_oxygen,required,controlled,mg/L,multi_angle:unit_channel_mix,b88f6310cb7646f9,external_train,unit_channel_mix
PLC01.DO.VALUE,wastewater_aeration,dissolved_oxygen,required,controlled,mg/L,multi_angle:plc_vendor_envelope,1ed9805ef409e1de,external_train,plc_vendor_envelope
PLC01.dissolved_oxygen.VALUE,wastewater_aeration,dissolved_oxygen,required,controlled,mg/L,multi_angle:plc_vendor_envelope,c1890d891d4f0e7b,external_train,plc_vendor_envelope
PLC01.曝气池DO.VALUE,wastewater_aeration,dissolved_oxygen,required,controlled,mg/L,multi_angle:plc_vendor_envelope,2db4387a32ddcceb,external_train,plc_vendor_envelope
PLC01.溶解氧.VALUE,wastewater_aeration,dissolved_oxygen,required,controlled,mg/L,multi_angle:plc_vendor_envelope,b4b7423af2f16453,external_train,plc_vendor_envelope
dissolved.oxygen,wastewater_aeration,dissolved_oxygen,required,controlled,mg/L,multi_angle:separator_noise,5c390a5bc8d7e236,external_train,separator_noise
dissolved_oxygen(mg/L),wastewater_aeration,dissolved_oxygen,required,controlled,mg/L,multi_angle:unit_parenthesis,c704aa6eabab956e,external_train,unit_parenthesis
dissolved_oxygen__mg/L__AI,wastewater_aeration,dissolved_oxygen,required,controlled,mg/L,multi_angle:unit_channel_mix,ce90939c0a940838,external_train,unit_channel_mix
dissolved_oxygen_raw,wastewater_aeration,dissolved_oxygen,required,controlled,mg/L,multi_angle:case_and_suffix_noise,d7d8f4102c15900e,external_train,case_and_suffix_noise
do_raw,wastewater_aeration,dissolved_oxygen,required,controlled,mg/L,multi_angle:case_and_suffix_noise,68c18d7af566ddc5,external_train,case_and_suffix_noise
曝气池DO,wastewater_aeration,dissolved_oxygen,required,controlled,mg/L,multi_angle:separator_noise,9631a6f22fd1530c,external_train,separator_noise
曝气池DO(mg/L),wastewater_aeration,dissolved_oxygen,required,controlled,mg/L,multi_angle:unit_parenthesis,043817af80b8a98a,external_train,unit_parenthesis
曝气池DO__mg/L__AI,wastewater_aeration,dissolved_oxygen,required,controlled,mg/L,multi_angle:unit_channel_mix,8d0517447bba8cd0,external_train,unit_channel_mix
曝气池do_raw,wastewater_aeration,dissolved_oxygen,required,controlled,mg/L,multi_angle:case_and_suffix_noise,77dcbb43ca850dc6,external_train,case_and_suffix_noise
溶解氧,wastewater_aeration,dissolved_oxygen,required,controlled,mg/L,multi_angle:separator_noise,79bb2d834107d91d,external_train,separator_noise
溶解氧(mg/L),wastewater_aeration,dissolved_oxygen,required,controlled,mg/L,multi_angle:unit_parenthesis,2bbf8a8479527e9e,external_train,unit_parenthesis
溶解氧__mg/L__AI,wastewater_aeration,dissolved_oxygen,required,controlled,mg/L,multi_angle:unit_channel_mix,fb7bd1491775d233,external_train,unit_channel_mix
溶解氧_raw,wastewater_aeration,dissolved_oxygen,required,controlled,mg/L,multi_angle:case_and_suffix_noise,e9a3cfc245f03b92,external_train,case_and_suffix_noise
2号线_OUT_AMMONIA_测点A12,wastewater_aeration,effluent_ammonia,required,controlled,mg/L,multi_angle:equipment_channel_context,e791f08f25afd31f,external_train,equipment_channel_context
2号线_effluent_ammonia_测点A12,wastewater_aeration,effluent_ammonia,required,controlled,mg/L,multi_angle:equipment_channel_context,ef09c559794411d7,external_train,equipment_channel_context
2号线_出水氨氮_测点A12,wastewater_aeration,effluent_ammonia,required,controlled,mg/L,multi_angle:equipment_channel_context,ed5c6dee51505b51,external_train,equipment_channel_context
DCS-A-OUT_AMMONIA-PV-07,wastewater_aeration,effluent_ammonia,required,controlled,mg/L,multi_angle:dcs_vendor_envelope,7d053924b172f673,external_train,dcs_vendor_envelope
DCS-A-effluent_ammonia-PV-07,wastewater_aeration,effluent_ammonia,required,controlled,mg/L,multi_angle:dcs_vendor_envelope,4b89a3f282793049,external_train,dcs_vendor_envelope
DCS-A-出水氨氮-PV-07,wastewater_aeration,effluent_ammonia,required,controlled,mg/L,multi_angle:dcs_vendor_envelope,fe9596212e53f9db,external_train,dcs_vendor_envelope
OUT.AMMONIA,wastewater_aeration,effluent_ammonia,required,controlled,mg/L,multi_angle:separator_noise,cdc78023c9909ec5,external_train,separator_noise
OUT_AMMONIA(mg/L),wastewater_aeration,effluent_ammonia,required,controlled,mg/L,multi_angle:unit_parenthesis,b5aa98ee1a1fca0f,external_train,unit_parenthesis
OUT_AMMONIA__mg/L__AI,wastewater_aeration,effluent_ammonia,required,controlled,mg/L,multi_angle:unit_channel_mix,f9dfe0c36dcd4cac,external_train,unit_channel_mix
PLC01.OUT_AMMONIA.VALUE,wastewater_aeration,effluent_ammonia,required,controlled,mg/L,multi_angle:plc_vendor_envelope,4c2736778bf78380,external_train,plc_vendor_envelope
PLC01.effluent_ammonia.VALUE,wastewater_aeration,effluent_ammonia,required,controlled,mg/L,multi_angle:plc_vendor_envelope,b40083371e021385,external_train,plc_vendor_envelope
PLC01.出水氨氮.VALUE,wastewater_aeration,effluent_ammonia,required,controlled,mg/L,multi_angle:plc_vendor_envelope,534110af44caf290,external_train,plc_vendor_envelope
effluent.ammonia,wastewater_aeration,effluent_ammonia,required,controlled,mg/L,multi_angle:separator_noise,c1a2236b736c01a9,external_train,separator_noise
effluent_ammonia(mg/L),wastewater_aeration,effluent_ammonia,required,controlled,mg/L,multi_angle:unit_parenthesis,67e0cf17f17b7ee1,external_train,unit_parenthesis
effluent_ammonia__mg/L__AI,wastewater_aeration,effluent_ammonia,required,controlled,mg/L,multi_angle:unit_channel_mix,4a122a88afdd3c2e,external_train,unit_channel_mix
effluent_ammonia_raw,wastewater_aeration,effluent_ammonia,required,controlled,mg/L,multi_angle:case_and_suffix_noise,15900bcec976c1ef,external_train,case_and_suffix_noise
out_ammonia_raw,wastewater_aeration,effluent_ammonia,required,controlled,mg/L,multi_angle:case_and_suffix_noise,77aa8403bfaad7d4,external_train,case_and_suffix_noise
出水氨氮,wastewater_aeration,effluent_ammonia,required,controlled,mg/L,multi_angle:separator_noise,ec75c2314e9d03f0,external_train,separator_noise
出水氨氮(mg/L),wastewater_aeration,effluent_ammonia,required,controlled,mg/L,multi_angle:unit_parenthesis,3e9b3dc5cd3a8ff1,external_train,unit_parenthesis
出水氨氮__mg/L__AI,wastewater_aeration,effluent_ammonia,required,controlled,mg/L,multi_angle:unit_channel_mix,cf273bb0ffc203d1,external_train,unit_channel_mix
出水氨氮_raw,wastewater_aeration,effluent_ammonia,required,controlled,mg/L,multi_angle:case_and_suffix_noise,b0d6f9c193349929,external_train,case_and_suffix_noise
2号线_effluent_cod_测点A12,wastewater_aeration,effluent_cod,required,controlled,mg/L,multi_angle:equipment_channel_context,32069f4970753768,external_train,equipment_channel_context
DCS-A-effluent_cod-PV-07,wastewater_aeration,effluent_cod,required,controlled,mg/L,multi_angle:dcs_vendor_envelope,5464c45bba7da441,external_train,dcs_vendor_envelope
PLC01.effluent_cod.VALUE,wastewater_aeration,effluent_cod,required,controlled,mg/L,multi_angle:plc_vendor_envelope,52327d3209b7474b,external_train,plc_vendor_envelope
effluent.cod,wastewater_aeration,effluent_cod,required,controlled,mg/L,multi_angle:separator_noise,6447483d44a9b611,external_train,separator_noise
effluent_cod(mg/L),wastewater_aeration,effluent_cod,required,controlled,mg/L,multi_angle:unit_parenthesis,f39bcc9a0c22ec4f,external_train,unit_parenthesis
effluent_cod__mg/L__AI,wastewater_aeration,effluent_cod,required,controlled,mg/L,multi_angle:unit_channel_mix,086bbc350cd40d1e,external_train,unit_channel_mix
effluent_cod_raw,wastewater_aeration,effluent_cod,required,controlled,mg/L,multi_angle:case_and_suffix_noise,59ff5646e81a5e92,external_train,case_and_suffix_noise
2号线_进水NH3_N_测点A12,wastewater_aeration,influent_ammonia,useful,disturbance,mg/L,multi_angle:equipment_channel_context,0c45ab866a3efe13,external_train,equipment_channel_context
2号线_进水氨氮_测点A12,wastewater_aeration,influent_ammonia,useful,disturbance,mg/L,multi_angle:equipment_channel_context,4f26b0b177d4eff6,external_train,equipment_channel_context
DCS-A-进水NH3_N-PV-07,wastewater_aeration,influent_ammonia,useful,disturbance,mg/L,multi_angle:dcs_vendor_envelope,c72b9cc547ac080a,external_train,dcs_vendor_envelope
DCS-A-进水氨氮-PV-07,wastewater_aeration,influent_ammonia,useful,disturbance,mg/L,multi_angle:dcs_vendor_envelope,f32ce7d85ce99353,external_train,dcs_vendor_envelope
PLC01.进水NH3_N.VALUE,wastewater_aeration,influent_ammonia,useful,disturbance,mg/L,multi_angle:plc_vendor_envelope,e5fef94cdb9e1d5b,external_train,plc_vendor_envelope
PLC01.进水氨氮.VALUE,wastewater_aeration,influent_ammonia,useful,disturbance,mg/L,multi_angle:plc_vendor_envelope,d2492cc50d5256b4,external_train,plc_vendor_envelope
进水NH3-N(mg/L),wastewater_aeration,influent_ammonia,useful,disturbance,mg/L,multi_angle:unit_parenthesis,cb07164eb1e7909d,external_train,unit_parenthesis
进水NH3.N,wastewater_aeration,influent_ammonia,useful,disturbance,mg/L,multi_angle:separator_noise,1fd00053fd4c261a,external_train,separator_noise
进水NH3_N__mg/L__AI,wastewater_aeration,influent_ammonia,useful,disturbance,mg/L,multi_angle:unit_channel_mix,36e0514e809335fb,external_train,unit_channel_mix
进水nh3_n_raw,wastewater_aeration,influent_ammonia,useful,disturbance,mg/L,multi_angle:case_and_suffix_noise,39f544039a104b0a,external_train,case_and_suffix_noise
进水氨氮,wastewater_aeration,influent_ammonia,useful,disturbance,mg/L,multi_angle:separator_noise,b3f837a3c497cc04,external_train,separator_noise
进水氨氮(mg/L),wastewater_aeration,influent_ammonia,useful,disturbance,mg/L,multi_angle:unit_parenthesis,767ea9266b109c85,external_train,unit_parenthesis
进水氨氮__mg/L__AI,wastewater_aeration,influent_ammonia,useful,disturbance,mg/L,multi_angle:unit_channel_mix,3983b78d4491f5bb,external_train,unit_channel_mix
进水氨氮_raw,wastewater_aeration,influent_ammonia,useful,disturbance,mg/L,multi_angle:case_and_suffix_noise,d3d7fa20d8bb8712,external_train,case_and_suffix_noise
2号线_IN_COD_测点A12,wastewater_aeration,influent_cod,required,disturbance,mg/L,multi_angle:equipment_channel_context,e951e71f07889048,external_train,equipment_channel_context
2号线_进水COD_测点A12,wastewater_aeration,influent_cod,required,disturbance,mg/L,multi_angle:equipment_channel_context,8b97bb058f2855d2,external_train,equipment_channel_context
DCS-A-IN_COD-PV-07,wastewater_aeration,influent_cod,required,disturbance,mg/L,multi_angle:dcs_vendor_envelope,88270e59e457e9d1,external_train,dcs_vendor_envelope
DCS-A-进水COD-PV-07,wastewater_aeration,influent_cod,required,disturbance,mg/L,multi_angle:dcs_vendor_envelope,b28cf18fd547fadd,external_train,dcs_vendor_envelope
IN.COD,wastewater_aeration,influent_cod,required,disturbance,mg/L,multi_angle:separator_noise,fc79b8716550c83e,external_train,separator_noise
IN_COD(mg/L),wastewater_aeration,influent_cod,required,disturbance,mg/L,multi_angle:unit_parenthesis,543b42f0ad4e1353,external_train,unit_parenthesis
IN_COD__mg/L__AI,wastewater_aeration,influent_cod,required,disturbance,mg/L,multi_angle:unit_channel_mix,010c046cc3e2df2f,external_train,unit_channel_mix
PLC01.IN_COD.VALUE,wastewater_aeration,influent_cod,required,disturbance,mg/L,multi_angle:plc_vendor_envelope,d26d0a8381679073,external_train,plc_vendor_envelope
PLC01.进水COD.VALUE,wastewater_aeration,influent_cod,required,disturbance,mg/L,multi_angle:plc_vendor_envelope,275dfb6932babb19,external_train,plc_vendor_envelope
in_cod_raw,wastewater_aeration,influent_cod,required,disturbance,mg/L,multi_angle:case_and_suffix_noise,da4d0c71fba47ca1,external_train,case_and_suffix_noise
进水COD,wastewater_aeration,influent_cod,required,disturbance,mg/L,multi_angle:separator_noise,fbc1a0afea689aef,external_train,separator_noise
进水COD(mg/L),wastewater_aeration,influent_cod,required,disturbance,mg/L,multi_angle:unit_parenthesis,d6c498040e309b82,external_train,unit_parenthesis
进水COD__mg/L__AI,wastewater_aeration,influent_cod,required,disturbance,mg/L,multi_angle:unit_channel_mix,db4632b9b416843f,external_train,unit_channel_mix
进水cod_raw,wastewater_aeration,influent_cod,required,disturbance,mg/L,multi_angle:case_and_suffix_noise,720c7175f56dc362,external_train,case_and_suffix_noise
2号线_INFLUENT_FLOW_测点A12,wastewater_aeration,influent_flow,required,disturbance,m3/h,multi_angle:equipment_channel_context,6945e092c991d333,external_train,equipment_channel_context
2号线_influent_flow_测点A12,wastewater_aeration,influent_flow,required,disturbance,m3/h,multi_angle:equipment_channel_context,3611c9dcc77d1880,external_train,equipment_channel_context
2号线_污水流量_测点A12,wastewater_aeration,influent_flow,required,disturbance,m3/h,multi_angle:equipment_channel_context,bdf16f20b4d89784,external_train,equipment_channel_context
DCS-A-INFLUENT_FLOW-PV-07,wastewater_aeration,influent_flow,required,disturbance,m3/h,multi_angle:dcs_vendor_envelope,b31be580c3cb4ad2,external_train,dcs_vendor_envelope
DCS-A-influent_flow-PV-07,wastewater_aeration,influent_flow,required,disturbance,m3/h,multi_angle:dcs_vendor_envelope,cf29e9b6b4620ebb,external_train,dcs_vendor_envelope
DCS-A-污水流量-PV-07,wastewater_aeration,influent_flow,required,disturbance,m3/h,multi_angle:dcs_vendor_envelope,f7330830dc0c3d05,external_train,dcs_vendor_envelope
INFLUENT.FLOW,wastewater_aeration,influent_flow,required,disturbance,m3/h,multi_angle:separator_noise,75fbb3d129d6f0be,external_train,separator_noise
INFLUENT_FLOW(m3/h),wastewater_aeration,influent_flow,required,disturbance,m3/h,multi_angle:unit_parenthesis,8fd8e349458fea42,external_train,unit_parenthesis
INFLUENT_FLOW__m3/h__AI,wastewater_aeration,influent_flow,required,disturbance,m3/h,multi_angle:unit_channel_mix,70ef9f5a3e9459d2,external_train,unit_channel_mix
PLC01.INFLUENT_FLOW.VALUE,wastewater_aeration,influent_flow,required,disturbance,m3/h,multi_angle:plc_vendor_envelope,4618087e89622d6c,external_train,plc_vendor_envelope
PLC01.influent_flow.VALUE,wastewater_aeration,influent_flow,required,disturbance,m3/h,multi_angle:plc_vendor_envelope,481435c50ba535f4,external_train,plc_vendor_envelope
PLC01.污水流量.VALUE,wastewater_aeration,influent_flow,required,disturbance,m3/h,multi_angle:plc_vendor_envelope,623357fb9fc300a5,external_train,plc_vendor_envelope
influent.flow,wastewater_aeration,influent_flow,required,disturbance,m3/h,multi_angle:separator_noise,f66c0686291ba8d0,external_train,separator_noise
influent_flow(m3/h),wastewater_aeration,influent_flow,required,disturbance,m3/h,multi_angle:unit_parenthesis,d0341a1d5c8909a1,external_train,unit_parenthesis
influent_flow__m3/h__AI,wastewater_aeration,influent_flow,required,disturbance,m3/h,multi_angle:unit_channel_mix,d0d6d066a107b2c3,external_train,unit_channel_mix
influent_flow_raw,wastewater_aeration,influent_flow,required,disturbance,m3/h,multi_angle:case_and_suffix_noise,7bc0422cb5f5d63d,external_train,case_and_suffix_noise
污水流量,wastewater_aeration,influent_flow,required,disturbance,m3/h,multi_angle:separator_noise,340e1a41358128c5,external_train,separator_noise
污水流量(m3/h),wastewater_aeration,influent_flow,required,disturbance,m3/h,multi_angle:unit_parenthesis,54e9b20c5afc19e3,external_train,unit_parenthesis
污水流量__m3/h__AI,wastewater_aeration,influent_flow,required,disturbance,m3/h,multi_angle:unit_channel_mix,49da40825eda373b,external_train,unit_channel_mix
污水流量_raw,wastewater_aeration,influent_flow,required,disturbance,m3/h,multi_angle:case_and_suffix_noise,18eec9567ff1f3f8,external_train,case_and_suffix_noise
2号线_MLSS_测点A12,wastewater_aeration,mlss,required,state,mg/L,multi_angle:equipment_channel_context,747133b85ce6f192,external_train,equipment_channel_context
2号线_mlss_测点A12,wastewater_aeration,mlss,required,state,mg/L,multi_angle:equipment_channel_context,647aed45b7dc7878,external_train,equipment_channel_context
2号线_污泥浓度_测点A12,wastewater_aeration,mlss,required,state,mg/L,multi_angle:equipment_channel_context,2e48ea897e28f678,external_train,equipment_channel_context
DCS-A-MLSS-PV-07,wastewater_aeration,mlss,required,state,mg/L,multi_angle:dcs_vendor_envelope,7eda4b55cc533f3e,external_train,dcs_vendor_envelope
DCS-A-mlss-PV-07,wastewater_aeration,mlss,required,state,mg/L,multi_angle:dcs_vendor_envelope,beb87cff9f7df6f5,external_train,dcs_vendor_envelope
DCS-A-污泥浓度-PV-07,wastewater_aeration,mlss,required,state,mg/L,multi_angle:dcs_vendor_envelope,521a657a62da472a,external_train,dcs_vendor_envelope
MLSS,wastewater_aeration,mlss,required,state,mg/L,multi_angle:separator_noise,37f0bd0886d91c48,external_train,separator_noise
MLSS(mg/L),wastewater_aeration,mlss,required,state,mg/L,multi_angle:unit_parenthesis,485320031af21fb5,external_train,unit_parenthesis
MLSS__mg/L__AI,wastewater_aeration,mlss,required,state,mg/L,multi_angle:unit_channel_mix,ff05b0ed7d51987c,external_train,unit_channel_mix
PLC01.MLSS.VALUE,wastewater_aeration,mlss,required,state,mg/L,multi_angle:plc_vendor_envelope,999e744e8cf7d485,external_train,plc_vendor_envelope
PLC01.mlss.VALUE,wastewater_aeration,mlss,required,state,mg/L,multi_angle:plc_vendor_envelope,6b898f374f5ac3bf,external_train,plc_vendor_envelope
PLC01.污泥浓度.VALUE,wastewater_aeration,mlss,required,state,mg/L,multi_angle:plc_vendor_envelope,e4ac16edb7cc169d,external_train,plc_vendor_envelope
mlss,wastewater_aeration,mlss,required,state,mg/L,multi_angle:separator_noise,b44087e8adc40782,external_train,separator_noise
mlss(mg/L),wastewater_aeration,mlss,required,state,mg/L,multi_angle:unit_parenthesis,c9fb144896bcab16,external_train,unit_parenthesis
mlss__mg/L__AI,wastewater_aeration,mlss,required,state,mg/L,multi_angle:unit_channel_mix,217c95d41c0fd196,external_train,unit_channel_mix
mlss_raw,wastewater_aeration,mlss,required,state,mg/L,multi_angle:case_and_suffix_noise,8febcc1045e8522a,external_train,case_and_suffix_noise
污泥浓度,wastewater_aeration,mlss,required,state,mg/L,multi_angle:separator_noise,6e2fabe3d9603d31,external_train,separator_noise
污泥浓度(mg/L),wastewater_aeration,mlss,required,state,mg/L,multi_angle:unit_parenthesis,b760334588735381,external_train,unit_parenthesis
污泥浓度__mg/L__AI,wastewater_aeration,mlss,required,state,mg/L,multi_angle:unit_channel_mix,966319cdd41f93c6,external_train,unit_channel_mix
污泥浓度_raw,wastewater_aeration,mlss,required,state,mg/L,multi_angle:case_and_suffix_noise,9bc9b92c6e3b4ff8,external_train,case_and_suffix_noise
2号线_PH值_测点A12,wastewater_aeration,ph,useful,state,pH,multi_angle:equipment_channel_context,f7daa5bad49ca888,external_train,equipment_channel_context
2号线_酸碱值_测点A12,wastewater_aeration,ph,useful,state,pH,multi_angle:equipment_channel_context,a0d779f48665faaf,external_train,equipment_channel_context
2号线_酸碱度_测点A12,wastewater_aeration,ph,useful,state,pH,multi_angle:equipment_channel_context,14b45ed4532b56c2,external_train,equipment_channel_context
DCS-A-PH值-PV-07,wastewater_aeration,ph,useful,state,pH,multi_angle:dcs_vendor_envelope,87d00871a0f5de4a,external_train,dcs_vendor_envelope
DCS-A-酸碱值-PV-07,wastewater_aeration,ph,useful,state,pH,multi_angle:dcs_vendor_envelope,3b0a8021a3b6ff27,external_train,dcs_vendor_envelope
DCS-A-酸碱度-PV-07,wastewater_aeration,ph,useful,state,pH,multi_angle:dcs_vendor_envelope,b41cd0aedd3eb147,external_train,dcs_vendor_envelope
PH值,wastewater_aeration,ph,useful,state,pH,multi_angle:separator_noise,19dff8612406bba9,external_train,separator_noise
PH值(pH),wastewater_aeration,ph,useful,state,pH,multi_angle:unit_parenthesis,58903fcc957fc409,external_train,unit_parenthesis
PH值__pH__AI,wastewater_aeration,ph,useful,state,pH,multi_angle:unit_channel_mix,814adb2edf102862,external_train,unit_channel_mix
PLC01.PH值.VALUE,wastewater_aeration,ph,useful,state,pH,multi_angle:plc_vendor_envelope,fc4c5ec45a748cd7,external_train,plc_vendor_envelope
PLC01.酸碱值.VALUE,wastewater_aeration,ph,useful,state,pH,multi_angle:plc_vendor_envelope,a078832a50b66bd2,external_train,plc_vendor_envelope
PLC01.酸碱度.VALUE,wastewater_aeration,ph,useful,state,pH,multi_angle:plc_vendor_envelope,21bbf13a6bea0028,external_train,plc_vendor_envelope
ph值_raw,wastewater_aeration,ph,useful,state,pH,multi_angle:case_and_suffix_noise,d2eefa8a095bf2f7,external_train,case_and_suffix_noise
酸碱值,wastewater_aeration,ph,useful,state,pH,multi_angle:separator_noise,b69d32559bca2ee8,external_train,separator_noise
酸碱值(pH),wastewater_aeration,ph,useful,state,pH,multi_angle:unit_parenthesis,ba9b52d96284e589,external_train,unit_parenthesis
酸碱值__pH__AI,wastewater_aeration,ph,useful,state,pH,multi_angle:unit_channel_mix,0d637bdddf7b65da,external_train,unit_channel_mix
酸碱值_raw,wastewater_aeration,ph,useful,state,pH,multi_angle:case_and_suffix_noise,dc804834ae6f46cb,external_train,case_and_suffix_noise
酸碱度,wastewater_aeration,ph,useful,state,pH,multi_angle:separator_noise,2ed7ccd71c46cf54,external_train,separator_noise
酸碱度(pH),wastewater_aeration,ph,useful,state,pH,multi_angle:unit_parenthesis,a2a45bafa66c1bad,external_train,unit_parenthesis
酸碱度__pH__AI,wastewater_aeration,ph,useful,state,pH,multi_angle:unit_channel_mix,7d374360b36e0e27,external_train,unit_channel_mix
酸碱度_raw,wastewater_aeration,ph,useful,state,pH,multi_angle:case_and_suffix_noise,8ad56ad92081c23d,external_train,case_and_suffix_noise
2号线_RAS_FLOW_测点A12,wastewater_aeration,return_sludge_flow,useful,manipulated,m3/h,multi_angle:equipment_channel_context,247fabd16a3d5947,external_train,equipment_channel_context
2号线_RETURN_SLUDGE_FLOW_测点A12,wastewater_aeration,return_sludge_flow,useful,manipulated,m3/h,multi_angle:equipment_channel_context,df22001a341100af,external_train,equipment_channel_context
2号线_return_sludge_flow_测点A12,wastewater_aeration,return_sludge_flow,useful,manipulated,m3/h,multi_angle:equipment_channel_context,4ad093b0561a4309,external_train,equipment_channel_context
2号线_污泥回流量_测点A12,wastewater_aeration,return_sludge_flow,useful,manipulated,m3/h,multi_angle:equipment_channel_context,58a946299c4e3bf0,external_train,equipment_channel_context
DCS-A-RAS_FLOW-PV-07,wastewater_aeration,return_sludge_flow,useful,manipulated,m3/h,multi_angle:dcs_vendor_envelope,af6d38c3d72cac54,external_train,dcs_vendor_envelope
DCS-A-RETURN_SLUDGE_FLOW-PV-07,wastewater_aeration,return_sludge_flow,useful,manipulated,m3/h,multi_angle:dcs_vendor_envelope,f2add3a007b8b191,external_train,dcs_vendor_envelope
DCS-A-return_sludge_flow-PV-07,wastewater_aeration,return_sludge_flow,useful,manipulated,m3/h,multi_angle:dcs_vendor_envelope,3db471078521ae74,external_train,dcs_vendor_envelope
DCS-A-污泥回流量-PV-07,wastewater_aeration,return_sludge_flow,useful,manipulated,m3/h,multi_angle:dcs_vendor_envelope,c08ea34294cc9e7d,external_train,dcs_vendor_envelope
PLC01.RAS_FLOW.VALUE,wastewater_aeration,return_sludge_flow,useful,manipulated,m3/h,multi_angle:plc_vendor_envelope,23198a85ceb68e51,external_train,plc_vendor_envelope
PLC01.RETURN_SLUDGE_FLOW.VALUE,wastewater_aeration,return_sludge_flow,useful,manipulated,m3/h,multi_angle:plc_vendor_envelope,8f87e26a39ec7ab1,external_train,plc_vendor_envelope
PLC01.return_sludge_flow.VALUE,wastewater_aeration,return_sludge_flow,useful,manipulated,m3/h,multi_angle:plc_vendor_envelope,b49e87efcd5687b4,external_train,plc_vendor_envelope
PLC01.污泥回流量.VALUE,wastewater_aeration,return_sludge_flow,useful,manipulated,m3/h,multi_angle:plc_vendor_envelope,c0cb41b62df5c5c0,external_train,plc_vendor_envelope
RAS.FLOW,wastewater_aeration,return_sludge_flow,useful,manipulated,m3/h,multi_angle:separator_noise,ae3324b4ae357b40,external_train,separator_noise
RAS_FLOW(m3/h),wastewater_aeration,return_sludge_flow,useful,manipulated,m3/h,multi_angle:unit_parenthesis,1e8e5fcc77ba0c17,external_train,unit_parenthesis
RAS_FLOW__m3/h__AI,wastewater_aeration,return_sludge_flow,useful,manipulated,m3/h,multi_angle:unit_channel_mix,09e130ba6fa70040,external_train,unit_channel_mix
RETURN.SLUDGE.FLOW,wastewater_aeration,return_sludge_flow,useful,manipulated,m3/h,multi_angle:separator_noise,f294f762ee9afa1a,external_train,separator_noise
RETURN_SLUDGE_FLOW(m3/h),wastewater_aeration,return_sludge_flow,useful,manipulated,m3/h,multi_angle:unit_parenthesis,efd3ddcbb5c15463,external_train,unit_parenthesis
RETURN_SLUDGE_FLOW__m3/h__AI,wastewater_aeration,return_sludge_flow,useful,manipulated,m3/h,multi_angle:unit_channel_mix,bd5f5e0046a16150,external_train,unit_channel_mix
ras_flow_raw,wastewater_aeration,return_sludge_flow,useful,manipulated,m3/h,multi_angle:case_and_suffix_noise,93f3a8b296f74e66,external_train,case_and_suffix_noise
return.sludge.flow,wastewater_aeration,return_sludge_flow,useful,manipulated,m3/h,multi_angle:separator_noise,d072d0e36593a979,external_train,separator_noise
return_sludge_flow(m3/h),wastewater_aeration,return_sludge_flow,useful,manipulated,m3/h,multi_angle:unit_parenthesis,5a498eb44e8d6ada,external_train,unit_parenthesis
return_sludge_flow__m3/h__AI,wastewater_aeration,return_sludge_flow,useful,manipulated,m3/h,multi_angle:unit_channel_mix,8019c25be3373ee5,external_train,unit_channel_mix
return_sludge_flow_raw,wastewater_aeration,return_sludge_flow,useful,manipulated,m3/h,multi_angle:case_and_suffix_noise,516145a8a48c25d3,external_train,case_and_suffix_noise
污泥回流量,wastewater_aeration,return_sludge_flow,useful,manipulated,m3/h,multi_angle:separator_noise,1e8845bddfee7460,external_train,separator_noise
污泥回流量(m3/h),wastewater_aeration,return_sludge_flow,useful,manipulated,m3/h,multi_angle:unit_parenthesis,347dc188e4a46b3d,external_train,unit_parenthesis
污泥回流量__m3/h__AI,wastewater_aeration,return_sludge_flow,useful,manipulated,m3/h,multi_angle:unit_channel_mix,cf66326f71bed6d9,external_train,unit_channel_mix
污泥回流量_raw,wastewater_aeration,return_sludge_flow,useful,manipulated,m3/h,multi_angle:case_and_suffix_noise,5f0b99e63676cb2b,external_train,case_and_suffix_noise
2号线_DATETIME_测点A12,wastewater_aeration,timestamp,required,time,datetime,multi_angle:equipment_channel_context,7cd804fcaaa2de68,external_train,equipment_channel_context
2号线_TIME_测点A12,wastewater_aeration,timestamp,required,time,datetime,multi_angle:equipment_channel_context,b2001b6491c67649,external_train,equipment_channel_context
2号线_TS_测点A12,wastewater_aeration,timestamp,required,time,datetime,multi_angle:equipment_channel_context,917445cb3e25a21c,external_train,equipment_channel_context
2号线_timestamp_测点A12,wastewater_aeration,timestamp,required,time,datetime,multi_angle:equipment_channel_context,f135c62173a1dc56,external_train,equipment_channel_context
2号线_时间_测点A12,wastewater_aeration,timestamp,required,time,datetime,multi_angle:equipment_channel_context,d5c9a8710cad7f1b,external_train,equipment_channel_context
2号线_时间戳_测点A12,wastewater_aeration,timestamp,required,time,datetime,multi_angle:equipment_channel_context,4ec4ed31a286558e,external_train,equipment_channel_context
2号线_采集时间_测点A12,wastewater_aeration,timestamp,required,time,datetime,multi_angle:equipment_channel_context,9f67fa107541dec1,external_train,equipment_channel_context
DATETIME,wastewater_aeration,timestamp,required,time,datetime,multi_angle:separator_noise,015ad693181ecdb6,external_train,separator_noise
DCS-A-DATETIME-PV-07,wastewater_aeration,timestamp,required,time,datetime,multi_angle:dcs_vendor_envelope,dd562c7bada3e834,external_train,dcs_vendor_envelope
DCS-A-TIME-PV-07,wastewater_aeration,timestamp,required,time,datetime,multi_angle:dcs_vendor_envelope,e22f966b3102076b,external_train,dcs_vendor_envelope
DCS-A-TS-PV-07,wastewater_aeration,timestamp,required,time,datetime,multi_angle:dcs_vendor_envelope,f72150a4500fc7cd,external_train,dcs_vendor_envelope
DCS-A-timestamp-PV-07,wastewater_aeration,timestamp,required,time,datetime,multi_angle:dcs_vendor_envelope,26ccf0d6e75a8ec7,external_train,dcs_vendor_envelope
DCS-A-时间-PV-07,wastewater_aeration,timestamp,required,time,datetime,multi_angle:dcs_vendor_envelope,3a1d6c7507f37cc5,external_train,dcs_vendor_envelope
DCS-A-时间戳-PV-07,wastewater_aeration,timestamp,required,time,datetime,multi_angle:dcs_vendor_envelope,8d609f5065184b31,external_train,dcs_vendor_envelope
DCS-A-采集时间-PV-07,wastewater_aeration,timestamp,required,time,datetime,multi_angle:dcs_vendor_envelope,98db54c62cdd6697,external_train,dcs_vendor_envelope
PLC01.DATETIME.VALUE,wastewater_aeration,timestamp,required,time,datetime,multi_angle:plc_vendor_envelope,19250c3d67a1e1b6,external_train,plc_vendor_envelope
PLC01.TIME.VALUE,wastewater_aeration,timestamp,required,time,datetime,multi_angle:plc_vendor_envelope,7f0c4f18979877ef,external_train,plc_vendor_envelope
PLC01.TS.VALUE,wastewater_aeration,timestamp,required,time,datetime,multi_angle:plc_vendor_envelope,6ee677fa76d841ab,external_train,plc_vendor_envelope
PLC01.timestamp.VALUE,wastewater_aeration,timestamp,required,time,datetime,multi_angle:plc_vendor_envelope,4288e0b95607932b,external_train,plc_vendor_envelope
PLC01.时间.VALUE,wastewater_aeration,timestamp,required,time,datetime,multi_angle:plc_vendor_envelope,d162e22023c2c5d0,external_train,plc_vendor_envelope
PLC01.时间戳.VALUE,wastewater_aeration,timestamp,required,time,datetime,multi_angle:plc_vendor_envelope,7d70233c9c0c9153,external_train,plc_vendor_envelope
PLC01.采集时间.VALUE,wastewater_aeration,timestamp,required,time,datetime,multi_angle:plc_vendor_envelope,08105d39d5b8d2bc,external_train,plc_vendor_envelope
TIME,wastewater_aeration,timestamp,required,time,datetime,multi_angle:separator_noise,8510589b17ca3c43,external_train,separator_noise
TS,wastewater_aeration,timestamp,required,time,datetime,multi_angle:separator_noise,74049b21c5461fc9,external_train,separator_noise
datetime_raw,wastewater_aeration,timestamp,required,time,datetime,multi_angle:case_and_suffix_noise,cc2b78b759ff6e8c,external_train,case_and_suffix_noise
time_raw,wastewater_aeration,timestamp,required,time,datetime,multi_angle:case_and_suffix_noise,6fa536fde2c4802c,external_train,case_and_suffix_noise
timestamp,wastewater_aeration,timestamp,required,time,datetime,multi_angle:separator_noise,49f24bc0bd810f36,external_train,separator_noise
timestamp_raw,wastewater_aeration,timestamp,required,time,datetime,multi_angle:case_and_suffix_noise,43aa5478ac607833,external_train,case_and_suffix_noise
ts_raw,wastewater_aeration,timestamp,required,time,datetime,multi_angle:case_and_suffix_noise,dd9672f2cdeb5f30,external_train,case_and_suffix_noise
时间,wastewater_aeration,timestamp,required,time,datetime,multi_angle:separator_noise,0837ad46d18f01bf,external_train,separator_noise
时间_raw,wastewater_aeration,timestamp,required,time,datetime,multi_angle:case_and_suffix_noise,de8c298bef69aa05,external_train,case_and_suffix_noise
时间戳,wastewater_aeration,timestamp,required,time,datetime,multi_angle:separator_noise,1cd70ddff230ac0a,external_train,separator_noise
时间戳_raw,wastewater_aeration,timestamp,required,time,datetime,multi_angle:case_and_suffix_noise,23f1c92c1edceb80,external_train,case_and_suffix_noise
采集时间,wastewater_aeration,timestamp,required,time,datetime,multi_angle:separator_noise,1ecf1b6bc966c30e,external_train,separator_noise
采集时间_raw,wastewater_aeration,timestamp,required,time,datetime,multi_angle:case_and_suffix_noise,e88b7b0fbce50122,external_train,case_and_suffix_noise
2号线_WATER_TEMP_测点A12,wastewater_aeration,water_temperature,useful,state,degC,multi_angle:equipment_channel_context,ba524c976c29470a,external_train,equipment_channel_context
2号线_water_temperature_测点A12,wastewater_aeration,water_temperature,useful,state,degC,multi_angle:equipment_channel_context,7f87bf769fbd584d,external_train,equipment_channel_context
2号线_水温_测点A12,wastewater_aeration,water_temperature,useful,state,degC,multi_angle:equipment_channel_context,12d3942f999d1621,external_train,equipment_channel_context
2号线_池温_测点A12,wastewater_aeration,water_temperature,useful,state,degC,multi_angle:equipment_channel_context,550c93ebf023de47,external_train,equipment_channel_context
DCS-A-WATER_TEMP-PV-07,wastewater_aeration,water_temperature,useful,state,degC,multi_angle:dcs_vendor_envelope,391bf8527ac394a0,external_train,dcs_vendor_envelope
DCS-A-water_temperature-PV-07,wastewater_aeration,water_temperature,useful,state,degC,multi_angle:dcs_vendor_envelope,00e3d6ae6d4b4a50,external_train,dcs_vendor_envelope
DCS-A-水温-PV-07,wastewater_aeration,water_temperature,useful,state,degC,multi_angle:dcs_vendor_envelope,8e92e26458981032,external_train,dcs_vendor_envelope
DCS-A-池温-PV-07,wastewater_aeration,water_temperature,useful,state,degC,multi_angle:dcs_vendor_envelope,71aa05b10ff5fcc1,external_train,dcs_vendor_envelope
PLC01.WATER_TEMP.VALUE,wastewater_aeration,water_temperature,useful,state,degC,multi_angle:plc_vendor_envelope,a45688d4c82a3406,external_train,plc_vendor_envelope
PLC01.water_temperature.VALUE,wastewater_aeration,water_temperature,useful,state,degC,multi_angle:plc_vendor_envelope,61e01b8272b0a14c,external_train,plc_vendor_envelope
PLC01.水温.VALUE,wastewater_aeration,water_temperature,useful,state,degC,multi_angle:plc_vendor_envelope,2e43493db5112e97,external_train,plc_vendor_envelope
PLC01.池温.VALUE,wastewater_aeration,water_temperature,useful,state,degC,multi_angle:plc_vendor_envelope,669648898fdd010f,external_train,plc_vendor_envelope
WATER.TEMP,wastewater_aeration,water_temperature,useful,state,degC,multi_angle:separator_noise,1e065e3a5e8be956,external_train,separator_noise
WATER_TEMP(degC),wastewater_aeration,water_temperature,useful,state,degC,multi_angle:unit_parenthesis,633b90cfe76f4699,external_train,unit_parenthesis
WATER_TEMP__degC__AI,wastewater_aeration,water_temperature,useful,state,degC,multi_angle:unit_channel_mix,1843e79ecbf1b4f6,external_train,unit_channel_mix
water.temperature,wastewater_aeration,water_temperature,useful,state,degC,multi_angle:separator_noise,8685247e49bf6241,external_train,separator_noise
water_temp_raw,wastewater_aeration,water_temperature,useful,state,degC,multi_angle:case_and_suffix_noise,ce48da13692758e7,external_train,case_and_suffix_noise
water_temperature(degC),wastewater_aeration,water_temperature,useful,state,degC,multi_angle:unit_parenthesis,4f949f844df91cc6,external_train,unit_parenthesis
water_temperature__degC__AI,wastewater_aeration,water_temperature,useful,state,degC,multi_angle:unit_channel_mix,a5e94a9c1f93bc0d,external_train,unit_channel_mix
water_temperature_raw,wastewater_aeration,water_temperature,useful,state,degC,multi_angle:case_and_suffix_noise,1051d0f215015fad,external_train,case_and_suffix_noise
水温,wastewater_aeration,water_temperature,useful,state,degC,multi_angle:separator_noise,e29b25f319286dc7,external_train,separator_noise
水温(degC),wastewater_aeration,water_temperature,useful,state,degC,multi_angle:unit_parenthesis,caef2d15e9b14904,external_train,unit_parenthesis
水温__degC__AI,wastewater_aeration,water_temperature,useful,state,degC,multi_angle:unit_channel_mix,101498e6dd22675f,external_train,unit_channel_mix
水温_raw,wastewater_aeration,water_temperature,useful,state,degC,multi_angle:case_and_suffix_noise,d055143dc9f32b3a,external_train,case_and_suffix_noise
池温,wastewater_aeration,water_temperature,useful,state,degC,multi_angle:separator_noise,a33341bbbf2b0e0d,external_train,separator_noise
池温(degC),wastewater_aeration,water_temperature,useful,state,degC,multi_angle:unit_parenthesis,7c450c2583f54d16,external_train,unit_parenthesis
池温__degC__AI,wastewater_aeration,water_temperature,useful,state,degC,multi_angle:unit_channel_mix,86971d8da99bc9af,external_train,unit_channel_mix
池温_raw,wastewater_aeration,water_temperature,useful,state,degC,multi_angle:case_and_suffix_noise,b8e7108c2a71a074,external_train,case_and_suffix_noise
