采集时间,厂内煤气总管瞬时量[Nm3/h],助燃风量[Nm3/h],ZONE1_TEMP_C,二段炉温(℃),均热段温度(°F),WALKING_BEAM_SPEED,入炉温度,SLAB_OUT_TEMP_C,炉压(kPa),O2_PERCENT,板坯厚度,THROUGHPUT,厂商临时标签,炉号,质量码
2026-01-01 08:00:00,24248.42621576516,43315.007776117614,927.2343405841733,1118.2311217910449,2260.559421477209,1.19898913687558,172.1379767365034,1161.3353793884783,0.005214930350286039,2.9695188654448352,220,175.43684584322332,0,H2026072201,0
2026-01-01 08:01:00,24608.032788892247,43651.60339183699,931.0838643263625,1117.188092534868,2263.772656640853,1.19479140933956,166.8937689283001,1159.7238886836972,0.0068041998448668045,3.03591733432251,220,169.67001176220123,2,H2026072201,1
2026-01-01 08:02:00,24552.16717358969,43549.85635623431,933.8386968201133,1119.9845613948673,2266.005771937582,1.1995284415993892,165.6271640400984,1159.43091490521,0.00875349035837856,3.047764642020672,220,172.97521718116997,2,H2026072201,1
2026-01-01 08:03:00,24638.28272335371,43366.28617562704,932.1261946562687,1121.833638986347,2266.5105415828557,1.2045420871505133,171.42845568178967,1160.208551173455,0.008706102100719476,3.0124003454744743,220,166.81783463192417,0,H2026072201,1
2026-01-01 08:04:00,24516.328760540306,43772.63124452805,933.3604946445997,1122.4050411092612,2261.1842076852727,1.1872236872089452,169.90886200931794,1160.1359328096019,0.00892964797539519,2.9944557608635716,220,172.4423931827909,2,H2026072201,1
2026-01-01 08:05:00,24599.48844794606,44287.076264281844,930.727906645269,1118.9652754315257,2268.325563936971,1.1904351688946573,165.7843485846125,1161.1530875002593,0.009176106519628859,2.952781508443484,220,168.57545843312218,2,H2026072201,1
2026-01-01 08:06:00,24714.124185479686,44211.83046998141,931.5352947961608,1124.811964657602,2270.095227299299,1.2059092406828393,168.44613937469484,1162.3215493685504,0.007631313930855792,2.890187025210351,220,172.14814164074542,1,H2026072201,1
2026-01-01 08:07:00,24688.939981962718,43780.17638577075,934.5364713726224,1121.6574768342032,2268.2774521465994,1.1921052716237044,172.29395879486088,1159.9146617948927,0.008203895966305242,2.918709592756372,220,169.374675306351,0,H2026072201,1
2026-01-01 08:08:00,24917.51111684489,44771.13984276767,937.551561596984,1122.3849690033553,2271.8624037378418,1.19576032322736,172.2693667233131,1159.14124685968,0.00821080326376604,2.912036852320226,220,167.5646790861123,1,H2026072201,1
2026-01-01 08:09:00,24794.047223544003,44374.65659584867,932.7439061834573,1120.8431748216574,2265.417920183613,1.2197509357382041,170.91177600806557,1160.6658529556694,0.007466821571091293,2.928185426070655,220,172.22922715651924,1,H2026072201,1
2026-01-01 08:10:00,24761.684494981186,44372.8932819793,938.1760982597344,1123.1799937858775,2267.399919771805,1.204974794710388,165.63082522956267,1162.0454530200288,0.006621601858195341,3.1003505307786394,220,169.22675722643683,0,H2026072201,1
2026-01-01 08:11:00,24635.42141902701,43595.057110139445,937.0310513657184,1126.5875998394818,2266.625178432158,1.195804478662201,175.8947198684422,1160.8084444406002,0.007469644860528878,2.9768584600718477,220,174.09729335646165,0,H2026072201,1
2026-01-01 08:12:00,24719.878181151118,43897.410875819754,944.831174480322,1122.2050024401901,2270.0021095980546,1.2041896823607483,169.50175292940295,1162.1473731920134,0.00966439484376602,3.0228337758641057,220,170.30241397254463,1,H2026072201,1
2026-01-01 08:13:00,24802.09812493826,44134.10377611515,934.2699887246074,1125.5559375610314,2266.4166026784046,1.1975883766109117,167.53727437637585,1162.1504355419272,0.007941624384025027,2.970228547856515,220,169.6955438508955,2,H2026072201,1
2026-01-01 08:14:00,24870.919491910256,44291.18844578762,935.1806628871359,1129.9086003980535,2274.7962924426897,1.1902886773842924,169.531451745978,1163.468038806685,0.006559859490317204,3.0398924529593403,220,168.99216914237658,0,H2026072201,1
2026-01-01 08:15:00,24758.83371549461,44171.04134988,938.9081744309938,1126.7043835242043,2268.879747371645,1.205146522268067,163.66677324636086,1160.6914661441765,0.007555331581503392,3.071367436860942,220,171.57059222713826,1,H2026072201,1
2026-01-01 08:16:00,24879.29156925311,44307.09555520381,938.2481090454229,1127.9660320846383,2268.744685325668,1.200244115718603,174.92745762807212,1159.4091973667237,0.006492827846439266,2.9526761335489407,220,173.0690227561691,2,H2026072201,1
2026-01-01 08:17:00,25051.61175253957,44682.93290410571,938.9695744567732,bad-value,2274.5778802886243,1.199849857771377,173.58396772942075,1162.8745859560406,0.007612582133280874,3.0144222131200022,220,170.34220137561312,2,H2026072201,1
2026-01-01 08:18:00,24898.05664906855,44100.71115363557,939.7388857214409,1131.9518678119289,2274.401923537838,1.1978447490987074,162.42057028346744,1164.0098524216633,0.008244638273311858,2.996600934792194,220,170.93201595020813,0,H2026072201,1
2026-01-01 08:19:00,24831.83712427036,44197.32410497035,940.5550868103759,1125.5942952818205,2272.3020814990655,1.1914484005102188,174.7625084105544,1163.2457541230367,0.00703219661519441,2.9401488988671565,220,173.7414808560359,2,H2026072201,1
2026-01-01 08:20:00,24868.33426854197,43997.15153952973,942.2691970134248,1125.0959244307835,2274.5739774101166,1.1853496286738066,170.21371699879913,1162.229991873334,0.008741770146132987,3.064922174706885,220,169.60871219572186,0,H2026072201,1
2026-01-01 08:21:00,25157.65840931764,44540.30639911756,941.3561645252692,1131.37326211266,2275.4084369141456,1.1901018590177745,176.7923621673303,1165.0429750295425,0.00795786942003891,2.949797812621442,220,167.69880937172917,2,H2026072201,1
2026-01-01 08:22:00,25248.400386498215,44913.97474680632,943.5228560996649,1132.6615544877511,2272.0011755635387,1.1671556370443121,163.91216678729793,1162.9375829699093,0.007131693537424798,3.0527206217335943,220,167.7751987781315,1,H2026072201,1
2026-01-01 08:23:00,24910.15901151762,44364.21022084447,943.918137089524,1130.2117512750895,2278.024506650964,1.1984423140626304,163.7751340821672,1161.8368496484857,0.006644818766129932,3.0907535971597704,220,167.4884287025422,0,H2026072201,1
2026-01-01 08:24:00,25208.552439040344,45143.96790377731,944.4748861377735,1130.215718282679,2276.201390161994,1.2030491207466563,167.1417145639327,1163.4282643776044,0.007860869286252691,2.946645619481238,220,169.1518478604505,0,H2026072201,1
2026-01-01 08:25:00,25069.859869664848,44511.154374738166,944.5492350734962,1131.6652877095896,2275.5810458788956,1.199110420092481,172.6152341822979,1163.6228789494498,0.008141671280897003,3.0373485323349865,220,170.07963611639906,2,H2026072201,1
2026-01-01 08:26:00,25053.024751674107,44881.43648115505,947.1848991292907,1130.823452016022,2276.188145105677,1.2141284326002193,169.2255451659705,1163.1767975979492,0.008453563290660734,3.021748282789581,220,166.68252225521846,0,H2026072201,1
2026-01-01 08:27:00,25086.502171591434,44539.541983809446,945.6601805722605,1134.8268293882334,2272.2490369933275,1.2020204959385266,171.16540491105727,1164.2894419848067,0.007720562327549953,3.018021634384089,220,167.85793768620803,2,H2026072201,1
2026-01-01 08:28:00,25025.081545162986,44614.174435335226,946.0356167057212,1131.3912201607618,2277.325334230171,1.1966156510092443,171.11768754150225,1163.4465296866379,0.009615738289558643,2.9816804104481776,220,168.02079855027057,0,H2026072201,1
2026-01-01 08:29:00,25269.991907148364,44906.34808566795,946.4202706842922,1132.3167022806974,2279.6875336404073,1.2000606138827374,167.12261450322723,1164.170631361868,0.008183709625909233,3.0570372631043323,220,165.18180650044988,0,H2026072201,1
2026-01-01 08:30:00,25376.3773501321,45012.897847480184,944.1649744124553,1129.4699602988203,2277.4722277052592,1.1980642156408612,167.21641466062695,1163.4374145248414,0.008885484549579756,3.0316193025404985,220,169.61282816683712,0,H2026072201,1
2026-01-01 08:31:00,25244.594723846996,45197.7526104953,946.8653094237486,1133.3359409243906,2277.932720932177,1.2151211888070466,169.9233406903037,1166.5029230224623,0.00986999681896363,3.001715907407077,220,170.4214101797395,2,H2026072201,1
2026-01-01 08:32:00,24974.836134668203,45151.45081369665,947.9386903091186,1135.2182763939759,2272.5718564147305,1.1904569917881607,170.04100347501367,1165.4273208311731,0.008308019935504174,3.0088116705155223,220,168.89469295262978,2,H2026072201,1
2026-01-01 08:33:00,25277.535144564445,44726.224283286356,948.8075488116801,1131.6447533253727,2277.8173405315692,1.1981554471466207,172.92936670651233,1164.9879054108067,0.009150550361212408,2.845957279078209,220,171.7177004127552,2,H2026072201,1
2026-01-01 08:34:00,25209.696103298353,45085.67190227656,946.9922169266047,1133.1468532397103,2275.79978067486,1.2206371067658621,168.85165343238387,1165.565796600271,0.0071153232053771855,3.1322733201436153,220,171.6946766578546,2,H2026072201,1
2026-01-01 08:35:00,25262.550062072765,44958.83600062511,948.1020862181355,1131.6098632723536,2282.4945790747897,1.2022023986199089,169.683956029324,1165.9888577527604,0.008228950351222158,2.924518070659766,220,166.6200879668874,0,H2026072201,1
2026-01-01 08:36:00,25269.76319731318,45109.39235159379,950.1285874897418,1133.9327705774756,2276.882923152036,1.1881996033891724,161.271797803832,1165.651611901266,0.008986674859979345,2.965427321574695,220,168.77134531130417,0,H2026072201,1
2026-01-01 08:37:00,25274.88053240176,45285.336676743,947.4413820729901,1134.626746641865,2281.8098822191337,1.2066129390286726,167.30631663066225,1165.3798744151115,0.007287942829321924,3.066797025688424,220,169.45622595414406,0,H2026072201,1
2026-01-01 08:38:00,25114.238597749794,44810.81417234333,949.4486709331455,1132.2650088827947,2281.508040858125,1.198586442798267,162.17334013428476,1166.0608016711321,0.008905080217552375,2.927133548853133,220,171.01698017507667,0,H2026072201,1
2026-01-01 08:39:00,25268.428301770742,45264.06202507449,950.9030475636283,1134.1097375851236,2279.3818086675037,1.2163888335622508,167.4483951557031,1164.9361182938726,0.008813637918726719,3.0576388259371168,220,167.38212014162013,2,H2026072201,1
2026-01-01 08:40:00,25232.929388645287,45094.92938993856,950.0640931220503,1133.8504998587396,2277.080729569374,1.2097644102335428,171.59893979757706,1167.341787100775,0.007352444928411192,2.8868011321180997,220,168.16318702825308,2,H2026072201,1
2026-01-01 08:41:00,25349.17997648533,45107.56068698663,952.9254440854552,1133.9018159790994,2278.0859414928505,1.2152302867809028,174.34953201163276,1166.7636652389306,0.008794964063730738,3.1194463932011636,220,171.95683810343775,2,H2026072201,1
2026-01-01 08:42:00,25665.36643735602,45387.92069109765,950.3036075342039,1133.2967383036298,2278.669171363837,1.2016980408806253,166.82035754101344,1167.0992058747963,0.008397204168138212,2.9837229946201553,220,168.47888676236676,1,H2026072201,1
2026-01-01 08:43:00,25217.492824452263,44758.15637934867,948.2373873905186,1135.9831503664416,2282.7058356646894,1.1875420076012708,174.20217300505587,1166.3902090560707,0.005825647616594043,3.039345623755616,220,171.18375425141934,2,H2026072201,1
2026-01-01 08:44:00,25463.476649232525,45354.90505758453,956.8149868015689,1134.5859723378512,2282.8940290363025,1.1976652393759322,174.54771106684754,1167.4927263788697,0.007637098508609194,3.0062644986143683,220,170.726349320203,0,H2026072201,1
2026-01-01 08:45:00,25669.122082566493,45578.65819831634,950.3890894728137,1136.702183732861,2283.203081932087,1.2041870701884099,169.63572958553678,1166.6475992565295,0.00750312810770704,2.8958715022438595,220,170.91933453603707,1,H2026072201,1
2026-01-01 08:46:00,25355.655061840687,44986.30781916589,956.0495226997034,1137.2987426979837,2285.3420988893804,1.1988200270690657,169.61355922058755,1166.692844269233,0.008133343593180426,2.9039276552669318,220,167.3560980062226,0,H2026072201,1
2026-01-01 08:47:00,25315.22871578372,44921.932244946765,957.4903168643218,1136.691996308327,2279.339822558784,1.1882799418703212,168.1238327951594,1167.271136796533,0.008935851893851217,3.0454002441496018,220,169.67627061858255,1,H2026072201,1
2026-01-01 08:48:00,25429.80742527101,45270.81951518793,950.5582352899825,1134.0556681643566,2285.9017482603945,1.2050679425549862,167.21327664469212,1167.0719204965196,0.007531526132009887,3.0164829314645862,220,168.67700221913168,2,H2026072201,1
2026-01-01 08:49:00,25466.369013517324,44878.329075186695,951.635925940009,1138.1027035271838,2282.683639099291,1.2174147112483071,168.89501270231767,1167.3280140556726,0.00865851558495793,2.9676803839592534,220,170.3366092479106,0,H2026072201,1
2026-01-01 08:50:00,25490.81022833649,45448.08793384249,954.4541258179613,1138.2153133647105,2284.82563322665,1.206768854534179,173.9930391815414,1166.6141602489265,0.007257404890839353,2.969939634321679,220,173.5558902891297,0,H2026072201,1
2026-01-01 08:51:00,25343.721510860985,45402.31344613437,953.3216362830213,1137.253905348267,2286.269252421169,1.207217048349939,167.11803595125176,1166.9850125623161,0.009337721018538461,3.052050058325376,220,172.275308135506,0,H2026072201,1
2026-01-01 08:52:00,25306.745593890486,45078.89927461404,955.6464704217365,1136.7833786299598,2285.44931690328,1.1982994007936638,175.24968003220434,1167.0249742582569,0.008390768854195494,3.0413919534308715,220,169.71192846659977,0,H2026072201,1
2026-01-01 08:53:00,25336.86733206667,45316.866080711116,956.3615848492773,1137.2660705320989,2283.531115444713,1.1887006150833612,172.35670027993444,1166.1984954044724,0.006155177541806163,3.1002983420942067,220,171.77067017470995,0,H2026072201,1
2026-01-01 08:54:00,25274.18614919798,44524.67261674635,951.617013340479,1135.9508482868957,2282.4579450079323,1.211054881190444,172.91441102878386,1165.755454541883,0.01066915989398247,2.9743143826013947,220,168.4933393474514,0,H2026072201,1
2026-01-01 08:55:00,25445.00636416545,45219.89013936124,953.0372374839304,1138.6420988730301,2282.3192398565648,1.193717308914928,166.37854869082037,1169.1886776131785,0.008157365545049965,2.9634631943046337,220,166.75474354864824,1,H2026072201,1
2026-01-01 08:56:00,25236.792275232114,45378.51554045444,952.0100167468195,1138.555309420776,2286.0462328198387,1.214524010081627,176.74262447353004,1165.444773814598,0.008421028779759561,3.003983538937893,220,169.73930121185143,0,H2026072201,1
2026-01-01 08:57:00,25440.45839704102,44741.66338059149,957.850199030916,1139.0211483933056,2283.6562662831016,1.203844010466122,175.9384729323966,1166.073376000178,0.007693432946184795,2.931634573730037,220,170.002404832489,1,H2026072201,1
2026-01-01 08:58:00,25363.08057457869,45278.11052046256,955.8715130326492,1139.3508882872534,2289.828171965628,1.2039511397530573,171.236231684652,1166.9911104374717,0.007345902045938498,2.9292324365643965,220,172.29139634368428,0,H2026072201,1
2026-01-01 08:59:00,25326.30289534768,44962.97619115053,954.3416469649947,1139.8319784174132,2285.2708790654965,1.2039102793027525,166.0075344346503,1167.2667302464247,0.008191267373734096,2.908663225561292,220,169.62926341945823,0,H2026072201,1
2026-01-01 09:00:00,25166.961618496694,44371.65031476224,956.6226980415053,1138.3201342785596,2287.5242007266174,1.2023201247321498,165.52615413865502,1167.3692463486414,0.007992887716091697,2.9036628098833366,220,170.40973892080376,1,H2026072202,1
2026-01-01 09:01:00,25487.813154319356,45494.772642605734,953.1517472775704,1137.7014313403424,2289.721234983836,1.195871195762517,169.2838673899156,1167.8674782617813,0.009995858107237156,3.0057753418958746,220,171.4606374719748,1,H2026072202,1
2026-01-01 09:02:00,25257.14307630796,44767.562556084704,956.1954783543301,1138.6164934943047,2287.458323857255,1.207378768750874,168.4024568262488,1169.8545131461788,0.01091523255469197,2.935738244350413,220,172.22567329705743,0,H2026072202,1
2026-01-01 09:03:00,25198.23024929685,44521.60544089659,956.3384063956474,1143.241076358072,2292.535253974467,1.199196408010388,170.39206048396608,1168.2002464165103,0.009165202137054221,2.9415750790776722,220,168.4020326968139,2,H2026072202,1
2026-01-01 09:04:00,25317.411082801013,44842.25645744399,955.2239277054332,1139.9723763861075,2285.138188188006,1.2091248360873645,166.58796727351358,1167.1919100665891,0.007046337823667995,3.008229546280174,220,169.33628860938458,2,H2026072202,1
2026-01-01 09:05:00,25469.894330481875,45622.29029646355,959.1203257161526,1137.0370366510956,2288.6651197255646,1.183299452939812,165.7404532858201,1168.7297533375788,0.008959040102937877,2.9387196886653215,220,167.4994666175739,0,H2026072202,1
2026-01-01 09:06:00,25360.53444243866,45416.95282228707,952.7015038672708,1141.7047049328262,2282.295641694202,1.1946347641320199,173.32080535697503,1168.3451451418262,0.007149241018843272,2.8775169424825475,220,167.0657159998035,2,H2026072202,1
2026-01-01 09:07:00,25248.03913231627,44801.48835969927,956.9102946566716,1138.257529290487,2287.7529693706883,1.1796274096592125,175.73544117656542,1167.1244669307027,0.00864903248161532,2.9934686402240387,220,168.66870701187702,2,H2026072202,1
2026-01-01 09:08:00,25034.991147699464,44614.82499596605,958.4102675475079,1138.51786558304,2286.342459674285,1.1975369043887167,167.25576427826073,1169.6539404786304,0.008630434825172457,2.955817653577335,220,171.6985608584309,1,H2026072202,1
2026-01-01 09:09:00,25457.126910930423,45481.128368546226,954.2476368698905,1135.1742875176924,2288.1643626813593,1.2059854495780562,168.18637696230064,1169.4388921916284,0.008072293953697561,3.052682210581485,220,172.30740220868063,0,H2026072202,1
2026-01-01 09:10:00,25387.932408658755,44939.51562308561,954.5406055187905,1137.2580055476715,2290.2382398235522,1.1938147892051754,173.3515243111818,1168.6665271669174,0.009435191095539381,3.0721987189032687,220,171.07660713010324,1,H2026072202,1
2026-01-01 09:11:00,25197.362212491076,44571.402799541655,954.4962516549126,1142.8641026865882,2288.5902843351982,1.1918880282472883,169.73218122113275,1168.6613225796493,0.008199795333426562,3.0322548973120806,220,167.6564491781564,1,H2026072202,1
2026-01-01 09:12:00,25290.330728736015,44568.28850275121,955.7957845536831,1136.773364300925,2289.3691469137348,1.2056102370727544,165.74008035472443,1165.876679948586,0.008450490323943554,2.9232966914994827,220,170.88621353213222,2,H2026072202,1
2026-01-01 09:13:00,25260.6267496847,44604.16215639194,950.9241636244543,1141.0305648599515,2287.2473450660555,1.2047368399709855,165.27670502148695,1168.2134058692625,0.009610985898154966,3.0170459239297616,220,167.5059999740047,1,H2026072202,1
2026-01-01 09:14:00,25483.046270179693,45044.8794056679,953.6344234233568,1142.466795090684,2287.601345103244,1.1915025201864515,172.22397201294467,1169.5273866149003,0.007533563930297204,2.939033289735709,220,168.14929424883746,2,H2026072202,1
2026-01-01 09:15:00,25188.97136074721,44547.59598931015,954.6014647231461,1140.6222412576133,2285.0484883384643,1.2163475957265961,164.78770538844412,1170.96210721417,0.0059483553707902845,3.0375811207184165,220,172.68836913611258,1,H2026072202,1
2026-01-01 09:16:00,25293.64745347114,44947.89083473577,957.8792908706342,1137.5444422708142,2287.343335647365,1.2022318371391925,167.8950778747606,1167.6997992035733,0.0076621793803584685,3.046430591230526,220,167.29689643129927,0,H2026072202,1
2026-01-01 09:17:00,25173.49645995309,44974.38856365664,952.6853759833631,1139.9702105958002,2288.694857712611,1.1979260052965637,166.73338369841665,1168.1688522465586,0.008938591988569628,3.016752338577329,220,173.94791057395068,1,H2026072202,1
2026-01-01 09:18:00,25035.495074915656,44337.03936008021,953.4184196358456,1139.506913324847,2291.1805984321536,1.192627402546476,161.58809082911358,1170.6132627430918,0.008007926809242961,2.935756271606,220,169.0752219017915,2,H2026072202,1
2026-01-01 09:19:00,25166.73816926377,44387.55383759411,952.8184006571819,1139.976104249844,2290.1607958707423,1.201731330694009,168.29776848257123,1169.0598208157671,0.00851579184460634,3.1074529367108497,220,170.27806349562894,0,H2026072202,1
2026-01-01 09:20:00,25209.757754826755,44859.920656093615,952.0675013657509,1141.8702730970324,2281.8032518971404,1.2043428848721927,169.17414707383895,1169.418874448052,0.007796373295215167,3.010888788919182,220,169.7607790581809,2,H2026072202,1
2026-01-01 09:21:00,25240.724456110438,44646.160111087476,953.8392108955595,1143.4967430234271,2290.15610616305,1.1912870474069561,179.06105910833995,1169.0198756687262,0.007125438610521067,3.0790224092135725,220,169.57723895906602,2,H2026072202,1
2026-01-01 09:22:00,24869.433259508063,44273.94224988152,953.0722790803223,1141.582311566604,2286.6237709054344,1.1968188051952562,171.7754122010241,1170.0407643885112,0.006955712805435379,2.9154307044980325,220,170.3968839468025,2,H2026072202,1
2026-01-01 09:23:00,25169.965941930677,44729.60149841091,954.1973869453028,1138.5122377641505,2290.940275121603,1.1941153819905608,171.62093387190666,1170.0585652471254,0.005690473489865169,3.0221548016938184,220,170.398332897727,1,H2026072202,1
2026-01-01 09:24:00,25195.01554957061,45108.99943217151,952.4076107280273,1136.1866886749679,2286.8483370365248,1.2013637161823993,167.14225592311453,1169.5156153583587,0.008656993258197522,2.9917918545831528,220,171.179694037653,2,H2026072202,1
2026-01-01 09:25:00,24965.800706298203,44030.50996960027,952.991107722683,1140.2705739948647,2290.158936746874,1.1935779837124179,162.95303430260924,1169.3765966284984,0.007172193144498851,2.9447421518766146,220,168.8125581591785,1,H2026072202,1
2026-01-01 09:26:00,24986.597177075328,44359.96214160671,950.8084938753484,1136.611181670744,2284.550853849423,1.1906164112111544,168.57035436235847,1171.9700371295428,0.007741014713506403,3.0077474331072884,220,170.00294817692676,1,H2026072202,1
2026-01-01 09:27:00,24962.102452756182,44514.23329566697,948.5137805677365,1139.562247838085,2289.9340942582103,1.2102359142228003,165.79469084209856,1168.692054367558,0.008983150303881075,2.9042994610768504,220,167.19430379028825,1,H2026072202,1
2026-01-01 09:28:00,25118.135573467618,44612.88519097345,954.3703946302859,1138.9744781655925,2291.749886353494,1.1911620821511812,168.70675380827302,1600.0,0.007900805183190543,3.0132453579809586,220,170.8818528490681,0,H2026072202,1
2026-01-01 09:29:00,25028.784623723473,45030.07940175463,951.5892911811724,1139.6291034812957,2296.3138804322634,1.1973392066653086,169.75883485165386,1169.5208987842084,0.007607501652105237,3.047060205524171,220,166.20592014653454,0,H2026072202,1
2026-01-01 09:30:00,25090.305734693076,44843.4140475338,950.816633180129,1142.3020181234476,2288.6486338039263,1.2156874918347254,171.6634344129243,1171.7983236072478,0.00648633124527616,2.918894210233073,220,168.05151358478201,2,H2026072202,1
2026-01-01 09:31:00,24859.68505691597,43916.810539877304,948.2427201385789,1140.796469396269,2292.6368544152333,1.2016279784224049,172.35892931170994,1168.6021411225688,0.00890932546648371,3.088408098141976,220,172.2934813753964,2,H2026072202,1
2026-01-01 09:32:00,24891.374283369787,44792.797885748,951.0038503340487,1138.7540538220983,2285.013994789134,1.2061291967726289,172.54874103502578,1170.6574323121977,0.01017183323984017,2.994460109629865,220,168.4680878717757,2,H2026072202,1
2026-01-01 09:33:00,24913.834185811338,44197.32400021101,953.6647961879048,1137.207248350318,2290.9419693917275,1.2060155197393914,173.71158113442448,1170.2896260124833,0.007987393591876477,2.9764462042155873,220,171.14172017441078,2,H2026072202,1
2026-01-01 09:34:00,24754.917510507195,43918.16687452683,951.5087514754064,1139.136377423227,2292.2972612190433,1.1942438434524012,165.32497774421,1170.2335675059167,0.009452074597158836,3.051789081099265,220,166.98027734428445,2,H2026072202,1
2026-01-01 09:35:00,24649.322063630563,43943.3418669383,950.9919138549167,1133.9104402460782,2291.3077308051834,1.1936069437459396,169.92460258263367,1170.305716297506,0.008329822722610621,3.0854814610545613,220,168.5236033769994,0,H2026072202,1
2026-01-01 09:36:00,24815.56745260265,44553.664385346616,948.4182844920668,1140.2563300879394,2286.6737401724185,1.1902305853500594,166.45353954867664,1170.6825565511501,0.006461677896085535,2.983449444930815,220,171.85503110876746,1,H2026072202,1
2026-01-01 09:37:00,24877.18970784353,44138.63596439717,946.9406190178896,1139.1053486629858,2290.4772125954173,1.1957355051949057,173.04487981346344,1169.8301957538276,0.00907400345843218,2.907839734179725,220,168.75174079708918,1,H2026072202,0
2026-01-01 09:38:00,24727.182767328493,43877.792034892,949.7054094314543,1137.205821949623,2287.4024626335226,1.1940334085032291,176.32762539974777,1170.710780668331,0.005955999335180733,3.0544845437450983,220,169.63719794633562,1,H2026072202,1
2026-01-01 09:39:00,24654.224640469627,43771.47817335863,949.245588357487,1140.977490168888,2288.384353401293,1.1973989284911453,170.69139827012927,1168.1129045894907,0.007519908043826918,3.2353194112288595,220,170.75245690433977,0,H2026072202,1
2026-01-01 09:40:00,24722.809531055987,43728.62215632154,945.2548579475216,1134.8776540489455,2290.8505190406404,1.2143444617398267,176.14526919906302,1171.701215020738,0.008781578089193935,2.970458934205366,220,171.55939343513606,0,H2026072202,1
2026-01-01 09:41:00,24701.892069982714,43841.12039530235,946.9317400940741,1136.8753545839018,2291.050442657945,1.199733084616318,173.35901068337478,1169.6322636924092,0.008776903303938948,3.094240460812637,220,171.10638439009202,0,H2026072202,1
2026-01-01 09:42:00,24551.046513994537,43675.13965878298,945.4449616614803,1136.8811526122827,2292.851371000919,1.1954259813327903,169.68259049602904,1168.9660240246703,0.007745473420784862,3.0249324567456353,220,171.23867483792384,0,H2026072202,1
2026-01-01 09:43:00,24926.701075814693,44317.25848608078,949.4608782154876,1138.4719164894555,2287.581004001906,1.1976426816016532,166.97332710938758,1170.8189517371572,0.009814309053362448,3.0267672709762268,220,170.25984258417583,2,H2026072202,1
2026-01-01 09:44:00,24511.095822003434,43548.916544799045,943.5395277447974,1137.3383110564912,2292.0452109233256,1.1884693272078977,168.06734982022763,1168.5535927898577,0.00645598786935235,3.0282526788494937,220,170.253262089794,1,H2026072202,1
2026-01-01 09:45:00,24481.652528002673,43719.18594836023,942.2081298060176,1139.6616095192398,2287.248191754751,1.1894667189852548,166.337941366845,1168.9024117102206,0.0065267747646749995,3.0907653623129665,220,169.91953156986057,0,H2026072202,1
2026-01-01 09:46:00,24635.720809487295,43669.89456192692,940.7405641492328,1137.5530604398036,2282.863454401846,1.216167203564779,169.3713584402346,1169.510743678766,0.008166764925292794,3.0147634135734895,220,168.7620708135263,2,H2026072202,1
2026-01-01 09:47:00,24520.440712777214,43807.70529951033,939.7883727301893,1135.561640902632,2284.288883338587,1.1976280466398925,169.9798124165275,1169.4074751454707,0.008837482303156298,3.0267623098950347,220,169.41533118805,2,H2026072202,1
2026-01-01 09:48:00,24639.80378802424,43911.116201727324,944.7190474228369,1134.8539876562427,2289.2621685782315,1.2008464347498098,176.34569504254682,1169.2317923191763,0.006496347338973137,2.995203271008757,220,174.32239557015552,0,H2026072202,1
2026-01-01 09:49:00,24227.92099513533,43346.688258259936,941.6725504829398,1135.4103687902914,2287.5953751181523,1.215961957976544,167.9627542332461,1170.1791817982214,0.009040529893559517,2.9608220774080563,220,167.27472754055387,1,H2026072202,1
2026-01-01 09:50:00,24414.5216263951,42958.45970245388,941.5522135451937,1134.929040449122,2290.046976740181,1.2013314705787201,175.26866422305693,1169.7176024729058,0.008616487417091919,3.099555229030063,220,172.63297522464404,0,H2026072202,1
2026-01-01 09:51:00,24269.90071833389,42913.844132187514,941.0073918575944,1131.8912582974842,2283.7774738713288,1.1921187167926104,165.39262748053244,1169.999110997936,0.008350014923417904,2.9309935668812432,220,169.22049278804488,2,H2026072202,1
2026-01-01 09:52:00,24411.54077119734,43444.971555609234,942.6031703157155,1131.7622686669197,2288.2213625671075,1.2010168958157839,169.48950344613496,1171.4673668535195,0.008716159663872082,3.1228004106358886,220,175.20663381106232,2,H2026072202,1
2026-01-01 09:53:00,24170.831566515815,43076.73391124203,942.875613448155,1139.8568701363497,2287.4766282337014,1.2071984573935945,170.80187133887262,1169.5436169091815,0.009849079215476073,3.0057847214133315,220,172.4932249236991,0,H2026072202,1
2026-01-01 09:54:00,24372.934707822198,43197.86573984669,940.9677660760666,1133.2080435900702,2282.0974774367387,1.1994299650508158,177.8937891970193,1170.9413636234706,0.007597994674162059,3.1392997417761555,220,169.6272029494505,1,H2026072202,1
2026-01-01 09:55:00,24152.813560467894,42991.50958915653,940.5517444500042,1137.5056607772963,2279.9891633517022,1.2068479949750697,167.03041077495038,1169.4771126681808,0.0074012871359652455,3.112389312870802,220,168.23458565103422,1,H2026072202,1
2026-01-01 09:56:00,24314.11654354992,43122.09379472936,937.8657328442604,1135.096926160184,2289.7107823749698,1.2034289495254817,170.87010037661202,1169.5299146539053,0.007917285396692836,3.106156748186236,220,167.30506853319855,1,H2026072202,1
2026-01-01 09:57:00,24101.49124410021,42625.52223768102,935.3779105807962,1131.0914866502696,2287.606125614734,1.2022482322100645,172.61001152191724,1168.1176816346817,0.007156882873366207,3.1256161786753855,220,167.5856101987974,1,H2026072202,1
2026-01-01 09:58:00,24172.98594452779,42885.64506994154,941.1868849937518,1131.7016518964788,2286.8359776966363,1.1960685686346588,164.7114230655361,1169.247972627357,0.008552807157620574,3.0031411899767932,220,168.76758563790887,0,H2026072202,1
2026-01-01 09:59:00,24229.95451380234,43169.17691656253,940.5858961541304,1129.2741197175935,2284.8655931962926,1.1939068231575607,168.39267602594074,1168.3649384164194,0.008197917766651578,2.906012712930627,220,171.77023333589264,2,H2026072202,1
2026-01-01 10:00:00,24206.15365078014,43399.44033620363,937.786820606352,1133.2373565811251,2283.1683469422605,1.211298219103355,172.69437328511464,1168.8842238211387,0.0071937498119382095,3.046505193415063,220,170.78016439049503,1,H2026072203,1
2026-01-01 10:01:00,24134.149142265574,43149.95670544493,935.6264032857547,1133.407640932296,2284.592628614352,1.197047514670202,175.86616339989178,1167.253942817629,0.008068815560314347,3.1359454813773113,220,170.59504136735072,2,H2026072203,1
2026-01-01 10:02:00,24006.095438295535,42449.18401182713,935.0415246638959,1128.7345967107897,2285.332706057368,1.2003754367641915,162.31738679328708,1169.2391302573897,0.008540540316121281,2.944360828806227,220,170.70629515834537,2,H2026072203,1
2026-01-01 10:03:00,24139.334944551996,43334.596116029505,936.6111784726236,1130.5888454879107,2286.356115089579,1.1982456659232097,169.18439605241622,1170.6191756927167,0.00805292161685797,2.9577564542625816,220,170.40019535372141,2,H2026072203,1
2026-01-01 10:04:00,23749.561685946344,42055.35082503618,939.4525389512605,1130.34680665158,2281.060661798534,1.2080988354596751,171.88939456560172,1170.6059590260245,0.008695215511301311,2.964085422976266,220,169.22465835305317,1,H2026072203,1
2026-01-01 10:05:00,24171.10281071859,43010.90310146706,935.220196377188,1129.8534215671696,2282.890570467577,1.1913987582817314,167.1015219229207,1167.4819696778009,0.008526296138306766,3.019599856978461,220,169.64587691793972,2,H2026072203,1
2026-01-01 10:06:00,24055.988344465444,42607.83834424933,930.4465108046322,1129.8799816393735,2284.0030606243095,1.192972479283126,167.71680615078,1168.0497077867794,0.008925026656497031,2.9787519938137645,220,167.686424949527,2,H2026072203,1
2026-01-01 10:07:00,24045.443837637857,42675.76099448941,933.9941217302505,1127.772129668124,2281.0454092584832,1.2117457396264288,168.40903081529373,1169.7515591643032,0.00782804873692103,2.93447446377456,220,169.02310377135794,1,H2026072203,1
2026-01-01 10:08:00,23869.33864717691,42622.67889641052,932.1375605703364,1130.3705103837422,2280.6951123325534,1.2087267671060111,173.70659479014827,1168.5504402974686,0.00883151283537715,3.0273406043237014,220,169.6101742519533,0,H2026072203,1
2026-01-01 10:09:00,23988.191096648185,42582.733871119985,932.8010175321629,1131.041985747266,2282.95223398938,1.195347265565096,169.2840572673779,1169.3235165118836,0.010120402142254308,2.99641287130505,220,171.27219579522873,0,H2026072203,1
2026-01-01 10:10:00,23901.83246489742,42304.1358978114,933.9060352637757,1128.1079806095167,2285.2424481217467,1.1949223508545306,174.50464348174188,1167.5743817808407,0.008881818430929533,3.1674196272297954,220,168.94079517912795,0,H2026072203,1
2026-01-01 10:11:00,23751.36978306903,42104.793197830644,930.7765196958072,1128.2254560716244,2275.996095695014,1.1922622578754065,167.9406191110147,1170.0835266059946,0.00732716731636409,2.9188455558136766,220,167.53487981958602,2,H2026072203,1
2026-01-01 10:12:00,23813.508658707262,42418.64103348705,926.6253446171954,1126.4817967890376,2278.2609016030437,1.2055440172035874,167.48157718050462,1169.6538946171324,0.007833892588897334,2.9765193143657025,220,173.01828249441218,2,H2026072203,1
2026-01-01 10:13:00,23920.95626015781,42422.85699924878,928.8853774192742,1124.7135299609051,2278.28781979962,1.1943751801903055,166.30841631116377,1167.590851226536,0.006631176865387195,2.9422178186963133,220,175.47818134668756,0,H2026072203,1
2026-01-01 10:14:00,23760.853545316626,41941.10802378134,926.9987822403997,1123.0711053880675,2275.522505611881,1.2135233451324294,166.08353244734408,1167.0976461456223,0.007443833394003801,3.130948697641847,220,168.82239164774114,2,H2026072203,1
2026-01-01 10:15:00,24017.22069464149,43216.553254219034,926.0878747922003,1130.3485970955237,2276.6786216000137,1.189092993503555,169.4606502848199,1167.74044577227,0.009551735634799404,2.9367557954753467,220,168.03136595814058,0,H2026072203,1
2026-01-01 10:16:00,23713.512535974234,42204.61238416107,930.0855305010064,1124.4065259145045,2277.9676767299525,1.2064564903841295,170.65342441625367,1168.9386455191532,0.007098259075278607,3.013895859766645,220,167.32646274093935,1,H2026072203,1
2026-01-01 10:17:00,23676.43281172811,42253.79468879705,925.3660896826551,1128.5321026620632,2274.6815676248652,1.2057807334758996,171.84793280319332,1167.604345490906,0.0079601287356099,3.046404484267314,220,169.881627980433,1,H2026072203,1
2026-01-01 10:18:00,23929.21599181008,42032.719695432475,926.6066583094702,1126.243509530638,2279.650708608382,1.2013877844329803,169.91605991644485,1169.414002875278,0.007045912035885265,2.869754043405274,220,170.4852825140331,0,H2026072203,1
2026-01-01 10:19:00,23884.57614624365,42924.916893977854,928.2604783458945,1126.9533647599947,2278.0404509904242,1.1978658835934766,172.12292324887034,1168.6743108479677,0.008737270208583125,3.00481920402992,220,173.76184568148437,1,H2026072203,1
2026-01-01 10:20:00,23848.038974993837,42155.30717538735,922.1634725247354,1126.156088215969,2276.9203758121057,1.1813784729764123,172.17222504057233,1169.5426106026086,0.00837946766555127,3.0062806601765697,220,174.62548988652418,0,H2026072203,1
2026-01-01 10:21:00,23758.537110130732,42211.111423820956,927.8344307389928,1126.1955688077694,2277.912936231146,1.203341138425776,169.05505951361337,1168.5935424614079,0.007838060557327534,3.039546039669349,220,170.6860223533302,1,H2026072203,1
2026-01-01 10:22:00,23743.787664015814,42645.5397692638,927.9225585928796,1117.8057782925418,2276.8878077477443,1.2061098966768458,168.0411878661801,1166.0690689556216,0.007481593428157522,2.979684494360137,220,169.10385903080177,1,H2026072203,1
2026-01-01 10:23:00,23590.424570483818,42287.31369626978,922.4302111427493,1125.3263123053835,2274.9063918955057,1.2108305684159748,171.43703278352686,1166.7792899314206,0.006619267733408628,3.0442266285727424,220,167.20389617825225,1,H2026072203,1
2026-01-01 10:24:00,23513.160692900816,41974.46522725578,925.8575189080078,1123.389706416892,2274.348350281792,1.1825445577957274,171.83077323372163,1166.4016310459708,0.007726139728937504,3.157683864658644,220,170.27097776145942,2,H2026072203,1
2026-01-01 10:25:00,23762.871744604156,42072.40635134983,923.6194577098622,1120.0705661505563,2273.3380614358875,1.1937816620076849,174.210662985633,1169.1975552885099,0.007900851890599001,3.0077866044154487,220,169.83046562096146,1,H2026072203,1
2026-01-01 10:26:00,23682.38707918904,41734.80812902106,922.662937416115,1120.9226420591228,2279.1244824335686,1.2174023584529974,175.49065883652452,1167.8237625179015,0.006848877177470853,3.1325329912043496,220,169.08429652981755,1,H2026072203,1
2026-01-01 10:27:00,23699.20234440911,41999.09977861998,921.7063754608704,1124.2967456885767,2276.468294387855,1.2166782170720913,171.4667996986339,1168.3987124819482,0.006797976876229134,3.0520051001641297,220,172.4436229264601,2,H2026072203,1
2026-01-01 10:28:00,23555.036165391513,42102.331044600935,923.6098791446906,1121.9257509243878,2276.346144847105,1.1942935648433972,162.70607259796316,1167.7230703228865,0.008833564315931249,3.0172566672800705,220,171.0492197766071,2,H2026072203,1
2026-01-01 10:29:00,23680.361696023694,42508.62590502429,922.3254927742574,1122.6040983028574,2272.0700606287405,1.192751815766023,170.57346570165157,1167.6987843233137,0.007664635624793818,3.041170369242633,220,168.47127098612893,2,H2026072203,1
2026-01-01 10:30:00,23832.670712011557,42529.383460409925,918.0494573351957,1118.3085477505908,2276.4585805522,1.1913724486866037,174.51598746648926,1167.2234274596105,0.007541545902563524,3.001585828449484,220,171.79641895468666,1,H2026072203,1
2026-01-01 10:31:00,23706.313233657344,41885.47503838248,919.523899291633,1118.9016534433747,2274.7057544282607,1.2067622048774647,165.80609550390025,1167.4148408682552,0.008396829775284838,3.0884645731477747,220,169.62255056151375,1,H2026072203,1
2026-01-01 10:32:00,23610.169634494363,41884.296518911826,919.1757863578113,1117.879315259617,2275.773098714751,1.2008582970680703,163.60647656652387,1167.3500194938272,0.008823663957786564,2.9690961930388826,220,173.65785521959674,2,H2026072203,1
2026-01-01 10:33:00,23394.525121008053,42141.16257864613,916.3187029916463,1116.7201651384103,2269.7350983930246,1.2017183235437852,166.83637811938428,1166.9907257941177,0.009184720442815464,2.823858534899808,220,168.5680283652594,2,H2026072203,1
2026-01-01 10:34:00,23487.293624570335,41681.41056592398,914.8631876761311,1119.7284947832861,2275.114257290134,1.2037748894423264,171.65485618028916,1166.259398577492,0.008799827176987195,2.9483241536743816,220,169.53433428207734,0,H2026072203,1
2026-01-01 10:35:00,23554.167166504365,42171.55407454134,915.3009106796018,1120.1118355614212,2273.594213369374,1.182454575605214,174.00659665124297,1167.2035633090122,0.008714450894985333,3.0384145041089052,220,170.74861404900568,0,H2026072203,1
2026-01-01 10:36:00,23731.66275200727,42217.63933039649,913.0299984911288,1115.7838949094023,2275.625292319927,1.2087103396846435,168.63439393048267,1164.7650153814723,0.007786632688519948,2.9977827135763047,220,167.39683447366073,0,H2026072203,1
2026-01-01 10:37:00,23684.382560297036,42210.68107444597,914.2234286517303,1116.452870878075,2270.2400345707815,1.2001856120881822,175.17767181824826,1166.8637844810548,0.008272463436472305,3.018323696059087,220,168.13541844138095,2,H2026072203,1
2026-01-01 10:38:00,23585.882137207685,42132.73580444254,908.001363249609,1116.205187462146,2272.3053624957693,1.1889303651125938,170.457767899767,1166.9152699256792,0.0067428045767931695,3.0013427739942253,220,168.95847040680985,0,H2026072203,1
2026-01-01 10:39:00,23841.331187748612,42446.13612272216,916.7747793477236,1119.1587119002038,2271.299089574745,1.1894319389877015,174.0237312319866,1166.6234541433607,0.007897978954659664,2.9639763611138643,220,168.45249407894556,1,H2026072203,1
2026-01-01 10:40:00,23657.98602187527,42467.48151810788,913.328267148729,1113.2090654405356,2271.681486577449,1.2030285916629013,172.16062180871972,1167.514712521924,0.007995141876174951,3.069558559795022,220,165.39144754977832,0,H2026072203,1
2026-01-01 10:41:00,23564.758610619163,41972.46219978075,912.8394263403569,1113.121400814486,2271.2116767955526,1.2051375187368794,171.3259432527656,1165.9015024952014,0.007188737997281886,2.9644412010262697,220,168.84946426556266,1,H2026072203,1
2026-01-01 10:42:00,23659.58244117234,41796.41245851446,912.9915189984782,1113.9909713908976,2268.3085227095303,1.2022428653122512,174.30782646133085,1166.4763615437812,0.009165935332668117,2.94958519460469,220,172.12005870238724,0,H2026072203,1
2026-01-01 10:43:00,23469.05476970835,41720.53433184006,914.6113059263977,1112.4849832951913,2265.234604734365,1.182338523025818,167.29643160704381,1164.6247042746213,0.007283890741658474,2.9283453727091544,220,173.60422173869034,1,H2026072203,1
2026-01-01 10:44:00,23638.038779044044,42295.287314600595,912.2918213230502,1115.5288304671597,2266.564674791771,1.1979123967637793,172.28183591334255,1166.2794213756329,0.010149800551363813,3.1073236692890562,220,173.68999976422106,0,H2026072203,1
2026-01-01 10:45:00,23472.06503109547,42240.19387741936,912.1764849507113,1114.1436907798702,2265.3585926700507,1.2080716479602034,166.17427509659618,1164.6037796119945,0.008591649392922712,2.87659677758767,220,167.97884146065687,2,H2026072203,1
2026-01-01 10:46:00,23543.921931567842,42145.12998196887,910.1618938070116,1111.6928229127589,2265.3652985900208,1.1960088294608553,168.8097308170455,1164.5822405033005,0.00971581053225924,3.0214607037842875,220,170.3625704201152,2,H2026072203,1
2026-01-01 10:47:00,23559.466674774998,41969.0617336129,909.8238794870481,1114.6061794522557,2266.380609821073,1.2016483039266987,165.73757097992868,1165.6362954543106,0.008842336796243463,3.0409211036902337,220,172.32114371294347,0,H2026072203,1
2026-01-01 10:48:00,23585.29060937319,41977.58574820195,908.734415567857,1116.6207004412697,2267.4089646482516,1.2095809946327503,166.4363196718405,1166.7785690426326,0.006965391496931428,2.959592334370086,220,167.38756248654255,0,H2026072203,1
2026-01-01 10:49:00,23446.34719426478,41371.30860252125,912.4005060533303,1114.518479960784,2269.4210886451515,1.1896373079580884,176.50161954733508,1166.4201720404399,0.006748814482264375,3.123055189696996,220,168.10704956507513,0,H2026072203,1
2026-01-01 10:50:00,23875.883237733626,42052.07828891041,909.9767459762816,1111.3282485879286,2264.5817504262027,1.1809401342808437,169.13059790228925,1164.3810420311243,0.0075748592394855015,2.9219744967844505,220,166.77597765716664,1,H2026072203,1
2026-01-01 10:51:00,23461.93355488953,42014.79053301307,910.2241460452229,1111.153325509776,2268.7857460489063,1.2155551783906569,170.4906271095206,1165.1193281656688,0.010177917451258177,2.8866283278838196,220,167.21065072946172,2,H2026072203,1
2026-01-01 10:52:00,23528.60577402973,41785.03310473253,911.3928748837294,1109.3196982725724,2265.7840658633954,1.2037746292248712,172.49661640230374,1163.464556010494,0.008413679483258154,3.0367809875314813,220,171.70077278617032,0,H2026072203,1
2026-01-01 10:53:00,23874.410482694504,42398.101289769795,907.4069495254289,1111.5586667921634,2263.4271389465025,1.1996078175703917,170.55864645240263,1163.1174316976453,0.007280554416255799,3.0108031479667567,220,171.42118145405053,1,H2026072203,1
2026-01-01 10:54:00,23777.207876123375,42544.330115800665,908.7917058705169,1110.0760454120475,2264.4056904157155,1.210995356590502,166.4351461427829,1165.2928572752876,0.006340564218611413,3.0257628837514505,220,172.91298530902927,2,H2026072203,1
2026-01-01 10:55:00,23580.566628888566,41858.6200231984,909.641520731148,1107.8121590114604,2264.4476766649977,1.2057399570181362,161.77690266881504,1163.8537408157533,0.008979048273809725,2.963576858996185,220,166.81699067904518,2,H2026072203,1
2026-01-01 10:56:00,23784.68341979901,42329.61775632559,910.8557980621865,1112.466763634483,2259.462474386036,1.1844883303298523,172.5796630133146,1161.9770844531845,0.008116856050174153,3.017006727829317,220,170.40432752062273,0,H2026072203,1
2026-01-01 10:57:00,23680.28305606086,42063.1599595772,906.4327852636515,1104.475985589154,2260.6898709655115,1.212165928797548,165.38386385917886,1163.4711409797765,0.011246597560065782,3.1707347538574355,220,173.0291160539206,1,H2026072203,1
2026-01-01 10:58:00,23612.065434649983,42302.557684363484,908.433072727982,1108.4767551132284,2260.8309211394203,1.1860061970830644,166.14568187857884,1163.5950162699212,0.008593466689885034,3.02532390183833,220,172.26109148662312,1,H2026072203,1
2026-01-01 10:59:00,23766.10421631646,42582.1950443938,907.8209595141965,1110.839657860999,2262.0856084308343,1.1912777511057475,177.5556189750577,1164.8242120911023,0.008937951160622074,3.1223397803486646,220,169.58301649546473,2,H2026072203,1
2026-01-01 11:00:00,23813.089973481656,42522.414466801885,909.0921057280314,1109.2867203656485,2261.7492569456035,1.190177666001284,165.75208660612893,1162.8492528964548,0.007494052281826933,2.8599126881041843,220,170.2978436378701,1,H2026072204,1
2026-01-01 11:01:00,23546.51721440455,41993.67683436732,905.7050403704087,1109.851553403984,2258.881083297786,1.1855333100618881,167.30153460953954,1163.3693536978728,0.007976895446866372,3.0563790683547585,220,170.9362112273126,0,H2026072204,1
2026-01-01 11:02:00,23679.61392609503,41829.07308941294,906.5794264441256,1109.4295144525006,2259.5606007959964,1.1987791286923226,171.10817185807622,1164.6350526536291,0.007835753032827408,3.0393732211098277,220,166.55725086092346,1,H2026072204,1
2026-01-01 11:03:00,23889.8964427922,42488.58683750596,906.7108291444275,1109.4057211777792,2263.877388685911,1.1968057459590102,172.60473384825767,1163.5351309520158,0.007885797376881342,2.913130583855943,220,170.71841912205156,0,H2026072204,1
2026-01-01 11:04:00,23705.68738493579,42050.34556269304,906.8669076246341,1106.9762028774373,2258.781140276396,1.1959181285330973,173.9618929168798,1162.2655710622098,0.007280681055459536,3.0613260435773832,220,168.6721230840595,2,H2026072204,1
2026-01-01 11:05:00,23885.551087317497,41929.782323196334,905.5947001664176,1106.8720466203586,2253.2016303555233,1.1956334191191862,172.1526352235414,1163.1776368433664,0.006939086460460703,3.0523001566463233,220,172.61073653859128,0,H2026072204,1
2026-01-01 11:06:00,23704.768532336475,42197.117682339725,905.3540645538026,1107.8705637641183,2256.1479371268624,1.2073321431993878,169.3511301568913,1162.6035992560883,0.009370402287103351,2.929106070594121,220,171.6064031019526,1,H2026072204,1
2026-01-01 11:07:00,23833.281208660515,42582.64131935925,904.5363335077125,1109.0852187706153,2257.1233050541646,1.1995448691469695,173.52055577989245,1163.0941286420107,0.007836951314024806,2.915416972219388,220,168.41773098251713,1,H2026072204,1
2026-01-01 11:08:00,23941.772961179864,43021.064828609444,908.9620460210068,1106.47000472267,2257.031837877153,1.1962622250096182,172.67230930637274,1163.7964779897095,0.0068528674876060965,2.8981698386313957,220,168.8550432355124,0,H2026072204,1
2026-01-01 11:09:00,23948.636272407093,42714.82579285416,905.6338801606732,1106.562814667449,2258.3813755954425,1.205602957020163,169.69357260198316,1162.0541651540532,0.008522323869736132,2.976554279698545,220,169.17826654836136,0,H2026072204,1
2026-01-01 11:10:00,24039.43596508261,42571.69904234574,908.049342242586,1110.3086949125386,2258.212169188137,1.1983362950587084,162.80365466372027,1163.237737162902,0.006995582875820878,2.990906551689997,220,171.93405418042,0,H2026072204,1
2026-01-01 11:11:00,23649.002457205097,41952.27333514022,906.0720389869387,1103.3663542125805,2256.4469235023103,1.1923389978437793,171.29390226890004,1161.71307674083,0.007227958074412971,3.0149404439204384,220,169.59318004187912,0,H2026072204,1
2026-01-01 11:12:00,24076.179594050547,42695.503668003854,904.119632880362,1102.093552996347,2255.9741861274842,1.2036936305034065,169.22973924258102,1163.1566027301076,0.010397045449917647,2.997024910795496,220,172.66145116418735,2,H2026072204,1
2026-01-01 11:13:00,24024.222436996504,42730.22652625095,904.2269462341296,1105.0350420690716,2252.9203898156984,1.202153670780596,170.1140130497127,1161.3101775779962,0.006538320148003205,2.9684346871840135,220,171.5879371591034,2,H2026072204,1
2026-01-01 11:14:00,24212.587278912117,42871.694345913755,904.5140864152704,1105.0961371968256,2250.359158280648,1.189359376070171,171.40852445635133,1160.0808988471897,0.00780706431009774,3.140445883166141,220,168.1115968295305,0,H2026072204,0
2026-01-01 11:15:00,23981.700231610223,42653.405764536015,904.8476329340957,1105.439146790907,2254.533575107592,1.2032918149000857,164.71176105224063,1162.934359244948,0.009162183820698517,2.9656344819834155,220,166.70245123497818,2,H2026072204,1
2026-01-01 11:16:00,24011.344620099655,42463.787954115636,905.7564775747118,1103.5009117954135,2247.241500857216,1.1894468746337568,166.57592802550934,1162.1419584079601,0.00681406135875674,3.028302144650878,220,168.89626926202536,1,H2026072204,1
2026-01-01 11:17:00,24159.029946431932,42841.8744926382,904.105637688402,1102.9436358066534,2252.352708642643,1.1973845155612746,169.49833207833615,1159.6399313387308,0.007911431119918181,3.0675235652691817,220,168.8609193846391,1,H2026072204,1
2026-01-01 11:18:00,24046.227214861246,42494.44268765653,905.6506238631185,1104.8963745707622,2252.46430567632,1.2193181731760534,167.48985110467348,1160.7549217443018,0.007165668277078129,3.0281020211662337,220,167.856136361282,0,H2026072204,1
2026-01-01 11:19:00,24158.608111565307,42900.76102087867,906.2487417042134,1102.2855893349174,2256.3439793049865,1.2071484094091252,168.10548948171856,1161.575234888034,0.008932530736460317,2.965649007665264,220,171.6639165964467,1,H2026072204,1
2026-01-01 11:20:00,24198.317903847088,42690.87780408123,907.2609753783659,1102.4273769429778,2255.7362659984246,1.2056502574769359,162.06354220489692,1159.4375796584225,0.00854315686176022,3.056231028369587,220,168.02876506481275,0,H2026072204,1
2026-01-01 11:21:00,24069.036558543197,42700.305117196585,903.2098845013231,1105.954453741703,2253.094112134966,1.2147652266897768,174.62819401647673,1161.4258967384064,0.008637911039657184,3.078734692977023,220,165.45545986135244,1,H2026072204,1
2026-01-01 11:22:00,24024.881309286386,42589.407097490264,908.1294063265807,1101.0481450388465,2256.261175645354,1.190597544220805,169.95248661974279,1161.2559978560084,0.008796544556447065,2.9462481402720693,220,168.33450897306022,0,H2026072204,1
2026-01-01 11:23:00,24081.915714551218,42747.71713133053,904.764450634591,1100.7909860224233,2248.7473370014163,1.1997254070284138,168.8800733170411,1161.2251594645013,0.004987790968113843,2.9017846140486565,220,170.69651510842382,1,H2026072204,1
2026-01-01 11:24:00,24130.777773381713,42900.32270536759,903.5878604834109,1101.662426548939,2249.909368892051,1.2060591352604595,166.247638213497,1160.9407795979803,0.0074256002923770445,3.1098742406165854,220,172.88075342286922,1,H2026072204,1
2026-01-01 11:25:00,24159.41552627077,43249.862720578516,903.6394017599682,1101.9791898250792,2249.639320802006,1.2154890935027158,171.2271026493734,1160.098708516408,0.007999639869951067,3.027716685785891,220,166.55010759251223,1,H2026072204,1
2026-01-01 11:26:00,24182.469008147073,43044.608249808385,904.1182509754016,1101.6797096050022,2250.6248765187943,1.191094376749981,175.4614414232597,1159.5619847278656,0.00721638825368125,2.9972366608961183,220,172.21381406055158,1,H2026072204,1
2026-01-01 11:27:00,24332.785790859612,43410.94837008812,907.0827323778359,1106.595603120829,2249.8254775017067,1.2009156972028203,173.50672710781762,1157.8920305321228,0.007536083923860551,2.968616741727067,220,169.86258702684745,2,H2026072204,1
2026-01-01 11:28:00,24294.805493030675,42963.27306319158,906.6964771593724,1102.5732665177034,2249.3963818679513,1.19782234531506,168.19621248689637,1160.239699721705,0.007606373850929245,3.058145060948204,220,170.42658105678763,2,H2026072204,1
2026-01-01 11:29:00,24230.582388290757,43396.10372066067,903.9703013735458,1101.1100185592652,2250.723253867737,1.20564137334419,166.02770786891662,1160.4469693371152,0.008310053034720226,2.9410482547701515,220,169.74283411315173,0,H2026072204,1
2026-01-01 11:30:00,24457.26151107545,43370.45912966409,907.3251843293581,1100.0086130716236,2241.610766256049,1.2102696277903993,168.23477009472765,1159.8250002336888,0.007255097602050892,3.230457857078985,220,169.81560042844876,0,H2026072204,1
2026-01-01 11:31:00,24587.32830756935,44124.69100355224,905.6929767904904,1098.6840218850818,2242.297453907704,1.2163682915207512,170.81499587881405,1160.898782009828,0.009147609522021264,2.8420789739742958,220,170.88569891735494,0,H2026072204,1
2026-01-01 11:32:00,24336.906918877507,43094.57052795963,907.4923990031218,1100.8963275098895,2248.9056521093326,1.2091889938846891,167.396273203166,1159.8830368327508,0.009811468359479384,2.886583650574601,220,169.69487427935462,2,H2026072204,1
2026-01-01 11:33:00,24555.944023730048,43847.072802389805,906.9287347661647,1098.3255016727835,2245.44125584012,1.1923550642197172,173.66253024103892,1158.0659569540996,0.006751265901362821,3.147693774859637,220,171.88488414781602,0,H2026072204,1
2026-01-01 11:34:00,24620.39281767855,44240.738791131465,907.1896205251643,1102.8543147296,2250.2412727017118,1.20177627407772,172.47176118142255,1158.5322781805396,0.007163743518208211,3.0809551079825095,220,168.5528351525626,2,H2026072204,1
2026-01-01 11:35:00,24421.67732467449,43614.93687436518,906.5416409174593,1102.2856264413992,2244.4657959079836,1.20398688937657,168.2958133098212,1159.5791703511986,0.009042570802031654,2.8654332560082003,220,173.37765513857514,2,H2026072204,1
2026-01-01 11:36:00,24490.377230315997,43124.00597813713,912.3235495080534,1097.975816118486,2249.459673274131,1.1955449144928494,165.1580903354448,1159.3425164863004,0.00919681752551722,2.95744487090377,220,168.08956169901978,1,H2026072204,1
2026-01-01 11:37:00,24647.593293627946,43695.45889599244,906.7210745849302,1097.2667829460686,2243.1206403139277,1.203240426583191,166.8048883719387,1157.4155985228301,0.008578887616839575,3.0339229581198133,220,167.61714510454667,0,H2026072204,1
2026-01-01 11:38:00,24672.693467694993,43542.978986692986,910.2493706368593,1099.7029030474203,2246.3200336688224,1.1972069155352136,175.0336292374083,1160.0542928203595,0.009488444155188446,2.992599488503339,220,174.71853294433296,2,H2026072204,1
2026-01-01 11:39:00,24620.069917502005,43307.06629272186,909.2758753129,1101.0086682361743,2244.6177341471553,1.1765477204271664,172.89749750197237,1160.0404496239582,0.008193038402808819,2.9905049866470614,220,169.0011183094705,2,H2026072204,1
2026-01-01 11:40:00,24569.824640916508,44190.16178377445,906.2691571054241,1103.1884593658397,2247.408162572728,1.192441546944659,167.15205476688308,1159.1664916842158,0.006157823494634399,3.095909117017368,220,170.87811029631698,0,H2026072204,1
2026-01-01 11:41:00,24737.9209036281,43922.593389597045,906.0819852903111,1097.2618559800794,2246.4073020259593,1.192143976835322,172.00561363219776,1157.8346030993064,0.007725750772697794,2.956091071753748,220,167.69591415206864,2,H2026072204,1
2026-01-01 11:42:00,24923.745830703054,44257.00758781415,910.1025454683854,1099.8202747028402,2239.400288274379,1.188694299995946,169.29850490709055,1157.5084402913121,0.00850871993212572,2.982584749831602,220,169.78935649727384,1,H2026072204,1
2026-01-01 11:43:00,24796.983847933596,44174.31268822814,911.8931834330664,1101.6103814420378,2241.646869992636,1.216403244596402,170.63236500504507,1157.516838893466,0.007887524302604155,2.990996023042381,220,170.8225930863437,2,H2026072204,1
2026-01-01 11:44:00,24663.402274099644,43881.57179573712,908.5794577446861,1098.967748048114,2244.9923221637964,1.191982595952412,167.6099096352472,1157.726524523965,0.00964495833461748,2.8739153846072583,220,173.59094636630365,2,H2026072204,1
2026-01-01 11:45:00,24829.86526892511,44156.79921380056,905.039343916175,1098.0702626673956,2238.8329090379407,1.2004970912059123,166.478582127178,1157.1097369824008,0.008764469373014401,2.9729680886673093,220,169.71526379534464,0,H2026072204,1
2026-01-01 11:46:00,24942.14090641129,44414.981891503914,911.5648730127466,1097.678497778339,2243.6808575450295,1.1964813441671809,171.37361436974368,1156.2082494992833,0.009571843159805108,3.1202668999143213,220,170.06901026922574,0,H2026072204,1
2026-01-01 11:47:00,25041.133728768258,44434.21968530716,913.9059136469984,1098.7268269475653,2244.451808650968,1.2230585558276248,164.42577495309624,1157.238998605289,0.008355760331772702,2.9521183798327906,220,171.49217556996282,2,H2026072204,1
2026-01-01 11:48:00,24616.34497264953,43676.98866144632,907.6477332599638,1098.2330949020127,2243.636083561214,1.1881535568220476,176.36760336700812,1156.3352774422253,0.0058914145136781445,3.0351800841858285,220,170.61158469584979,0,H2026072204,1
2026-01-01 11:49:00,25127.076095375505,44976.83554134575,913.4686349045593,1100.8389802069016,2241.1933294584796,1.203093151467947,182.91990657245083,1155.7447460904623,0.008146952791259977,2.9368090294340883,220,169.0759544767632,2,H2026072204,1
2026-01-01 11:50:00,24876.457499025586,43823.93999718592,912.4982031747273,1097.9944110421452,2239.062328610498,1.2066998011827221,169.7407199158172,1156.0586495497278,0.008246785782485761,3.0390603643682033,220,171.04679515582427,1,H2026072204,1
2026-01-01 11:51:00,24979.209511393266,44085.85378875468,911.7847423080169,1104.030296108422,2244.6629838572853,1.193089708501501,171.85208212439014,1156.4071213948018,0.008992554376825033,3.011362496810645,220,172.96920975819802,0,H2026072204,1
2026-01-01 11:52:00,25036.738218919076,44601.59225105564,913.2646548171282,1101.470529859284,2236.9664372164452,1.1817978275652736,170.96414051452786,1155.2570909728695,0.00811096110584913,2.9611329836075884,220,173.70904710224912,2,H2026072204,1
2026-01-01 11:53:00,24896.22173050804,44278.973223062385,917.4730984137029,1098.393168289496,2239.466497372413,1.2080976670666301,164.96216642579125,1154.433333150881,0.008376810243379142,3.0268712579842063,220,168.1881465787422,1,H2026072204,1
2026-01-01 11:54:00,24995.721787431357,44412.553679166835,912.9510419376542,1100.799378148815,2242.2532358808703,1.1947480978554055,167.13420589544785,1154.8726170433506,0.00677966357600621,2.9961826890960577,220,168.99029377558912,1,H2026072204,1
2026-01-01 11:55:00,25063.289518266058,44288.13452147055,914.3904077947633,1100.3168941375543,2241.211629152383,1.1839907353831665,163.84843726447804,1155.576605864113,0.009001339309363324,2.9397092100302595,220,169.05240664325913,2,H2026072204,1
2026-01-01 11:56:00,24937.006513386725,44209.19344519163,909.8526659072869,1098.5347086819072,2241.6303889355454,1.192631775604674,159.83477322239068,1153.709419810168,0.007036112375348638,2.930976366398857,220,172.66136811594902,2,H2026072204,1
2026-01-01 11:57:00,25162.80358930746,44986.88841148627,912.1820139280204,1099.143422293578,2241.8675139646066,1.2167280879078783,168.84845816530117,1154.831017981318,0.005136027161826866,2.9360765131293856,220,170.5623704187665,2,H2026072204,1
2026-01-01 11:58:00,25422.741728413665,45070.767869017516,913.9742903293193,1099.464782915421,2239.68295830332,1.2150977396618956,166.48822067592388,1155.7725386173274,0.009174028559647725,3.011634614352572,220,170.09831364562305,0,H2026072204,1
2026-01-01 11:59:00,25086.894931349947,44398.896963026855,914.5113857472543,1102.8557217734794,2242.4061636363804,1.2028435581946362,169.77510167605132,1155.5617351745377,0.008794091310452005,3.077006879380642,220,168.27016610680815,0,H2026072204,1
2026-01-01 12:00:00,25129.534420204425,44904.54442354187,915.2418213156492,1100.917932598015,2242.9536435108225,1.193637169570403,166.30140164479235,1156.0219480549652,0.006567084745919306,2.9926659671819515,220,167.91653034393767,2,H2026072205,1
2026-01-01 12:01:00,24829.439811055378,44077.9690996838,914.6111531982825,1103.4608069327192,2237.5588617143885,1.1944390719260376,170.75769074975864,1154.8831210161186,0.00681014561673063,3.10417980247022,220,169.5724467722776,1,H2026072205,1
2026-01-01 12:02:00,25199.853214965253,44915.90244479442,917.8756438340679,1098.4090816620528,2240.2709159851393,1.2027775119765904,169.11259952943246,1154.1492808526777,0.006185130005829413,3.04005377366809,220,172.4632941056201,2,H2026072205,1
2026-01-01 12:03:00,25126.01119250611,44602.45052989449,915.1217385363983,1100.0521333949275,2237.952633614683,1.2026529678752926,164.30557614235676,1155.2287501889807,0.008497167503913683,3.036685142398008,220,172.74501944329182,1,H2026072205,1
2026-01-01 12:04:00,25267.584150720555,45317.6656975563,920.7618349323251,1104.065402809959,2238.0831380111536,1.1981459955512077,172.75643212230582,1155.8853204661332,0.005938083463881069,3.060295328579912,220,169.54492818292536,2,H2026072205,1
2026-01-01 12:05:00,25371.615482158675,44904.15823887033,924.3163919295541,1097.9206188230394,2235.4364017356097,1.1897162927705873,166.71692674583795,1153.3496494747199,0.008713312354323589,3.158120779979871,220,166.6634415611365,0,H2026072205,1
2026-01-01 12:06:00,25094.956117899586,44682.3171127095,918.2444430295634,1099.6570231232142,2239.3306031997568,1.189563792038235,168.7515868875034,1154.3905650742604,0.008926785250897542,2.940460450203559,220,168.4369309334694,2,H2026072205,1
2026-01-01 12:07:00,25276.86240578854,44837.843631316544,920.7758866004319,1100.382388140268,2242.5869801210024,1.2034168937437733,180.01612952811465,1152.37270733767,0.009158362353915154,3.0491508849237143,220,172.056957982287,0,H2026072205,1
2026-01-01 12:08:00,25099.02762873262,44538.87120011445,924.9035144411102,1104.3191991671888,2238.788743031594,1.206891989016265,165.49588443425057,1154.9983853290623,0.007522149494086423,2.899281087970497,220,167.06486625245358,2,H2026072205,1
2026-01-01 12:09:00,25078.52633004824,44614.56989945785,917.1661206305571,1099.6023447082298,2238.1895591944585,1.1794593284130597,167.88681559674112,1152.9362023552058,0.008222096768978693,3.0621285808217427,220,169.89380248557805,1,H2026072205,1
2026-01-01 12:10:00,25233.73000229587,44617.74193621695,920.1136694252701,1105.6494625184341,2240.8921131944903,1.1983747259221598,167.8390771369456,1154.6718327005651,0.006515208899205446,3.0069018483774204,220,168.98310099078793,0,H2026072205,1
2026-01-01 12:11:00,25327.778365076232,45169.046274456436,920.9799089047356,1105.6086379109292,2239.4244402561367,1.1816267492269688,170.5429702551413,1154.7294950857179,0.008200930371956013,3.10331935572239,220,168.59674467651462,1,H2026072205,1
2026-01-01 12:12:00,25271.39384281896,45029.108221429655,921.487093481192,1101.0151047770848,2235.3792523884263,1.204473010386684,167.23853483757523,1153.0771198820485,0.00887841281988458,3.0782687617551114,220,166.42247185958684,1,H2026072205,1
2026-01-01 12:13:00,25254.696116891988,44956.91099098979,924.1195681305383,1101.941420146691,2238.2799629612396,1.2158810400470528,174.71778948378815,1154.1071382471857,0.008087213827878194,2.870672027692339,220,171.46460771663305,2,H2026072205,1
2026-01-01 12:14:00,25197.930183134624,44836.63943881573,923.2440517010854,1101.3190717110801,2237.105647837596,1.198472696857078,171.3281203256742,1153.3683423116013,0.0061447916027681845,2.9585440339180926,220,165.7266927580981,0,H2026072205,1
2026-01-01 12:15:00,25540.94702495058,45742.108966082735,924.0388055467082,1104.2758425970592,2245.5594928150435,1.202121056684764,168.1281025984481,1154.749040170324,0.00937932555635147,2.843294352088606,220,171.09705976857092,2,H2026072205,1
2026-01-01 12:16:00,25261.26595388144,45098.58228418798,927.1774998140573,1104.4691649488702,2243.539455974028,1.2148562805122936,169.55859200078376,1152.8400068843357,0.009795026859648266,2.8610805257911034,220,170.42778086298452,2,H2026072205,1
2026-01-01 12:17:00,25586.307686136883,45525.69023254024,926.5562104971158,1105.0457220058781,2234.9326435656,1.2006280673106435,170.50643738124066,1150.4816074594848,0.006563416175849003,2.9688688196805506,220,174.18976150912917,1,H2026072205,1
2026-01-01 12:18:00,25222.988727036663,44956.94477094884,930.1159767520188,1104.099948367976,2239.100510921376,1.1934400470525979,174.9315802548015,1151.789285593843,0.008705397335933769,3.01234164216331,220,164.94584387206987,1,H2026072205,1
2026-01-01 12:19:00,25187.694426405094,44703.010918753636,927.7642299518162,1107.774563015766,2239.260728106607,1.2134408737139624,171.38605512916388,1151.2872887657356,0.008045895889091716,3.068980765046468,220,170.04975739671275,1,H2026072205,1
2026-01-01 12:20:00,25296.334632713264,44938.53756133342,927.8057829898395,1103.0449919010466,2237.6000221323898,1.1920336622072076,165.22683975477068,1150.923251334963,0.009598285228406523,3.018950831206955,220,170.05808085849796,1,H2026072205,1
2026-01-01 12:21:00,25217.443726202142,45537.724784260245,930.0427248231301,1104.1780092109275,2239.8711527839887,1.1918357452246446,172.8625588994961,1151.8169482263452,0.007967392246118619,2.9116653040159064,220,169.533336777934,1,H2026072205,1
2026-01-01 12:22:00,25225.933012861155,44924.68006049331,931.9982161931549,1107.4429491853118,2237.9747887358235,1.1953485941644586,174.50966192112762,1152.3890065788462,0.006818127802004114,2.9009082435486944,220,167.0495001780487,1,H2026072205,1
2026-01-01 12:23:00,25306.294532070046,45605.531044477015,930.1264677082715,1103.4536351943036,2242.543819705039,1.2138507149594018,171.07025083447743,1152.4859630553424,0.008128377743195594,2.9415501902580194,220,168.73588648086448,1,H2026072205,1
2026-01-01 12:24:00,25311.80369475355,44847.61994887847,930.8170122703322,1105.1344825239432,2236.1838881944714,1.1895055561684404,175.45668707097727,1153.8327686308078,0.008396536123455886,3.012558393208669,220,172.5965469226873,0,H2026072205,1
2026-01-01 12:25:00,25489.12522995178,45273.961539621916,933.0341017106037,1104.0215100318478,2234.373944701336,1.2012775196765157,165.40859864287415,1152.481589085149,0.008048880154344995,2.7962545037323205,220,174.414017738616,1,H2026072205,1
2026-01-01 12:26:00,25482.995354564933,45213.38119364075,930.8544300898233,1105.5058533434294,2238.2854269722948,1.188287954171774,165.4300938350309,1150.9084136545391,0.008221225633207539,2.8399201147602646,220,170.75669998378112,0,H2026072205,1
2026-01-01 12:27:00,25371.987992744595,45165.005565847096,931.661521040059,1107.3922587977931,2239.345526577764,1.2303108029885073,166.531292755901,1150.8269956314957,0.009087882152438364,2.93919190628386,220,167.89542982070887,2,H2026072205,1
2026-01-01 12:28:00,25154.408498371675,44779.58162041847,930.7951447928141,1107.282495650898,2235.233738239901,1.2171818718139575,171.67342591684402,1153.4350378034947,0.006960937619064573,2.9961829428336078,220,168.97890388220884,1,H2026072205,1
2026-01-01 12:29:00,25411.621645810254,45539.96520672259,933.0385682882929,1104.2157170169153,2232.893528318352,1.1914933714312115,165.99256512368146,1153.171638902034,0.007069263124414257,2.9250375325813325,220,172.21807091305845,2,H2026072205,1
2026-01-01 12:30:00,25213.830260602397,45147.987467231724,934.2204109447791,1103.2263494134015,2239.9791666522274,1.2131267655678433,169.77973875309917,1150.5292912941027,0.009119784674594782,3.071468685742529,220,168.23964871476332,1,H2026072205,1
2026-01-01 12:31:00,25200.987046813367,45168.73755137495,932.5920544415414,1107.7822814504902,2240.0985505933845,1.1987579594448536,165.7650045506697,1153.5245691356893,0.008608091976855104,2.867962217332963,220,169.48757157158005,0,H2026072205,1
2026-01-01 12:32:00,25361.32884601843,45258.68018239985,934.6846647682555,1111.3798521885822,2237.6815495601973,1.2080997608038044,166.41335713646467,1150.7054172496219,0.006572511609827509,2.9675060566634737,220,170.14415222517573,0,H2026072205,1
2026-01-01 12:33:00,25429.84351876473,45192.98398385008,934.3790738216248,1109.345693479664,2234.375318251041,1.2223173327054557,171.51601212297797,1150.421653796914,0.006858127567562312,2.9955268896200384,220,166.7594355071239,2,H2026072205,1
2026-01-01 12:34:00,25607.77841917042,45464.08477621855,934.155796274298,1108.6511867348427,2241.1265104469667,1.1914467370428128,172.00385949647503,1149.6056080177427,0.008052684304099356,3.0154405567933984,220,171.90633261191834,0,H2026072205,1
2026-01-01 12:35:00,25171.548379297208,45111.17507898131,937.2210935495405,1105.5832548458557,2242.0568898934453,1.2008963492322162,176.2302667583216,1150.343465246272,0.008236807713656282,3.076621151216843,220,172.56992831819196,0,H2026072205,1
2026-01-01 12:36:00,25340.016619165246,45094.83741407897,938.8249687534668,1107.0486514499903,2238.54112731722,1.1892259838920924,168.28996354125147,1150.2245500979288,0.0070718369234144445,2.905841085242555,220,175.44278199438298,0,H2026072205,1
2026-01-01 12:37:00,25460.36017304715,45379.799312115705,937.7188971967905,1111.7306008813302,2237.3987725266024,1.1896225282006498,175.57604275877,1151.264365824124,0.009289615055326847,2.9726423569707467,220,171.2915202994287,1,H2026072205,1
2026-01-01 12:38:00,25294.390339315105,45205.031405936075,937.4263847491278,1111.6963435915886,2238.5933296560734,1.2098012072931696,177.78532135677045,1151.7329102995457,0.007277204982181302,2.9701988894295153,220,167.68196487625914,0,H2026072205,1
2026-01-01 12:39:00,25301.892516294174,45096.74369833517,942.6641001674217,1110.8791887186057,2241.4134192673005,1.218275764604279,174.30356574068702,1152.2878295428131,0.009082973163941188,3.058192542202166,220,170.1667156974734,1,H2026072205,1
2026-01-01 12:40:00,25064.822136650913,44696.415350918614,940.2906449764882,1109.8599334290218,2243.4482455363163,1.2134533182173404,163.3831918374922,1150.0569637099698,0.008129747584065728,2.8608325408128,220,168.15127867111417,2,H2026072205,1
2026-01-01 12:41:00,25093.80520173595,44445.73065675532,938.5059829592993,1110.6309123083458,2242.6795768499023,1.2123671154984608,168.84941358926457,1151.26741576677,0.008713715335530682,3.051333762949998,220,172.48198989435988,1,H2026072205,1
2026-01-01 12:42:00,25212.381372069965,45096.11970215396,941.5462556600853,1113.1546306186626,2238.1375833050165,1.1921706117254964,166.38009768192757,1151.0985115709989,0.004930783532692448,2.939133300981311,220,169.38004334002218,1,H2026072205,1
2026-01-01 12:43:00,25365.735780772266,45369.66341059488,942.6942171903249,1110.941108320789,2242.1256315001237,1.2017162604366856,170.80602529108202,1150.0460358823734,0.007534126041131515,3.0495411073106222,220,169.91552192264678,1,H2026072205,1
2026-01-01 12:44:00,25213.991414237866,45144.745361991314,941.8247814065434,1115.169844529619,2239.072105430779,1.1867231680263768,170.0785050287897,1151.933817442162,0.008823800805066721,2.9100616596299864,220,170.65730066333938,1,H2026072205,1
2026-01-01 12:45:00,25135.035252566016,45120.954563775034,944.1303461840461,1111.743217096082,2243.6001895405743,1.1971727855920689,169.4292451935833,1149.3419371125678,0.007868116514549175,2.9469278048763643,220,170.19529038230976,2,H2026072205,1
2026-01-01 12:46:00,25438.55194687739,45421.320797657354,942.093528602072,1115.2716412633624,2240.0696003941634,1.1963738730367814,164.90362411751755,1149.478778239624,0.006835010686133415,3.0304727481534526,220,168.63049034054197,1,H2026072205,1
2026-01-01 12:47:00,25178.753708612592,44758.26027853117,941.4880357720926,1111.2112160014117,2239.3697664522797,1.1992170958925712,168.3722698743471,1151.3526718436833,0.00790035166629443,2.908888456660474,220,168.04181439548353,0,H2026072205,1
2026-01-01 12:48:00,25402.660182839485,45217.5210715973,947.7888734349361,1115.2154053029055,2243.4407622453737,1.1970652792484715,168.06202749178712,1148.4369408986179,0.008776221179174393,3.0706509753622826,220,167.52444849689712,1,H2026072205,1
2026-01-01 12:49:00,25312.591860327313,44925.370182107195,945.161010694787,1112.6123333773132,2241.825758944187,1.2090387964257885,171.1188394357121,1149.7025658235787,0.008200458595072563,3.1006685728120003,220,170.9661238583778,2,H2026072205,1
2026-01-01 12:50:00,25169.654973612796,44618.94196523004,946.2562089195718,1116.690912908616,2244.3686093639267,1.1892297471274407,169.70873388464082,1148.8649148959214,0.007718425721028107,2.957625799918865,220,173.16144175363135,2,H2026072205,1
2026-01-01 12:51:00,25302.470260199032,44879.14927637145,945.5068775892332,1112.948091898782,2242.043853021687,1.195287708212947,166.05328041625114,1150.553688086899,0.006982668165813059,3.096543181174326,220,167.22921457647496,0,H2026072205,0
2026-01-01 12:52:00,25170.433440259938,44404.957335472034,943.990788495133,1112.6066906407832,2243.0722721741035,1.175446857922276,166.82495558327108,1149.0449923790504,0.007622872722467983,3.0252739540152596,220,167.28143738251748,0,H2026072205,1
2026-01-01 12:53:00,25016.71942289346,44526.32295335179,947.3743534217343,1118.0634317344504,2240.514629570558,1.1945023957271255,171.74691423866344,1151.641635986925,0.00919165213537695,3.0661488280088403,220,169.56514017234184,1,H2026072205,1
2026-01-01 12:54:00,25169.075658952483,44543.95358660602,944.0602823066838,1117.1010788755275,2240.1745099926857,1.2058516340854952,172.9735150559603,1151.2304372717663,0.007596861702825185,2.9848698665303246,220,170.48425176229946,2,H2026072205,1
2026-01-01 12:55:00,25084.761179551446,44676.748482082054,945.3329327627337,1119.6754792363804,2248.035932213992,1.2036982702983925,171.86698904654384,1149.7710787835356,0.008529374316526417,3.019245625312609,220,169.99544880729687,2,H2026072205,1
2026-01-01 12:56:00,24994.421006341778,44046.56526739899,947.4956210692786,1118.324036250269,2247.217501531862,1.1962301742473334,174.75398066170865,1149.6974672082717,0.007801401614085398,2.9721228933051216,220,169.65683810369546,2,H2026072205,1
2026-01-01 12:57:00,25032.458264435878,44648.1922122833,951.5926050984531,1121.3329595081275,2243.798448199724,1.1902602559900803,171.12614842548362,1150.5988590736188,0.006910010025356532,3.0623200319284507,220,169.67748240720027,0,H2026072205,1
2026-01-01 12:58:00,25103.528467110227,44687.1509246909,948.3514218833313,1119.2450586198745,2240.3291003074496,1.231245629631949,172.9918398734935,1149.245223301075,0.008071059455119491,3.0657402745240256,220,170.28416326269738,0,H2026072205,1
2026-01-01 12:59:00,25037.247846738806,44532.86047775933,948.4462353591227,1115.852699582448,2243.019190867826,1.20024169230754,168.2467141937812,1150.3193777297781,0.00728039649010497,2.9938496755727586,220,167.50731165401442,2,H2026072205,1
2026-01-01 13:00:00,24829.279553509215,44074.84406613049,948.2486223221619,1121.9490215712676,2246.7525871745047,1.1955267675564765,174.0109778471957,1148.2956379627842,0.006752319835876441,2.937137633792375,220,170.53879603778537,1,H2026072206,1
2026-01-01 13:01:00,25088.893248413406,44470.65903056377,951.8518446431203,1120.9813579797424,2246.0780022116764,1.2049938166888607,173.07527077982064,1149.5510629096323,0.006980658821380462,3.04950867395417,220,170.61882368046207,0,H2026072206,1
2026-01-01 13:02:00,24869.681497299647,44096.522594783484,945.2148026561246,1120.0580620811656,2240.4698460488803,1.2174828137311857,167.5791804302571,1149.7387437287646,0.009739015535951018,2.9645159899390525,220,168.1369693179294,1,H2026072206,1
2026-01-01 13:03:00,25107.291440812925,44800.51525139133,949.4984929729213,1122.5353057883535,2248.2362753538773,1.167522365221337,175.16444196333723,1150.237820398948,0.006505834423855378,3.0180725047227153,220,169.6719335890075,1,H2026072206,1
2026-01-01 13:04:00,24760.86618059224,44207.337618576756,951.083052983903,1118.9915594483261,2247.185576626981,1.1903219221123236,169.09842456527684,1150.6327469969053,0.007416603130777077,2.883759495984651,220,170.45088602108444,2,H2026072206,1
2026-01-01 13:05:00,24770.875924055817,44420.779280485454,950.1473206518959,1124.1481572163225,2246.5598060342454,1.1836536056746547,165.0415172764324,1151.3887300264971,0.006161678135705354,2.914228564379186,220,168.9783992380674,2,H2026072206,1
2026-01-01 13:06:00,24779.000284080765,43796.030921014826,952.4989162444551,1123.9400757309083,2244.1574044810723,1.211047992195423,170.64700133927712,1150.0602344463475,0.008074441475918619,3.028372080188196,220,169.55812169917442,1,H2026072206,1
2026-01-01 13:07:00,24984.279115246918,44658.33456876477,955.1782499111122,1124.467206087455,2247.307554676646,1.195791057254124,171.5126461129655,1148.6551558086799,0.008324344101779617,3.027639539955834,220,166.9976247881206,2,H2026072206,1
2026-01-01 13:08:00,24714.484343470896,44044.150870519756,950.0516186230503,1121.7591530215734,2247.0993337000505,1.196093554255471,172.2577850678491,1149.2440046457289,0.008620152666376219,3.105291979156322,220,168.03177205925232,1,H2026072206,1
2026-01-01 13:09:00,24751.785439279447,43646.49589971431,951.6512706946678,1127.8934206699407,2251.296838016379,1.2101002313022444,180.30814487965057,1150.0588134285792,0.008332644109843818,3.0635001642783317,220,171.63486236977144,2,H2026072206,1
2026-01-01 13:10:00,24905.627393408406,44220.10200039087,952.6868001197288,1124.6019868334495,2250.3338310943072,1.200849514150304,173.01828149500994,1151.3434728082302,0.008802785928926221,2.8279806350816195,220,170.50349304063,0,H2026072206,1
2026-01-01 13:11:00,24846.650758169926,44251.501918021546,953.1019664464014,1126.3113560884115,2248.8447366041064,1.1879395253642946,175.86374167915653,1150.7874271573069,0.008981373738114917,2.988860992039313,220,170.14547810982643,0,H2026072206,1
2026-01-01 13:12:00,24705.68542025517,43369.69628931337,952.8955735462562,1125.5766191077485,2250.653152028788,1.1907004540786004,165.18597651390033,1150.8388451080696,0.007440751767580561,2.953995068142227,220,168.98369859214714,1,H2026072206,1
2026-01-01 13:13:00,24496.434395162905,43498.447721558754,951.6821434497363,1125.2509046909101,2246.659813321722,1.1979690628273023,169.64122404142512,1148.8788806638008,0.009376833652393805,2.9375315003694156,220,169.08652147566193,0,H2026072206,1
2026-01-01 13:14:00,24672.89162324002,43595.97710811062,953.3138270332934,1124.1793438302118,2251.544145370238,1.2027402753480814,177.91027891322332,1148.6078153538826,0.008218546822934441,2.9303907912538816,220,169.10577397859285,1,H2026072206,1
2026-01-01 13:15:00,24816.058009632718,44271.499715153244,951.302619318719,1122.452696004628,2250.062386358901,1.219696709132932,172.96649380533066,1151.0860816597258,0.00789924946080882,2.9461630766968425,220,170.49254309209013,1,H2026072206,1
2026-01-01 13:16:00,24648.475199919292,43961.678631160365,954.5812323807503,1125.3144265232902,2256.5546320328262,1.1983237053997957,177.72401944792244,1150.4798603110055,0.0065456503658726396,3.1257920111815327,220,171.49170505756703,0,H2026072206,1
2026-01-01 13:17:00,24480.081452557908,43870.873514568484,951.9771717602788,1127.4293628606504,2255.3834450438285,1.1931864323191497,169.3393749648311,1147.9062235093884,0.00957632889085726,2.993654318184462,220,167.91479707038417,2,H2026072206,1
2026-01-01 13:18:00,24215.50245455994,43212.190876108354,955.6576711203213,1131.1342142711842,2255.661073343349,1.2123919398179324,176.82820037697977,1150.1417724922362,0.007330608234902149,3.0199568569450705,220,167.32626950217514,2,H2026072206,1
2026-01-01 13:19:00,24623.172600657133,44026.16697075144,954.0662222320071,1127.300149862189,2253.2504076598248,1.206337539322974,170.27089556058854,1150.9692508649155,0.007993575577016644,3.0338669867728347,220,170.4949070054277,0,H2026072206,1
2026-01-01 13:20:00,24702.816043816867,44284.036356085555,950.0169459876141,1125.9385377580984,2248.7002187734133,1.2120007696203892,167.4993193781943,1151.453445190425,0.009158789826981801,3.0337758674068103,220,169.97883968405125,2,H2026072206,1
2026-01-01 13:21:00,24603.441070186687,44018.51590390502,955.4347059227874,1126.956690292858,2255.03584143622,1.1982288385213884,174.25552077029732,1149.1635836156838,0.007957048867572545,2.926115982666367,220,170.63362343044753,2,H2026072206,1
2026-01-01 13:22:00,24610.908588025937,43831.85336717818,956.1281017293153,1126.857472843724,2252.00114379775,1.1911437159617941,177.6076942810974,1148.3556800807523,0.006656589474771843,3.0942979053198716,220,165.51541037587043,0,H2026072206,1
2026-01-01 13:23:00,24410.454566691213,43522.36396735243,954.0112446889231,1130.3727102560033,2256.9668222349324,1.197540860575474,178.4889419374823,1150.18931114791,0.007996557552262251,3.0152566239967054,220,171.7613779633847,2,H2026072206,1
2026-01-01 13:24:00,24475.23321609342,43504.00343043158,953.6688055209621,1128.2720972659158,2257.522799117247,1.2029998090322773,174.75278427478707,1151.9062583507202,0.00851218352431058,3.183389843357096,220,168.67521157935684,1,H2026072206,1
2026-01-01 13:25:00,24391.94808328321,43321.94419513435,954.7882603394793,1131.3758816357163,2252.4302917086807,1.215873892156511,167.8062966621335,1149.9008830290825,0.007214365638614621,2.924958106094418,220,172.1136065437793,1,H2026072206,1
2026-01-01 13:26:00,24296.127436568822,43181.15144048447,956.9294103510452,1126.7093796940073,2252.8677163326374,1.1948951571172157,169.92813857664902,1149.7164363100965,0.006111199336523737,3.0681529520229356,220,170.13093155991572,2,H2026072206,1
2026-01-01 13:27:00,24446.615311277732,43123.63202333862,957.8727652483192,1127.1041309442192,2253.532831012157,1.202669838379136,161.57667481496836,1149.1516726493576,0.008150165477575529,2.966946987928339,220,170.22453787059433,0,H2026072206,1
2026-01-01 13:28:00,24219.01418280247,43541.61780235362,953.0867700300278,1126.6544826751708,2257.9564249006994,1.2044651817646999,167.77878599672343,1151.731914066259,0.006970926359992002,2.9646982677062548,220,166.56766131275896,1,H2026072206,1
2026-01-01 13:29:00,24200.032769965703,43290.3629575675,957.1521314823503,1127.9712742241056,2255.590834212824,1.2041284978775963,171.78727874266514,1149.8209884371322,0.007502103592297958,3.027895102693118,220,167.5081547952609,0,H2026072206,1
2026-01-01 13:30:00,24151.456207421015,43002.70361506611,955.0636495551273,1128.1364991086336,2257.019920355038,1.1764348051838114,171.47569275424692,1150.14912389094,0.007178666934914046,2.963526729709212,220,166.36257738729395,2,H2026072206,1
2026-01-01 13:31:00,24379.98811593968,43562.085417967915,955.4048838010019,1127.8501996484545,2256.359034205998,1.2113480786852502,171.34718617296988,1151.4650640537964,0.008263928765149682,3.0412744609681046,220,169.35798377509067,2,H2026072206,1
2026-01-01 13:32:00,24228.10856827375,43131.41131531453,956.1298728260516,1133.4452779741987,2253.3632428456062,1.1951082593254667,174.09442976969962,1152.2855410021448,0.00808806619827352,2.87993979463948,220,167.15250665775977,1,H2026072206,1
2026-01-01 13:33:00,24196.53813948679,43453.150731384885,952.9480342161143,1131.2826551473397,2257.69738344534,1.2067626512014151,173.9800567394873,1151.7690461993068,0.01024299732446327,2.966258038935146,220,168.30423816484895,0,H2026072206,1
2026-01-01 13:34:00,24272.897312355915,42808.99331011484,952.3233864740027,1134.0152683433466,2258.447720533726,1.1929629168802582,168.90184625812643,1150.02815823075,0.00864106254782247,2.9690976339654314,220,165.21234953806274,0,H2026072206,1
2026-01-01 13:35:00,24267.804696261617,43538.62311885911,950.7607767349804,1131.1126967660005,2263.5348451996692,1.17794492603008,166.0203554724666,1151.3862066354623,0.007649993844155551,3.070833581120789,220,170.38063755268888,2,H2026072206,1
2026-01-01 13:36:00,23983.66957139318,42658.752691147936,956.3572885873372,1135.525073799924,2256.9214685371835,1.2076562272370144,178.9036319071295,1150.8088395749594,0.0074649836301903735,2.9732387634450745,220,169.84165307871498,0,H2026072206,1
2026-01-01 13:37:00,24133.299619657668,42898.17481798985,953.9385167519175,1133.5694719127034,2258.5624409564416,1.1865846994830738,174.02461636372914,1150.1327195912202,0.007807333149101653,3.033282948950292,220,165.43760012306623,2,H2026072206,1
2026-01-01 13:38:00,24154.73435561061,43474.03702695434,952.3436365295448,1130.6651729345992,2257.5603484463545,1.194956903130491,171.84707819493343,1151.193007133411,0.008625171472358929,2.9258741720326347,220,170.377745815358,1,H2026072206,1
2026-01-01 13:39:00,23964.99194939124,42698.61280160929,951.6306342493586,1133.318092550869,2261.4240529726308,1.1912531448347041,158.4635129330188,1151.324464048843,0.007231580725001563,3.0291186742476435,220,171.9471574621428,2,H2026072206,1
2026-01-01 13:40:00,23917.225714587872,42254.915984132174,950.8806333002005,1133.512872238661,2258.5406783726803,1.1906824233382656,167.62754229444312,1150.7318542424157,0.00885431039118594,2.991407462599199,220,172.95038477005525,0,H2026072206,1
2026-01-01 13:41:00,24176.06895752802,43325.31642461393,953.6508484679068,1133.5994194834184,2260.115001169883,1.2015828274723768,174.03182716103666,1149.9030760312874,0.007573945700199111,2.972071613852517,220,169.7827617915086,0,H2026072206,1
2026-01-01 13:42:00,23997.57405703663,42535.33720805268,951.6295265327794,1131.4922987036355,2262.4533417541393,1.187013458179294,172.66551980031355,1152.124176759813,0.007409063067266383,2.9778397958489506,220,171.4252452000957,2,H2026072206,1
2026-01-01 13:43:00,23885.15312169076,42649.173093293924,952.6860121232103,1132.67390837803,2264.363192200413,1.1922172779306948,162.54789210795622,1152.0677764008153,0.007016780318043255,3.015633588043005,220,169.46858742200365,1,H2026072206,1
2026-01-01 13:44:00,24001.928882289314,43318.82526122585,951.0966923110252,1133.1414142246722,2262.4311110892972,1.1944220312820708,164.65985619782214,1151.014395771256,0.00709116382657131,2.889572536153249,220,167.27486093495693,0,H2026072206,1
2026-01-01 13:45:00,23931.44500563961,42530.42759341181,952.4497707728184,1136.925190719517,2259.2820369051065,1.2063249635827993,168.58301483155773,1152.0100334231622,0.007838277429696854,2.9370137597599726,220,173.50398869022663,0,H2026072206,1
2026-01-01 13:46:00,23925.92573591116,42370.95893292631,952.8003319324145,1137.960846177704,2262.2841713326757,1.1896146378247208,172.82888905551516,1150.837467292139,0.007800177959780349,2.930860130245195,220,168.65608044764122,1,H2026072206,1
2026-01-01 13:47:00,23953.03449269416,42605.53911604019,955.0369196198991,1135.2272367508763,2267.5654065034964,1.2194986646291148,166.34432312316008,1152.373205581448,0.00905849665103913,2.9955353672610907,220,172.18628722439925,0,H2026072206,1
2026-01-01 13:48:00,24019.09363220995,42785.53752154357,953.5964279807889,1138.9584571429123,2264.028848571672,1.1831727417799511,171.31119937635526,1151.8204421697517,0.007434834347452856,3.1064481093662843,220,170.5124622361328,1,H2026072206,1
2026-01-01 13:49:00,23802.53782516139,42384.11831899818,954.5255481306009,1139.3556183536773,2264.155835972597,1.1832088458428112,174.77960004013931,1152.6323386800323,0.007890185779270628,2.92901614964835,220,171.23249132562245,2,H2026072206,1
2026-01-01 13:50:00,23655.851775783365,42523.63018747522,955.5160846949133,1140.870449345859,2266.3534328315827,1.1956441055772495,176.80031132501196,1152.3136153833293,0.009601222835610709,3.064103635628166,220,170.52995467747175,1,H2026072206,1
2026-01-01 13:51:00,23733.140634831732,42119.25205325328,948.1075088774278,1137.0232978090505,2265.7547547118324,1.2119887517242498,171.8348786634625,1152.3932803108275,0.00889075480756473,3.10633262261118,220,169.8322865406658,1,H2026072206,1
2026-01-01 13:52:00,23900.12364183486,42568.24018953,946.3757738832985,1135.10002548328,2268.4196647681943,1.211824595844868,165.40424175768516,1152.191118361376,0.008855820067792492,3.0055738990094127,220,168.78330101919659,0,H2026072206,1
2026-01-01 13:53:00,23775.382731260626,42587.64761055188,950.5572555692946,1137.0732175068201,2270.1743624850715,1.1912822159259635,165.31218044518528,1150.3590453375373,0.00936413283665722,2.8832793052984065,220,168.80671261644213,1,H2026072206,1
2026-01-01 13:54:00,23988.916976602948,42687.99129377154,950.8883824346879,1140.7236205887405,2268.4207066714052,1.1963311129593606,170.68554162207755,1153.4007809352154,0.008268264401618824,3.0572522526093273,220,172.48359085232306,2,H2026072206,1
2026-01-01 13:55:00,23638.619920869543,41923.52151830477,949.8647970961412,1137.356373502249,2272.3622372082395,1.1937033590253046,174.79575245023617,1153.8101533577862,0.009665481576328237,3.0801732750861652,220,172.2720062531984,1,H2026072206,1
2026-01-01 13:56:00,23870.887609629746,42503.85274590312,949.7990172420534,1140.59159667668,2268.9420181143755,1.2030805161203013,170.09839887645305,1152.610881281364,0.00872333790309441,3.0543357501727884,220,169.042305033425,0,H2026072206,1
2026-01-01 13:57:00,23704.011526882678,42011.96827088255,949.8190973480101,1140.928887804664,2275.1081469160126,1.219728859766854,164.99744128490144,1151.8750438229413,0.009221479867487569,3.0609246769293703,220,169.69223774820964,0,H2026072206,1
2026-01-01 13:58:00,23651.58479812125,42531.188171821384,951.329455610434,1137.7827804968404,2271.6232299559206,1.1768961296204388,170.0331746621183,1153.062236286565,0.008839328617458567,2.8401300904137243,220,173.05457329970386,1,H2026072206,1
2026-01-01 13:59:00,23751.16007350813,42261.02425330023,949.4509040625318,1136.7890593999907,2272.239057157175,1.1929406298144711,174.55149392795417,1153.8220343644882,0.008201271833617357,3.0397287329683276,220,169.35808406613617,1,H2026072206,1
2026-01-01 14:00:00,23795.397903636513,42128.73648377803,947.4251549982331,1140.597798267031,2272.5932174634204,1.1923825988295063,172.75918609621107,1153.501625694951,0.007966507728104234,3.053306503895905,220,169.5713635688953,2,H2026072207,1
2026-01-01 14:01:00,23592.839447630755,41823.751372297804,951.1671437824788,1137.0193531293705,2270.4194131676973,1.2116608676939948,168.1304696406843,1154.4874868806046,0.011227282840484944,2.9887303744225124,220,171.8439521080791,2,H2026072207,1
2026-01-01 14:02:00,23726.904666186303,42393.09575354036,947.8905334649208,1141.4067876260326,2274.907437607467,1.2002291289325868,168.822279402431,1153.5913774720805,0.00981360796822288,2.9752404599712436,220,169.15165419944995,1,H2026072207,1
2026-01-01 14:03:00,23495.574594152426,41967.728453934404,944.3735497797381,1140.0080620504186,2274.1150364759624,1.2072049548354868,168.33042704160064,1153.8580183703903,0.008960943008664481,2.9050411509004856,220,171.32381509733614,2,H2026072207,1
2026-01-01 14:04:00,23605.86760012954,41842.682115048876,945.0502729163061,1139.3839688416083,2273.910899840899,1.204059941482544,171.24691143196682,1156.600003090883,0.006878197413808733,3.131767829584382,220,166.87684550107258,1,H2026072207,1
2026-01-01 14:05:00,23688.72492635091,42136.753672988874,948.1201764352139,1141.1776027299798,2273.497316658696,1.202522090330645,168.20847775873534,1154.5239399489888,0.008986375069720224,3.097860249409183,220,171.43239625606176,2,H2026072207,1
2026-01-01 14:06:00,23319.651097060916,41478.681318238756,947.2998092918622,1142.3675361939424,2272.8378423668437,1.1995475285541277,167.47596755923541,1153.6109242905488,0.0077759171421302245,2.95422936024384,220,171.80682678814387,1,H2026072207,1
2026-01-01 14:07:00,23541.467834338175,42079.62598484448,943.8821466565022,1139.430647869386,2275.00282534171,1.198918195052945,173.22272901691224,1154.6991519891546,0.0076310285009611005,2.9701883566090346,220,170.57799720267343,2,H2026072207,1
2026-01-01 14:08:00,23781.945379773588,42043.60749839695,939.1984819961777,1140.6764574374197,2268.9447536601315,1.2023835894930128,171.1978883663897,1153.3877574511173,0.007138287076572834,3.0689951875731944,220,172.39395318958216,0,H2026072207,1
2026-01-01 14:09:00,23495.78809494236,42080.81601977049,941.3153310471929,1140.3838715121874,2272.766399135596,1.1907695108881637,171.17057348344335,1154.101174596245,0.009278500589231,3.1250009323775636,220,175.36632661522725,2,H2026072207,1
2026-01-01 14:10:00,23653.287286937222,41931.2372866526,946.1011091732906,1140.7056454282035,2275.4205916369765,1.1938362869099404,168.76900514087237,1155.5765741533128,0.008058713189228243,3.1272721538794452,220,172.6203172210595,1,H2026072207,1
2026-01-01 14:11:00,23626.978057687615,42027.259209717966,945.1554906922491,1140.21346133412,2270.5779580012468,1.2101202201728625,168.69936069794045,1154.669847673452,0.007208031895058628,3.15053167616901,220,170.9163613117224,0,H2026072207,1
2026-01-01 14:12:00,23721.48463268013,42575.44370887919,946.534028123084,1136.3522994680445,2275.17215700149,1.2082742445813899,169.72081094956297,1153.9990143844147,0.008884904179809706,3.0023046883717837,220,168.7040506987246,2,H2026072207,1
2026-01-01 14:13:00,23646.195498001158,41885.3486972378,942.3016395695487,1138.757902203076,2275.465473273241,1.1950099887309487,177.57524319592582,1155.3031567680603,0.007588848725171778,3.060375449549488,220,168.35649950028406,1,H2026072207,1
2026-01-01 14:14:00,23698.709358678403,42273.90058006402,943.9739241112122,1137.0430883651125,2274.295014548822,1.2126419507558328,173.02715305464022,1155.4638188839185,0.010184029899432005,2.9599208475278904,220,166.12848903938655,2,H2026072207,1
2026-01-01 14:15:00,23560.710451812287,41787.66091395867,943.7704281976465,1141.4602343958716,2275.8644569973176,1.206957792875305,161.4089409735318,1155.3503684460645,0.007837707068488096,2.978347896115838,220,168.41683044393386,1,H2026072207,1
2026-01-01 14:16:00,23547.233016371727,42120.55980277677,942.6078474878841,1139.9274590342568,2275.1745396454403,1.1937863849046186,170.77234849185191,1155.6683232363716,0.006434941447900173,2.988084741251633,220,167.66268081487746,2,H2026072207,1
2026-01-01 14:17:00,23566.471693552485,41715.38656762347,944.7196759158437,1142.512205264771,2274.080356961224,1.198929638510154,171.17345903677057,1152.7529838194218,0.009329813627743794,2.926535660969635,220,172.6019712343537,0,H2026072207,1
2026-01-01 14:18:00,23667.81992466694,42419.142847170144,942.0150917805922,1142.1741864952346,2279.656424229058,1.1979409707426485,166.59999187021862,1156.7564203521347,0.007195974169400366,2.864586124061243,220,166.15215921722626,1,H2026072207,1
2026-01-01 14:19:00,23478.443866808666,41705.88543403549,938.9433166549808,1142.0683371813445,2278.2216331364248,1.194872419328645,160.87379773703614,1154.7127223477466,0.008049664632996173,3.0462650199092103,220,168.22530464804979,1,H2026072207,1
2026-01-01 14:20:00,23636.464312704506,41410.96026619865,941.2216453112011,1141.6317552660696,2278.61085297907,1.1903349454449572,167.1392290615078,1156.7114470674596,0.007364477299381895,2.9351899923625684,220,169.8761856018097,1,H2026072207,1
2026-01-01 14:21:00,23605.361658139744,42164.04278644367,936.321576617418,1141.979241429589,2278.1275809445165,1.211843801426771,171.33055043856749,1156.9484303272263,0.009582281380007546,3.0768078987107783,220,169.5363682791675,0,H2026072207,1
2026-01-01 14:22:00,23653.219400051574,41863.575597075236,936.145886870625,1139.456164522442,2277.832199624484,1.192488725192221,166.31930758830717,1156.123896250897,0.008102853706337674,2.9449224881623324,220,167.1304670029099,1,H2026072207,1
2026-01-01 14:23:00,23532.76832054949,42326.1429932026,939.3452491241179,1138.2470934272583,2280.903207679924,1.1985766603838564,163.7053913583801,1156.1681852168765,0.008587360499439513,3.1355750237813242,220,168.5668307536784,1,H2026072207,1
2026-01-01 14:24:00,23357.900118997368,41392.4022922124,935.9661292444109,1140.037339784169,2281.8917684638736,1.1948388533330576,177.20024520793865,1155.177068363106,0.007714966279803981,2.792238789065044,220,165.0534321918925,0,H2026072207,1
2026-01-01 14:25:00,23807.7647115067,42540.23091733588,937.6220297277002,1139.5553381445122,2279.33454166602,1.194217252918757,175.04147601415897,1156.3704115010948,0.007144929903378801,2.8905451624869536,220,173.3056437522042,2,H2026072207,1
2026-01-01 14:26:00,23694.734173023764,42586.937805827874,939.3177743608181,1137.7430874471247,2284.2186993978844,1.2071892875421444,172.82103136339435,1156.0582053317921,0.008376136701052694,3.0607643141685332,220,167.38644382228014,1,H2026072207,1
2026-01-01 14:27:00,23777.82532844858,42305.030842600136,937.5802819381072,1140.7577858748866,2284.918945641634,1.1912987995361262,169.61289854274204,1157.808992056543,0.009273602558334579,3.042454233730481,220,167.89851207503506,1,H2026072207,1
2026-01-01 14:28:00,23462.407798996865,42026.094588251566,933.3110956377599,1139.9989050984716,2279.57225472634,1.1843226379478284,164.76401351985322,1158.8973092641356,0.007917815739694228,3.0568048380845148,220,168.18985237766395,0,H2026072207,0
2026-01-01 14:29:00,23684.6684800356,42169.43083855059,936.4726453714076,1138.8254649219682,2276.7367673214458,1.2120222851561058,164.30790698476824,1158.8162863383695,0.008344789516518793,2.8987737375645977,220,172.69584186471226,1,H2026072207,1
2026-01-01 14:30:00,23633.626239178455,42514.29447865438,935.1099505931073,1137.679530859555,2279.178903116878,1.1876311382589595,169.71437383529954,1156.1784528872358,0.0073547521245283356,2.9531788574627145,220,172.37003308335647,2,H2026072207,1
2026-01-01 14:31:00,23676.732319054197,42147.875939513295,932.3800547243529,1140.350090383772,2279.2003525147584,1.1951630353888363,169.9379971982374,1156.2454903470257,0.006519271115113334,3.0456188197218115,220,167.4830254596615,0,H2026072207,1
2026-01-01 14:32:00,23700.35627897957,42568.03133878622,933.8326594196482,1136.1404514836838,2283.5832419392277,1.2025684899894817,166.73725115986787,1156.097561558007,0.009075496843439642,2.978345826431887,220,170.16090428168295,2,H2026072207,1
2026-01-01 14:33:00,23857.940565145294,42576.778745239426,932.235358442899,1140.0787350560506,2282.273798787858,1.1960593998801372,173.647308165778,1158.1061744343658,0.008139007902182444,2.9212352374007784,220,171.14451240503413,1,H2026072207,1
2026-01-01 14:34:00,23492.72060801274,41844.04360232208,932.1128480876451,1139.9403875804212,2283.128534164571,1.2003878978527025,168.60159329852868,1157.7924640401468,0.00878081995483304,3.125702372051064,220,170.9221423772643,2,H2026072207,1
2026-01-01 14:35:00,23755.094404691212,42674.22833549007,927.9087540097523,1136.7737070382143,2287.578859187032,1.2086581879426523,164.1313088519481,1157.5256603809814,0.007962380758733928,3.0809990444238102,220,169.63709521160746,2,H2026072207,1
2026-01-01 14:36:00,23904.192678887808,42646.10955503109,928.5425018556914,1137.6479689657438,2284.417113751476,1.1930398788667174,171.806232177259,1158.4918151528516,0.00802922743348113,2.8415458794174397,220,170.7121112271707,1,H2026072207,1
2026-01-01 14:37:00,23906.172308042173,42402.6075101678,928.6528552500941,1136.853193851102,2285.5946344502963,1.2023618210162534,164.6175930983003,1158.5929129955825,0.00811251975726246,3.011664057955111,220,168.7817862095507,0,H2026072207,1
2026-01-01 14:38:00,23546.733973973292,41492.31811059312,929.4181527436721,1138.1369878578942,2288.396226356192,1.1928827158905053,172.1546277782609,1159.3253597881346,0.009464865657926647,2.9796308241717084,220,168.67143692951842,1,H2026072207,1
2026-01-01 14:39:00,23709.869161895826,42125.344547397406,928.4777199327985,1138.431763215441,2287.5648729013596,1.2020351827416536,168.4593889363745,1158.783504327756,0.008096519608151404,2.8473425681238487,220,169.25562766393458,2,H2026072207,1
2026-01-01 14:40:00,23713.11445997766,42184.12898632896,925.1580127437845,1142.7920379739917,2286.3744033327043,1.2160607012800555,174.6720315522315,1158.871601491107,0.008067259001744187,2.989326607009058,220,172.57706429579403,1,H2026072207,1
2026-01-01 14:41:00,23810.59438299461,42353.62544171497,925.646657840635,1136.8528505036904,2280.3810794587052,1.1862061294020887,164.58923543665563,1158.9870940005594,0.006643861008082188,3.059451820801642,220,171.7240427430213,2,H2026072207,1
2026-01-01 14:42:00,23715.011596108885,42186.85683834543,926.3713650362408,1134.1965743607925,2291.5828301945285,1.2049727633847878,169.34940178338678,1161.0951516519513,0.008109849686327752,2.998799158289957,220,171.00072682927856,1,H2026072207,1
2026-01-01 14:43:00,23933.537765480443,42487.587000367355,926.6756461702746,1137.5951543570422,2282.105473829387,1.2007509106596237,163.331403783683,1160.8064768898287,0.006896949456358342,3.012958643190085,220,169.7392490301399,1,H2026072207,1
2026-01-01 14:44:00,23988.734039841835,43040.61171222496,928.5734186026648,1136.5957295077549,2289.0986674550304,1.1929338129219305,169.5352900040572,1159.6822493869543,0.0072828348490735564,2.9045665282655992,220,170.39256703032214,1,H2026072207,1
2026-01-01 14:45:00,23932.64330900502,43366.41194466091,926.1503947140869,1136.0748807938933,2287.8854416407507,1.1970581224874048,173.40716844842458,1159.7568466935127,0.012004004436148925,3.0383892084086974,220,171.74888759130772,0,H2026072207,1
2026-01-01 14:46:00,23795.352492154845,41820.1822263145,922.3631706283069,1138.4672671395504,2285.931169505221,1.1904599995189242,163.66745373491332,1160.3091324905981,0.007302580703996479,2.96516988070931,220,169.37602871480757,2,H2026072207,1
2026-01-01 14:47:00,24147.98180488501,43208.77773473022,929.5277473909379,1137.7579819688954,2288.8880706025384,1.208753709089017,176.23016568622307,1160.459169274743,0.00710401140292838,2.9120050810210585,220,166.9771472689398,2,H2026072207,1
2026-01-01 14:48:00,23951.37349395002,42221.62935310775,924.0558325413006,1134.4933744053355,2289.379540138737,1.2018967088428116,162.870262891118,1159.705491069944,0.008949789438902744,3.0220087302812186,220,171.14891550607126,0,H2026072207,1
2026-01-01 14:49:00,24042.24354083716,42918.575589876564,921.8806948897588,1136.0539102659682,2281.1007578063654,1.1884382382761525,168.25303249319538,1160.5807213518765,0.007345335948236055,3.054293833190959,220,169.84370171200806,1,H2026072207,1
2026-01-01 14:50:00,24154.61091301007,42766.306032201086,920.8348653899677,1134.6572850435107,2284.4843648111755,1.183601932665047,167.08872442176812,1159.5042764149655,0.008738639533331,2.9684754107389946,220,170.41141594918759,2,H2026072207,1
2026-01-01 14:51:00,24123.835272351804,43145.09518236271,920.941285113504,1137.6138098963631,2289.013438846001,1.1877307659439882,167.9014098123167,1159.6907711771305,0.008163168869257288,3.0969322780438238,220,170.72920826932273,0,H2026072207,1
2026-01-01 14:52:00,24170.60797374643,43032.938927071526,920.2761743567147,1137.2523327085419,2289.270323185308,1.207537154386149,168.88452658607383,1160.6265835149322,0.008530263011488242,2.974941784702809,220,167.95999140572408,1,H2026072207,1
2026-01-01 14:53:00,24393.91331946129,43548.99565557586,921.851914759359,1135.1438385723156,2285.7413817691286,1.1894347487806372,169.43895355598409,1162.9903576080674,0.007996975947170479,3.1017563646757336,220,171.53650731729292,2,H2026072207,1
2026-01-01 14:54:00,24067.289177602284,43297.81331092389,922.4486171191652,1133.2079792659806,2289.0571462157804,1.1744531117790937,166.59476050602927,1160.3760123446727,0.008919746948935312,2.87610077094595,220,170.4691284832301,1,H2026072207,1
2026-01-01 14:55:00,24149.562330605004,42856.87590618332,918.4921628383629,1136.016670083893,2289.399907378296,1.199653127328511,167.41736672118873,1161.6574271130228,0.006635634799441018,3.1450769848642346,220,169.0966492933864,0,H2026072207,1
2026-01-01 14:56:00,24163.23088608262,43040.08774788634,917.6749297880447,1136.1927171927043,2292.2714694750584,1.1807364844166728,173.01931588373273,1161.4795519946456,0.007899397800682693,2.983518731144805,220,174.57823084710813,0,H2026072207,1
2026-01-01 14:57:00,24248.506686449593,42520.91567205872,916.1787059751077,1135.672712760698,2291.8057054544915,1.1942773052686155,171.25775926116114,1160.4716333822198,0.00854146017204516,3.113488299418657,220,167.7326988742987,2,H2026072207,1
2026-01-01 14:58:00,24174.048663409492,42669.834431781135,914.7339920028188,1133.3978543120052,2291.6658366065903,1.210689770600656,170.49064384096326,1160.885123635542,0.008046609662079027,3.125710738809382,220,168.0161202257651,0,H2026072207,1
2026-01-01 14:59:00,24394.67412979667,43625.56137129997,919.5855469324839,1132.9384254717477,2292.2757848900947,1.2114845608234872,165.15390294136293,1162.026724699036,0.008564983881750202,2.9075602617781673,220,169.76122858366443,2,H2026072207,1
2026-01-01 15:00:00,24481.52169235645,43396.22661273381,917.7052410827933,1131.7826029054559,2287.2440340498947,1.205578254697469,171.01662501977904,1161.784300434882,0.008754576698336246,2.8938536147267295,220,172.40339683222223,0,H2026072208,1
2026-01-01 15:01:00,24330.495969562857,43124.88079509505,914.3472297260508,1131.976630851736,2293.576532320453,1.1991360655532528,171.58352307257672,1162.3618626459397,0.007619871005054634,2.9534894506148284,220,168.3242715752624,0,H2026072208,1
2026-01-01 15:02:00,24345.55066040333,43063.674680562086,915.6069176978159,1132.7142688093963,2287.6511187240385,1.1992922514484399,168.6599797897872,1162.2272129517382,0.007183899127072188,2.9838427758865365,220,171.15218459717792,0,H2026072208,1
2026-01-01 15:03:00,24482.22462132802,43256.18206480462,911.4745605980983,1132.2927036019773,2289.387959634724,1.1961554280773428,168.39510318726542,1161.9849742270135,0.007565166666152083,2.9472647384290482,220,168.2471366700564,2,H2026072208,1
2026-01-01 15:04:00,24467.18909175182,43546.37290433922,917.828157744151,1132.2195919388537,2290.92416104738,1.1952660420951025,174.8694871002437,1161.9408015159133,0.008036200178163614,2.9214903027252,220,171.9195409786824,0,H2026072208,1
2026-01-01 15:05:00,24416.716934925906,43595.79822953158,910.4048440189166,1129.9851554587347,2287.351385651885,1.1991648734804752,169.31758885106834,1162.2478391349312,0.009240049607332585,2.951512151596747,220,168.71128215491217,0,H2026072208,1
2026-01-01 15:06:00,24415.514376686642,42866.89189065378,910.5915391594128,1129.9005493080408,2283.9484925951006,1.1967437649131234,164.72567406884326,1162.263201256553,0.0077461983293294345,3.0453094736577353,220,169.36718357526854,0,H2026072208,1
2026-01-01 15:07:00,24677.23071640508,43532.1771100785,911.4404114241418,1132.252459099514,2293.6904259640114,1.204698129026924,172.1964864221067,1162.1671186115666,0.007647702895322437,3.0067566197605777,220,169.2940024569005,0,H2026072208,1
2026-01-01 15:08:00,24485.19650310466,43378.82607778952,911.6904907423757,1129.619299872308,2290.563817187704,1.2125114383966356,174.7407618752556,1161.155502187326,0.007224495450488485,2.9736609540493992,220,170.38712456230095,1,H2026072208,1
2026-01-01 15:09:00,24474.63675396705,43587.17683362486,915.4668321791077,1128.10951620582,2291.3530837188287,1.2055915819560583,172.54896727316856,1163.7597119677603,0.008301126994661456,3.0492844743914698,220,170.44162297489154,2,H2026072208,1
2026-01-01 15:10:00,24529.831478005566,43359.787761101106,912.9051862899609,1130.1760574868736,2286.3792011024343,1.209321280748545,168.85973874198115,1163.3086665776746,0.008816410688390619,3.0374218010959875,220,169.74654846295195,2,H2026072208,1
2026-01-01 15:11:00,24687.911288806452,43574.05735566866,911.8392691097064,1129.1962842295898,2286.967379391902,1.2014515296353692,171.77724434997924,1162.44955976771,0.0065464230534711815,3.0154603340598176,220,171.36029934258374,0,H2026072208,1
2026-01-01 15:12:00,24532.883404088625,43593.50284188944,910.8477730425932,1129.1602672810554,2288.786500448634,1.2046162987733067,166.58088685127993,1165.0904993162105,0.007980393249625925,2.9777002227523592,220,170.2893865048538,0,H2026072208,1
2026-01-01 15:13:00,24744.843514337615,43966.656619406494,908.0080940656429,1127.3931556767463,2287.7524282032728,1.191457119742122,172.86058019743484,1163.7230753196097,0.007016883269955567,3.109615667919629,220,173.013522831768,1,H2026072208,1
2026-01-01 15:14:00,24627.405672538032,43976.895437651496,908.7603268269461,1129.765205194738,2288.058176307234,1.1870900999441096,173.19703569302948,1163.7454747110648,0.007808431404663602,3.0541687478645425,220,170.90175022769986,1,H2026072208,1
2026-01-01 15:15:00,24541.64667479505,43608.810800706015,906.8585520342435,1128.4788793804541,2287.7335766659658,1.186336938957472,171.74077898533292,1163.8086885371329,0.0071670437787408,3.0945790233410473,220,170.44955764324456,1,H2026072208,1
2026-01-01 15:16:00,24719.10582962538,43575.84674662529,906.0824409924923,1127.3916495082344,2289.254883087177,1.2041679440373612,164.65755977242853,1165.650742328946,0.007804279536221903,2.9581308027728106,220,172.81223356460268,1,H2026072208,1
2026-01-01 15:17:00,24891.462241951096,44335.495466828346,907.6816378470675,1126.1123955199328,2291.3818643470436,1.193583834321762,169.54483655511004,1165.4790670911832,0.008794646039943817,2.9265204609364233,220,171.26614803425517,2,H2026072208,1
2026-01-01 15:18:00,24762.975796705327,44191.599589911944,909.6411766570867,1126.5933851527143,2283.1939740834378,1.1991743047631116,165.44536457808755,1165.0629613997821,0.007486692650151858,2.9521556231274464,220,170.3927838318695,0,H2026072208,1
2026-01-01 15:19:00,24922.722389187264,44574.358458287905,905.7481731120785,1125.451920239554,2287.6279634743914,1.1914299573204277,166.73217429350956,1165.0196190972335,0.008176717577654733,2.96283339617874,220,169.73560108419855,1,H2026072208,1
2026-01-01 15:20:00,24725.270598874245,43829.08996463279,908.7634571561144,1126.9352842291787,2287.260438567635,1.210416701059714,163.85369925754537,1164.9945133973802,0.007707569950325707,3.127863412210427,220,170.32996843774828,2,H2026072208,1
2026-01-01 15:21:00,25023.522363305005,44932.5960164881,905.9587080977954,1126.437003337451,2293.031100941126,1.1984715017336949,168.11786468838358,1163.9783987408225,0.007587270011851658,2.991112425873845,220,169.51860005937135,0,H2026072208,1
2026-01-01 15:22:00,24962.851130594867,44879.25740605449,907.7660742415982,1125.565082023616,2288.932597385189,1.208536378638215,174.31881393289433,1164.4352832583572,0.007720483811069747,2.968353135392378,220,168.59471334923646,2,H2026072208,1
2026-01-01 15:23:00,24872.74642533157,44107.103538076495,904.8263297930481,1124.1843563809882,2290.812989618236,1.1908747566581788,166.45605601607636,1165.2569308773986,0.008338390442160396,3.101249930436861,220,168.65251905835171,2,H2026072208,1
2026-01-01 15:24:00,25130.919306685664,44301.423677444174,902.7849758074301,1122.7112344265543,2291.2746440711644,1.2142034333401124,171.15628495419026,1165.169289207325,0.008896409532591914,2.938990679265706,220,166.63128196602236,2,H2026072208,1
2026-01-01 15:25:00,25117.63324658004,44723.98637772507,908.9370349351725,1120.3751348933545,2290.4455576172686,1.185647454905047,170.3244456994502,1165.7351496425701,0.008975767940723038,2.847996736263179,220,172.58578673258032,1,H2026072208,1
2026-01-01 15:26:00,24738.56381618263,43895.99860612784,905.6885633198622,1123.6663987778722,2286.724309593563,1.2015092011164894,172.70455964423752,1165.815778751446,0.008907140409523373,3.1365759767189973,220,169.08958591610747,0,H2026072208,1
2026-01-01 15:27:00,24940.421801671433,44380.03501054396,904.481501817132,1122.895021930761,2289.134736665598,1.2166124781796366,168.62750460849406,1166.2340314946075,0.009041158908645534,2.8998529557537274,220,167.31800084572194,2,H2026072208,1
2026-01-01 15:28:00,25102.7963400284,44788.80214072055,904.2087487858835,1120.9115213215096,2284.888960167784,1.1984507260156687,171.17333514888236,1165.3281429549882,0.007021490331817601,2.9841075979751635,220,169.80029296846783,1,H2026072208,1
2026-01-01 15:29:00,25023.3009058919,44569.39734839843,906.656226528593,1125.1926171023324,2285.9663969888547,1.1958639384891716,167.18438457735192,1167.6773029635935,0.0072565295320459475,3.004018989094918,220,168.09085856960246,0,H2026072208,1
2026-01-01 15:30:00,25256.175271314907,44809.29240601019,906.3271738372662,1118.439958218991,2293.578663163803,1.2089925092879816,172.0358635137289,1166.4792288151373,0.007636172031533105,3.0446550998417057,220,172.6795136107342,1,H2026072208,1
2026-01-01 15:31:00,24917.746153647535,44299.344647731596,905.5870622694322,1121.9907476174108,2289.5245407579196,1.1975794811159277,161.57955413248197,1166.436521929757,0.006896263160479481,2.8341655550208387,220,173.60735089142744,0,H2026072208,1
2026-01-01 15:32:00,25151.090938790974,44735.22667807207,908.6111114136638,1118.5699483576145,2286.8115630493603,1.2066549388482901,165.83746368167002,1168.0158874758554,0.007352866633428917,2.940073142012147,220,167.75914322498792,1,H2026072208,1
2026-01-01 15:33:00,24900.121523664788,44615.77192397982,904.902260146593,1121.2721347347644,2287.334117204878,1.2069774497526635,169.29235874158434,1164.4648451239264,0.007124256749484135,2.903796412292085,220,170.78453494454635,0,H2026072208,1
2026-01-01 15:34:00,25212.051451139836,44640.728481035374,908.7992938381402,1120.0463660472467,2280.225724041842,1.1975103614388827,166.0976167763665,1166.2217645995513,0.006669980923886786,2.9122601218300996,220,169.40662203706594,0,H2026072208,1
2026-01-01 15:35:00,25253.97719173068,44802.19109339563,907.5184107435942,1118.6241455307786,2288.0136714364994,1.2090211002676257,172.03038821099122,1168.4630428650842,0.00830067652124835,3.0226965078887145,220,168.63525687432343,0,H2026072208,1
2026-01-01 15:36:00,25183.32247677431,44876.044610171775,902.9921884282502,1119.703213481916,2283.8953805550914,1.19906626724947,169.05756322377218,1168.3822727246518,0.008379202583214387,3.2544538086156023,220,166.10939063752997,0,H2026072208,1
2026-01-01 15:37:00,25187.413662331848,44742.44845029062,902.7947514902835,1116.563425510181,2291.3850307373227,1.2065507393317771,163.57795245937493,1165.6181608965612,0.008431928328711617,3.0993362993972813,220,169.74729124931375,0,H2026072208,1
2026-01-01 15:38:00,25179.31432951037,44841.76186410628,904.2268259550124,1117.8093408720474,2286.7968689196264,1.196179028747927,168.57137701294673,1168.4868608227803,0.008752073314023424,2.982104323307181,220,169.54738247926488,2,H2026072208,1
2026-01-01 15:39:00,25209.71448004579,44690.20804975865,903.4193044571233,1118.6392305005647,2277.9177081305183,1.1950338005011425,167.033297894982,1166.280708788439,0.008216104373505853,3.1346146450946097,220,168.63786538411048,2,H2026072208,1
2026-01-01 15:40:00,25158.096180350447,44794.687749808974,905.4037964968805,1115.926411276848,2283.673399851768,1.2023185619763737,174.89063745860108,1167.3074912930708,0.0084435591532604,2.9541741780047426,220,173.49176184100492,1,H2026072208,1
2026-01-01 15:41:00,25263.395988520737,45150.23670194802,906.6682117138423,1117.8908057619299,2282.883077429688,1.1936827808661024,174.9495305056512,1167.924957677916,0.0069171389150224786,3.0870489533242305,220,173.60565187915353,2,H2026072208,1
2026-01-01 15:42:00,25292.52000381178,45150.47895945527,904.0658229632193,1116.577719362998,2282.176236353401,1.1607985618262993,169.376656304707,1166.115070676947,0.008937868665521976,2.9784023628544913,220,168.08915891573506,2,H2026072208,1
2026-01-01 15:43:00,25200.921537508748,44524.50917284468,905.7434563305644,1118.4482800395404,2287.548102967069,1.202345402334766,173.00654907894423,1167.753556047764,0.008159078985569142,2.8828232157263156,220,169.91172812747618,1,H2026072208,1
2026-01-01 15:44:00,25278.7034290469,45138.91916308704,906.0183890688575,1112.3691049317551,2282.254452333245,1.1911987243762894,169.78140384572384,1168.3610984641698,0.008025044143989798,2.9844415879902333,220,171.63415866888334,1,H2026072208,1
2026-01-01 15:45:00,25567.13451458762,45477.218673679585,905.3132869256422,1115.416280878366,2282.0247106528104,1.2045369030249802,175.60813423806698,1166.523025012058,0.008101145871640802,3.0484277283141243,220,172.4510684224932,0,H2026072208,1
2026-01-01 15:46:00,25129.73609369015,44791.15650075157,905.7781493106212,1114.0849618159407,2287.369717815759,1.1779777292550198,167.61606382560555,1168.8353626119747,0.00793656903031368,3.0204660041375435,220,170.38131610461386,2,H2026072208,1
2026-01-01 15:47:00,25344.233775868925,44990.36390404631,903.4610666907661,1114.1687805454826,2284.96050079876,1.2108313520310081,164.49694229713958,1167.761036131099,0.006410694637704958,3.072151411086307,220,171.1094419664742,2,H2026072208,1
2026-01-01 15:48:00,25517.630483507306,45302.085780151756,904.7113766938664,1111.7386517246161,2282.0590630371053,1.2093573741769033,174.2374079247959,1167.0280167659366,0.0071069452255841286,2.9797307640082527,220,167.214672110906,0,H2026072208,1
2026-01-01 15:49:00,25425.509035074712,45572.05051589627,904.2249128338203,1109.515530819364,2287.0336676334573,1.203181319992811,168.13916044655346,1168.412171706267,0.007624381749377447,3.0645816782085715,220,171.5869652687025,1,H2026072208,1
2026-01-01 15:50:00,25625.386499564513,45964.176427930186,906.1358367853294,1113.3233303285413,2281.6487881661465,1.1990298242879902,164.16479307688942,1167.4894449676594,0.007968615063298719,2.9853515606409107,220,169.54284200995423,0,H2026072208,1
2026-01-01 15:51:00,25277.185298089556,44899.427174957076,904.5146916004212,1108.9248782181492,2273.734642035373,1.1974897210954627,168.49465192486818,1169.9881687430445,0.008090311633409114,3.020298792426567,220,173.52009974970204,1,H2026072208,1
2026-01-01 15:52:00,25441.682914984674,45005.12555818007,906.7205092051638,1112.0739438122832,2282.8551083272328,1.1780376953870488,167.7839880824711,1167.7157857397315,0.0059390011519487255,2.9991602935885666,220,168.25031201625387,0,H2026072208,1
2026-01-01 15:53:00,25217.414350097395,44923.192048981495,904.7997012093334,1112.9707104297938,2278.010066550602,1.185355269154727,176.90757333982148,1168.21980470448,0.008498120956963149,2.9608071185620464,220,166.22809157252422,1,H2026072208,1
2026-01-01 15:54:00,25449.531808608695,45503.725721136034,902.4653379419558,1108.1919516648484,2281.603241042006,1.2032080163428722,170.2010138764906,1169.4018354157606,0.007858227605080221,3.02645859777936,220,170.01449837662318,2,H2026072208,1
2026-01-01 15:55:00,25212.024953230637,44790.76003237046,907.9120106198918,1113.4884543316098,2280.3437506509003,1.1692533548739776,173.3862254236762,1169.5770300975873,0.006912907393142886,3.018999811485182,220,171.49260544045632,0,H2026072208,1
2026-01-01 15:56:00,25510.886374048172,45932.5004939061,907.9232225063846,1112.7357477241426,2279.8750711285384,1.1946254459298649,169.907914691725,1168.766378346345,0.007774142739378257,3.0422992676463543,220,167.8920350482041,1,H2026072208,1
2026-01-01 15:57:00,25412.06819552707,44849.036079946396,906.9117632973106,1111.0428693295312,2284.6294834738287,1.2152154571108853,172.09071814765338,1169.24478050901,0.009081984253263014,3.017689829307491,220,170.17977411301894,1,H2026072208,1
2026-01-01 15:58:00,25490.43001873863,45192.603569556304,906.5649789008975,1112.2370573154176,2279.7710956602473,1.2178072155233803,174.6147304209252,1169.9429658543713,0.008210831226321921,3.017163300289641,220,171.55204316504415,1,H2026072208,1
2026-01-01 15:59:00,25403.655626824686,45118.38388015954,907.9813820890049,1111.4786436408053,2280.2538550675677,1.2018748095977885,175.2571919134767,1167.8663876824378,0.00846127349335836,3.0471655630977725,220,167.3344880946702,1,H2026072208,1
2026-01-01 16:00:00,25391.962475637396,45240.43772236958,908.4280412886744,1104.3411416773934,2280.400806897521,1.2125851176245797,169.1866451631827,1169.3596773571062,0.007854528852660655,2.960627995824076,220,169.90705233618948,0,H2026072209,1
2026-01-01 16:01:00,25527.801571557866,45605.56178510075,911.6782448165341,1108.7692560738908,2282.131327228364,1.227536083494484,171.52519745443192,1168.2974429308183,0.009801399972891364,2.964136226621649,220,168.81195493293455,2,H2026072209,1
2026-01-01 16:02:00,25383.73419352867,45372.654909928715,909.5568864869011,1110.4327010897002,2274.1671036255602,1.1964709233478488,176.26263714696097,1168.803876981887,0.007227291457652218,3.0185213509615645,220,174.286629197935,1,H2026072209,1
2026-01-01 16:03:00,25437.14743550541,45474.094838227065,907.024762292419,1104.7347983569414,2279.068211307983,1.2009861054031659,165.57567101840928,1169.1855497739298,0.00612249700301018,3.0174884258352503,220,169.5703585886505,1,H2026072209,1
2026-01-01 16:04:00,25481.44914188447,45352.641084289404,908.2829103307885,1108.0937989909798,2271.4481324491835,1.199335424427886,174.9683093877719,1168.4825878778868,0.007789572596006528,3.0322132832289554,220,171.66594085282338,1,H2026072209,1
2026-01-01 16:05:00,25364.378707038795,45144.9895020504,908.6240041080691,1107.7051544992205,2278.537986376614,1.1994248072434963,171.64471176422387,1169.1079785402496,0.009094880088316312,2.964494831870567,220,173.94813254599467,1,H2026072209,0
2026-01-01 16:06:00,25216.21240830684,45003.30541161904,909.9184342390828,1108.433268056737,2275.2696332744754,1.1980063293562082,178.04393908932965,1168.6126700784694,0.007833368618659872,2.9522306982919333,220,171.21769420524453,0,H2026072209,1
2026-01-01 16:07:00,25367.236591521014,44894.30876753316,904.7723547089255,1106.5853016550334,2279.866836556593,1.214235021594459,171.74502938863736,1169.7613023278843,0.008617766585425327,3.0586984442542047,220,168.84088860451214,2,H2026072209,1
2026-01-01 16:08:00,25420.144175658115,45314.75059724571,909.2519426832388,1109.7454495817158,2279.450152614191,1.1941939520041793,173.42699724444566,1168.2202859887789,0.007424716143078883,2.994324319216978,220,169.55188090284094,1,H2026072209,1
2026-01-01 16:09:00,25237.54044545063,45130.65259438444,908.9665330728122,1104.6171556383472,2275.4310714714684,1.2037840619172786,171.80637816239158,1170.5947712484128,0.009578413622517191,2.9635810453897196,220,168.5918728127366,2,H2026072209,1
2026-01-01 16:10:00,25241.472589729714,45009.08927026266,911.1126501986936,1105.3348906264578,2272.6588111038545,1.207895117480837,170.8731141905376,1168.1390827372923,0.009496210925797003,3.0266561795688176,220,169.60980252745168,0,H2026072209,1
2026-01-01 16:11:00,25374.562397791535,45150.7765937089,914.5791978875359,1107.392947668487,2282.9399810010027,1.1918109578857525,171.4162420688409,1168.9372590767184,0.008073031278539013,3.068856488950023,220,168.09276813113047,2,H2026072209,1
2026-01-01 16:12:00,25313.33605270402,45216.79474456536,911.9900103147795,1105.9840865020822,2277.651699350399,1.1831641226053224,162.74833095739754,1168.5670937508728,0.007895464874168517,3.0211757635501417,220,167.48624154949474,2,H2026072209,1
2026-01-01 16:13:00,25342.40325876234,45245.19282707626,913.2465130765529,1103.817334278849,2277.0537436824416,1.2038469410235149,166.82285355777458,1167.58615246974,0.008991960021696725,2.96457833163519,220,170.96063051943239,0,H2026072209,1
2026-01-01 16:14:00,25153.767041961768,44835.42034822389,912.4499237384681,1102.9960870916482,2273.689414309104,1.1944323859147286,171.61056795150046,1170.0041285228676,0.009998304165506252,2.9030800275399,220,170.73180051205722,2,H2026072209,1
2026-01-01 16:15:00,25288.31150568766,45256.9237838451,916.7168474716308,1104.1032638438169,2271.9696238206793,1.1944470089904122,168.06799588144304,1170.0230822267686,0.009110858834155884,3.0369187507919686,220,173.37799585273166,1,H2026072209,1
2026-01-01 16:16:00,25315.615635636987,44835.63305142375,912.7104787445696,1102.8846808068295,2274.0028673393786,1.2143740012390938,168.32476156551317,1170.018625113009,0.010919665686781013,2.9731071839009924,220,170.62150607331472,2,H2026072209,1
2026-01-01 16:17:00,25194.414481774525,44902.342939185786,913.7472274096073,1105.0231124658512,2274.847213009799,1.1911962128489209,176.16979890312388,1171.4205207148348,0.008563966120305288,3.0047006943451993,220,170.50215784421485,1,H2026072209,1
2026-01-01 16:18:00,25249.450533043557,45081.38068706358,913.1608044739089,1103.8588270428336,2280.33822032429,1.2049139452761535,173.58314733190983,1167.8395832412166,0.007878459761559709,2.9357985648732856,220,170.92743548720696,1,H2026072209,1
2026-01-01 16:19:00,25312.835360334557,44806.81683820962,914.0295216767262,1101.6609188769041,2271.3608045198634,1.1974483558860323,164.21523530247467,1169.7051778378727,0.007505598836602028,3.0598740912906544,220,170.15911003124972,0,H2026072209,1
2026-01-01 16:20:00,25425.1850556485,45212.66364095647,911.5961695835169,1106.967947395812,2271.3161771615387,1.2066121841431723,173.0085343874392,1170.7075138644734,0.009579216330323218,3.1210942433321227,220,169.6588836995462,1,H2026072209,1
2026-01-01 16:21:00,25503.66729220417,45439.68634860887,911.810412521793,1103.3513063442158,2270.528745420094,1.1834125085798939,162.61380524136874,1171.875568883879,0.009248574453668737,2.9585935680758686,220,167.48318334502528,1,H2026072209,1
2026-01-01 16:22:00,25114.780882387513,44659.961635086926,915.02664234543,1101.6544991645453,2269.776306597196,1.1868036208208046,173.77597939676943,1170.482194262928,0.00844241071979996,2.875177018752042,220,170.76440617140847,1,H2026072209,1
2026-01-01 16:23:00,25261.337572003293,44909.728849598905,918.5889527062728,1104.0359445939043,2275.2795992987767,1.2021658207411148,172.4451245225903,1168.612833503579,0.006883865105994576,2.9707157491233835,220,172.82864078641566,1,H2026072209,1
2026-01-01 16:24:00,25080.384735324104,44892.672449757294,917.6247260388915,1101.1048493205,2271.7700439020264,1.2012055962800712,165.15062688250615,1169.3716014266417,0.006572105205760957,3.068181338365193,220,173.21386204597624,0,H2026072209,1
2026-01-01 16:25:00,25184.048244263704,44899.094544816086,916.7620311880025,1104.4654631662331,2272.424357403278,1.207197680647066,181.48839127959243,1168.8720759594644,0.008478243713469495,2.96087112516156,220,167.16317948588096,1,H2026072209,1
2026-01-01 16:26:00,25210.381524684257,45030.051734994675,915.0714041126571,1106.4596427844735,2267.539330229179,1.184779832635249,175.02980790554403,1170.8909566389093,0.006138455845044264,2.8754438495131525,220,169.02360490341812,1,H2026072209,1
2026-01-01 16:27:00,25211.656219029126,44908.32920415188,913.5763479889563,1102.4769543205507,2270.546947344411,1.202052556271252,168.15431325153585,1170.3346518782382,0.007996556200520968,3.0248347343926674,220,171.99264785536562,2,H2026072209,1
2026-01-01 16:28:00,25023.337994288388,44642.80050102119,918.6724289166178,1100.1588633161236,2268.948882455873,1.1968965188609286,167.64622349405894,1168.7201355701363,0.007147494809022285,2.9566905648104305,220,167.6984027987218,1,H2026072209,1
2026-01-01 16:29:00,24991.722452217844,44875.17034806628,918.7283371814979,1100.8526960509107,2269.249773052683,1.1995740694189565,170.70895840950806,1171.5880979994351,0.009280021144309585,2.975924558475974,220,171.29120718187926,2,H2026072209,1
2026-01-01 16:30:00,25290.44518009507,44890.58448016908,919.225751774663,1099.1361046229315,2265.52429125799,1.2023217214407118,176.3367892802957,1171.5298937772004,0.008977351814482563,3.003410309107839,220,172.03202683814192,1,H2026072209,1
2026-01-01 16:31:00,25153.59024925351,44727.92478482552,922.5675161262783,1101.182468882987,2271.4688963096023,1.1978831214910237,167.0933559675781,1168.2982375886231,0.007916107016745862,2.9198725423281524,220,171.61853867887928,2,H2026072209,1
2026-01-01 16:32:00,25046.42350413453,44626.82849250283,922.8804164228311,1098.9270120868143,2267.201906658844,1.202794356035883,177.00064580878316,1169.0123866647077,0.007853167215249108,3.044003624229749,220,167.51092715920154,0,H2026072209,1
2026-01-01 16:33:00,25090.210712852826,44518.6047797755,921.148347561758,1101.567222100313,2269.2199633409937,1.2071245622089588,168.26212224561152,1170.5666034092806,0.008767266403317098,2.950308234369019,220,171.92421102568673,2,H2026072209,1
2026-01-01 16:34:00,24825.76971560749,44256.38133179736,922.64357491325,1099.8112864585203,2270.134256877479,1.2020667145829596,164.6323894895451,1169.481100039696,0.0065844791782313245,2.8749779832726543,220,169.66213855107335,1,H2026072209,1
2026-01-01 16:35:00,24932.408349328016,44870.99634859878,926.4348014908926,1102.225192023133,2267.897381079235,1.2022491237133532,171.85479341368557,1170.0074125988754,0.005523343025917762,3.1245333988614954,220,167.2496038820029,2,H2026072209,1
2026-01-01 16:36:00,24890.484721647834,44064.46685789389,920.7071881273133,1097.9234379454192,2260.6776586582373,1.1854375024199526,173.03554722912955,1168.8827871108347,0.008940869408300498,2.9422619502548333,220,171.61117435521396,0,H2026072209,1
2026-01-01 16:37:00,24844.913291571524,44535.22691448713,921.1248949690652,1101.4435774358174,2265.408619162258,1.2121335431267004,163.18645738216006,1169.4885616142972,0.007838680469185807,3.0484500776442167,220,169.07562713598844,0,H2026072209,1
2026-01-01 16:38:00,24948.334416878955,44356.35835239808,920.616410182582,1101.2776634850688,2259.9818359858336,1.1848208429902851,166.31469686078293,1169.7202927165706,0.009534022371093513,3.040070382047538,220,171.53389144248396,0,H2026072209,1
2026-01-01 16:39:00,24767.74352111025,44037.60874207183,923.580232726626,1101.7612393129193,2263.5429755660743,1.1822392473477576,165.0229738383649,1169.8893901524143,0.010007719257411273,2.930662932413787,220,167.98331625825003,0,H2026072209,1
2026-01-01 16:40:00,24795.016923170973,43765.222659983614,924.9120621432778,1100.312172932901,2267.918392066993,1.202838430190511,177.64578150279416,1168.2641506829473,0.007765708912473849,2.8478574054097563,220,172.29306029127565,2,H2026072209,1
2026-01-01 16:41:00,24787.583950937278,44234.41341334949,923.2367254774791,1102.4155215664073,2264.4181741898997,1.2088256460785975,162.580667186877,1169.7401365889136,0.009315034178259381,3.023586826016656,220,169.2170533210632,2,H2026072209,1
2026-01-01 16:42:00,24746.634529121697,43956.23077086998,924.9905799947494,1099.5387017470855,2260.3759110315837,1.1978829463292173,157.99181831619018,1171.3907161403963,0.007923927978702146,2.947504771224753,220,167.00172442854222,0,H2026072209,1
2026-01-01 16:43:00,25003.63260239689,44615.123168230195,929.1474949278668,1101.109260443695,2265.698434843389,1.2032771810672496,169.36932362897994,1169.9587165512871,0.0080144436166929,3.055339689605224,220,169.8358483823032,2,H2026072209,1
2026-01-01 16:44:00,24649.81815435854,44056.567929991186,925.9781399895307,1097.4084015166345,2264.650672301674,1.184061297211683,165.94619781868096,1170.291849766203,0.008661513016414487,2.8930587196808046,220,172.79220995234024,2,H2026072209,1
2026-01-01 16:45:00,24740.708942341607,43905.84664507829,932.540587896497,1101.632641997975,2261.0510007232197,1.2009100907767938,161.08061286648717,1168.6561367231288,0.00834760833250925,2.9942811679684214,220,169.86160746641835,2,H2026072209,1
2026-01-01 16:46:00,24689.823904412864,43837.57744640067,928.9012255157396,1102.0254705608038,2256.771811534148,1.202350195676939,172.3250618493083,1168.5542962910229,0.010465274958681272,3.0716650895145756,220,169.35280970430205,0,H2026072209,1
2026-01-01 16:47:00,24540.756111945288,43984.95932667122,930.2335302944323,1098.4436748006806,2262.1628374920156,1.20515457982117,178.30007097786327,1169.8127648172215,0.00832260654270194,3.0014240510803054,220,169.36312589497646,2,H2026072209,1
2026-01-01 16:48:00,24750.99653988274,44209.19142957876,924.6336647413233,1097.6493729720269,2258.0338024043704,1.1940872677243108,165.90657262774687,1170.4528216981087,0.007742125271742408,3.068101928008547,220,172.4698110616639,0,H2026072209,1
2026-01-01 16:49:00,24725.3649480622,43950.94387264216,930.175188497002,1097.3764173559166,2258.159457262421,1.1921598982353665,162.1513118733427,1168.8401016237362,0.008570239792024774,3.0091025867487846,220,167.3205333271413,2,H2026072209,1
2026-01-01 16:50:00,24549.03274606157,43761.204703744,931.3890399891308,1097.4798052231577,2253.8227478477866,1.2055423654656519,166.7679384737828,1169.84350737526,0.008377518818692448,2.989506529968622,220,169.3887603627365,0,H2026072209,1
2026-01-01 16:51:00,24531.981808147495,44046.19440446871,931.326377694262,1100.0316401874286,2257.086489065015,1.2108256634473906,175.8619084804748,1169.7682670688869,0.007856256632157218,2.985188321687134,220,171.8817566521376,2,H2026072209,1
2026-01-01 16:52:00,24446.756483284156,43057.41195209769,934.2943315939682,1099.4041704996796,2262.0044267566163,1.1814366065706425,165.19359036614034,1166.267381348137,0.007138532427297984,2.946140909112218,220,166.5014842156883,1,H2026072209,1
2026-01-01 16:53:00,24565.563543945296,43694.626301750526,932.2299343039818,1101.2612701153728,2259.932755624569,1.1941983747552105,162.90662037240264,1170.4309092688268,0.006676209526976724,2.958458264872186,220,166.47178925464377,1,H2026072209,1
2026-01-01 16:54:00,24702.11268943218,43647.73836442327,933.4551406613199,1100.4170438845504,2254.0479260343773,1.1928765212974717,167.0579553564892,1167.3476052626195,0.007155563438939068,3.021523810258413,220,170.32093363914734,2,H2026072209,1
2026-01-01 16:55:00,24489.094493399836,43697.232869713655,930.5668495540009,1099.2445075328278,2255.647391728955,1.2026486861870154,173.48620919372013,1169.5467447701265,0.008461750878016957,3.0257979184651957,220,174.4599332292574,2,H2026072209,1
2026-01-01 16:56:00,24569.262799506323,44027.41898735034,932.8782559422366,1101.5654392328786,2258.4852277901628,1.2072509529948459,165.3527487089692,1170.2762025573163,0.005789170185734861,2.9481280228017432,220,171.94016410702142,0,H2026072209,1
2026-01-01 16:57:00,24498.804054950848,43530.05395449577,931.8228962809558,1100.6870242036339,2255.9886882281153,1.1773767424901496,173.20870601871133,1168.7618534111245,0.00777518562349978,3.0191381624468208,220,168.5797477156611,0,H2026072209,1
2026-01-01 16:58:00,24445.213908442172,43424.67247369777,938.0844021437429,1099.5289765202872,2256.5393480219536,1.2086743933317332,170.1432570971337,1168.2472650218833,0.009289615955054703,3.079059219905705,220,170.7683231592116,2,H2026072209,1
2026-01-01 16:59:00,24471.719994445364,43125.66424532855,938.2783449111834,1100.0852534897138,2252.0935279221144,1.1981864409373262,175.02209522441112,1170.412076295123,0.007674833133435667,2.9600156399225104,220,165.48803182229133,2,H2026072209,1
2026-01-01 17:00:00,24362.74607541568,43398.47990955194,937.4494002608836,1101.1543206606711,2250.623850296241,1.1720918053617166,170.33322776964528,1170.323401586883,0.0100385024941583,3.090020503011459,220,169.72540592970583,1,H2026072210,1
2026-01-01 17:01:00,24115.353427631293,43064.21113667974,935.467159425354,1101.8939946395901,2251.632488613256,1.2013412288503762,172.34814690322796,1170.4099483253678,0.008221013417614529,3.0329767285126326,220,169.96452113662977,1,H2026072210,1
2026-01-01 17:02:00,24378.356047286517,43137.78326883244,937.174937662497,1101.2355815593105,2252.8240677697922,1.197144297276706,168.996580891441,1168.7427934515808,0.007487391526457931,3.056804336154181,220,169.94401182853207,1,H2026072210,1
2026-01-01 17:03:00,24315.955737496195,43450.71201852543,939.2046896791255,1098.4015741108028,2250.0159768387343,1.226222453806926,164.86735099180166,1170.124736896594,0.006093568460229858,3.1567796759844704,220,170.57216284176832,2,H2026072210,1
2026-01-01 17:04:00,24115.13770353876,42817.54636959409,936.4244122036631,1103.166894475823,2252.368100212301,1.2060254730137694,172.67362675769647,1169.4296625332242,0.008288482680061781,2.8630582077539746,220,173.8916292683134,2,H2026072210,1
2026-01-01 17:05:00,24062.323955290307,42723.53213512089,939.4639542662046,1104.0903581218304,2256.733944171415,1.2162612328865572,169.29629906614082,1169.87388734617,0.007239848041411873,3.0902312896763835,220,167.5706201408429,1,H2026072210,1
2026-01-01 17:06:00,24361.75323374493,43280.52615178692,941.3017579730011,1099.30842665858,2249.389343888502,1.1862394135678234,159.46073022786084,1168.7802598913659,0.007694605512906039,3.071187645389527,220,168.77436225797925,1,H2026072210,1
2026-01-01 17:07:00,24066.066230264612,43045.22204201607,942.4098193673228,1103.222546118922,2250.2796512503546,1.2106042130522614,175.41287267413486,1166.394173159939,0.007106120896319994,2.9030645250854157,220,169.60379592114728,1,H2026072210,1
2026-01-01 17:08:00,24261.221222242657,43462.93836375371,942.4291074043324,1104.3174116868527,2249.118294055327,1.2011308845609774,171.30695159041278,1167.0284733034512,0.008263230495329135,3.050754630364024,220,172.40140056013695,0,H2026072210,1
2026-01-01 17:09:00,23985.77199696978,42931.75652071331,943.5132748131139,1098.7036778387626,2248.9283155813177,1.2055047078540584,163.78284028096283,1168.9895856200835,0.007637086163794585,3.0197780625039106,220,172.7979987233602,1,H2026072210,1
2026-01-01 17:10:00,24009.38773046866,42752.07791650987,944.2482764222793,1101.4129130030096,2248.478603374703,1.2111761787814972,167.71416049045192,1167.1747246598552,0.007805476547670507,3.1967166932878577,220,171.64624269118494,2,H2026072210,1
2026-01-01 17:11:00,23983.963473923173,42404.16616480483,942.3798092164081,1103.6671383881069,2250.950865705195,1.1955048201649485,162.48549789772744,1167.7596423227878,0.00870061278971054,2.960456442838119,220,168.93303983179638,2,H2026072210,1
2026-01-01 17:12:00,23915.901525397127,42600.42175823877,945.5682780812305,1103.1968518171245,2249.664745400913,1.2111528734776777,166.3725638123903,1169.3906507013855,0.010600335435734434,3.0468274332085077,220,165.88354297648408,1,H2026072210,1
2026-01-01 17:13:00,24093.822204889042,42166.503337699076,942.6012200109434,1100.6691086425353,2245.5011842551844,1.19285994668778,172.1400456961618,1167.6683883347407,0.007623829633698487,3.0061817583285517,220,171.70941593937022,2,H2026072210,1
2026-01-01 17:14:00,23732.840209568185,42192.07998077443,944.7169892051188,1101.4704460836347,2246.1079904736052,1.1975576698232275,167.87172638447745,1168.4212177579825,0.008131064028833221,2.9924671078661977,220,172.09247123693245,1,H2026072210,1
2026-01-01 17:15:00,23996.271601483797,42654.58389188891,946.2210463874064,1104.432101923018,2246.156567671919,1.211647912118145,167.7934471722066,1168.7923549303223,0.007440574480840314,3.0699469819765097,220,172.68438513010267,1,H2026072210,1
2026-01-01 17:16:00,23985.859902614055,42041.47156156206,944.6856561023859,1105.7740677081695,2250.1797176642162,1.1916702964204182,161.9512975923922,1167.5125375959603,0.006538600467931697,2.845088507601278,220,170.096472960198,0,H2026072210,1
2026-01-01 17:17:00,23820.75954042717,42251.36844158691,946.5028922923625,1103.5497145245338,2246.686877957878,1.1868888880082122,168.95685341653348,1166.7222865467127,0.008683194532954993,2.8938087926760097,220,169.17846493395484,0,H2026072210,1
2026-01-01 17:18:00,24178.60445763576,42786.070851788114,949.3049425225832,1105.795412450508,2247.521300707552,1.1887849785433824,167.03251627027805,1166.6951030671046,0.008020983762780445,3.0243199176379663,220,167.4863243822901,1,H2026072210,1
2026-01-01 17:19:00,23949.212169194823,42767.063859086185,950.3947441880579,1101.7976686912823,2248.837913624774,1.1885147679057864,169.10370637470112,1166.8156419295367,0.008439722143361757,3.022745973065248,220,164.8420828854071,1,H2026072210,1
2026-01-01 17:20:00,23836.927963372924,42367.73187824193,948.5649858080669,1105.7305147199713,2246.410162875748,1.2024854411861707,176.29302532763893,1165.265711745133,0.00765371835216717,2.9095397813163824,220,168.42276157248602,2,H2026072210,1
2026-01-01 17:21:00,23879.915541200306,42243.374970264005,948.830039654174,1105.1949070357161,2250.709973344932,1.2041290838784393,162.58414034236404,1165.2062049949986,0.007646303805176271,2.894386853207388,220,174.80303404747642,0,H2026072210,1
2026-01-01 17:22:00,23819.028144521057,42644.81368645903,947.088183216106,1101.4534365872505,2246.0181730672207,1.2106669255744136,171.27198534800624,1165.510802643036,0.007022937314123305,3.022999840123431,220,172.77852813092343,2,H2026072210,1
2026-01-01 17:23:00,23935.69507694524,42599.75771942292,947.4907412059432,1105.4113618216732,2246.544442866246,1.196632142000905,173.95455464451496,1167.1739351738674,0.005683229256232371,2.9670895984831627,220,168.71709347988255,1,H2026072210,1
2026-01-01 17:24:00,23711.97181057824,42122.92621993987,947.0694974257476,1103.9428444450489,2245.804981905612,1.2082629441913204,176.91836942434054,1165.5397985756474,0.008175180972535707,2.9478059375249965,220,170.2649397889379,1,H2026072210,1
2026-01-01 17:25:00,23967.398240016937,42959.330762093145,947.3060038270812,1105.9445379225506,2246.762548338926,1.1857092074815783,165.26578519925104,1167.6928571019057,0.007985182112559878,3.0844073998951687,220,168.87206853951253,2,H2026072210,1
2026-01-01 17:26:00,23453.64611536299,42088.53879083522,951.300917899862,1108.4513091650051,2248.3564467876577,1.2122617156532185,171.0790125823223,1165.02567585315,0.009075918888346033,2.935193124684454,220,172.20245791644743,1,H2026072210,1
2026-01-01 17:27:00,24001.507577467837,42757.797227420335,950.5187494004774,1107.4088380142225,2243.1613565767507,1.2034013051093817,172.7047466884448,1166.3905850410529,0.009727130261434862,2.728139954520795,220,171.64983264384642,0,H2026072210,1
2026-01-01 17:28:00,23729.455172688897,42219.72073844854,950.8687725109704,1104.5581685870497,2242.6514148626893,1.2071954659029158,172.10287309318852,1166.3014299704041,0.007331081044199526,3.0636769483087485,220,167.9496429144492,0,H2026072210,1
2026-01-01 17:29:00,23833.9209632729,41907.88451948539,950.9114181587344,1105.4367788250586,2243.5741512399027,1.1825313835193318,173.48263306017324,1166.4650968182332,0.007115958883113187,2.905343825992894,220,168.08913237411528,1,H2026072210,1
2026-01-01 17:30:00,23739.63921584601,42078.202957823305,950.2608635765719,1110.3951639642594,2246.3278844919505,1.20679748211096,173.2040377630218,1166.1330602486946,0.007510495853168524,3.0630435617288216,220,168.36662387988883,2,H2026072210,1
2026-01-01 17:31:00,23707.673752644703,42121.15565225448,951.6608076191632,1108.8305731741323,2246.665460018285,1.2086640864385578,173.7185608434256,1168.1604006232858,0.007448347606006102,3.037150228097103,220,169.49989069295793,0,H2026072210,1
2026-01-01 17:32:00,23478.933677957124,41681.34999763863,958.2139360086676,1107.9609354514175,2239.952154348125,1.1910315503763553,168.72371899047613,1164.3594337794439,0.008510571278952939,3.0057029077309996,220,170.8495019199225,2,H2026072210,1
2026-01-01 17:33:00,23725.76281303755,42110.68919627504,952.0166762117387,1108.4361836645683,2240.7238077759002,1.1802040355144516,167.3229613957932,1164.932129491058,0.007398131934146853,3.009884446348763,220,169.51792560543538,0,H2026072210,1
2026-01-01 17:34:00,23870.767341785973,42682.297109708496,956.9913202512563,1110.0314172155533,2239.5525955522317,1.2170620601541215,170.527149141861,1165.842676875898,0.007563986510953243,3.0779061780228356,220,171.2830934715779,1,H2026072210,1
2026-01-01 17:35:00,23587.11804480272,42502.18660814234,950.9652193933814,1112.3265296533639,2243.6621832647756,1.206768411003826,177.1865319531927,1165.694567709016,0.008913020847722363,2.958823716167303,220,168.98554826920335,0,H2026072210,1
2026-01-01 17:36:00,23689.3348666022,42343.24795347178,954.7103665448592,1111.1875272629502,2239.7468392238393,1.1941255560468476,168.92461993417078,1165.4310370349322,0.009594789984906234,3.024929996585699,220,170.3208557797701,1,H2026072210,1
2026-01-01 17:37:00,23456.140670969722,41966.69426248864,953.1022776991014,1107.8416855244673,2241.5465866635295,1.19831159929952,165.18537528295542,1168.680368252525,0.008843475818515713,2.962385499196012,220,171.6299780587135,1,H2026072210,1
2026-01-01 17:38:00,23429.460092047597,42132.98361766086,956.0957050682123,1109.8271945081756,2243.1361988210224,1.194160881682938,167.92572461516457,1164.6098944588425,0.00837026786333253,2.9332035311136444,220,171.31662084198862,0,H2026072210,1
2026-01-01 17:39:00,23492.85439569981,42080.46707854011,951.3729211404245,1111.490357880737,2242.5737486893277,1.1920241250142647,169.7664817426314,1165.2926808006491,0.008364608222661298,2.890035352440143,220,169.35991121038393,0,H2026072210,1
2026-01-01 17:40:00,23417.472893436396,42111.745552308355,954.9766704196188,1107.9395368188582,2241.1826588344134,1.1948326191069325,170.9721973385624,1165.102786463159,0.007043841574788723,3.144301280345741,220,167.79885271860758,0,H2026072210,1
2026-01-01 17:41:00,23529.075849821624,41874.201371806084,955.5709420867282,1110.864044482774,2236.1986238892136,1.2008367159919175,173.73328243908324,1163.4805161548984,0.00896259893844754,3.01391068883983,220,172.13103919150052,2,H2026072210,1
2026-01-01 17:42:00,23334.60956842711,41708.0156630164,954.001725798353,1110.628176187014,2240.470705719313,1.2000460189653255,176.76990636526386,1166.0348702441975,0.00797687350435852,3.1179791095275773,220,166.58858921411655,0,H2026072210,0
2026-01-01 17:43:00,23422.992473094244,42065.08113926643,955.1821407966747,1111.9711530030513,2236.999130474681,1.1793786015172905,165.41708637400504,1164.571194722648,0.009122971178887454,2.837137787719592,220,169.59043989136424,2,H2026072210,1
2026-01-01 17:44:00,23503.657947301712,41442.81456209214,952.2203113316609,1113.0240234081018,2244.0913557309323,1.211665515127043,179.40895345542683,1163.1553578687738,0.007353423372628413,3.0076339957877214,220,170.44495411767153,0,H2026072210,1
2026-01-01 17:45:00,23487.64542240898,41712.97359233768,954.6059125113338,1113.7700705824823,2240.176344401304,1.1823274383662277,173.42663197746992,1165.1494820066355,0.008040841841274076,2.9076366958504924,220,169.26459247698313,1,H2026072210,1
2026-01-01 17:46:00,23553.395145737886,42085.826298247695,956.8730444006151,1113.9332677620362,2236.962846108746,1.189674601187944,162.61799246332168,1163.1490457582372,0.008185423385770668,3.0186609906727835,220,169.2863643644666,2,H2026072210,1
2026-01-01 17:47:00,23487.860869434964,41739.453245282966,954.1030701523396,1110.854034860993,2237.054108559125,1.199991887722936,171.72034435323658,1164.0136293123558,0.006496621168789752,2.906656318141677,220,169.5949974064132,0,H2026072210,1
2026-01-01 17:48:00,23635.993604291063,41864.42171108775,952.8314189425031,1114.325644033599,2240.5041249559436,1.206426962987164,166.01949483671953,1164.6626499316596,0.0077048304878814,2.995118909385096,220,171.552212877294,0,H2026072210,1
2026-01-01 17:49:00,23541.21009625134,42049.61219871222,955.1490807755065,1108.8289062469423,2242.736471754104,1.2087475384641302,175.47535821231224,1162.414901107711,0.006790956697204786,3.191120795833451,220,172.41481342915318,0,H2026072210,1
2026-01-01 17:50:00,23549.982672774342,41808.02060003385,958.0143940832997,1112.2007006402416,2239.5990488478046,1.1954088403720027,174.9441505825722,1163.4571735893344,0.0095750186016348,3.0151734733610454,220,171.50183255666943,2,H2026072210,1
2026-01-01 17:51:00,23580.17944344203,41686.04629275825,955.2980053283075,1113.9625714279189,2236.937311398965,1.2060494158027661,168.84015840331622,1162.0756289899,0.00882911215683771,3.0094854964908273,220,168.9829505652351,0,H2026072210,1
2026-01-01 17:52:00,23587.540992877934,41843.76829740214,958.2665231800427,1119.4374687553632,2236.4446710380353,1.2027439526139483,174.7160392161035,1163.4813391302075,0.008400492923198338,3.0530554520481075,220,172.18469671719168,0,H2026072210,1
2026-01-01 17:53:00,23706.504785670604,42024.089901692736,952.0236777765936,1114.443647584449,2240.0876767749364,1.1950602923950053,172.5143725268518,1162.5704970473923,0.007620162722108863,3.125878787542855,220,170.88817464733577,0,H2026072210,1
2026-01-01 17:54:00,23704.555206313125,42548.82003931291,954.8167067909774,1118.3132421156422,2239.664130802571,1.1884349032115957,168.67376243192095,1162.782120658691,0.008199073123566056,3.0089597256509975,220,174.3163696010133,0,H2026072210,1
2026-01-01 17:55:00,23311.04397943458,41494.27632109211,953.9181161028213,1117.556837294756,2236.6173132042745,1.190273717995456,174.03536851047494,1161.4714500066405,0.00744585831752046,2.9562407318275405,220,169.89031434711228,0,H2026072210,1
2026-01-01 17:56:00,23576.978929097837,42073.70663022518,956.9053424411643,1119.2151667635521,2238.828471344501,1.1949990513122701,172.72484676619322,1161.5153208246975,0.009047891206102648,3.0221530501129514,220,169.47486484227113,2,H2026072210,1
2026-01-01 17:57:00,23662.175878634243,42067.477565444366,949.4858329952201,1119.0234803381602,2240.965567082512,1.2004512901014084,164.0829908155488,1163.2064865292373,0.006087698829492182,3.1448820165624216,220,171.5753507982186,2,H2026072210,1
2026-01-01 17:58:00,23674.04180796137,41768.97934185571,956.4083710413314,1117.9484801701449,2234.5714179021616,1.1934187224256845,177.0411974419979,1163.5024729425113,0.00936172170320227,2.975730885154983,220,169.43504931861906,2,H2026072210,1
2026-01-01 17:59:00,23629.324104037038,41836.689103473975,955.0401631477108,1120.4599614685267,2238.8760262137735,1.2071349570075385,170.6515555071149,1161.3311699132178,0.006722818449683491,3.069704769733542,220,167.71072952979657,2,H2026072210,1
