采集时间,入口热风温度,热风流量,给料量,产品水分,物料出口温度,尾气湿度
2026-01-01 00:00:00,179.78112731118276,41965.86336668685,37.813804256154434,9.2,82.0,61.0
2026-01-01 00:00:10,180.54349643578502,41947.34482886659,38.15410989715339,9.162058955949997,82.10360335084023,60.87056720034001
2026-01-01 00:00:20,180.13863928199208,42180.51963069464,38.0825611531011,9.132632710827385,82.10651529518391,60.92728034112606
2026-01-01 00:00:30,180.5265569789216,42091.52103141694,38.13535537228195,9.151158833170038,82.13153648395738,60.880905303135016
2026-01-01 00:00:40,180.7919918675967,42234.34979809724,38.05625138211039,9.16163276205643,82.16871925040638,60.896681817716555
2026-01-01 00:00:50,181.41602173818464,42232.553944880616,38.35574352169359,9.183867192908362,82.12480601601881,60.84056948648446
2026-01-01 00:01:00,181.5047872544494,42354.327863048034,38.45981190527549,9.195197387922338,82.15696235446137,60.86483632807483
2026-01-01 00:01:10,181.47407121312554,42504.69780202368,38.22266036554736,9.188595882878579,82.1436106293318,60.900972037479285
2026-01-01 00:01:20,182.26909953702668,42371.8212433255,38.385533964025534,9.222642912155205,82.11502219346526,60.96195984089941
2026-01-01 00:01:30,181.98583528707178,42545.32922718625,38.35979045827762,9.233792179208935,82.15267522525704,60.95729951187752
2026-01-01 00:01:40,182.83355066618992,42567.1685852691,38.41288159462288,9.23291173564545,82.23274570643623,61.031816296958915
2026-01-01 00:01:50,182.39113652178648,42525.11906562019,38.47176476787505,9.192024086192546,82.39352469134222,60.93656921132671
2026-01-01 00:02:00,182.70019444783182,42743.9154197259,38.50145941866155,9.158988215010671,82.38264326026213,61.0470379814367
2026-01-01 00:02:10,183.64183273102714,42843.8140421778,38.68437038885938,9.11313933230262,82.45768013511864,60.961519164243796
2026-01-01 00:02:20,182.7230985234907,42871.44330956805,38.72957653824598,9.095752741991133,82.46889931790233,60.95674752896503
2026-01-01 00:02:30,183.31374571674493,42845.99565312461,38.57956173245548,9.096494836686007,82.50118680483845,60.92691247163464
2026-01-01 00:02:40,183.93497782519626,42914.59311595035,38.915480001932536,9.120090817106819,82.56823540944829,60.93564172356012
2026-01-01 00:02:50,184.5657962156935,42980.847776579896,38.95634227190082,9.12708251719448,82.64114069722281,60.9694153275663
2026-01-01 00:03:00,184.37013687106656,43072.875890465926,38.96365452427999,9.145325333855821,82.71593840670734,61.10327208548223
2026-01-01 00:03:10,184.74461400470554,42979.41167474931,38.72358507659947,9.136795409893674,82.83750245890114,61.005662819259
2026-01-01 00:03:20,184.87204400768312,43194.32883631686,39.08768082482341,9.123649090435672,82.84812946540274,60.995035519321306
2026-01-01 00:03:30,184.61665708779765,43043.382177006584,39.23318145187219,9.107635821069122,82.90151127056943,60.97498801887233
2026-01-01 00:03:40,185.48036163747727,43200.572663089035,39.071511170435905,9.083884381032707,82.9685815239225,61.043778166902314
2026-01-01 00:03:50,185.50930402002896,43232.39666003256,39.170820192963525,9.057775370552374,82.8926037103367,61.04846320311925
2026-01-01 00:04:00,185.79095391088728,43267.07948516682,39.15663733324199,9.024619007628331,82.97272097428291,60.902753216619026
2026-01-01 00:04:10,186.14766362448336,43472.796737326746,39.15956794007484,9.052166848029868,83.06767667956495,60.77609666914524
2026-01-01 00:04:20,186.36374700957379,43346.27513371826,39.390772138901504,9.017526870933107,83.0147988454512,60.80185824387861
2026-01-01 00:04:30,186.03951290618366,43342.909544293485,39.26113906810435,8.984791440073591,83.03265800677279,60.75294305886003
2026-01-01 00:04:40,185.98151296983593,43301.93358250207,39.35321328295304,9.024420539451448,83.00296734101688,60.74105182860459
2026-01-01 00:04:50,187.29749087481918,43419.53316901521,39.257962855204866,9.024489413338056,83.16029830968766,60.62663293420834
2026-01-01 00:05:00,186.48831324058727,43581.95227068691,39.18391237097949,9.008224927748989,83.27312974483957,60.608353346351386
2026-01-01 00:05:10,187.23623480598437,43537.77669463486,39.5496845843998,9.045188239512274,83.3632273740082,60.55662465701044
2026-01-01 00:05:20,186.75371343364898,43526.90610937756,39.431636136782224,9.06911947469333,83.47150648298516,60.53758341657524
2026-01-01 00:05:30,187.07078020435588,43891.445489490914,39.54385711480569,9.01839683027875,83.44665637357623,60.60558018133749
2026-01-01 00:05:40,187.26237536857388,43634.73355013465,39.35671951703705,9.020419532934312,83.58806371845672,60.61483098662804
2026-01-01 00:05:50,187.3039012458741,43708.34708533927,39.4787497637025,8.988534095230543,83.55215303528368,60.633791558320425
2026-01-01 00:06:00,187.73205426351726,43789.02143095229,39.55187513242634,8.990366838126794,83.62404581348201,60.79366485489843
2026-01-01 00:06:10,187.02576042241003,43851.05916310522,39.561736963409516,8.991325237685487,83.7710471588716,60.85711020655497
2026-01-01 00:06:20,187.76742161733412,43786.9963484816,39.602305564210404,8.986868869633598,83.68246234060415,60.84091154294538
2026-01-01 00:06:30,187.67574607865294,43889.17052303018,39.8142546117436,8.989052220505583,83.65781666437691,60.71994287415936
2026-01-01 00:06:40,187.7165982253665,43922.34203332094,39.82452887362111,8.970501302682779,83.60882391519483,60.7432972332118
2026-01-01 00:06:50,188.0315393287159,43759.09117086028,39.66805049127893,8.975367273923789,83.83615422030202,60.683955714914084
2026-01-01 00:07:00,187.7389910893441,44170.8710575313,39.60148907232265,9.007171763281459,83.91593420031045,60.561572827370206
2026-01-01 00:07:10,187.421391424778,43893.52130944399,39.796661354181055,9.014149682204494,84.03084884259482,60.510198921324594
2026-01-01 00:07:20,187.73885833699356,44087.62483463643,40.05481996166613,9.008881694396813,84.00507872694341,60.54910539975939
2026-01-01 00:07:30,188.11822443816294,43994.79693934998,40.11413617865524,8.997393154667025,83.95415150459124,60.52613629185536
2026-01-01 00:07:40,188.23795079101924,44135.49311615271,39.891140684939664,8.976997158797667,84.03335519777256,60.58484634046735
2026-01-01 00:07:50,188.04959523921664,44097.98542086791,40.15035379475121,8.972949073103099,83.93127903539921,60.498334314353755
2026-01-01 00:08:00,188.63725608607166,44057.80874379593,39.9403494544426,8.95263671339509,84.0001597967611,60.53026114357382
2026-01-01 00:08:10,188.3538421185109,44073.46480719819,39.91299413793926,8.905996191369006,83.96557645011598,60.61738690608343
2026-01-01 00:08:20,187.66546385480504,44271.455937823644,40.20821114606554,8.884905409360801,83.92808975635712,60.608120028596446
2026-01-01 00:08:30,187.92907317294643,44144.83441534187,40.3516859275171,8.883522462277128,83.96788906940361,60.53191494573246
2026-01-01 00:08:40,188.5653642695693,44243.407966604485,40.23767136746576,8.85860508313226,84.11424571724842,60.56350695027152
2026-01-01 00:08:50,187.8751835069528,44198.55296550597,40.33903529428896,8.860204361051592,84.15915575820519,60.48091841613905
2026-01-01 00:09:00,187.6086440990464,44270.936708939946,40.082525696926716,8.897821209015717,84.15286524361814,60.48409210313978
2026-01-01 00:09:10,188.56966268346451,44449.14558276783,40.33755802316456,8.9449392855372,84.17580969735799,60.610749045319444
2026-01-01 00:09:20,187.7139793709262,44469.98744506714,40.12661455696571,8.961133654130762,84.32477870811805,60.66574639433656
2026-01-01 00:09:30,187.76430883400178,44350.841564382885,40.375307979894124,8.940528374101872,84.38208559568018,60.67563070188889
2026-01-01 00:09:40,187.95254525101538,44342.390989665466,40.44031987493793,8.91670773637182,84.43218828712158,60.6198015787649
2026-01-01 00:09:50,187.3376561167351,44217.92838659311,40.20665448888994,8.93000883409152,84.46867740618721,60.62083324915571
2026-01-01 00:10:00,187.7022479250168,44420.2254745204,40.32576577775324,8.963307519354645,84.3741138382786,60.70067128134035
2026-01-01 00:10:10,186.75861684173404,44315.56495967077,40.09508125220178,8.910640488146841,84.397339050409,60.69118943184467
2026-01-01 00:10:20,187.7633312587219,44475.26863097509,40.479152198165565,8.927254909265885,84.38454522649054,60.59650527162735
2026-01-01 00:10:30,187.36725042470215,44524.352264506735,40.476553120948026,8.906368647217851,84.31577946706153,60.663291078939835
2026-01-01 00:10:40,187.54827132693748,44471.793655961716,40.50334643718982,8.950563732758749,84.31830967456733,60.65907974562079
2026-01-01 00:10:50,186.84486275316036,44481.40292558476,40.57240417929931,8.974207554280119,84.26596062281568,60.78717791873185
2026-01-01 00:11:00,186.37125231562052,44387.58379190161,40.4067927231411,8.902449736859463,84.11172852848628,60.821726887153055
2026-01-01 00:11:10,186.5944428285132,44396.4118714335,40.33051257459803,8.903134243493074,84.06898337845158,60.977245707912665
2026-01-01 00:11:20,186.27315891608447,44278.752993809,40.375154453325244,8.935674076179824,84.21329776969327,61.04827975034068
2026-01-01 00:11:30,186.3402146894024,44413.55197540698,40.38391669820881,8.905547889691771,84.14919375809468,61.018029392104445
2026-01-01 00:11:40,186.9132865631916,44413.59789772704,40.63641016559935,8.93534945698937,84.04548925628319,61.03167919697169
2026-01-01 00:11:50,185.86247347996834,44311.814459053865,40.59046758579678,8.8984976846997,83.95927632271261,60.97168657590111
2026-01-01 00:12:00,185.89338857235907,44204.61470299929,40.39340123480318,8.925371647152774,83.85400271880386,61.008463815263134
2026-01-01 00:12:10,185.45851740509087,44410.99179657386,40.54095068037189,8.918775288823449,83.73336816188404,61.08759453823474
2026-01-01 00:12:20,186.48166469541738,44349.551288334274,40.58521763095001,8.954383183072729,83.76346340760301,61.17272504171504
2026-01-01 00:12:30,185.551285688273,44400.61141997283,40.37588333379207,8.9854472492129,83.8249747267731,61.130645542867846
2026-01-01 00:12:40,184.90109873137678,44286.309699681326,40.42355953697751,8.937393663693527,83.83860509164822,61.197675513819256
2026-01-01 00:12:50,184.70181273394482,44195.64854810661,40.583223250076024,8.940891030595832,83.63739659573744,61.163121363182675
2026-01-01 00:13:00,184.6261226125908,44350.11060163752,40.51782722739168,8.933619277963265,83.65925014526688,61.34699848245264
2026-01-01 00:13:10,184.12784524822163,44340.34808972791,40.56949299037378,8.971697306715493,83.65625925295635,61.26738070440254
2026-01-01 00:13:20,184.68604739136936,44183.09283966618,40.691086785194024,8.938595388286945,83.64557689389298,61.22632263784877
2026-01-01 00:13:30,184.07691332240913,44183.97094950032,40.48280225874779,8.926688576161494,83.46408861134319,61.26899937556947
2026-01-01 00:13:40,183.76541065637377,44202.25982251019,40.78441393589809,8.970750910946677,83.39671175239496,61.36708894561696
2026-01-01 00:13:50,183.00818666396702,44209.9103757774,40.538952919707114,8.98673411011844,83.30835468703808,61.309418094335356
2026-01-01 00:14:00,183.01124461365885,44273.77886340888,40.69312435118787,9.040433258688969,83.29504465400018,61.26253200467816
2026-01-01 00:14:10,182.72342984030627,44287.34250411584,40.49393944855377,9.001783691529809,83.2256512414485,61.41197602150274
2026-01-01 00:14:20,182.3548814030425,44224.191901779006,40.44625303476881,9.02157768442004,83.18989381539497,61.378194826519525
2026-01-01 00:14:30,182.90218559385042,44302.06285511219,40.536543663774545,9.04092540582542,83.2760303227542,61.369044063121905
2026-01-01 00:14:40,182.78862920771167,44248.624569354666,40.59442909887708,9.09544498226099,83.28725829310699,61.399364703752184
2026-01-01 00:14:50,182.47629236372447,44156.56025212566,40.57832147364867,9.137509739795338,83.17580839206154,61.483762274556014
2026-01-01 00:15:00,181.49160085969308,44185.850127151105,40.38634285509978,9.173581127307436,83.15906922209903,61.36741056500666
2026-01-01 00:15:10,181.18988727327786,43910.49037598839,40.57195395890257,9.186087927810803,82.98292752155771,61.429253642374945
2026-01-01 00:15:20,181.55428454482802,44120.69595226725,40.65807208506708,9.196261110585723,82.97515929885485,61.46282725453698
2026-01-01 00:15:30,181.2220902368964,44052.802433212164,40.476276044168756,9.214148464426543,82.9085572530025,61.56657766895776
2026-01-01 00:15:40,180.70575618999476,43992.83888817957,40.54011962749689,9.263029788075052,82.95247127261588,61.62862962311409
2026-01-01 00:15:50,180.26396520325068,43934.58638367536,40.35518415448327,9.266898112530775,82.90198671579397,61.715571575968774
2026-01-01 00:16:00,179.9766673261146,43903.32928842841,40.74799832717516,9.276405899567001,82.8917263202705,61.7345349643535
2026-01-01 00:16:10,180.0703369176966,43889.38233946519,40.35584014696092,9.298967553294624,82.73572830184109,61.812078799224004
2026-01-01 00:16:20,179.51883294953416,43904.14914052366,40.50688711643793,9.357846178405232,82.65387278745114,61.89369488092145
2026-01-01 00:16:30,179.63741426235993,43712.74454199456,40.274005825538694,9.305027281087249,82.57255366591411,61.93380807976219
2026-01-01 00:16:40,178.8784946845061,43905.782056142154,40.41048473544067,9.274143252926773,82.4512094192553,61.96771387010781
2026-01-01 00:16:50,178.95716562965234,43654.62558821399,40.429165836429796,9.261799286613767,82.43100373947601,61.96531361929541
2026-01-01 00:17:00,179.65531564439328,43663.78985481963,40.40336621942585,9.303794979200472,82.3313544751657,61.990912089232665
2026-01-01 00:17:10,178.78816314549593,43413.75950470921,40.5070277534721,9.34817708678772,82.20853989201483,61.98433066076086
2026-01-01 00:17:20,178.89987299012546,43754.04860087475,40.35787953320914,9.30996543631256,82.136076938864,62.043259581403696
2026-01-01 00:17:30,178.48000509003975,43588.00071491167,40.393622601470845,9.34268831888508,82.02983337425049,62.071865029817324
2026-01-01 00:17:40,177.50939361694375,43335.7572773365,40.42636331745149,9.306708801221323,82.0597788782979,62.120337547714065
2026-01-01 00:17:50,177.63820496577426,43522.25453602531,40.20503596965464,9.281953962271183,81.90624755443478,62.147359964245595
2026-01-01 00:18:00,177.3193910463262,43343.53061857783,40.27171247738796,9.313855506046849,81.74697352327253,62.20627959561836
2026-01-01 00:18:10,177.241033184727,43394.65229759634,40.30898763982276,9.352291226420215,81.7177597934178,62.093337883961595
2026-01-01 00:18:20,176.31560711266673,43359.341093559095,40.47779886530836,9.37032094737605,81.6341495420251,62.03371533822399
2026-01-01 00:18:30,176.25165843820693,43189.35330959114,40.28558602378428,9.423375532844457,81.65666232724523,62.10426337798525
2026-01-01 00:18:40,176.40194820291526,43131.5055231276,40.036255252476586,9.483757206078186,81.58004964562294,62.23149012106749
2026-01-01 00:18:50,175.857370302011,43189.18474299644,40.17302841729889,9.504072778956317,81.48492149034357,62.46880512091522
2026-01-01 00:19:00,175.96972124493067,43253.585491542086,40.059967487471646,9.532689392066365,81.39326601838013,62.53871079350839
2026-01-01 00:19:10,175.39736118896153,43317.39513555038,40.148805988092334,9.555750627235792,81.34478871827778,62.63341054822948
2026-01-01 00:19:20,175.4859582564705,43159.66426672129,39.89881581388407,9.547595239418973,81.15659580639614,62.443253573181224
2026-01-01 00:19:30,174.57869247533105,42986.845217619906,40.05817482877791,9.49734543164009,81.01112928036336,62.363778463672624
2026-01-01 00:19:40,175.36116602782204,42772.58057836913,40.121946274453585,9.485744330178619,81.00995441270285,62.302928857710796
2026-01-01 00:19:50,174.43011687297286,42975.899152965634,39.88015901455165,9.496480905348388,80.82074119781242,62.305148273940844
2026-01-01 00:20:00,174.6429362404414,42825.625105624,39.995343144465544,9.506846575736803,80.71363368084471,62.254838437564445
2026-01-01 00:20:10,174.78352035422444,42780.077649669176,40.19955768628389,9.526135688551223,80.73614136518293,62.213315206710746
2026-01-01 00:20:20,174.38815617905865,42722.40664178492,39.90860003767527,9.52348595338227,80.80842696937881,62.4057338231351
2026-01-01 00:20:30,173.41103722876227,42681.99256122629,39.8886825620759,9.542397145389685,80.6729433451866,62.524457604442524
2026-01-01 00:20:40,173.98947984485966,42631.14899791564,39.67801484734047,9.582001123583305,80.63072828274933,62.57130755847645
2026-01-01 00:20:50,173.90355067237985,42475.506307001175,39.996692144026284,9.617418058275966,80.60876434154555,62.55380683979388
2026-01-01 00:21:00,173.3310368957517,42434.96481469548,39.787670347969325,9.634968290124842,80.54791278182228,62.44180061433617
2026-01-01 00:21:10,173.23194541968144,42354.2411718449,39.83469731742484,9.63909152911138,80.42015131868828,62.509650357123455
2026-01-01 00:21:20,173.21883533187804,42443.75343337814,39.68140606133347,9.681137549554233,80.27966679599722,62.403164793087285
2026-01-01 00:21:30,172.9209429482611,42447.24667434004,39.811376259649556,9.686006177918175,80.13059828956281,62.33213763433089
2026-01-01 00:21:40,172.869403134659,42081.61270308516,39.72044694587933,9.68426175716031,79.98345736312612,62.344449978064084
2026-01-01 00:21:50,172.99364049974108,42304.732062646224,39.73782614322553,9.680932817126203,79.91572621731828,62.324533180975855
2026-01-01 00:22:00,173.0181855149728,42212.17696601198,39.64498245713484,9.688808346363743,79.95177522046119,62.2770508348023
2026-01-01 00:22:10,172.58763827125864,42094.48902992477,39.56448020966972,9.67475153909378,79.97817432497385,62.50938133122956
2026-01-01 00:22:20,172.5336666981756,42288.743011124556,39.655329691792126,9.656965463330748,79.9403640434798,62.54793760969922
2026-01-01 00:22:30,172.46935111897807,42018.8734126233,39.52930310753906,9.665763372069678,79.88069860426819,62.531649832845794
2026-01-01 00:22:40,173.04779634161233,41934.870131478216,39.32765916996987,9.679156770745152,79.90337936310078,62.5396685054618
2026-01-01 00:22:50,172.13650333907978,41871.60419701861,39.4391333703434,9.696342647581412,79.93221972583441,62.640677133159876
2026-01-01 00:23:00,172.223096381796,41830.05328575321,39.53434139815499,9.684461830435495,79.96737257755312,62.690807677642674
2026-01-01 00:23:10,172.5611237596693,41730.39877121996,39.45353641787178,9.721247782935176,80.06180451967543,62.78697122719806
2026-01-01 00:23:20,172.54063807319486,41686.69326304546,39.40575112182521,9.704728373647493,79.96229940628615,62.651644417289596
2026-01-01 00:23:30,172.74263708121256,41628.72688164579,39.12584789502684,9.735651569000293,79.87528069890237,62.74373091766679
2026-01-01 00:23:40,172.83164538478508,41663.05611043898,39.09394469630059,9.760515447803213,79.79662782203525,62.77170033337379
2026-01-01 00:23:50,172.35000044894826,41404.49889099764,38.98045443513231,9.76093364717484,79.79538886717422,62.5989417684223
2026-01-01 00:24:00,171.78391992075944,41441.1371169629,39.031379214564566,9.785527540618544,79.78242551478832,62.642278638723184
2026-01-01 00:24:10,172.35164627571723,41424.41535293948,39.02967479150242,9.750832374923997,79.81769724659634,62.598784268684554
2026-01-01 00:24:20,172.209574059182,41498.97081068433,39.124935946370364,9.739260871933938,79.87826495726061,62.741875609069034
2026-01-01 00:24:30,171.86817625027476,41357.15780700363,38.99378728950558,9.758315113647422,79.89220099373868,62.7343221400967
2026-01-01 00:24:40,171.9598381623747,41139.76916483798,38.85861308246679,9.811499959360953,79.78028929146588,62.81061060311852
2026-01-01 00:24:50,172.01770191050093,41287.1742166022,38.79418731563808,9.791348035701452,79.60472217898365,62.79866358994278
2026-01-01 00:25:00,172.6957761870168,41088.3533219884,38.89569645527583,9.78370613046093,79.6841818105834,62.778263732034446
2026-01-01 00:25:10,172.03621576947515,41161.42336163106,38.93289240828106,9.791808970125002,79.65261653692568,62.78263726013372
2026-01-01 00:25:20,172.7545981654223,41253.15142587625,38.707567386222365,9.781348583887375,79.5373063242795,62.741700740944246
2026-01-01 00:25:30,172.4986030073038,41090.676213437066,38.74001922187666,9.76732422485375,79.4964322070914,62.643557051920105
2026-01-01 00:25:40,172.62709560188756,40874.47461555357,38.417775854694845,9.796580267005254,79.59113870512581,62.619160395220995
2026-01-01 00:25:50,171.77720804884376,40947.842701734,38.70675152272344,9.805346334803192,79.61648354684222,62.67584232093757
2026-01-01 00:26:00,172.17327410864652,40713.44858953096,38.61386633804867,9.775920722495565,79.60497194139586,62.70892830152112
2026-01-01 00:26:10,172.343032060596,40917.94329691218,38.423100020014495,9.805145442879432,79.71931470453997,62.762624470084475
2026-01-01 00:26:20,172.54865114216528,40762.72855214358,38.2765312164793,9.782567190779941,79.56670061845753,62.593342337465494
2026-01-01 00:26:30,172.95436252920916,40767.80386008477,38.43172383459932,9.824949400279781,79.44539815326416,62.62797823020821
2026-01-01 00:26:40,173.1014020586682,40768.20346922017,38.452433121507696,9.787731584984646,79.3686374142485,62.600279861768904
2026-01-01 00:26:50,172.70305438786102,40599.43971816981,38.41407362460544,9.787159138587674,79.27160523994193,62.66148960849821
2026-01-01 00:27:00,173.35661841955672,40578.763019991144,38.350927180730245,9.791434304742086,79.33616861193995,62.66502347889906
2026-01-01 00:27:10,173.13124814931032,40605.471335591705,38.00371069259647,9.759357860363952,79.45527716503747,62.679840419374266
2026-01-01 00:27:20,173.83322044474292,40478.07216908626,38.03552157302403,9.718518524396991,79.50343087266513,62.66048768479196
2026-01-01 00:27:30,173.33944687303963,40429.97776750589,37.99795786154578,9.720700516281587,79.420221086369,62.59526180108062
2026-01-01 00:27:40,173.8688044504497,40530.37919802997,37.79737497159283,9.73902406388536,79.45383604381435,62.4443549600667
2026-01-01 00:27:50,173.34667089965276,40443.88041123228,38.087256159795714,9.743118461848367,79.38015548341592,62.382789710690595
2026-01-01 00:28:00,174.67920213390772,40194.894118130826,37.96984445822035,9.685261670147403,79.4616077418476,62.3538940569256
2026-01-01 00:28:10,173.59527500355722,40505.060939992305,38.03032265641679,9.670480139596188,79.39978924905552,62.27556758846051
2026-01-01 00:28:20,173.71835182860514,40144.238029180524,37.787615938747635,9.64653257976104,79.32436541944271,62.23137476090868
2026-01-01 00:28:30,174.4240910285176,40083.379669690396,37.75389486817884,9.638346498243003,79.35327426118833,62.30036739402476
2026-01-01 00:28:40,174.8410237589442,40145.37886643307,37.92068265445083,9.632494550028664,79.44381412860803,62.306256802039734
2026-01-01 00:28:50,174.28363245043246,40169.70907291892,37.69139792518385,9.613687440343515,79.61560380408925,62.39804947404937
2026-01-01 00:29:00,175.1693834862384,40157.791804535416,37.6123539043705,9.596734318240088,79.60553581294731,62.40969431527326
2026-01-01 00:29:10,175.51345672347918,40012.45799857141,37.53300476684245,9.58298528294328,79.79203025042365,62.45443858294399
2026-01-01 00:29:20,175.48671308754194,39881.693006665766,37.58849309373547,9.603065991439124,79.94824631212504,62.3084445959501
2026-01-01 00:29:30,175.4828151739254,40002.7527207463,37.367539576377695,9.596491099188865,80.05942646753415,62.191994342332045
2026-01-01 00:29:40,175.5527679593216,39975.67285821444,37.344525950190835,9.610440667966639,80.12268599531421,62.253256858238245
2026-01-01 00:29:50,175.79795383232818,39851.09310589419,37.48683756594426,9.613564505657125,80.18933178411834,62.26146860658872
2026-01-01 00:30:00,176.40867146688663,40118.44251155248,37.439607856379254,9.647085653871324,80.24254554130276,62.278677022880345
2026-01-01 00:30:10,176.2411033424264,39805.52223021831,37.330392243092255,9.661158137656036,80.30918520752876,62.25758221670314
2026-01-01 00:30:20,177.01787353756566,39925.576163928105,37.318534847018626,9.613561615199961,80.29149082688656,62.223827528535736
2026-01-01 00:30:30,176.57674223296686,39903.79235463625,37.321017282107405,9.544118223691145,80.47058926767107,62.13898077964821
2026-01-01 00:30:40,177.01044210858123,39880.39901094195,37.11939130182539,9.58116929722476,80.47654031984108,61.9860930740546
2026-01-01 00:30:50,177.1520351390973,39710.5463889727,36.95865373924419,9.554497619281445,80.4348845906227,62.01988648083147
2026-01-01 00:31:00,177.9945165979205,39696.95725914826,37.25947282786749,9.486246712373937,80.52433054141099,61.93342258672838
2026-01-01 00:31:10,178.20534528217436,39705.84009357792,37.19005260133724,9.485467804691543,80.50563178151148,61.88129265297226
2026-01-01 00:31:20,178.08860112562797,39757.05916395495,36.90228980926991,9.49851339471829,80.69714137407054,61.76321350667252
2026-01-01 00:31:30,178.45149831361013,39728.43643244998,37.00514335993986,9.495917645506424,80.74295028648852,61.66281572982058
2026-01-01 00:31:40,178.25467468398577,39723.243526501945,36.79299860112752,9.463415772353706,80.85845524880365,61.48779349372888
2026-01-01 00:31:50,178.25512272684364,39570.64524454739,37.025336186527866,9.4329120073693,80.89660387887979,61.303252458618786
2026-01-01 00:32:00,179.13769061955355,39623.46489398438,36.94555593371832,9.390387182957681,81.06134838758554,61.30134849455682
2026-01-01 00:32:10,179.2061705249476,39419.90166015664,36.73217881038411,9.360359650093837,81.1686672475319,61.34193220658214
2026-01-01 00:32:20,180.2178084189365,39814.583677536226,36.853826218037206,9.35660466475648,81.19863275356519,61.31391411836795
2026-01-01 00:32:30,180.08099576189744,39553.72044215247,36.67930692816677,9.370113949720283,81.29071380248308,61.372578189331
2026-01-01 00:32:40,180.22102630135808,39450.70062404546,36.628478502629484,9.396307341021343,81.33247137113644,61.339974187044284
2026-01-01 00:32:50,181.1357390250093,39831.117455112,36.70411081213847,9.344175182068806,81.36103318214023,61.30731072297722
2026-01-01 00:33:00,180.8583835666383,39666.61115842886,36.52269557530445,9.29018137400365,81.38705421233942,61.27254737080251
2026-01-01 00:33:10,181.5951145863992,39624.43872138396,36.47384912282785,9.303950659240904,81.52858731825427,61.305222847122145
2026-01-01 00:33:20,181.08578795739328,39630.75287081136,36.374148824774906,9.267123702933779,81.56847288935576,61.098755897686345
2026-01-01 00:33:30,182.17022542414415,39647.18481612834,36.431658339349234,9.258659939368519,81.72447454901211,60.95903175640064
2026-01-01 00:33:40,181.85643004611256,39659.64062107426,36.2537572872208,9.22036429305769,81.76177111007235,60.87856022669801
2026-01-01 00:33:50,181.92589860811873,39457.61425231273,36.483172268750906,9.19757578406094,81.85719263714354,60.80669500067596
2026-01-01 00:34:00,182.69871172077612,39621.417243669,36.513274300107504,9.14761303508379,81.96760970973057,60.86548547696102
2026-01-01 00:34:10,182.77037496605277,39569.04285356069,36.24338306990521,9.119396725398582,82.10382892479349,60.83723634400554
2026-01-01 00:34:20,182.67474499059398,39695.709134217046,36.22553331378899,9.10501349733932,82.11634947934326,60.88570625684471
2026-01-01 00:34:30,182.34785900794884,39612.03875914869,36.252229629760194,9.132048503701293,82.19571090181744,60.943245935051884
2026-01-01 00:34:40,182.7705431818891,39627.41181916053,36.151380988639055,9.123034032268938,82.34545510540451,60.96731489140535
2026-01-01 00:34:50,183.91806074228154,39718.91547822136,35.97592738748197,9.126137725971462,82.40654568610947,60.90402889217173
2026-01-01 00:35:00,183.88955078644176,39734.04299249691,36.146040015313936,9.084162855959457,82.52326447474637,60.873511974023415
2026-01-01 00:35:10,184.14899663529957,39438.43287889456,36.140762623417515,9.086337519512954,82.40661843456904,60.873469021361046
2026-01-01 00:35:20,184.58051303884915,39616.89512238171,36.164495876840775,9.060352093924859,82.54053351038404,60.85320402180988
2026-01-01 00:35:30,184.37841557275777,39650.574099276775,36.03072171136404,9.026696709348906,82.75961906896035,60.64810444896819
2026-01-01 00:35:40,184.6590445003907,39761.71922067093,35.938954999389985,8.995429406254763,82.75979604269361,60.43944521831212
2026-01-01 00:35:50,184.82423576254678,39786.98375153801,36.091928592479384,9.00184980303643,82.96068298506982,60.432663963377756
2026-01-01 00:36:00,185.1741119174285,39826.59010989381,35.84984928965442,9.020580854295046,82.97294336817737,60.41683759847921
2026-01-01 00:36:10,184.93446223142047,39648.43566182676,35.8774457933339,8.961305742708513,83.16782922650806,60.385333517999754
2026-01-01 00:36:20,186.2572897332965,39749.3216546693,35.649398148380676,8.94577524338981,83.33120906988785,60.33443994630291
2026-01-01 00:36:30,185.90193910970746,39944.66143714555,35.82553004580713,8.900425689612923,83.37725783356203,60.261064493926284
2026-01-01 00:36:40,185.2173843032992,39845.8919469252,35.5780695934588,8.908464056980865,83.55311439994051,60.161006641088015
2026-01-01 00:36:50,185.86942474228027,39954.240721807975,35.655357940493644,8.905381988714407,83.48578150745998,60.00099126189462
2026-01-01 00:37:00,185.49746997013204,39786.01198320353,35.85194576705218,8.940382810462454,83.57863517986405,59.94385316826262
2026-01-01 00:37:10,186.37200128367738,39847.90496692224,35.68816091394165,8.93655685022629,83.59774061430771,59.89936043385484
2026-01-01 00:37:20,186.67067222779372,39784.66442663043,35.729397590088816,8.830388720991564,83.54202394641042,59.90685575859994
2026-01-01 00:37:30,186.54572233642244,39890.22622854754,35.827123880867155,8.825867970200353,83.7127614735699,59.86328289602664
2026-01-01 00:37:40,186.65680016504328,39967.948761695276,35.487850930402765,8.837451697636277,83.7335058607094,59.898981419910285
2026-01-01 00:37:50,187.40016658899347,40002.70649102719,35.697617948763344,8.806186577663823,83.80055379854734,59.79687814936918
2026-01-01 00:38:00,187.06081595646774,40041.82729777379,35.591227063290845,8.78517395876746,83.89072703619635,59.69792443605668
2026-01-01 00:38:10,187.19645150242033,39996.85201011973,35.68168024289547,8.780832533289486,83.97854012070766,59.67669914122405
2026-01-01 00:38:20,187.04639597632124,40068.47389983724,35.60232600819291,8.783668688663875,84.04263939899,59.66575957646754
2026-01-01 00:38:30,187.49478099375654,40240.10381523852,35.64284981005775,8.768519663669485,84.02959257245776,59.60594589241017
2026-01-01 00:38:40,187.60798440892657,40217.6890609482,35.672986388860274,8.744139988071204,84.09365608821003,59.560086197673925
2026-01-01 00:38:50,187.22497862478832,40234.4731246956,35.58700566222884,8.703919470447333,84.18083636071833,59.51840349287152
2026-01-01 00:39:00,187.71205022054338,40179.01472789173,35.5694363064278,8.692620124885435,84.17654770523674,59.567123306107675
2026-01-01 00:39:10,187.61882547174548,40309.73670083888,35.33170747217942,8.717295960825128,84.27230237156573,59.635593725565386
2026-01-01 00:39:20,187.7135593026867,40203.85510450555,35.40076152482101,8.699136644758774,84.28106554399565,59.596999690954455
2026-01-01 00:39:30,187.74358601981174,40381.48879941736,35.563081804177614,8.67408216840231,84.29582902898672,59.52029457419796
2026-01-01 00:39:40,187.85914808347738,40415.85086880303,35.53165596201673,8.659675957283612,84.269936512494,59.43599365382846
2026-01-01 00:39:50,188.29056590915758,40391.7807950833,35.46538381782895,8.619400311341046,84.35458384927624,59.47441879772092
2026-01-01 00:40:00,188.4013412209973,40478.17044817032,35.38379814591075,8.619497060015295,84.31331219624656,59.40569818288951
2026-01-01 00:40:10,187.75366190769728,40642.43758583974,35.266465261348245,8.59185036914705,84.28313702257427,59.42322893947701
2026-01-01 00:40:20,188.35981288067347,40509.736882220284,35.470792048208146,8.577732777763641,84.29495509958363,59.5531196925069
2026-01-01 00:40:30,192.19016084795985,40643.361310731496,35.361893950602365,8.556850589677188,84.42250458502576,59.486041966418306
2026-01-01 00:40:40,192.43778312157556,40619.747908251746,35.4331413419819,8.56168161191589,84.55983552570491,59.39385014474279
2026-01-01 00:40:50,191.6508231868834,40689.997121531764,35.48740640150024,8.526886258900545,84.51368570629134,59.35361513822287
2026-01-01 00:41:00,192.51951771001728,40593.1539557095,35.28642316892491,8.530322234022698,84.65718545442114,59.31943223996116
2026-01-01 00:41:10,191.88313936404214,40845.97713578222,35.35422243188834,8.5286763851707,84.79219953623624,59.20730346648191
2026-01-01 00:41:20,192.47891738729444,40821.401742847265,35.525093744936804,8.495572767640768,85.05189618888576,59.00113500019021
2026-01-01 00:41:30,192.285113156103,40868.832313623425,35.450118799453314,8.445789531083497,85.20703518215024,59.033219205090084
2026-01-01 00:41:40,191.1950459028168,40980.199734464084,35.607222651410076,8.418719521167612,85.20264265914868,58.964363403343825
2026-01-01 00:41:50,191.15366899723674,40914.59594154167,35.393696106545534,8.420548043607452,85.1794510196233,58.85693783549741
2026-01-01 00:42:00,192.0660731667055,41096.41727670102,35.63564468184709,8.41293473626614,85.29520027867744,58.62485693216494
2026-01-01 00:42:10,192.16781604811987,41049.76253510691,35.387293537671034,8.377680200399771,85.4312986022797,58.57771084022146
2026-01-01 00:42:20,190.91168664318948,41065.67980619071,35.43906285564289,8.411082794368633,85.44047338983364,58.613390400843535
2026-01-01 00:42:30,191.07987794632663,41057.88085970384,35.2752085482184,8.410319165785811,85.41759647264303,58.504157166668854
2026-01-01 00:42:40,191.7116626953864,41157.88226359361,35.66995883953324,8.401106598444864,85.45751699290186,58.57881450980914
2026-01-01 00:42:50,191.32272910178943,41240.5702513571,35.53284839273889,8.405002235955875,85.56526681495147,58.5446210661513
2026-01-01 00:43:00,190.93899203610434,41388.6574621427,35.24494512277712,8.361581436721107,85.60472910000064,58.44574412672835
2026-01-01 00:43:10,190.9883175305407,41426.22866185795,35.41347551737984,8.352797935285032,85.67021919497284,58.481524149057215
2026-01-01 00:43:20,190.98685180227156,41242.63133188479,35.591422115001585,8.373855658211664,85.75946347334533,58.485325738700375
2026-01-01 00:43:30,190.68984449157665,41414.528106898506,35.35979905893441,8.341034111031272,85.83066869411215,58.63411923045039
2026-01-01 00:43:40,191.18422080238832,41660.98111977315,35.13578202957763,8.329189240386539,85.7545994308621,58.55421939919024
2026-01-01 00:43:50,190.53762897078596,41687.375663689345,35.4203786708044,8.312324991193233,85.78088552759742,58.53406264530454
2026-01-01 00:44:00,189.99842411308182,41547.17994557411,35.54771302735929,8.320468690422718,85.80493546093903,58.46385523718249
2026-01-01 00:44:10,190.09347409890708,41714.36766748625,35.59820705261989,8.319368808764853,85.80449265190937,58.41381517519385
2026-01-01 00:44:20,190.00826333230378,41729.92192082002,35.68442610739065,8.316624243289901,85.77957373508892,58.47624897069339
2026-01-01 00:44:30,189.91073830590628,41734.12364959525,35.369793744395686,8.275222879110597,85.818570690977,58.488683141467945
2026-01-01 00:44:40,190.0265476541047,41831.32280668773,35.3781158595093,8.307132604077955,85.6680910064592,58.49781147052122
2026-01-01 00:44:50,189.55391296254635,41889.43484989522,35.47165962995081,8.317680874461924,85.5969037404347,58.527257256120535
2026-01-01 00:45:00,189.0750560023124,41980.67947855347,35.668741472551275,8.339941128332121,85.51350696429799,58.426522084185635
2026-01-01 00:45:10,189.27673546545608,42098.864918470164,35.6157208574569,8.3348081599686,85.41146987362575,58.6363362016179
2026-01-01 00:45:20,189.48925844164802,42070.34687772773,35.6303259182624,8.339910651189856,85.45509986983605,58.62843315909153
2026-01-01 00:45:30,189.0236760451475,42263.467595714224,35.68283183698094,8.344957252457824,85.53860324412878,58.58397197922419
2026-01-01 00:45:40,188.39351469160374,42275.88342009283,35.56755204408289,8.368842713108027,85.49344063008871,58.60721988548287
2026-01-01 00:45:50,188.15391757344136,42257.95463973976,35.58182547123769,8.339105523137883,85.48893873550188,58.69753387594575
2026-01-01 00:46:00,188.04518794606807,42261.31119081778,35.796326352966126,8.336602487702404,85.42645026180985,58.61036474820681
2026-01-01 00:46:10,187.97975285132873,42321.797202798305,35.76997815262334,8.347896259384678,85.32799274136444,58.69169683855547
2026-01-01 00:46:20,187.18895424826576,42399.59068177582,35.75547298276802,8.33774237108856,85.33380523614413,58.700442837916206
2026-01-01 00:46:30,186.82805169649546,42635.720748257736,35.84733297055243,8.338162124990651,85.27913139123976,58.60835751280704
2026-01-01 00:46:40,187.77314521116395,42572.988612748464,35.91501988527,8.380144359933965,85.21473110534055,58.634378708208246
2026-01-01 00:46:50,187.00765692160093,42589.070076482574,35.713816355890906,8.394168655754116,85.16936286453851,58.63184750442198
2026-01-01 00:47:00,186.77898144598691,42563.85768921544,35.959948260975644,8.40561157650062,85.20905618960525,58.625565284585136
2026-01-01 00:47:10,185.81701562485688,42576.575127000826,35.7928898752912,8.433006549992264,85.09926040615746,58.67892191004948
2026-01-01 00:47:20,185.33866306300436,42630.99694442584,35.88632377096267,8.44899909800536,85.06351403108118,58.59295018744896
2026-01-01 00:47:30,185.4491157081589,42679.12893210046,35.96617843892137,8.467157416739711,84.91618109203131,58.65427578094648
2026-01-01 00:47:40,185.24407199449382,42870.927753045704,35.92772211592243,8.492761640693905,84.97655982182253,58.69877746332122
2026-01-01 00:47:50,184.88506264776942,42912.426280714426,36.00658350779242,8.48161700568004,84.90074700592163,58.57615029804351
2026-01-01 00:48:00,184.47669478499066,43021.560535254524,35.96949293385471,8.513196445972792,84.94010607182808,58.61950881913091
2026-01-01 00:48:10,185.16869576790387,43105.46053558946,36.12411690683383,8.537482488028942,84.79450461643235,58.577109236947734
2026-01-01 00:48:20,184.360824389706,42979.56930265732,36.15816587176471,8.541144706877919,84.63108853129879,58.50587941664939
2026-01-01 00:48:30,184.02992059974306,43000.375650742986,36.13733271752463,8.549824473221536,84.5000685111643,58.48060866619541
2026-01-01 00:48:40,184.38068791036798,42980.921839399394,36.25193909832519,8.48952551256992,84.40648034657698,58.69598503534887
2026-01-01 00:48:50,184.21249311202243,43133.778525549824,36.181659064301776,8.498477380166172,84.40429416558288,58.793929571029956
2026-01-01 00:49:00,183.99481096297288,43208.57998416263,36.09403721651475,8.530975554565343,84.45293582640944,58.93040921965473
2026-01-01 00:49:10,183.6476053981255,43381.186769183325,36.30277310725897,8.566409867167287,84.30839026646153,58.892025374633825
2026-01-01 00:49:20,182.9920666242063,43445.43711141981,36.53206727719259,8.575375924479344,84.34533680221834,58.96044853729215
2026-01-01 00:49:30,182.5281304163309,43498.48464807596,36.473264839627895,8.60620126610707,84.20498836202466,59.07147857273848
2026-01-01 00:49:40,181.72826464774582,43378.06543897783,36.30661894300018,8.59991897608626,84.13008858882411,59.159037484938814
2026-01-01 00:49:50,182.207860898286,43349.907470779945,36.22296660532569,8.644206979515058,84.00934115327416,59.20941424180443
2026-01-01 00:50:00,181.83664762298025,43500.7632259667,36.253214082912336,8.677598995381203,83.89750261603847,59.24335926874473
2026-01-01 00:50:10,181.6516619632979,43616.47038101543,36.48746259791138,8.68270464363929,83.88493573713038,59.27198233961688
2026-01-01 00:50:20,181.73698186270144,43728.05472836663,36.56834795888478,8.745705336973003,83.85613016699172,59.144296780173306
2026-01-01 00:50:30,180.69699181685016,43690.360437036754,36.51738501169617,8.758079954100678,83.75769312144331,59.12103232192662
2026-01-01 00:50:40,181.02522946551494,43555.22700889788,36.523156625322414,8.732772959508491,83.67298546834853,59.06464631151803
2026-01-01 00:50:50,181.07722032997532,43722.67732104867,36.70652956148859,8.738762536767739,83.59442845982096,59.20859901475499
2026-01-01 00:51:00,180.17596885690782,43811.306956762615,36.69960885649642,8.729648630721368,83.39389505202266,59.244105544565
2026-01-01 00:51:10,180.51149261244709,43798.26536224481,36.70015611588757,8.692058688530093,83.31103098137025,59.24975458383864
2026-01-01 00:51:20,179.78244005809788,43777.520035327936,36.80192169619136,8.720795383068658,83.23009605684422,59.2771824443753
2026-01-01 00:51:30,180.63028162348405,43785.476210195346,36.50773712459171,8.732664507174503,83.1934629725322,59.37013312045728
2026-01-01 00:51:40,179.60383928707262,43984.64965423524,37.153539241517585,8.757152008590516,83.26522516531742,59.320479992324294
2026-01-01 00:51:50,179.16370640579964,44083.102423044,37.09167209096502,8.778858943141316,83.23289799157695,59.413861791268985
2026-01-01 00:52:00,179.65078543860605,43898.73135218885,37.098264966023635,8.780771355143287,83.07415188604409,59.43632296680756
2026-01-01 00:52:10,179.10061978278,44132.66330509758,36.687458828631996,8.79198714376558,82.98871609459914,59.444872476058514
2026-01-01 00:52:20,178.38882524948022,44009.62207748964,37.10961132234929,8.889455133567358,82.92460779573031,59.63044600815041
2026-01-01 00:52:30,178.26835182967272,44130.16094435264,37.041486451284804,8.885933100945326,82.78320459096656,59.61671949627106
2026-01-01 00:52:40,178.70830333355113,44030.429033529006,36.998752417132856,8.898885270356883,82.74965866769487,59.74553710405418
2026-01-01 00:52:50,177.82988943351017,44080.660782583924,37.43325055992062,8.874452064686594,82.71826562899525,59.8382025244984
2026-01-01 00:53:00,178.38282125575873,44137.0602087278,37.31242857507394,8.860334196273914,82.56750533387803,59.823319145900136
2026-01-01 00:53:10,178.51004817820547,44102.73158634311,37.387193147798655,8.90229699707414,82.50489495000053,59.97830153330319
2026-01-01 00:53:20,177.61166101109603,44353.49884397223,37.33902462241773,8.920772701219533,82.48436925299022,60.069213716115556
2026-01-01 00:53:30,177.81873545973622,44309.08312910371,37.44707391432194,8.943081653410237,82.34619059725334,60.14894601456228
2026-01-01 00:53:40,177.8296128000823,44272.55786436684,37.43070449406357,8.97746340056134,82.26673988792437,60.09177818287041
2026-01-01 00:53:50,177.44841378848824,44268.7463634355,37.57453390459513,9.004241541844284,82.07870650659501,60.18946831999414
2026-01-01 00:54:00,177.57064782983267,44127.004284017654,37.59614744224887,9.012112724121156,82.09421412173467,60.26739637772446
2026-01-01 00:54:10,176.63591366437885,44282.17244533405,37.7854329873212,9.003339171077776,82.08396420406423,60.27781014537584
2026-01-01 00:54:20,176.55110931462812,44251.71259199099,37.68106685592069,9.015861695842277,82.14263252786523,60.38297399346811
2026-01-01 00:54:30,176.82142331463692,44537.3494064081,37.56188900221606,9.029047031010018,82.01261900386098,60.403883449150335
2026-01-01 00:54:40,177.2499313382723,44290.76845253774,37.552685844804756,9.00581767260216,81.92912246139424,60.52031927553604
2026-01-01 00:54:50,176.7787547182033,44420.94239565756,37.8309549106766,9.034323477094912,81.85834486080229,60.47238381132685
2026-01-01 00:55:00,176.40616765298816,44369.15381208046,38.25173022292532,9.068059428821439,81.85222553584457,60.52286065082652
2026-01-01 00:55:10,176.7285354633469,44419.30849938635,37.81630663031958,9.09474135221341,81.82009012987751,60.82933036209007
2026-01-01 00:55:20,176.81364618591195,44327.37215213065,37.91874346582365,9.037762255860727,81.72686330935593,60.742503475810224
2026-01-01 00:55:30,176.15188453639,44292.73388252239,37.99436506109503,9.108786723141094,81.64480624369399,60.67633949743726
2026-01-01 00:55:40,176.54352571712732,44472.17867532419,38.22249610893269,9.1430354779936,81.6025505261039,60.76820682438564
2026-01-01 00:55:50,176.1894075565502,44385.44703432025,38.0972152358425,9.184079814054037,81.5606286597834,60.92226906836759
2026-01-01 00:56:00,176.18552335371587,44386.70448065069,38.194661960221,9.218143205786522,81.55487977722969,60.97968658464085
2026-01-01 00:56:10,175.88066411830863,44389.89051705026,38.28088374768261,9.281207659483329,81.44433414509474,61.017883612575694
2026-01-01 00:56:20,176.30222545972072,44297.50701959636,38.497339571802605,9.294878808956806,81.42959822061329,61.06447285638728
2026-01-01 00:56:30,175.7453231236001,44526.23021234812,38.38373005377944,9.300711693344374,81.35888089059898,61.147042055886864
2026-01-01 00:56:40,176.1777184418776,44447.31973767,38.320201550390784,9.299568880406294,81.29623923036236,61.057543332
2026-01-01 00:56:50,176.19393664176997,44517.53623801494,38.3574537174866,9.25779788046231,81.15781082655022,61.144969869999564
2026-01-01 00:57:00,175.595415210018,44325.326959530365,38.22279564257101,9.282595163489336,81.08250378391183,61.087422010229936
2026-01-01 00:57:10,175.84797996064756,44313.70637912648,38.32422888108683,9.34933955118169,81.04381636823608,60.98193872149997
2026-01-01 00:57:20,176.1154900977589,44211.57413216759,38.71667059911976,9.334212297255434,81.09817856188097,61.016005448667514
2026-01-01 00:57:30,176.0577436959508,44276.910458074446,38.350860605763145,9.346252988412767,81.19980666297802,61.073068009767184
2026-01-01 00:57:40,175.48264564670092,44364.0200848604,38.576982891952035,9.344301025157511,81.1826379813034,61.02864976438897
2026-01-01 00:57:50,176.5018029717839,44346.49633824617,38.82141963794894,9.33468684236803,81.17360762100591,61.00442869343266
2026-01-01 00:58:00,176.08799512561737,44403.97139732,38.80040557630264,9.336720443664323,81.13477326732763,61.05531980555487
2026-01-01 00:58:10,175.6807338880957,44191.25545974869,38.67837903966201,9.322647554556912,81.12189697755647,61.127758025153085
2026-01-01 00:58:20,176.3076533680724,44476.49910541831,39.016269672180194,9.343764221777567,81.04693610562987,61.18649778173742
2026-01-01 00:58:30,176.038763260929,44330.352677044204,38.695087569194264,9.336447554280301,81.14584452650566,61.252229675963896
2026-01-01 00:58:40,176.7418991693505,44267.623604940185,38.87970012659587,9.358138986690486,81.0933776760015,61.23857979020757
2026-01-01 00:58:50,175.52245203216802,44308.94943776354,38.976504950027184,9.381541577768823,81.04019716999316,61.31460848315727
2026-01-01 00:59:00,177.49836948039368,44164.56434487291,38.994544744924504,9.382771010519553,81.0321828111352,61.37871323095095
2026-01-01 00:59:10,176.3091459781177,44055.63822029063,38.95675300183773,9.388439927789596,81.05610970121933,61.457150965347594
2026-01-01 00:59:20,176.65992013273652,44155.94414289948,39.149947395529054,9.338144093592815,81.0882577458132,61.527755803679014
2026-01-01 00:59:30,176.75474460800726,43945.37465747846,39.114821089737525,9.340625239231276,81.08744506584948,61.475048240218264
2026-01-01 00:59:40,177.5121548142937,44046.70653401362,39.18006152711986,9.308282363706775,81.04882042068506,61.563005236463994
2026-01-01 00:59:50,176.64318073080426,44134.77183045766,39.433639667990306,9.30847052893715,81.02658653162835,61.6343042399288
2026-01-01 01:00:00,177.8485829961917,44240.76387161011,39.30855679253314,9.30779065019704,81.18399224272439,61.644513605191264
2026-01-01 01:00:10,178.70447108398915,43998.6591066697,39.30324991467433,9.355364963594285,81.14903605938466,61.55840870888071
2026-01-01 01:00:20,177.53384461757227,43952.76595271706,39.49821271469904,9.353231143277345,81.0179673369569,61.54243389459339
2026-01-01 01:00:30,177.9056095888418,43950.88211141636,39.398067407186076,9.358985847709704,80.87068032230798,61.58479197773393
2026-01-01 01:00:40,178.58189396301722,44091.05702705556,39.33936840535967,9.406382989162978,80.74044231174976,61.60635569085297
2026-01-01 01:00:50,178.63580125900683,43986.419862929906,39.40706393219949,9.386152488178318,80.89505950660661,61.545803259788194
2026-01-01 01:01:00,178.83080372239985,43990.329815716796,39.46822694297517,9.357297494559026,80.88081642144473,61.38983631966339
2026-01-01 01:01:10,178.76246206034557,43807.016927370976,39.61164041291506,9.361399373361422,80.99584254800965,61.371713460250845
2026-01-01 01:01:20,179.02722217133146,43696.51302757322,39.58789590678111,9.350464444584878,81.00043735647748,61.242194949464505
2026-01-01 01:01:30,179.5680080093885,43828.62753410555,39.630810391685515,9.320974471587263,81.18408488874277,61.177890497649685
2026-01-01 01:01:40,179.24014211774335,43704.433073800836,39.68700058251089,9.34638665482245,81.26747150440367,61.352402825589586
2026-01-01 01:01:50,179.66467885905837,43583.75949656286,39.800963882746544,9.37178672381527,81.36124056617028,61.453982524255785
2026-01-01 01:02:00,179.18817813663804,43744.832746965854,39.753953740581984,9.353129327292233,81.44483551446567,61.54802476008954
2026-01-01 01:02:10,179.65621864883641,43725.15565636313,39.559786198681266,9.348272549370433,81.38688163229348,61.51145441969601
2026-01-01 01:02:20,180.40720580237158,43712.60022159146,39.81980893887897,9.333082300761989,81.3236296267724,61.70211129046163
2026-01-01 01:02:30,180.09080999039656,43631.544237969465,39.87447100893172,9.356346813696616,81.3153271759269,61.81046572448248
2026-01-01 01:02:40,180.30930979023174,43475.969935894245,39.840970179466076,9.42547599823526,81.31506491239425,61.749244849356735
2026-01-01 01:02:50,180.55993974010448,43448.27318849999,40.09574941617769,9.39358959769323,81.33244298252204,61.832943465316475
2026-01-01 01:03:00,180.2264272560863,43347.72313577195,39.73134929480763,9.338652256838934,81.28413627991927,61.8270223883404
2026-01-01 01:03:10,181.01415337406073,43226.39222801673,40.04576466989733,9.295788556457394,81.25185480869365,61.79151718137484
2026-01-01 01:03:20,181.76388404052983,43218.844471944634,40.21032960030285,9.352024322765944,81.31751978708246,61.79617723530644
2026-01-01 01:03:30,182.15573278336723,43332.649702663526,40.13999084788586,9.301752078459538,81.36679148147249,61.86591610599387
2026-01-01 01:03:40,182.34722338420613,43257.8022487142,40.0604806574712,9.305448892379834,81.36679805003435,61.92972199354716
2026-01-01 01:03:50,182.59827175845504,43130.221563126135,40.278109833568536,9.326610249026439,81.49088621468762,61.944333444515536
2026-01-01 01:04:00,181.67347861714632,43103.81854583213,40.0929218486703,9.292996473425523,81.58788612854416,61.92552244367408
2026-01-01 01:04:10,183.43917289117582,43137.73406758453,40.27178041655101,9.234665171339214,81.73587502177877,61.907209418590554
2026-01-01 01:04:20,182.99072582883826,43099.32398450411,40.18154990565183,9.234155076996537,81.70631397726811,61.79657309419238
2026-01-01 01:04:30,183.06384523852,43100.44571980365,40.20238970852962,9.237686593198953,81.80688502147213,61.74054133272694
2026-01-01 01:04:40,183.13404789760645,42955.042220860516,40.16984313103164,9.196497737972802,81.84111812278877,61.77611451854884
2026-01-01 01:04:50,183.8208206187957,42702.17268361347,40.47783502993979,9.1990665889105,81.96604813197003,61.60514677967725
2026-01-01 01:05:00,183.58507224333536,42786.48963828775,40.3787399910056,9.225674310158295,81.9795150500294,61.52917893233468
2026-01-01 01:05:10,183.79603699673197,44573.10685277614,40.26579900809983,9.236365430473978,82.2152481499969,61.53470549387456
2026-01-01 01:05:20,183.98668897130548,44543.862920592335,40.3861970495415,9.176687024721552,82.21315097425736,61.51974661892532
2026-01-01 01:05:30,184.55779134877773,44463.987157074924,40.360885390889216,9.175895921973282,82.26807033008104,61.61068724277886
2026-01-01 01:05:40,185.3655782685239,44477.34009137656,40.448964458967225,9.159174510862002,82.20417012532015,61.64621753741529
2026-01-01 01:05:50,185.47463418160325,44220.29691066158,40.261671076846135,9.159877985541826,82.36951142801615,61.573751254842996
2026-01-01 01:06:00,186.25787402791283,44287.6334386096,40.31770193186314,9.16011372517252,82.53976225589214,61.4810469496137
2026-01-01 01:06:10,186.36083129840478,44266.52821363281,40.60862553738501,9.159553882773109,82.49387061240479,61.39347828039064
2026-01-01 01:06:20,186.11772251014236,44269.78525468563,40.587033204272295,9.143623968294715,82.60141220832558,61.315565625068714
2026-01-01 01:06:30,186.4879721500498,44342.16356590167,40.67600106393883,9.123655181506695,82.75492143633761,61.2363836032992
2026-01-01 01:06:40,186.82541392018626,44102.91986465631,40.62627310195782,9.155852429785034,82.84096837551267,61.17694495099135
2026-01-01 01:06:50,186.95884965352184,43974.258182823854,40.44293341974877,9.145976943716851,82.94026472079528,61.262357260580316
2026-01-01 01:07:00,187.66807509219,44090.468464030826,40.54567193802806,9.131099518848147,83.11057850316465,61.16238535359255
2026-01-01 01:07:10,187.4727023323641,43820.402618304026,40.68184441264037,9.15133236872667,83.22168321111097,61.21261204076571
2026-01-01 01:07:20,187.67466824618054,43924.93779753434,40.505700906827165,9.132153889865409,83.29603917553557,61.113510368522384
2026-01-01 01:07:30,187.6967184597653,43744.47657567502,40.37528853367124,9.084778031818782,83.24780266952563,61.111062704547464
2026-01-01 01:07:40,187.56031186489912,43558.27049610834,40.29983664555468,9.09198041836224,83.39740441898121,61.10853918293445
2026-01-01 01:07:50,188.82444885345774,43853.91815314513,40.51050743270326,9.116435360869282,83.48939403666316,61.16259052782307
2026-01-01 01:08:00,189.2086274999959,43617.77731685726,40.42605727168249,9.13419303030372,83.48442421342072,61.28268463443432
2026-01-01 01:08:10,189.18990539569972,43593.12005854594,40.65183264842806,9.139912238125097,83.52663260572275,61.32837541893806
2026-01-01 01:08:20,189.3280598562028,43435.08743260794,40.680715384063866,9.15431585784174,83.58060287726025,61.301050356995376
2026-01-01 01:08:30,189.56037057190633,43474.32769125178,40.702875712915734,9.151057614249108,83.7383395638555,61.332440527812494
2026-01-01 01:08:40,188.8809507429728,43427.94909361327,40.79181474869413,9.106494945812795,83.81440689303277,61.26646372777393
2026-01-01 01:08:50,189.83909431448268,43451.94517823169,40.69232638547273,9.112204767523593,83.78330416454017,61.319235292065315
2026-01-01 01:09:00,189.5330997040518,43440.99630082463,40.62252889192619,9.079835402526914,83.88740108405437,61.30002869545129
2026-01-01 01:09:10,190.32310308552948,43258.56555138111,40.588356504225835,9.091975975836739,84.033673748129,61.21889929371449
2026-01-01 01:09:20,189.8912636169056,43189.41217992672,40.61578982959776,9.078723087226297,84.07273342095469,61.17155543201313
2026-01-01 01:09:30,189.8474620472394,43224.09108168693,40.66997602104247,9.054793461512519,84.13257150074143,61.17713263612013
2026-01-01 01:09:40,190.44740882558048,42971.30671717931,40.86878177921895,9.023786005020186,84.25944341970197,61.16612670232702
2026-01-01 01:09:50,190.9096635391396,43034.07341040041,40.55019776153812,8.986397354407105,84.21153705516639,61.16172462411933
2026-01-01 01:10:00,190.51401465841028,42923.74531040353,40.58258072238511,8.976440288489686,84.16054769938651,61.159727360175715
2026-01-01 01:10:10,190.64915678359515,42922.30856053748,40.472023338441765,8.967492296544394,84.13385129272143,61.192713252859946
2026-01-01 01:10:20,190.81184166578703,43051.158456760735,40.703108247774075,8.954676339223777,84.26796748810088,61.27745351367831
2026-01-01 01:10:30,191.47278249526696,42841.02370569743,40.55450629060526,8.933210592999352,84.44259220348985,61.24673824862049
2026-01-01 01:10:40,191.25458308847627,42563.869820270644,40.38172216298837,8.954337972600776,84.49891109797184,61.408209278883874
2026-01-01 01:10:50,191.8791329948728,42888.0741513887,40.442893683392256,8.933640261667541,84.51714393805824,61.38633730540829
2026-01-01 01:11:00,191.15167345968615,42653.17295278925,40.57438300398781,8.915440092389362,84.63444884413249,61.37143091772304
2026-01-01 01:11:10,191.05909984225408,42717.87042433047,40.52802575189107,8.937768805771388,84.73638165227304,61.30374530632281
2026-01-01 01:11:20,191.56396973221817,42734.087232740036,40.63056637604351,8.937081912502023,84.87420854150636,61.328906966879444
2026-01-01 01:11:30,191.90120043471035,42665.506797158916,40.58799304438009,8.945876970219235,84.9897007320517,61.32310154733402
2026-01-01 01:11:40,191.66449053939328,42448.317852978624,40.58074600197106,8.91465384060163,85.01364639543769,61.226004308391424
2026-01-01 01:11:50,192.71380012275668,42417.41266342627,40.571782998500126,8.941138069980688,85.06957327774049,61.08198240739625
2026-01-01 01:12:00,191.97525108013923,42407.55664218014,40.33440564201477,8.912338485308034,85.06360322120614,61.17868965116343
2026-01-01 01:12:10,191.629584210747,42371.16049829934,40.38233025378697,8.937757190419664,85.14578853197834,61.133349681370085
2026-01-01 01:12:20,191.86834997621105,42277.524374804634,40.343135677668336,8.959411049677607,85.11125526951952,61.09367411086429
2026-01-01 01:12:30,192.3553202980939,42377.57169899174,40.3995626475147,8.929992914892546,85.13194368840678,60.956530269648766
2026-01-01 01:12:40,191.49611086407504,42220.61905165414,40.508842271593586,8.94783242589981,85.18271396526198,61.1400803826094
2026-01-01 01:12:50,192.39028614689147,42237.257414948,40.52453685768984,8.930276461705573,85.16971875535309,61.09215998857872
2026-01-01 01:13:00,191.82750697957403,42095.35126517065,40.396059115094275,8.949566999842263,85.24571975225015,61.092593306027446
2026-01-01 01:13:10,192.64087952229804,42215.079172949285,40.575455655272606,8.94921198145874,85.19350125050352,60.97046831723471
2026-01-01 01:13:20,192.05962279818462,41966.22539269507,40.22205262191947,8.933463205840138,85.17488004904729,61.07623992575875
2026-01-01 01:13:30,191.8542345300035,42014.645599640455,40.30367951509002,8.960578325377384,85.27432565234288,61.02042401410644
2026-01-01 01:13:40,191.96212910005383,41890.75261872373,40.44651666858508,8.961902595372257,85.18862628789837,60.955779582457694
2026-01-01 01:13:50,192.0250703833439,42067.675541596174,40.116814275221024,8.96469359211453,85.26167366306969,60.963656895416904
2026-01-01 01:14:00,191.21215476017807,41980.11138565793,40.33293038832046,8.949274699440627,85.36050566018929,60.94044038892348
2026-01-01 01:14:10,191.5629328920876,41882.31255978623,40.18539740894755,8.97806876971061,85.29175219894094,60.814384204675704
2026-01-01 01:14:20,191.94248516226045,41989.66528086541,40.08328376186837,8.997751505196932,85.29885009735732,60.76517133206497
2026-01-01 01:14:30,191.34032165866878,41879.43720463588,40.38964097682748,8.966557164744076,85.4051440405048,60.68720843484256
2026-01-01 01:14:40,191.9188367635378,41872.34613609959,40.139596190541056,8.971471091252603,85.38062356521,60.80376515983775
2026-01-01 01:14:50,191.60704291551,41879.62573596309,40.13176211618634,8.9607816812662,85.33010061850827,60.79312506800576
2026-01-01 01:15:00,191.06849217106287,41905.20513705118,40.07616770237737,8.962166515409828,85.29197842885819,60.90603631812318
2026-01-01 01:15:10,190.8778522638386,41688.12880699249,40.13682770376147,8.92415777693477,85.27249594716004,61.02110900617118
2026-01-01 01:15:20,191.13786103422575,41643.00331630261,39.86208754863092,8.916754203787121,85.20251162950571,60.978154136164534
2026-01-01 01:15:30,190.66767121884476,41767.00015330805,40.23625536363382,8.87995397363319,85.22368149392598,61.05743672070531
2026-01-01 01:15:40,190.88144427955183,41683.26855370165,40.0788861717865,8.886301841990726,85.30517774368145,60.95013635429757
2026-01-01 01:15:50,190.78847049590914,41587.987192432345,39.78014449992952,8.877632497619674,85.28608652141098,60.79539153318565
2026-01-01 01:16:00,190.55724078482626,41592.53976650149,39.756929157111415,8.8855010662069,85.32384800963996,60.739669527404274
2026-01-01 01:16:10,189.815985348517,41735.838644498755,39.98744117288329,8.880932637222838,85.24987592734199,60.705910472633995
2026-01-01 01:16:20,190.46595379214418,41796.94201307071,40.07684749693608,8.857999415194111,85.27760509909625,60.680831599675535
2026-01-01 01:16:30,189.8206738056786,41527.82846058493,39.5915240581092,8.850532873035302,85.23071253279794,60.75861989855922
2026-01-01 01:16:40,190.04318221196704,41722.65484136345,39.75080021368118,8.845982815052643,85.16302469545649,60.87330956064248
2026-01-01 01:16:50,189.78515127370432,41330.202715991065,39.65278151313225,8.868544569484383,85.27981875283908,60.88987275416083
2026-01-01 01:17:00,189.88835218745498,41433.25343583615,39.540129682873754,8.877831234796025,85.25812350443506,60.821864380846236
2026-01-01 01:17:10,189.24748083999268,41578.41238717075,39.34799563113452,8.892980030152723,85.14813710261461,60.94919093243031
2026-01-01 01:17:20,189.23896026464502,41493.56037053964,39.81786470148489,8.86725578084102,85.05540720660696,60.863796458738015
2026-01-01 01:17:30,189.38251292663793,41510.419599815,39.350434900137,8.859756424783702,84.96142744409002,60.8798256894487
2026-01-01 01:17:40,189.63237510500966,41444.06708200295,39.47138675611474,8.85607567831917,84.97243127634468,60.92563503564501
2026-01-01 01:17:50,189.28147212980966,41393.95458136173,39.44386542844782,8.866634381174224,84.94748842566516,60.89593220788207
2026-01-01 01:18:00,189.18380127137712,41271.85016087991,39.32130089889403,8.892654965065317,84.77192089494717,60.9803989654693
2026-01-01 01:18:10,187.86979980875114,41509.345384453154,39.30600049400189,8.910269196764853,84.77842470719737,61.00809180968879
2026-01-01 01:18:20,187.7842465713827,41319.31155734372,39.4261739257706,8.935302479140498,84.80530161631582,60.91168661450287
2026-01-01 01:18:30,187.95327793588646,41315.777895369356,39.278436109170855,8.920833730013726,84.83640782443304,60.83526525824519
2026-01-01 01:18:40,187.90129045442194,41499.11883487681,39.41356888117759,8.884600660693575,84.83578760886252,60.866281108394084
2026-01-01 01:18:50,187.42501245946463,41428.23854056445,39.37121151298214,8.885861659043268,84.76020898103693,60.85345783379363
2026-01-01 01:19:00,186.75566057214033,41463.32617314383,39.122136918839196,8.88737627421782,84.545611397211,60.840453590252984
2026-01-01 01:19:10,186.91846554054388,41440.445724881116,39.275585229143736,8.888594689652344,84.4867316867379,60.91370522768507
2026-01-01 01:19:20,186.59471309795498,41389.319981440756,39.13810315423154,8.869198060204537,84.35709763912548,60.899507925683096
2026-01-01 01:19:30,185.96378204287024,41514.851936896855,38.97182778224172,8.874073886354399,84.2518972777626,60.903834040446704
2026-01-01 01:19:40,186.12223271576374,41487.41993579284,38.94487509610879,8.892922055195454,84.19500061533297,60.91681345755437
2026-01-01 01:19:50,185.62033190171616,41498.90031111622,39.22358090969934,8.898131004761396,84.04216389565276,60.97453173301967
2026-01-01 01:20:00,185.7072440262124,41431.64582258981,39.039794019533105,8.917890342910985,83.98219285515795,60.99862810197039
2026-01-01 01:20:10,185.30612284044446,41458.9414232219,38.94837487185043,8.933960457582433,84.01256865924928,60.91743080058229
2026-01-01 01:20:20,184.61686900605332,41524.35241920895,38.764088606564634,8.95649068322063,84.00140553575685,61.02576063471706
2026-01-01 01:20:30,184.97953423001593,41457.41145465979,38.81429555334089,8.950886018794954,83.86986397466073,61.08561824864751
2026-01-01 01:20:40,185.0827522556776,41403.84696896521,38.95716860229327,8.93917106459345,83.86495191311217,61.04398846254946
2026-01-01 01:20:50,184.34606439336306,41407.389732971664,38.74463783011501,8.965945585991127,83.8716213218223,60.9580660463584
2026-01-01 01:21:00,184.59718771847304,41566.58801638173,38.7946574009514,8.976668678316956,83.7337295106996,60.91911924140173
2026-01-01 01:21:10,184.35680928905293,41606.60972576708,38.59418516563018,8.955900824911723,83.73166227894562,60.97081246697229
2026-01-01 01:21:20,183.43579615250795,41572.20700284967,38.64730030557215,8.923413600332365,83.80721769657502,61.089123572934724
2026-01-01 01:21:30,183.61211026024344,41471.75007958304,38.57150285569807,8.952238338333041,83.75527580129639,61.13632408350577
2026-01-01 01:21:40,183.55440047490308,41660.21969199117,38.33950963822787,8.954840230344894,83.77715347826695,61.081498838435024
2026-01-01 01:21:50,182.92702814394974,41781.25058334618,38.17162243972698,8.961977310441993,83.64540808194656,60.98090633108938
2026-01-01 01:22:00,183.25503715352286,41610.60607346256,38.406071099875184,8.962285240198339,83.69806121157424,60.80856050097334
2026-01-01 01:22:10,182.34071035666616,41723.598620086545,38.479740373550484,8.946576885985941,83.59491405336628,61.00641604379791
2026-01-01 01:22:20,182.05191292407056,41644.93145748612,38.16935922688446,8.962613171934754,83.5247344303086,60.91372483488883
2026-01-01 01:22:30,182.15213128603952,41707.1452148518,38.25857208349566,8.986238991806946,83.36946568193252,60.989924427335126
2026-01-01 01:22:40,181.97947137012108,41587.992112341766,38.03276912012301,8.984805543681142,83.35042097172126,60.74827599217601
2026-01-01 01:22:50,181.89153795955008,41760.58457283739,38.135512074641426,9.007194858773826,83.40183584080359,60.77276302691258
2026-01-01 01:23:00,181.39157336929856,41705.70282271264,38.261408511538974,9.017556936105045,83.19615470663764,60.93891960703178
2026-01-01 01:23:10,181.0153640257437,41774.6555765946,37.89851706289077,9.03466179239315,83.15526567854549,60.91658789553101
2026-01-01 01:23:20,180.5913748588997,41861.2855943616,38.03042573379547,9.04183458691535,83.10302413262616,60.88767331413466
2026-01-01 01:23:30,180.17828604115965,41959.899265878106,37.91028609151478,9.06146788353467,83.05529668932033,60.880805173259745
2026-01-01 01:23:40,180.27056207238542,41937.020841695725,37.892120006000354,9.091142390896879,82.9710130982212,60.896191710546184
2026-01-01 01:23:50,180.04382385887538,41985.73895180415,40.157577856642014,9.085009098142548,82.93103910472178,60.66899001193751
2026-01-01 01:24:00,179.442584936981,42003.191682400924,39.92687983516646,9.111787637231796,82.91677133194453,60.665667437918664
2026-01-01 01:24:10,179.45931017719053,41982.91692721547,39.90237642334539,9.103636121209055,82.74719226963133,60.81124638788756
2026-01-01 01:24:20,178.87945124767302,42046.283276393115,39.68873840834633,9.130769732992913,82.69219364745305,60.88148787362507
2026-01-01 01:24:30,178.71287270567984,41940.21479659154,39.943303434540624,9.161466852368816,82.46142274158716,61.09301448275045
2026-01-01 01:24:40,178.68582641998074,42084.40216936853,39.77916783709165,9.233810531181877,82.31606101828564,61.12784947190588
2026-01-01 01:24:50,178.36796331263622,42261.35611350838,39.54840609730001,9.241917702084965,82.21549787433688,61.22811052965828
2026-01-01 01:25:00,178.59332939231388,42188.968604873146,39.74043579627482,9.243742887366668,82.10226470286432,61.2404206578286
2026-01-01 01:25:10,177.446360749578,42238.55637565338,39.64131642706292,9.268105630803428,81.95610450294352,61.39901535959292
2026-01-01 01:25:20,178.46459643741096,42490.44924849759,39.53578138178229,9.250336284590759,82.0607780219826,61.55175447097145
2026-01-01 01:25:30,177.48302367037897,42387.51678986152,39.413506997383664,9.296291919505224,81.94472210852051,61.677798456810486
2026-01-01 01:25:40,177.62432582471453,42513.6802695732,39.282634375453476,9.307204184785622,81.86176084894447,61.63763869811834
2026-01-01 01:25:50,178.16533151412045,42472.49761885485,39.26885516124769,9.341986213870477,81.61801238907506,61.7362070524299
2026-01-01 01:26:00,177.828297213546,42579.73429438823,39.32595401137633,9.354511553141132,81.46691353910775,61.765376504914464
2026-01-01 01:26:10,177.41491624610907,42401.89618119114,39.48210360957126,9.307441697789843,81.4258130867265,61.97645324044714
2026-01-01 01:26:20,177.5865562575796,42667.12819103854,39.37277874902472,9.277167410501361,81.44343049559208,61.88121477011775
2026-01-01 01:26:30,177.65267477980817,42653.09992295506,39.170182730127294,9.284302957064435,81.3258538969221,61.859104499454844
2026-01-01 01:26:40,177.46726857805635,42570.38028478982,39.283422100120774,9.308865628160154,81.17432454437412,61.957859931311376
2026-01-01 01:26:50,177.42242831451404,42760.62446392114,39.18750920987566,9.307908137581698,81.18956717734024,61.91309115105196
2026-01-01 01:27:00,177.06497061757005,42849.19498264209,39.1144920968094,9.31160111668698,81.2470175068282,61.905113935795946
2026-01-01 01:27:10,176.47579632040157,42877.6606935269,39.10708722788996,9.32307944370208,81.34563728011223,61.9887616664728
2026-01-01 01:27:20,177.25467596603676,42845.67904854721,39.02535697362537,9.35464656071001,81.37740762535788,61.98452357934605
2026-01-01 01:27:30,175.80789258366585,42904.687675241716,39.16074469773378,9.351847988235736,81.3826367166774,61.90000846334048
2026-01-01 01:27:40,176.59444978427413,42961.89365845179,38.94036451457018,9.387253581861724,81.28968161284523,61.818226693969855
2026-01-01 01:27:50,175.7036289727898,43059.01510817763,39.03052960984122,9.395426417894807,81.31573206844944,61.73742733532648
2026-01-01 01:28:00,175.47244412623292,43146.85871613632,38.83375542717228,9.41849510698994,81.35130072637357,61.812108761144785
2026-01-01 01:28:10,176.68279790811292,43079.08956151964,38.887621676850735,9.42257002569203,81.32709503450884,61.954575700710734
2026-01-01 01:28:20,176.0805569942985,43244.76984651236,38.58098778829662,9.433713906852853,81.20375643034109,62.01384633521792
2026-01-01 01:28:30,176.07540796197983,43343.108791169936,38.94144344635047,9.433207395041206,81.12251803343857,61.88594846433615
2026-01-01 01:28:40,175.9166519468074,43222.781286167236,38.756116842683014,9.462081155942915,81.06836242796655,61.926626546981424
2026-01-01 01:28:50,176.52177930218318,43408.40541259968,38.6360732874555,9.461556887252543,80.9770461768737,61.90513141015681
2026-01-01 01:29:00,175.91325598802007,43675.372974814025,38.873146764802925,9.497715980838525,80.93433868938504,61.79256855881071
2026-01-01 01:29:10,175.81872052815737,43502.660545573424,38.66814980108782,9.474959123794605,80.96733982627518,61.83061320245478
2026-01-01 01:29:20,176.8372360621768,43520.83902773734,38.55171797750559,9.459798851629923,81.06719813275025,61.71465822402957
2026-01-01 01:29:30,176.3790989133549,43643.79862814379,38.70371742500688,9.476480905510682,81.05039562052885,61.77521251057872
2026-01-01 01:29:40,175.7374237668302,43606.57673596518,38.3086526356015,9.456632783736767,81.06805086241111,61.79273074152884
2026-01-01 01:29:50,176.47457587718043,43608.306865431194,38.514291584802855,9.454130215356647,80.80284651067217,61.67970387361876
2026-01-01 01:30:00,175.3418196711915,43859.89048286695,38.53356576209521,9.42061134515024,80.7642959102155,61.816512074608376
2026-01-01 01:30:10,176.5914215991403,43959.4894822848,38.324262817104945,9.451301192631572,80.83995440235901,61.65216671934247
2026-01-01 01:30:20,176.35119595612335,43903.0055524235,38.365943845869715,9.459759256345263,80.77186834788783,61.73786366191657
2026-01-01 01:30:30,176.8968205931026,43945.08858057659,38.31923885745308,9.480778730762308,80.7382385918885,61.60233738221819
2026-01-01 01:30:40,175.70789667661265,44128.64232037754,38.35072124076548,9.463202110677939,80.70697728906514,61.60180270919224
2026-01-01 01:30:50,176.26295244789097,43998.969885280356,38.19409286142456,9.426973039671298,80.70702747630816,61.49680649792826
2026-01-01 01:31:00,176.6849657298808,44051.5264887077,38.1535568967511,9.445908653982578,80.742799738145,61.49090707372349
2026-01-01 01:31:10,176.6311270761225,44132.135495584305,38.28146322859822,9.438529580656848,80.82817378265581,61.40066357419357
2026-01-01 01:31:20,176.71811545826463,43962.46310783886,38.1576451797652,9.418053348460592,80.7229479332772,61.39712212433989
2026-01-01 01:31:30,177.17624882267313,44167.62657402404,38.08846312365864,9.379299584582691,80.86323207713427,61.3559507760502
2026-01-01 01:31:40,176.59822597630384,44414.10799207391,37.860561237376366,9.404013531187571,80.93950219782334,61.311128493214916
2026-01-01 01:31:50,176.76717907760457,44159.390000243744,37.82127340257725,9.425076068827085,80.77299110671274,61.43250183244758
2026-01-01 01:32:00,177.01451978468734,44366.64241336694,38.2359253514494,9.448390198094597,80.712993602124,61.37132671869442
2026-01-01 01:32:10,176.77861794144906,44529.33127135281,38.10077304352008,9.407747265599145,80.78605699257156,61.277386904743466
2026-01-01 01:32:20,177.07171111580124,44471.57502299127,37.92458691307421,9.38492989028274,80.82935627618245,61.1929932735384
2026-01-01 01:32:30,177.6329231487223,44563.20098776609,38.20428073313442,9.386323133091608,80.95422066943016,61.19561998730898
2026-01-01 01:32:40,177.61392798816755,44726.18985482001,38.02756692310836,9.388044991474919,80.84697053250386,60.96637630308364
2026-01-01 01:32:50,177.83298555213534,44884.13022567683,38.118238486781415,9.36051932657151,80.9548698007383,60.86742431402705
2026-01-01 01:33:00,178.11252557743978,44814.562656231195,37.706968713630275,9.34272483104764,81.01443708765294,60.961851988369595
2026-01-01 01:33:10,178.02375044942974,44872.99790700302,37.873763657445316,9.334649032003572,81.03363523733348,60.853504749201264
2026-01-01 01:33:20,178.34567158478666,45005.23591192124,37.92406096243887,9.271685367860199,81.0001202120302,60.78526890460366
2026-01-01 01:33:30,178.29271818025506,44947.96269624506,38.03359004177044,9.266017987595598,81.10264200515154,60.73593065220499
2026-01-01 01:33:40,178.9824529052697,45027.726780351484,37.77198287653352,9.236041894697268,81.1187173472665,60.81287243558199
2026-01-01 01:33:50,178.59448429482939,44896.15463947023,37.90379118212619,9.21708742485039,81.26365369524349,60.72472547772489
2026-01-01 01:34:00,179.4472982447482,45070.21586536024,37.81547010905983,9.250338358069637,81.19329282122375,60.63848556435954
2026-01-01 01:34:10,179.09168706121577,45175.68123540047,37.909021825013,9.25558512498419,81.13815007850984,60.54047753868572
2026-01-01 01:34:20,179.24655279238672,45305.47668583333,37.79514687972532,9.209772269286088,81.25644721672042,60.57824063920144
2026-01-01 01:34:30,179.93414619812395,45213.95272763773,37.778243469076536,9.209733754163445,81.36252669248415,60.58903353103184
2026-01-01 01:34:40,179.94221264138045,45123.676192319916,37.65696038682827,9.187484157295707,81.38863526045763,60.62048491226428
2026-01-01 01:34:50,180.03401815559377,45183.185051714056,37.76325698659833,9.186531869044344,81.4112228151411,60.665006479362525
2026-01-01 01:35:00,179.84637007428455,45396.12834080833,37.78772361783612,9.183399399795325,81.56603127397871,60.618640418711216
2026-01-01 01:35:10,180.86390649611823,45439.34204479901,37.63349994498438,9.200420728652084,81.63668562732384,60.78442359894008
2026-01-01 01:35:20,180.79830118604926,45401.82972684201,37.64113771606717,9.155875864772549,81.80884876784677,60.641291432132974
2026-01-01 01:35:30,181.75753712155424,45407.13233747864,37.53487603484195,9.150137638641748,81.7873250929059,60.54628185069959
2026-01-01 01:35:40,182.21755566522023,45320.01314169252,37.413516284246086,9.171332753310486,81.9289604872547,60.623255272777016
2026-01-01 01:35:50,181.1537764576479,45513.76293291236,37.51060676716833,9.126569349708406,82.00512267260649,60.64220058758427
2026-01-01 01:36:00,181.7964558800808,45517.840803244624,37.45512601412845,9.087671110550614,81.96431641335163,60.60366036279087
2026-01-01 01:36:10,182.40686545177982,45487.53047278791,37.61318689925787,9.033748960019059,82.07497654638442,60.41505278725665
2026-01-01 01:36:20,182.3577816762984,45568.26378381586,37.50513070508029,9.004560689089645,82.28266865895831,60.17321850564125
2026-01-01 01:36:30,182.39660556812473,45661.223286309854,37.613518576355716,8.964692940345119,82.32957205962781,60.090056181876626
2026-01-01 01:36:40,181.9727253770945,45824.349773980466,37.537340768060716,8.94908620898142,82.44098620379054,60.05500164362883
2026-01-01 01:36:50,176.55410057856912,45761.52580581368,37.433820732022674,8.92634353812112,82.49046590182589,60.019526339571875
2026-01-01 01:37:00,177.13265672437853,45805.2562113584,37.61901706778082,8.927837781638024,82.50982815870998,59.977999973632734
2026-01-01 01:37:10,177.3229151697806,45840.01504866558,37.976070382589214,8.888272184684821,82.48781687675083,60.08526694744397
2026-01-01 01:37:20,178.2473198090638,45848.84441282579,37.4038967386599,8.89388848750486,82.48108391255005,60.1341597959089
2026-01-01 01:37:30,178.61732710284733,45833.83230023631,37.49653139820169,8.9031678360045,82.31559278677172,60.09904121560359
2026-01-01 01:37:40,178.33979214617693,46057.9209600181,37.43697197188526,8.962103328858214,82.15251779588087,60.174738466205206
2026-01-01 01:37:50,178.97923176116566,45929.1080942324,37.352121632236326,8.96502573785564,82.05129669143318,60.22811064430692
2026-01-01 01:38:00,178.33527366856703,45807.148021635796,37.54111382334946,8.993265894413257,81.99546563781723,60.33915408354546
2026-01-01 01:38:10,179.5687519312371,45972.08951351236,37.58185287176159,8.99449936655697,81.98222740677457,60.21975675777867
2026-01-01 01:38:20,179.723203006675,46044.67469114021,37.6282615271314,9.012000201810897,82.05858877975622,60.27289042286274
2026-01-01 01:38:30,179.97660513633153,46134.362903926,37.68883047592932,9.030798680886663,82.12527498387938,60.220533598463575
2026-01-01 01:38:40,180.0254828927085,46081.478879661314,37.80214455308471,9.054702250141998,81.96952845781833,60.113951924707735
2026-01-01 01:38:50,179.75951041270707,46010.84417890375,37.88372287122656,9.037556929558876,82.07214708008405,60.04886564353172
2026-01-01 01:39:00,180.6389798615147,46221.0320749512,37.9610566911214,9.024780957955217,82.06243961609542,59.880489551570115
2026-01-01 01:39:10,180.59029583466986,46196.963897567555,37.64752167400209,8.961395158591731,81.98107322175858,59.93560069477632
2026-01-01 01:39:20,180.74081646020923,46105.971813085634,37.76391952657024,8.94184549698136,81.96312261955526,59.90413675374211
2026-01-01 01:39:30,180.90503784268284,46094.46138580444,37.62798857905998,8.911405363595835,81.97043695361089,59.90686958755133
2026-01-01 01:39:40,181.56599440845025,46164.80419331445,37.62804710053036,8.867024449002367,81.94987451023485,59.925501564814994
2026-01-01 01:39:50,181.25889841716392,46229.00338600923,37.68692864639062,8.868670956615707,82.06144895460066,59.896038502777685
2026-01-01 01:40:00,181.55609066355674,45958.316343797815,37.84092471168857,8.889996173848672,82.04359341944536,59.98512100868309
2026-01-01 01:40:10,182.4648413029909,46228.70774781222,37.55525425480075,8.904201424880048,82.16938013554326,60.02201298966803
2026-01-01 01:40:20,182.02556814166917,46189.150313240505,37.78760783451267,8.938642824980265,82.22729166191792,59.93034962084237
2026-01-01 01:40:30,182.36107741936922,46188.56074248676,37.68160720057389,8.896026914462164,82.35888002011116,59.96684777546845
2026-01-01 01:40:40,182.39626961060154,46085.88710079984,37.72931061076835,8.893387999650189,82.3259995785112,59.95593673081385
2026-01-01 01:40:50,183.43281326526787,46212.84693570888,37.608162119367485,8.825994136388083,82.4771873932391,59.83477683348996
2026-01-01 01:41:00,182.4964020387255,46239.96323612632,37.72996658589523,8.774335646974697,82.59113590085875,59.77565641846867
2026-01-01 01:41:10,183.011901889548,46259.771349115304,37.85587154915467,8.789973142918427,82.5982787459048,59.77306486382623
2026-01-01 01:41:20,183.25999946935326,46119.674380438664,37.83160147498481,8.766156889426734,82.5759908641878,59.72550528095979
2026-01-01 01:41:30,183.2759627485537,46159.63647855035,37.87540126600186,8.749811099987099,82.78955043876145,59.80854518026913
2026-01-01 01:41:40,184.0934666650466,46170.4732353716,38.068976472066375,8.75643430987254,82.8494201846887,59.750482034996274
2026-01-01 01:41:50,184.0108521007774,46112.0336802587,38.03851385435059,8.751185958276501,82.9792239924888,59.62481574446923
2026-01-01 01:42:00,184.16006014421535,46299.39150797163,37.93725654343065,8.737727317704307,83.03764711629687,59.65126785263422
2026-01-01 01:42:10,184.82111395195935,46207.105130659445,37.917925095179065,8.685875629644801,83.13167396147134,59.58488813072566
2026-01-01 01:42:20,184.21985548468268,45927.41516075934,38.01282351557982,8.691434564064497,83.1680338033278,59.685081768675396
2026-01-01 01:42:30,184.96147927177554,46080.12783489415,38.280092689862926,8.682223315757287,83.20434257270765,59.65307015546385
2026-01-01 01:42:40,185.01074651245278,46107.826288552824,38.03577330805092,8.700059664877873,83.35621277425254,59.59437557239041
2026-01-01 01:42:50,184.67337489202708,46054.03453856751,38.36823529930936,8.698495143104752,83.44597334799147,59.65912540097043
2026-01-01 01:43:00,185.18970036858929,46314.928180775285,37.99277840708491,8.687793908321186,83.41158797757548,59.64832765889066
2026-01-01 01:43:10,184.84958358380104,45908.20930015824,38.29382151774052,8.707679574634826,83.45618318292361,59.675467239250864
2026-01-01 01:43:20,185.21764414775495,46246.46982558563,38.0994048107118,8.729212937672076,83.64629959239464,59.65297179824533
2026-01-01 01:43:30,185.14514698006278,46128.79100975295,38.17113726153713,8.754483670488126,83.70185357014037,59.63609691217173
2026-01-01 01:43:40,185.84701900598733,45994.28542980583,38.20765270111802,8.783648150743314,83.74026591394231,59.58200556749234
2026-01-01 01:43:50,185.74085216308072,45857.85245476778,38.15196248100452,8.777799682086325,83.6036439732558,59.70327888589284
2026-01-01 01:44:00,185.53536644221904,46015.934561149574,38.40965529823353,8.80748256211708,83.71960501428521,59.57031628098946
2026-01-01 01:44:10,185.9506894972134,46045.794541066294,38.29715401911072,8.78407428437882,83.72530961377508,59.4876088985746
2026-01-01 01:44:20,185.14718125325663,45908.016336803776,38.262013473252885,8.763216158949295,83.71443426398656,59.541367224696046
2026-01-01 01:44:30,185.5368111085976,46024.05318453332,38.38856447347306,8.78110468387751,83.80455221026416,59.59815776474534
2026-01-01 01:44:40,186.11317915655818,45928.63928611056,38.3972328952331,8.758807262622618,83.80743439615607,59.76608509409484
2026-01-01 01:44:50,186.13278493517842,45980.313404982786,38.58823629327992,8.771716462416533,83.96171498381517,59.88812147477745
2026-01-01 01:45:00,185.96064908995208,45817.468267871576,38.668297129181965,8.788116900363157,83.99028062639309,59.94345235183189
2026-01-01 01:45:10,185.8015295372042,45892.382741621026,38.73798653144146,8.76530278127286,84.01027266192443,59.93933358730649
2026-01-01 01:45:20,185.79081493884462,45799.59674750411,38.36455859435419,8.732492022374636,83.99305434831021,59.943650239291614
2026-01-01 01:45:30,185.70204148762178,45767.75245447423,38.43803661556969,8.72562415339573,84.11487426219786,60.03337716126361
2026-01-01 01:45:40,186.33282496438036,45800.082439777536,38.52164412183639,8.718547334410125,84.12641500501162,60.050396998975906
2026-01-01 01:45:50,186.7914242490931,45644.032196645625,38.69152112658758,8.71487689900058,84.1640797551227,59.962778470642576
2026-01-01 01:46:00,186.16197589284874,45672.61823842688,38.82650724243601,8.724447184029529,84.16771088433629,60.136024876449255
2026-01-01 01:46:10,186.24844867252347,45519.569038707115,38.77765735543246,8.716809867795927,84.10877779214526,60.154055900307895
2026-01-01 01:46:20,185.55082335426505,45730.901091938715,38.759316244061225,8.663478365762398,84.14306950097004,60.12372960338081
2026-01-01 01:46:30,186.00809382600755,45596.555818686415,38.991493488728,8.700851210365501,84.13496607129171,60.14172897143398
2026-01-01 01:46:40,185.3940144500156,45621.54766740978,39.14894431122892,8.735252968436336,84.06520655106246,60.0781050398989
2026-01-01 01:46:50,186.05389793958423,45419.24397396177,39.24101640636216,8.738511469810451,84.05330172900611,59.94711272033766
2026-01-01 01:47:00,185.41748383229825,45391.33228596883,39.13002258544652,8.794603180650142,83.95002430441154,59.91822543955339
2026-01-01 01:47:10,185.87570376169336,45435.97149128581,39.154367625871565,8.797569246284786,83.93713261754425,60.005933785389665
2026-01-01 01:47:20,185.34487854599575,45476.40043072462,39.10416081914157,8.783440072367174,84.05353403053019,60.0135339086866
2026-01-01 01:47:30,185.83424725612494,45314.13577992208,39.173565271690215,8.79851994875777,84.03504858168644,60.09705049030292
2026-01-01 01:47:40,185.75195042910386,45259.760889473786,39.042602626617416,8.779124687400623,83.99133062527105,60.33623962777583
2026-01-01 01:47:50,185.52410261364815,45431.62647331575,39.13445239990011,8.799313228764246,83.98620755349614,60.376944477082034
2026-01-01 01:48:00,185.1723165541473,45190.88194988644,39.23007633158361,8.868209923857567,84.02137706535378,60.319043746047306
2026-01-01 01:48:10,185.18871294214412,45170.004122907274,39.41798381881747,8.86318602672724,83.88367276206145,60.36457763570171
2026-01-01 01:48:20,184.73376867507815,45041.58226414561,39.674415866257846,8.857156359473759,83.92032053551532,60.41547006153246
2026-01-01 01:48:30,185.05023657257405,45155.57235877182,39.36461844756156,8.856498633864081,83.99304387432176,60.55867575910593
2026-01-01 01:48:40,184.5836172102961,44935.749210417845,39.561114952368605,8.83622397784173,84.00962728676863,60.51805965427417
2026-01-01 01:48:50,184.3574158172131,45112.17719438015,39.7672270472285,8.88161820660488,83.91220770125663,60.566971750475886
2026-01-01 01:49:00,184.72410667630967,44936.97155741416,39.4922298876169,8.953405113409802,83.99077705648351,60.460370878767385
2026-01-01 01:49:10,183.93914581482727,45009.36029703144,39.70643229245285,8.959534997857714,83.9259601116267,60.44013588955563
2026-01-01 01:49:20,184.18885737301892,44877.147203442764,39.61428075055543,8.891499145536136,83.7213520020007,60.40699314206149
2026-01-01 01:49:30,183.91028980239784,44885.574252698316,39.819853220535556,8.87349061734763,83.61000975358938,60.51309450063588
2026-01-01 01:49:40,183.57399440866462,44768.58554271106,39.859463724569885,8.846275897568743,83.53625925122644,60.61008070848483
2026-01-01 01:49:50,183.04645577105842,44774.53833711873,40.02396368076718,8.8787232544333,83.42561336690542,60.758368936129116
2026-01-01 01:50:00,183.91542231560177,44719.219228605776,39.74659704998917,8.897496230298538,83.44482145423261,60.90034767806841
2026-01-01 01:50:10,183.0868938338334,44392.97212963549,40.05494013518383,8.93337800572764,83.37330639698133,60.81251595960857
2026-01-01 01:50:20,182.52802997592786,44569.890741078154,40.029180970888774,8.925332786720283,83.36187142503859,60.85780319881945
2026-01-01 01:50:30,183.1158199288963,44495.0707251851,39.955326281102344,8.9647243831822,83.28829897687984,60.91840079154021
2026-01-01 01:50:40,182.2720053645796,44309.53209023698,40.160619304161884,8.978218025744066,83.32653891702338,61.14953091618164
2026-01-01 01:50:50,181.79958554370634,44319.182451353,40.06069599802273,9.01700930296359,83.39218609654819,61.17505998349186
2026-01-01 01:51:00,180.85883382826765,44295.82391439119,40.08221466261359,9.024972500550351,83.25705144269206,61.162561204238266
2026-01-01 01:51:10,181.6874653784544,44296.37329315667,40.241343494944076,9.061867877845945,83.25567465336803,61.00598506441258
2026-01-01 01:51:20,181.2848105444422,44214.53319107486,40.08318999127309,9.078782069508073,83.09265699051062,61.00724033799117
2026-01-01 01:51:30,181.68596288781418,44183.64539517742,40.5142324098179,9.062786813738715,82.95585507220271,60.878297980817784
2026-01-01 01:51:40,181.09761375017604,44131.61114578237,40.44644322174829,9.077254679182497,82.84533406553837,60.996376667285624
2026-01-01 01:51:50,180.54936369856404,44146.36280812714,40.69514035895891,9.054892675088707,82.72630840976599,61.029489203876025
2026-01-01 01:52:00,179.76324723832226,43999.02643709475,40.73634906425509,9.108668186131913,82.66412221318393,61.21238221394371
2026-01-01 01:52:10,180.20708622166978,43958.167564657175,40.55453611282257,9.143127249486833,82.55189585369249,61.21805928873999
2026-01-01 01:52:20,180.16834271550223,43852.52179785297,40.60733775739862,9.160507031856419,82.61679665775192,61.243321097749565
2026-01-01 01:52:30,179.53031134622768,43788.117866063185,40.6045084919509,9.192932072471812,82.53741984851189,61.24334437794951
2026-01-01 01:52:40,178.785884170861,43787.31617945144,40.877803842783486,9.245402407288815,82.49387353928121,61.31570883171768
2026-01-01 01:52:50,179.97295832640222,43677.864549029844,40.953247316810355,9.278623136111944,82.45115647428796,61.2589180372776
2026-01-01 01:53:00,179.36017982781044,43686.36567037986,40.92892581869174,9.270555753759899,82.30271179279399,61.30346386156419
2026-01-01 01:53:10,178.1232600207794,43564.291179607404,40.83336332617465,9.28078132235319,82.23882411611486,61.419050583713656
2026-01-01 01:53:20,178.7482044780769,43545.00136811041,40.877816112706476,9.263098003555147,82.17291004075614,61.48446626396037
2026-01-01 01:53:30,177.75663501870451,43445.61968966391,41.02726631477252,9.274092724409023,82.03660446658243,61.54667972747837
2026-01-01 01:53:40,178.39242924615442,43654.68459841789,40.855416875123844,9.304598702078739,82.03570660251813,61.72587299258022
2026-01-01 01:53:50,177.93939555216653,43476.70221590338,40.98502265606516,9.270247367572955,81.91663196581776,61.90171405367302
2026-01-01 01:54:00,177.0718575191603,43285.49963175061,41.142520443654,9.315366642720553,81.79784820995323,61.885891208934034
2026-01-01 01:54:10,177.50397115339678,43428.91014572284,41.20866710841057,9.350850496199651,81.69617608747234,62.00756821611661
2026-01-01 01:54:20,177.17557376001778,43414.33432905997,41.167537426290835,9.350139163131411,81.60054961079464,62.13848265887016
2026-01-01 01:54:30,176.51216156507692,43138.66718835428,41.30476350828409,9.393690993254964,81.47667216288916,62.14196508026809
2026-01-01 01:54:40,177.0468649645527,43013.97236694891,41.18540379424588,9.484352714142124,81.29249145500006,62.218568817924314
2026-01-01 01:54:50,176.4631636352376,43059.6562035467,41.15290344693446,9.467262484736237,81.27137779101105,62.23915134989311
2026-01-01 01:55:00,176.17829637185164,43110.498267223884,41.41518549244429,9.520661188694714,81.16204517749787,62.40676015421986
2026-01-01 01:55:10,175.14156600252684,42915.914900927346,41.39428027489015,9.59308639977731,81.03569810807359,62.60247563761354
2026-01-01 01:55:20,175.6261875508072,43093.229212104736,41.36169206137965,9.633242372248118,80.98921676738145,62.61555936676196
2026-01-01 01:55:30,175.00389936085892,42863.988951203406,41.41074045467316,9.648219868985558,80.92973752317285,62.837365045172554
2026-01-01 01:55:40,175.00155084183638,42681.38476449683,41.34733308288326,9.676261383729251,80.86008282382906,63.067190319803494
2026-01-01 01:55:50,174.77319458037928,42716.7641280868,41.46965427071696,9.68232741671875,80.62649139125699,62.96438939130596
2026-01-01 01:56:00,175.01216387253643,42731.7619307833,41.64800688998938,9.69794605592219,80.4900811725795,62.92917463357011
2026-01-01 01:56:10,174.45703700354522,42788.973364019235,41.576463121569056,9.698307991642483,80.44921734045424,62.91704921471542
2026-01-01 01:56:20,173.77961881804063,42662.171104289075,41.58503161118144,9.678930347793914,80.41430960539438,62.93440306792638
2026-01-01 01:56:30,173.77823780901676,42395.70085681178,41.74772069918893,9.647280209254735,80.4323187038338,63.00791973352973
2026-01-01 01:56:40,172.8555843913536,42460.80485434774,41.7125472600268,9.693618960030562,80.31290255982391,63.061153935791545
2026-01-01 01:56:50,174.0012801584062,42476.32715911645,41.71000806571547,9.72559969259853,80.28317350646255,63.15689301785652
2026-01-01 01:57:00,172.88156916101218,42391.49566423719,41.68013744112572,9.7798401029057,80.22256279711955,63.23783940882696
2026-01-01 01:57:10,172.4669906639385,42254.734792546406,41.868209326486834,9.746332456124605,80.14332509551605,63.32208787454265
2026-01-01 01:57:20,173.291117314282,42241.05710503197,42.04507631015826,9.817406991498956,80.04166025752241,63.30457171533969
2026-01-01 01:57:30,172.88061315297165,42211.3663130357,41.94990767582853,9.840756269829988,79.95381580951579,63.33566390296584
2026-01-01 01:57:40,172.20974548721492,42253.7837095434,41.914339314603886,9.851851763021019,79.84667047554031,63.440813231321975
2026-01-01 01:57:50,172.51478582053267,42114.71781389105,42.13008724465984,9.884089018846925,79.7669269717851,63.55454509519535
2026-01-01 01:58:00,172.34299563551875,42152.82991979188,41.90749083677791,9.900912998281127,79.63776281305356,63.58879078829651
2026-01-01 01:58:10,171.88133590391053,42142.19634350951,41.95423326497393,9.906836093725303,79.5765210837038,63.68762396262148
2026-01-01 01:58:20,171.61264477412723,42135.262840589356,41.95191124037715,9.935187079833621,79.41939598288,63.76664825639206
2026-01-01 01:58:30,171.40480431820805,42111.5027403998,42.45606511225885,9.972625848729708,79.42264921554744,63.914234224522254
2026-01-01 01:58:40,171.17519628318442,42135.42681684703,42.248355388982525,10.000100267279082,79.4252071228762,63.96959544011122
2026-01-01 01:58:50,171.14075431281435,42026.658777571036,42.144489209729535,10.035292061328208,79.45840125514225,64.06763927897714
2026-01-01 01:59:00,170.7622032485417,42043.99515536717,42.3516779017311,10.005689891328197,79.38848341262445,64.23171214511152
2026-01-01 01:59:10,171.1682978660274,41806.28073165004,42.32917424756537,10.017119030233273,79.22502397528241,64.31958313123879
2026-01-01 01:59:20,170.78711800888846,41912.27507060967,42.32628539019569,10.035034990458337,79.19345180615893,64.226219347564
2026-01-01 01:59:30,171.1460568158035,41850.63741208627,42.179963366986755,10.037519542075167,79.14068424478425,64.25481790335
2026-01-01 01:59:40,170.88690745952258,41868.77243605309,42.49567629795951,10.0611069026478,79.03118343665832,64.27097018227686
2026-01-01 01:59:50,170.84727943142997,41800.14019075826,42.27627602709702,10.043829089239669,78.9891645942866,64.31523104016941
2026-01-01 02:00:00,170.6273321615523,41593.9911839018,42.504087607239086,10.02398620934922,78.83807129744086,64.29377315107082
2026-01-01 02:00:10,170.08734611319525,41830.5003773537,42.4030019566465,10.037158481427204,78.80907347161617,64.38815189763781
2026-01-01 02:00:20,171.00279665199125,41709.04090008335,42.550880292659826,10.047509773903894,78.72421475571302,64.35615737950813
2026-01-01 02:00:30,170.1872915583454,41542.84531489815,42.306438379910794,10.102130162377655,78.58473712584619,64.23462476325193
2026-01-01 02:00:40,170.7063625283902,41556.455917168576,42.66179441976788,10.092058952066749,78.51234898637624,64.18193943155825
2026-01-01 02:00:50,169.53672484109208,41684.44408652105,42.58873224454082,10.091226397148997,78.49369541850541,64.29523129260294
2026-01-01 02:01:00,169.97611686476466,41717.60959109427,42.35542557480405,10.133246607725281,78.47646288251815,64.28053217631549
2026-01-01 02:01:10,170.2457527065278,41593.75296581469,42.60739759244652,10.17668672862132,78.53132946342228,64.35569997434693
2026-01-01 02:01:20,170.96631852395336,41398.387442838626,42.56932347393905,10.195019905841587,78.49267554182849,64.35800517696741
2026-01-01 02:01:30,170.3122554632546,41649.232995137114,42.76252145301621,10.23077692318198,78.51850122476519,64.45568802331952
2026-01-01 02:01:40,169.85889008926048,41557.833272581636,42.61092557246382,10.269335215563677,78.29880969054415,64.41574718003541
2026-01-01 02:01:50,169.98310834698609,41530.768440510874,42.50150595680295,10.314190031021447,78.21648518246678,64.56965805804809
2026-01-01 02:02:00,169.92335340504275,41626.57360659685,42.786513273944465,10.284618488478474,78.16320028384149,64.58550122635408
2026-01-01 02:02:10,170.4104097874765,41404.37418092357,42.682819185248356,10.310140494501518,78.14439796184277,64.67488663486154
2026-01-01 02:02:20,169.89256692529216,41375.50821548089,42.902973610706766,10.27919296485289,78.12792519394702,64.6816080999941
2026-01-01 02:02:30,169.72950876929042,41551.29686108842,42.725845143161315,10.280584552018384,78.20408454957948,64.55132117449087
2026-01-01 02:02:40,170.40610521765566,41417.51387869307,42.80042939799166,10.2985016026614,78.03028548020939,64.58322521635253
2026-01-01 02:02:50,169.87590180191538,41342.18715093306,42.67295182106438,10.293864753464293,78.0151433309519,64.55134084062168
2026-01-01 02:03:00,169.78796693595677,41450.01146322356,42.563619641584424,10.316428888742175,78.09106683106609,64.66415235156364
2026-01-01 02:03:10,170.28335774684638,41308.469615291455,42.709552528251294,10.33237758507833,78.08402292788023,64.68692038495396
2026-01-01 02:03:20,170.33163498220378,41508.443801602196,42.73301960166688,10.35303457993432,77.96311298114212,64.62856255371629
2026-01-01 02:03:30,169.94792560317828,41493.43104494457,42.970186884258716,10.35657569007385,78.09863094748894,64.50783412138793
2026-01-01 02:03:40,170.99058447651396,41459.81292546967,42.719534647908795,10.37340696992532,78.05589816347731,64.61690235605401
2026-01-01 02:03:50,170.9814658215998,41397.98551026054,42.792420944825366,10.381872781787996,78.14162936927727,64.54898646837847
2026-01-01 02:04:00,170.3107437982633,41625.912918113645,42.86808563905763,10.42523333714743,78.22789072775964,64.62460151435802
2026-01-01 02:04:10,170.978619584072,41508.98480625308,42.54604071791653,10.459907904514093,78.09328688921894,64.59355574465222
2026-01-01 02:04:20,170.83274822071292,41500.77400787513,42.87908677909682,10.433979851230946,78.08586459472771,64.6832684154413
2026-01-01 02:04:30,170.91656965458438,41441.688252964064,42.97944339348025,10.461136137803395,78.10121591689592,64.87810492335703
2026-01-01 02:04:40,171.50110666092618,41313.03291232416,42.901081802667505,10.470772985280696,78.20639381212777,64.80956748105443
2026-01-01 02:04:50,170.99349418544463,41487.06547364527,42.726523320892404,10.45121068737427,78.24694426151736,64.79649530124308
2026-01-01 02:05:00,171.55593578653995,41385.50019187605,42.73551555064424,10.464265758099183,78.23562644453119,64.71651557420442
2026-01-01 02:05:10,171.5637276957351,41544.44414170251,42.95172099916478,10.403534210534913,78.28919341969392,64.77534581237964
2026-01-01 02:05:20,171.64727236782704,41425.06863243333,42.767611376505364,10.391086716320375,78.32660366363613,64.80721275141346
2026-01-01 02:05:30,172.12155028155576,41402.534514198574,42.63105449284477,10.392530734598427,78.4294168781774,64.78691277817596
2026-01-01 02:05:40,172.0028745085456,41482.67439766524,42.5691940602445,10.388654223992328,78.3502455339224,64.56089379353232
2026-01-01 02:05:50,172.2992883693166,41457.46932350142,42.95440856074185,10.403719430650451,78.50580355464815,64.5211430503498
2026-01-01 02:06:00,172.69773927984284,41511.40354839968,42.90084618191672,10.400415295231728,78.37393216726636,64.62444215516254
2026-01-01 02:06:10,172.65131948363228,41597.784366717635,42.905567613762216,10.394885442745158,78.37179701264355,64.62553464224254
2026-01-01 02:06:20,172.8255110664921,41455.78455938054,42.80023999586409,10.370469453375913,78.42016865442721,64.5431089814166
2026-01-01 02:06:30,173.70347824127978,41477.03716972815,42.730784613926104,10.349264207604062,78.40862598972694,64.51932359587845
2026-01-01 02:06:40,173.42131337756803,41600.37077753977,42.81653475191315,10.355772536564986,78.36300651601795,64.58078356097806
2026-01-01 02:06:50,173.77669334815482,41627.3439769614,42.67654517804174,10.376245302897123,78.43655755355094,64.53367199439515
2026-01-01 02:07:00,174.07120110160375,41523.125486501296,42.74634302865012,10.371381282183343,78.58998625482789,64.4851494478496
2026-01-01 02:07:10,173.9334340580957,41635.30810720005,42.77418693194096,10.379157700509055,78.72518972152116,64.48855979025033
2026-01-01 02:07:20,174.65866433219512,41676.676950625515,42.759314993773536,10.380153008260539,78.84913194561214,64.54815560695272
2026-01-01 02:07:30,174.80572372039765,41674.55469353273,42.63548687448022,10.317849692627284,78.95976346495593,64.4771579976801
2026-01-01 02:07:40,174.4744500975542,41803.94324937519,42.63114194338974,10.319293318462176,78.94869874707435,64.4623902649289
2026-01-01 02:07:50,174.68457844768344,41721.97213964783,42.49499461577765,10.276997906741418,79.03910877191588,64.54929023507984
2026-01-01 02:08:00,175.44133712722137,41582.54684453402,42.549199152189445,10.28196204921102,79.17741362660105,64.60723729640662
2026-01-01 02:08:10,174.72037203023137,41961.135647697694,42.72302497573725,10.318998625654073,79.1092605971776,64.56880453734365
2026-01-01 02:08:20,175.1118063655467,41946.56212217539,42.65008387884449,10.309525839211837,79.14474331562458,64.44727924787509
2026-01-01 02:08:30,175.9202354776243,41835.484149783886,42.70939863228514,10.257791869027708,79.18054004358352,64.4476415780131
2026-01-01 02:08:40,176.20730555815732,41814.627411249,42.601685461803704,10.261385433125191,79.22312580714532,64.54509343867394
2026-01-01 02:08:50,176.5351868895362,41858.7847461126,42.66222966782595,10.224801503156487,79.2965438631302,64.5352094084163
2026-01-01 02:09:00,176.04659152965266,41907.70303946295,42.49940809050352,10.203500855248768,79.36580672816623,64.4079935500349
2026-01-01 02:09:10,176.68003873621817,42101.75725406408,42.20314900328925,10.192887616220004,79.50074163983714,64.28727896648107
2026-01-01 02:09:20,176.69769489600637,42047.125149401494,42.66650321973854,10.236936417404126,79.506068155762,64.23257552558177
2026-01-01 02:09:30,177.1965176835875,42016.7328778459,42.49089982458982,10.239063230320282,79.6364946230458,64.46753950735142
2026-01-01 02:09:40,177.6446557454965,42022.766619888964,42.59185315041817,10.202507911485698,79.73317590314666,64.39150886333688
2026-01-01 02:09:50,177.22867754437902,42229.49241813664,42.32130727632935,10.222699727688989,79.71862214038863,64.31857556541364
2026-01-01 02:10:00,178.17255793546346,42373.31248746645,42.29424567782665,10.237640899780715,79.76731292265218,64.24490463180337
2026-01-01 02:10:10,178.70727818457544,42177.30106665922,42.35448414235589,10.24867881731131,79.78676537321644,64.27504058249832
2026-01-01 02:10:20,179.05690339735435,42365.3186530377,42.24154817380806,10.216731169337098,79.89733542477293,64.18440983249756
2026-01-01 02:10:30,179.28819466521392,42392.63061927288,42.34758707786099,10.167907090856023,80.03296059638122,64.1261160047335
2026-01-01 02:10:40,179.1372493187724,42371.91883632292,42.205192780665186,10.130538493017475,80.07069318281643,64.13445692847365
2026-01-01 02:10:50,179.24433364590072,42368.466015843216,42.22331670705106,10.101199159959101,80.20360850960728,64.10293838687127
2026-01-01 02:11:00,179.83964188238335,42562.56650512779,42.13026991958715,10.091501264831114,80.35073509979712,64.07013971172418
2026-01-01 02:11:10,179.8310239557002,42632.70753019306,42.18119528428001,10.039881232012108,80.55283459187767,64.09663164432202
2026-01-01 02:11:20,180.243893170503,42557.67786757772,42.094019064930535,9.994840705458165,80.51875885389398,64.15427183910302
2026-01-01 02:11:30,180.29804687341317,42665.30743625711,42.007991477976304,9.984645062459341,80.46380540886787,63.90502226718835
2026-01-01 02:11:40,181.17237582665993,42971.66415992442,42.222589781928214,9.991915398214497,80.66187034798818,63.806813444209794
2026-01-01 02:11:50,180.61615347352696,42770.850475736224,42.09841862680045,9.928441595467236,80.78886120609526,63.82354680599125
2026-01-01 02:12:00,180.9615055738248,42945.761875875614,41.98734729498896,9.890387759304614,80.92099020017969,63.709877864087005
2026-01-01 02:12:10,181.77954599381812,42913.76592340457,42.05680120799382,9.88496343225274,81.00311151851139,63.69036699073895
2026-01-01 02:12:20,181.877150574242,42698.86560450807,41.97462524644052,9.85107171829331,81.06568863831939,63.638619386614955
2026-01-01 02:12:30,181.81748359713038,43055.61530123386,41.9452907859527,9.84176315173042,81.08719657344894,63.52767937689402
2026-01-01 02:12:40,182.2504993003261,43025.55747377157,41.68684587282961,9.84490860133671,81.09855236117392,63.61337291925533
2026-01-01 02:12:50,182.30267164319062,43095.27315648465,42.05132243549201,9.858389513118636,81.24446160979572,63.44706767830535
2026-01-01 02:13:00,182.66200208657253,43164.97458481147,41.971668976709935,9.82101888154605,81.27386655931168,63.39800354722867
2026-01-01 02:13:10,182.56075791154038,43096.061025023846,41.74358440195696,9.825401037374736,81.34133077052563,63.518299213052444
2026-01-01 02:13:20,182.9374256618367,43261.39940618595,41.63806558292235,9.835896023724063,81.46453365434655,63.31982515020019
2026-01-01 02:13:30,182.90997499719205,43413.20921144991,41.56160545791356,9.771539665738675,81.56043682763045,63.27374449682842
2026-01-01 02:13:40,182.92441152215966,43196.33844691202,41.64041744118902,9.728524746763,81.8415738510625,63.12670131988611
2026-01-01 02:13:50,183.453152546658,43540.202013828086,41.603486436960154,9.718233387423552,81.94289739712636,63.1338011574321
2026-01-01 02:14:00,183.37718347819998,43556.934372218864,41.44709951691816,9.682598738781154,82.10594565113044,63.03360207559053
2026-01-01 02:14:10,183.94251514524683,43491.40613138781,41.33061693074039,9.61428568781405,82.04010030964712,62.97521144730297
2026-01-01 02:14:20,184.24143886885696,43712.83226571306,41.27955827771262,9.584473638284003,82.0443441986932,62.91085986337772
2026-01-01 02:14:30,184.34071160435664,43593.79737586637,41.43183787870046,9.55823704203268,82.04404024343542,62.87906504685668
2026-01-01 02:14:40,184.33289982392756,43552.85377603611,41.464215766160976,9.551343932350814,81.9625698615284,62.87739702034913
2026-01-01 02:14:50,184.3580244398235,43710.30452548142,41.37639431089736,9.522696639007272,82.09957406860319,62.75924922590884
2026-01-01 02:15:00,184.8441257692425,43668.57545663291,41.503102202382806,9.511444022077145,82.15725507991652,62.72003193877565
2026-01-01 02:15:10,185.12461775512796,43689.68401650982,41.32782578057279,9.529039664082845,82.36707958046425,62.82370670834262
2026-01-01 02:15:20,184.22055198283087,43789.87992608932,41.22285291008294,9.54731384215581,82.4721029525099,62.89590904805923
2026-01-01 02:15:30,185.7352521688875,43919.490574960335,41.29679820148165,9.554310427571883,82.45303854247089,62.821341549608405
2026-01-01 02:15:40,184.99886345496185,43986.79840134649,41.11781687840938,9.49989108266921,82.55933092231423,62.810328617851255
2026-01-01 02:15:50,184.8520895840652,43976.153209490076,41.036084822372835,9.457596407273272,82.66881529427481,62.66496640951272
2026-01-01 02:16:00,185.18577408390263,44018.219853878676,40.96443346011859,9.414502235194657,82.75528992800594,62.59169354457599
2026-01-01 02:16:10,185.40005135307993,44077.65984608669,40.857528604213655,9.366647678377912,82.82190234741651,62.49747177813035
2026-01-01 02:16:20,185.41421107404116,44244.766177510115,40.91937483598347,9.411661169290817,82.88667775477568,62.480415899003766
2026-01-01 02:16:30,184.7404677344499,44228.35768105196,40.85662661366812,9.330334623989067,82.9749700735055,62.43198999802948
2026-01-01 02:16:40,185.259237402059,44264.18959821696,40.90975781972296,9.335208787462546,83.0242344549812,62.4497859879906
2026-01-01 02:16:50,186.13619825575066,44469.261869461836,40.764949510688645,9.334899231654529,83.08506615326382,62.26301447650744
2026-01-01 02:17:00,185.74923159769762,44405.88133756374,40.99455643725073,9.345822329645012,83.13993294901681,62.170167395197545
2026-01-01 02:17:10,185.86147540830933,44546.81879871897,40.67644875253903,9.326438553336432,83.11956557443027,62.157969121318
2026-01-01 02:17:20,185.62946546556563,44570.78071293129,40.543971719706796,9.324094942557359,83.16139344125102,62.056336278320124
2026-01-01 02:17:30,185.73980406966203,44618.97221362385,40.48915772271189,9.284189339783365,83.1365407840592,61.90260524592316
2026-01-01 02:17:40,186.43604587564656,44688.18027237045,40.51254638021639,9.248878918142676,83.14224526931248,61.85849599718535
2026-01-01 02:17:50,185.79974245090912,44675.368390053234,40.366210192991346,9.221955680850177,83.22609262379221,61.73193548659363
2026-01-01 02:18:00,186.31566679791985,44773.124777641984,40.63729277021154,9.243942649158624,83.24229641477646,61.66954929095625
2026-01-01 02:18:10,186.33296533545825,44861.08697443802,40.573822022073514,9.206967383153629,83.32924482613868,61.67421892099708
2026-01-01 02:18:20,186.11732071991713,44860.025667730864,40.29528932533765,9.170686617310054,83.4752555821127,61.59840576624125
2026-01-01 02:18:30,186.0467220270256,45006.727194038445,40.10321411726416,9.170176491594944,83.46229282959122,61.546587368193194
2026-01-01 02:18:40,185.55954550496728,45057.48136983135,40.176610001444914,9.155208870416361,83.39472362895958,61.66410381168277
2026-01-01 02:18:50,185.89720634516033,45086.58638477647,40.10945683776743,9.180466357879473,83.55216128509664,61.59226561946496
2026-01-01 02:19:00,185.81375815555373,44976.3072172497,40.15735703238862,9.113532757176232,83.55391675022663,61.66071411133187
2026-01-01 02:19:10,186.1115169670924,44991.5833314729,40.03316246904275,9.114869782419895,83.60225418416043,61.61313620314973
2026-01-01 02:19:20,185.5916898740414,45104.47955834397,40.108948331890076,9.135194656525824,83.5716906232221,61.53061640970659
2026-01-01 02:19:30,185.77534337097566,45064.545134387874,40.27228775932554,9.106101502960989,83.65081370201419,61.41241750998501
2026-01-01 02:19:40,185.54364751282435,45085.373286838345,40.06024324159287,9.08760084654516,83.5756615361231,61.32643997837888
2026-01-01 02:19:50,185.3404266999295,45407.56034861625,39.97042711223845,9.13846733602722,83.74926138913311,61.39054165597592
2026-01-01 02:20:00,185.26262217839758,45336.011441699025,39.74422161842629,9.172098821868477,83.7836064700073,61.32085759668456
2026-01-01 02:20:10,184.85486787101,45476.33081327992,39.72522334249613,9.154293090114624,83.7414514167184,61.08595068783163
2026-01-01 02:20:20,184.96137885432051,45358.31762125297,39.82076119125357,9.17203842389652,83.69430192494706,61.034778259436294
2026-01-01 02:20:30,184.7554710377734,45451.97810015147,39.7872181634259,9.142990945992096,83.59698143304202,60.99855054338413
2026-01-01 02:20:40,184.79750849031598,45444.21041149119,39.42024100685095,9.103845935257365,83.59882825142421,60.860803953976514
2026-01-01 02:20:50,184.90039916295163,45565.744696654016,39.69214162829192,9.128689927354156,83.5607995395789,60.69088603249244
2026-01-01 02:21:00,184.7607619441938,45513.93446495169,39.591106532897136,9.070958192396452,83.44552674869674,60.79629925205234
2026-01-01 02:21:10,184.38003655721383,45588.7176614284,39.32940940163953,9.02311160140306,83.36311798109956,60.690882805881735
2026-01-01 02:21:20,184.81625255987365,45532.04133100683,39.37602598740758,9.038196675962391,83.2084672824719,60.69432682673756
2026-01-01 02:21:30,184.28810550215772,45716.68526717556,39.412833996288924,9.023078257180495,83.05337399241769,60.766435921334896
2026-01-01 02:21:40,184.41115122166377,45629.295743878436,39.362344543344975,9.008213197177879,83.15813182092216,60.75410671004278
2026-01-01 02:21:50,184.369759137945,45602.31141481539,39.20097934491041,9.046528611712665,83.00122521941144,60.808535138223746
2026-01-01 02:22:00,183.62183311817273,45749.33159175747,39.22681777575278,9.05762598251679,83.07083547454162,60.67213616390945
2026-01-01 02:22:10,183.33232891694283,45953.05468755519,39.35778359706151,9.046493937296008,83.24330224947296,60.60045236696913
2026-01-01 02:22:20,183.13518091539788,45921.6482796576,39.22464620150232,9.010401823344898,83.3379385895815,60.55748007802311
2026-01-01 02:22:30,183.20210636933004,45905.61885382185,39.16728598969898,9.007012205508925,83.35608832280629,60.64276007164105
2026-01-01 02:22:40,183.53572520991057,45991.05006559527,39.18647478244733,8.997643958830132,83.33537342931439,60.642022819267964
2026-01-01 02:22:50,182.63493345266414,45684.113135756954,38.90664569072513,9.012658357011201,83.27968460061452,60.590318130679464
2026-01-01 02:23:00,183.07287185537257,45859.0205899654,38.92786871718207,9.023182587605424,83.32503522775016,60.57080296885222
2026-01-01 02:23:10,182.1063329537806,45930.52991276025,38.96644469392333,9.028557898924683,83.36768728312379,60.71040742035965
2026-01-01 02:23:20,182.46629793545483,45951.272688033925,39.0272051904267,9.03643883138398,83.4987590058154,60.85921173159453
2026-01-01 02:23:30,182.16881169990162,45992.81362818806,38.753653186240015,9.00155430236761,83.47661696982654,60.87806958403
2026-01-01 02:23:40,181.7856846306396,45885.41798225895,38.99484286489352,8.989102480608238,83.45197645724987,60.91813120762915
2026-01-01 02:23:50,180.98798276973469,45964.731294867255,38.71817183575865,9.028288480001867,83.29647155991819,60.828194855735845
2026-01-01 02:24:00,180.9098956671717,45921.53930033971,38.84696954829919,9.026353584417082,83.37113278497293,60.65580491924329
2026-01-01 02:24:10,181.43572198303931,46072.4487469102,38.62356756397064,9.00098580990136,83.26226909379491,60.70411651670649
2026-01-01 02:24:20,180.7313604559749,46101.14088128533,38.71014181812092,9.024314803421792,83.21714088125687,60.70257104580355
