采集时间,塔顶温度(℃),塔顶压力(kPa),回流流量(t/h),后续流程流量(t/h),第六塔板温度(℃),塔底温度A(℃),塔底温度B(℃),C4浓度(%)
2026-07-01 00:00:00,63.151,626.509,81.901,116.001,82.353,113.845,113.839,1.18
2026-07-01 00:01:00,63.238,628.017,81.934,116.103,82.391,113.91,113.897,1.188
2026-07-01 00:02:00,63.32,627.687,81.645,116.212,82.307,113.98,113.928,1.183
2026-07-01 00:03:00,63.208,626.913,82.762,116.355,82.201,113.829,113.789,1.188
2026-07-01 00:04:00,63.242,627.505,81.695,116.66,82.533,113.989,114.003,1.172
2026-07-01 00:05:00,63.164,627.282,82.14,116.81,82.411,113.886,114.009,1.164
2026-07-01 00:06:00,63.202,628.877,82.477,116.043,82.22,113.907,113.988,1.178
2026-07-01 00:07:00,63.217,628.736,82.52,116.446,82.25,114.007,114.073,1.176
2026-07-01 00:08:00,63.129,625.916,82.618,116.362,82.331,114.022,114.179,1.178
2026-07-01 00:09:00,63.184,628.689,82.304,115.886,82.332,113.816,114.034,1.173
2026-07-01 00:10:00,63.175,628.136,82.995,116.867,82.407,113.921,114.054,1.187
2026-07-01 00:11:00,63.25,628.953,82.594,116.307,82.435,113.907,113.955,1.197
2026-07-01 00:12:00,63.218,627.449,82.686,116.259,82.319,113.893,114.028,1.183
2026-07-01 00:13:00,63.139,629.144,82.242,116.682,82.378,113.846,114.192,1.181
2026-07-01 00:14:00,63.198,628.969,83.018,116.537,82.308,113.792,114.087,1.179
2026-07-01 00:15:00,63.226,628.872,82.801,115.988,82.219,113.92,114.139,1.183
2026-07-01 00:16:00,63.193,629.01,83.067,116.402,82.403,113.77,114.149,1.188
2026-07-01 00:17:00,63.114,627.752,83.123,117.05,82.266,113.88,114.217,1.208
2026-07-01 00:18:00,63.139,630.483,82.811,117.304,82.2,113.815,114.092,1.189
2026-07-01 00:19:00,63.224,631.998,82.958,117.192,82.17,113.82,114.108,1.188
2026-07-01 00:20:00,63.307,629.703,83.127,116.843,82.38,113.845,114.323,1.195
2026-07-01 00:21:00,63.142,630.221,83.411,116.49,82.255,113.789,114.05,1.201
2026-07-01 00:22:00,63.095,631.783,83.091,117.019,82.453,114.076,114.467,1.183
2026-07-01 00:23:00,63.353,630.835,83.332,116.669,82.417,113.934,114.38,1.178
2026-07-01 00:24:00,63.215,630.836,83.582,116.532,82.234,113.916,114.301,1.187
2026-07-01 00:25:00,63.144,631.254,82.924,117.254,82.479,114.185,114.616,1.179
2026-07-01 00:26:00,63.197,631.975,83.226,117.383,82.367,114.123,114.591,1.2
2026-07-01 00:27:00,63.155,631.091,82.839,116.671,82.319,113.723,114.247,1.191
2026-07-01 00:28:00,63.182,631.513,83.35,117.172,82.399,113.894,114.423,1.184
2026-07-01 00:29:00,63.194,629.959,83.279,116.644,82.271,114.047,114.602,1.182
2026-07-01 00:30:00,63.234,632.364,83.482,116.798,82.373,114.09,114.669,1.206
2026-07-01 00:31:00,63.172,631.871,83.547,117.249,82.234,113.918,114.393,1.21
2026-07-01 00:32:00,63.159,630.84,84.048,117.163,82.304,113.889,114.512,1.206
2026-07-01 00:33:00,63.3,632.041,83.843,116.911,82.259,114.095,114.563,1.191
2026-07-01 00:34:00,63.365,634.256,83.675,116.966,82.396,114.089,114.763,1.2
2026-07-01 00:35:00,63.359,634.481,83.92,117.355,82.373,114.139,114.625,1.202
2026-07-01 00:36:00,63.181,634.524,84.141,117.107,82.462,114.004,114.622,1.219
2026-07-01 00:37:00,63.277,632.205,83.981,117.556,82.354,113.91,114.629,1.21
2026-07-01 00:38:00,63.297,634.557,84.072,117.387,82.319,114.082,114.667,1.223
2026-07-01 00:39:00,63.156,633.626,83.778,117.589,82.249,113.837,114.35,1.203
2026-07-01 00:40:00,63.186,632.869,84.346,117.605,82.356,114.008,114.592,1.206
2026-07-01 00:41:00,63.18,633.958,84.411,116.98,82.494,113.828,114.487,1.203
2026-07-01 00:42:00,63.255,636.774,83.59,117.563,82.39,114.096,114.719,1.202
2026-07-01 00:43:00,63.287,630.613,84.285,117.454,82.358,113.92,114.664,1.215
2026-07-01 00:44:00,63.184,631.583,84.031,117.61,82.334,113.925,114.757,1.205
2026-07-01 00:45:00,63.34,634.204,84.5,117.986,82.231,113.969,114.687,1.209
2026-07-01 00:46:00,63.3,633.41,84.296,118.096,82.531,113.923,114.662,1.211
2026-07-01 00:47:00,63.254,635.546,84.359,118.101,82.447,114.02,114.79,1.185
2026-07-01 00:48:00,63.168,631.969,84.813,117.171,82.283,113.788,114.621,1.203
2026-07-01 00:49:00,63.175,634.251,84.964,117.325,82.482,113.846,114.696,1.193
2026-07-01 00:50:00,63.346,636.773,84.657,117.386,82.268,113.986,114.749,1.216
2026-07-01 00:51:00,63.168,634.332,84.267,117.932,82.306,114.117,114.9,1.208
2026-07-01 00:52:00,63.345,635.335,84.707,117.991,82.505,114.066,114.966,1.227
2026-07-01 00:53:00,63.238,635.403,84.27,118.347,82.394,114.191,115.074,1.228
2026-07-01 00:54:00,63.142,632.769,84.939,118.236,82.405,114.114,114.883,1.21
2026-07-01 00:55:00,63.392,634.877,85.176,117.547,82.366,113.975,114.71,1.226
2026-07-01 00:56:00,63.36,636.387,84.88,117.921,82.397,114.083,114.824,1.225
2026-07-01 00:57:00,63.179,634.567,84.935,117.805,82.348,114.114,114.883,1.212
2026-07-01 00:58:00,63.085,635.902,84.958,117.397,82.288,113.955,114.9,1.203
2026-07-01 00:59:00,63.252,636.287,85.101,117.548,82.193,114.171,114.986,1.211
2026-07-01 01:00:00,63.252,636.429,85.15,117.013,82.222,114.049,114.958,1.206
2026-07-01 01:01:00,63.273,637.449,85.426,117.95,82.519,113.976,114.917,1.202
2026-07-01 01:02:00,63.247,636.479,84.983,118.22,82.449,113.948,114.832,1.208
2026-07-01 01:03:00,63.166,635.466,84.761,117.987,82.346,113.974,114.949,1.196
2026-07-01 01:04:00,63.193,636.767,84.883,118.617,82.382,114.155,115.152,1.216
2026-07-01 01:05:00,63.401,636.553,85.559,117.733,82.277,114.029,115.017,1.211
2026-07-01 01:06:00,63.174,635.806,85.279,117.456,82.377,113.789,114.805,1.219
2026-07-01 01:07:00,63.217,638.122,85.321,117.814,82.153,113.947,114.994,1.205
2026-07-01 01:08:00,63.256,636.509,85.697,118.387,82.55,114.022,114.974,1.191
2026-07-01 01:09:00,63.417,637.586,86.051,118.306,82.433,113.863,114.845,1.215
2026-07-01 01:10:00,63.077,637.388,85.214,117.908,82.265,114.022,114.955,1.221
2026-07-01 01:11:00,63.297,636.76,86.149,118.183,82.468,114.087,115.068,1.207
2026-07-01 01:12:00,63.167,636.958,85.607,118.572,82.435,113.967,115.054,1.2
2026-07-01 01:13:00,63.198,637.455,85.369,118.07,82.513,113.926,114.919,1.218
2026-07-01 01:14:00,63.094,635.932,85.503,117.977,82.371,113.997,114.941,1.219
2026-07-01 01:15:00,63.121,639.285,85.712,118.043,82.384,114.08,115.048,1.183
2026-07-01 01:16:00,63.251,637.222,85.781,118.124,82.327,114.127,115.24,1.202
2026-07-01 01:17:00,63.243,639.664,85.58,118.177,82.328,114.146,115.36,1.231
2026-07-01 01:18:00,63.344,637.143,85.965,118.264,82.206,113.994,115.117,1.214
2026-07-01 01:19:00,63.23,638.204,86.076,117.997,82.303,113.897,114.857,1.221
2026-07-01 01:20:00,63.227,640.807,86.035,118.746,82.47,114.096,115.078,1.214
2026-07-01 01:21:00,63.207,636.72,86.051,118.679,82.475,113.928,115.042,1.219
2026-07-01 01:22:00,63.237,640.127,85.966,118.27,82.322,114.179,115.239,1.208
2026-07-01 01:23:00,63.288,639.223,86.158,118.096,82.517,114.155,115.302,1.202
2026-07-01 01:24:00,63.177,638.017,86.187,118.287,82.304,114.231,115.236,1.2
2026-07-01 01:25:00,63.177,638.728,86.149,118.526,82.501,114.238,115.364,1.206
2026-07-01 01:26:00,63.232,637.39,86.223,118.048,82.317,114.135,115.321,1.223
2026-07-01 01:27:00,63.122,639.247,86.225,118.392,82.318,113.941,115.062,1.218
2026-07-01 01:28:00,63.338,641.159,86.053,118.451,82.552,114.033,115.166,1.206
2026-07-01 01:29:00,63.316,640.395,85.69,117.77,82.349,114.143,115.344,1.223
2026-07-01 01:30:00,63.167,639.038,86.553,118.748,82.389,114.216,115.429,1.217
2026-07-01 01:31:00,63.253,639.583,86.095,117.836,82.358,114.135,115.328,1.235
2026-07-01 01:32:00,63.26,638.339,85.9,118.739,82.3,113.917,115.113,1.21
2026-07-01 01:33:00,63.216,640.826,86.291,118.114,82.371,113.913,115.082,1.216
2026-07-01 01:34:00,63.082,639.776,86.772,118.223,82.297,113.924,115.133,1.225
2026-07-01 01:35:00,63.335,641.536,86.483,118.129,82.533,114.129,115.324,1.218
2026-07-01 01:36:00,63.25,639.663,85.996,118.101,82.345,114.131,115.396,1.237
2026-07-01 01:37:00,63.312,641.327,86.421,117.958,82.252,114.041,115.263,1.234
2026-07-01 01:38:00,63.337,638.712,86.699,118.723,82.331,114.092,115.342,1.212
2026-07-01 01:39:00,63.194,639.812,86.307,118.224,82.404,114.196,115.393,1.214
2026-07-01 01:40:00,63.348,639.836,86.157,117.69,82.406,113.972,115.265,1.207
2026-07-01 01:41:00,63.231,641.004,86.344,117.904,82.29,114.024,115.215,1.22
2026-07-01 01:42:00,63.16,639.35,86.598,118.101,82.397,113.952,115.116,1.224
2026-07-01 01:43:00,63.273,640.117,86.734,118.172,82.514,113.873,115.024,1.22
2026-07-01 01:44:00,63.342,640.165,86.65,118.107,82.301,114.041,115.272,1.213
2026-07-01 01:45:00,63.351,641.164,86.779,118.003,82.402,114.074,115.341,1.235
2026-07-01 01:46:00,63.207,638.596,87.189,118.058,82.392,114.289,115.432,1.203
2026-07-01 01:47:00,63.235,641.558,86.681,118.024,82.354,114.071,115.198,1.223
2026-07-01 01:48:00,63.244,639.756,86.842,118.304,82.374,114.114,115.263,1.237
2026-07-01 01:49:00,63.346,640.912,86.192,118.308,82.576,114.202,115.243,1.22
2026-07-01 01:50:00,63.416,642.157,86.037,118.096,82.443,114.075,115.213,1.225
2026-07-01 01:51:00,63.338,638.839,86.865,118.382,82.371,114.061,115.259,1.218
2026-07-01 01:52:00,63.252,642.114,86.551,118.333,82.412,114.067,115.186,1.222
2026-07-01 01:53:00,63.278,639.353,86.651,118.32,82.48,114.211,115.277,1.206
2026-07-01 01:54:00,63.334,642.539,86.56,118.265,82.385,114.153,115.254,1.228
2026-07-01 01:55:00,63.271,639.868,86.653,117.647,82.221,114.044,115.357,1.217
2026-07-01 01:56:00,63.374,641.946,86.942,118.244,82.317,114.045,115.258,1.232
2026-07-01 01:57:00,63.38,639.995,86.623,118.089,82.42,113.977,115.148,1.217
2026-07-01 01:58:00,63.277,641.048,87.225,118.069,82.317,114.17,115.393,1.209
2026-07-01 01:59:00,63.212,641.549,86.762,118.072,82.33,113.933,115.119,1.22
2026-07-01 02:00:00,63.23,642.757,86.934,118.64,82.429,114.129,115.39,1.226
2026-07-01 02:01:00,63.23,639.743,86.824,118.219,82.362,114.054,115.242,1.197
2026-07-01 02:02:00,63.237,641.189,86.498,118.108,82.114,114.206,115.3,1.225
2026-07-01 02:03:00,63.253,640.79,86.559,118.607,82.242,114.024,115.15,1.198
2026-07-01 02:04:00,63.238,641.454,87.244,118.472,82.252,114.256,115.35,1.211
2026-07-01 02:05:00,63.267,642.103,87.071,118.21,82.202,114.109,115.298,1.236
2026-07-01 02:06:00,63.265,642.068,86.898,117.883,82.549,113.886,115.033,1.233
2026-07-01 02:07:00,63.368,643.296,86.762,117.655,82.215,114.134,115.34,1.219
2026-07-01 02:08:00,63.38,641.543,86.787,117.792,82.238,114.119,115.263,1.23
2026-07-01 02:09:00,63.343,643.981,86.733,118.115,82.38,114.312,115.436,1.224
2026-07-01 02:10:00,63.288,642.792,86.44,117.448,82.184,113.939,115.032,1.214
2026-07-01 02:11:00,63.331,641.572,86.737,118.017,82.282,113.98,115.115,1.22
2026-07-01 02:12:00,63.25,642.129,87.183,118.301,82.418,113.988,115.111,1.222
2026-07-01 02:13:00,63.302,644.483,86.975,117.985,82.319,113.952,115.139,1.222
2026-07-01 02:14:00,63.379,642.467,86.743,117.403,82.234,114.223,115.225,1.213
2026-07-01 02:15:00,63.289,643.527,86.751,117.544,82.346,114.094,115.201,1.225
2026-07-01 02:16:00,63.191,640.119,87.348,117.852,82.417,114.286,115.387,1.214
2026-07-01 02:17:00,63.276,642.716,87.166,118.421,82.346,114.147,115.233,1.219
2026-07-01 02:18:00,63.267,644.599,87.173,117.799,82.179,114.072,115.019,1.22
2026-07-01 02:19:00,63.401,643.864,86.622,117.939,82.173,114.162,115.353,1.233
2026-07-01 02:20:00,63.242,643.419,87.098,118.145,82.48,113.93,114.96,1.216
2026-07-01 02:21:00,63.277,644.385,86.672,117.825,82.118,114.174,115.187,1.232
2026-07-01 02:22:00,63.379,643.893,86.648,117.59,82.377,114.12,115.238,1.217
2026-07-01 02:23:00,63.285,641.691,87.067,117.603,82.34,114.115,115.215,1.212
2026-07-01 02:24:00,63.391,644.535,86.702,118.133,82.285,114.072,115.174,1.22
2026-07-01 02:25:00,63.308,644.196,86.66,117.349,82.273,114.051,115.093,1.227
2026-07-01 02:26:00,63.226,641.657,86.785,117.375,82.126,114.065,115.053,1.207
2026-07-01 02:27:00,63.322,642.713,87.003,117.688,82.273,113.902,114.928,1.234
2026-07-01 02:28:00,63.388,642.573,86.426,117.317,82.357,113.797,114.823,1.232
2026-07-01 02:29:00,63.29,643.456,86.949,118.145,82.528,114.045,115.047,1.228
2026-07-01 02:30:00,63.298,643.595,86.951,117.758,82.231,114.011,115.117,1.21
2026-07-01 02:31:00,63.171,641.637,87.148,117.695,82.323,114.004,115.041,1.223
2026-07-01 02:32:00,63.339,643.239,86.538,117.398,82.446,114.159,115.155,1.233
2026-07-01 02:33:00,63.446,645.67,86.454,117.514,82.304,113.898,114.861,1.218
2026-07-01 02:34:00,63.421,644.415,86.064,117.139,82.204,113.844,114.789,1.228
2026-07-01 02:35:00,63.332,644.169,86.419,117.126,82.255,113.93,115.018,1.23
2026-07-01 02:36:00,63.336,643.439,86.405,117.33,82.099,114.015,114.977,1.205
2026-07-01 02:37:00,63.249,643.346,86.794,117.158,82.43,114.173,115.293,1.222
2026-07-01 02:38:00,63.282,643.222,86.64,117.221,82.208,114.194,115.13,1.211
2026-07-01 02:39:00,63.281,642.814,86.432,117.133,82.214,114.038,115.046,1.226
2026-07-01 02:40:00,63.315,646.679,86.744,117.712,82.399,114.164,115.04,1.219
2026-07-01 02:41:00,63.373,644.388,86.435,117.128,82.412,114.068,115.01,1.247
2026-07-01 02:42:00,63.381,643.523,86.247,117.505,82.369,114.189,115.1,1.238
2026-07-01 02:43:00,63.307,645.48,86.556,117.218,82.43,114.04,114.79,1.237
2026-07-01 02:44:00,63.288,645.466,86.924,117.498,82.251,114.14,114.949,1.214
2026-07-01 02:45:00,63.344,643.503,86.546,117.477,82.314,114.091,115.071,1.231
2026-07-01 02:46:00,63.419,644.423,86.952,116.942,82.151,114.148,114.968,1.201
2026-07-01 02:47:00,63.423,644.672,86.157,117.432,82.543,114.06,115.043,1.214
2026-07-01 02:48:00,63.387,645.506,86.31,116.738,82.256,114.017,114.73,1.223
2026-07-01 02:49:00,63.252,644.198,86.492,116.606,82.274,114.035,114.863,1.246
2026-07-01 02:50:00,63.425,642.829,85.873,116.685,82.154,113.93,114.785,1.219
2026-07-01 02:51:00,63.325,643.896,85.954,116.727,82.377,113.919,114.741,1.227
2026-07-01 02:52:00,63.284,643.705,86.52,116.585,82.074,114.018,114.796,1.237
2026-07-01 02:53:00,63.258,641.178,86.093,116.768,82.106,114.155,114.95,1.225
2026-07-01 02:54:00,63.267,642.248,86.427,116.786,82.374,113.95,114.559,1.216
2026-07-01 02:55:00,63.281,644.459,86.213,116.804,82.322,114.09,114.905,1.241
2026-07-01 02:56:00,63.443,643.569,86.472,117.09,82.16,113.837,114.674,1.242
2026-07-01 02:57:00,63.417,644.55,86.065,116.362,82.225,114.129,114.842,1.231
2026-07-01 02:58:00,63.269,643.984,86.632,116.746,82.283,114.035,114.906,1.221
2026-07-01 02:59:00,63.395,643.266,85.851,116.066,82.212,114.121,114.797,1.219
2026-07-01 03:00:00,63.382,644.205,85.984,116.104,82.112,114.279,114.999,1.21
2026-07-01 03:01:00,63.33,644.62,86.225,116.542,82.35,113.935,114.709,1.205
2026-07-01 03:02:00,63.392,644.945,86.305,116.066,82.101,113.967,114.48,1.229
2026-07-01 03:03:00,63.469,643.825,86.038,116.215,82.25,114.146,114.742,1.22
2026-07-01 03:04:00,103.388,642.518,86.222,116.431,82.226,114.023,114.643,1.232
2026-07-01 03:05:00,63.448,644.895,85.941,116.26,82.186,113.932,114.501,1.24
2026-07-01 03:06:00,63.384,644.237,85.713,115.899,82.171,113.988,114.556,1.219
2026-07-01 03:07:00,63.277,645.242,86.138,116.201,82.142,114.124,114.647,1.204
2026-07-01 03:08:00,63.242,644.216,86.104,116.471,82.015,114.148,114.635,1.227
2026-07-01 03:09:00,63.268,644.479,85.931,116.116,82.178,114.159,114.569,1.215
2026-07-01 03:10:00,63.291,645.366,86.024,116.297,82.237,113.793,114.299,1.222
2026-07-01 03:11:00,63.39,644.422,85.521,116.078,82.327,114.041,114.695,1.229
2026-07-01 03:12:00,63.414,641.803,85.898,115.726,82.164,113.851,114.244,1.221
2026-07-01 03:13:00,63.428,644.681,86.012,116.163,82.271,114.108,114.594,1.249
2026-07-01 03:14:00,63.306,643.039,85.705,116.21,82.192,113.836,114.235,1.222
2026-07-01 03:15:00,63.309,642.671,86.254,115.896,82.199,113.931,114.267,1.231
2026-07-01 03:16:00,63.291,640.987,85.871,115.349,82.217,114.162,114.572,1.237
2026-07-01 03:17:00,63.342,644.606,85.551,115.902,82.057,113.942,114.214,1.22
2026-07-01 03:18:00,63.285,642.961,85.474,115.142,82.228,113.807,114.244,1.235
2026-07-01 03:19:00,63.342,645.698,85.454,115.707,82.268,114.05,114.293,1.226
2026-07-01 03:20:00,63.403,643.074,85.39,115.94,82.019,113.879,114.248,1.243
2026-07-01 03:21:00,63.292,641.16,85.716,115.386,82.079,114.011,114.328,1.228
2026-07-01 03:22:00,63.47,644.239,85.148,115.343,82.155,114.002,114.216,1.224
2026-07-01 03:23:00,63.262,643.806,85.639,115.564,82.235,114.141,114.466,1.207
2026-07-01 03:24:00,63.329,644.97,85.174,115.352,82.102,114.145,114.487,1.235
2026-07-01 03:25:00,63.235,642.25,84.975,115.216,82.37,113.898,114.112,1.257
2026-07-01 03:26:00,63.435,643.78,85.445,115.216,82.071,113.969,114.249,1.246
2026-07-01 03:27:00,63.462,642.704,85.276,115.517,82.087,113.919,114.214,1.243
2026-07-01 03:28:00,63.228,641.381,85.039,115.286,82.23,114.106,114.145,1.23
2026-07-01 03:29:00,63.402,642.582,84.944,115.443,82.181,113.75,114.025,1.215
2026-07-01 03:30:00,63.365,642.889,85.283,115.362,82.315,113.949,114.175,1.224
2026-07-01 03:31:00,63.37,643.697,84.633,115.069,82.188,113.932,114.154,1.212
2026-07-01 03:32:00,63.367,640.215,85.254,115.245,82.288,113.834,113.967,1.236
2026-07-01 03:33:00,63.326,641.263,84.993,115.021,82.176,113.886,113.974,1.213
2026-07-01 03:34:00,63.395,642.873,85.379,115.284,82.118,113.946,114.071,1.23
2026-07-01 03:35:00,63.352,641.492,84.877,115.373,82.056,114.017,114.198,1.26
2026-07-01 03:36:00,63.369,644.977,84.735,114.729,82.042,113.897,114.111,1.213
2026-07-01 03:37:00,63.497,643.998,84.487,115.1,82.248,113.893,113.981,1.22
2026-07-01 03:38:00,63.378,640.639,85.1,114.482,82.192,113.923,113.97,1.235
2026-07-01 03:39:00,63.32,641.795,84.476,114.828,82.016,113.814,113.813,1.239
2026-07-01 03:40:00,63.36,643.773,84.651,114.342,82.081,114.042,114.156,1.231
2026-07-01 03:41:00,63.293,643.295,84.146,114.632,82.06,113.845,113.83,1.221
2026-07-01 03:42:00,63.431,641.892,84.265,114.659,82.303,114.035,113.86,1.253
2026-07-01 03:43:00,63.413,645.912,84.148,114.588,82.079,113.945,113.697,1.224
2026-07-01 03:44:00,63.472,642.31,84.369,115.234,82.139,114.037,114.063,1.222
2026-07-01 03:45:00,63.381,642.659,84.235,114.22,82.071,113.821,113.791,1.232
2026-07-01 03:46:00,63.361,643.54,84.04,114.217,82.053,113.653,113.541,1.217
2026-07-01 03:47:00,63.287,641.95,84.61,114.154,82.276,113.926,113.795,1.248
2026-07-01 03:48:00,63.41,644.095,84.156,114.708,82.233,113.986,113.886,1.223
2026-07-01 03:49:00,63.402,641.197,84.574,114.465,82.113,113.859,113.734,1.229
2026-07-01 03:50:00,63.379,642.489,83.794,114.308,82.135,113.896,113.726,1.225
2026-07-01 03:51:00,63.455,642.215,84.33,114.678,81.887,113.953,113.774,1.235
2026-07-01 03:52:00,63.446,643.834,84.281,113.916,81.907,113.907,113.595,1.231
2026-07-01 03:53:00,63.365,644.616,84.53,113.768,82.164,113.775,113.668,1.215
2026-07-01 03:54:00,63.382,640.045,84.244,113.333,82.166,113.819,113.54,1.235
2026-07-01 03:55:00,63.375,643.614,84.025,114.011,81.923,113.906,113.587,1.23
2026-07-01 03:56:00,63.48,640.633,83.66,114.009,82.188,113.864,113.565,1.251
2026-07-01 03:57:00,63.444,641.022,83.47,113.832,82.163,113.909,113.643,1.243
2026-07-01 03:58:00,63.402,641.914,83.858,112.994,81.953,113.936,113.57,1.236
2026-07-01 03:59:00,63.526,645.254,83.514,113.307,81.941,114.031,113.671,1.223
2026-07-01 04:00:00,63.398,642.4,83.463,113.388,81.878,113.877,113.527,1.257
2026-07-01 04:01:00,63.338,642.722,83.461,113.609,82.052,113.812,113.4,1.233
2026-07-01 04:02:00,63.299,640.603,83.353,113.343,82.052,114.013,113.651,1.22
2026-07-01 04:03:00,63.326,641.84,83.513,113.165,82.066,113.96,113.608,1.232
2026-07-01 04:04:00,63.439,641.639,83.505,113.757,82.024,113.968,113.576,1.224
2026-07-01 04:05:00,63.432,642.221,83.423,113.15,82.124,113.967,113.616,1.235
2026-07-01 04:06:00,63.407,641.819,83.447,112.782,81.922,113.866,113.433,1.249
2026-07-01 04:07:00,63.476,643.479,82.941,113.09,81.904,113.966,113.506,1.251
2026-07-01 04:08:00,63.284,639.658,83.605,113.517,81.95,113.91,113.556,1.241
2026-07-01 04:09:00,63.405,640.827,83.171,113.058,82.051,113.893,113.521,1.235
2026-07-01 04:10:00,63.418,640.269,83.508,113.012,81.982,113.721,113.212,1.224
2026-07-01 04:11:00,63.302,640.478,82.965,113.131,82.159,113.793,113.296,1.238
2026-07-01 04:12:00,63.423,642.164,83.131,112.719,81.934,113.781,113.375,1.244
2026-07-01 04:13:00,63.325,642.046,82.975,112.834,82.198,113.618,113.093,1.21
2026-07-01 04:14:00,63.355,641.657,82.453,112.437,81.903,113.755,113.237,1.243
2026-07-01 04:15:00,63.455,640.743,82.953,112.241,81.895,113.845,113.217,1.231
2026-07-01 04:16:00,63.354,641.662,82.8,112.516,81.988,113.758,113.163,1.228
2026-07-01 04:17:00,63.512,642.784,82.651,112.529,81.869,113.851,113.354,1.248
2026-07-01 04:18:00,63.32,640.692,82.35,112.206,81.975,113.628,112.88,1.222
2026-07-01 04:19:00,63.386,638.981,82.272,112.673,81.899,113.655,113.112,1.239
2026-07-01 04:20:00,63.395,641.66,82.43,112.959,82.057,113.895,113.165,1.222
2026-07-01 04:21:00,63.394,637.749,82.468,112.197,81.955,113.658,112.961,1.243
2026-07-01 04:22:00,63.376,638.68,82.117,112.373,82.011,113.732,113.082,1.245
2026-07-01 04:23:00,63.3,640.899,82.091,112.277,82.046,113.734,113.084,1.245
2026-07-01 04:24:00,63.507,639.064,81.838,112.45,81.945,113.92,113.301,1.232
2026-07-01 04:25:00,63.33,639.246,82.243,111.888,81.922,113.542,112.847,1.224
2026-07-01 04:26:00,63.362,639.126,81.571,111.889,82.022,113.889,113.139,1.243
2026-07-01 04:27:00,63.317,639.002,82.226,112.206,81.897,113.539,112.66,1.246
2026-07-01 04:28:00,63.425,639.58,81.743,112.692,82.03,113.631,112.839,1.264
2026-07-01 04:29:00,63.441,639.782,81.793,112.205,82.082,113.833,113.056,1.253
2026-07-01 04:30:00,63.323,638.939,81.881,111.357,81.798,113.753,113.016,1.233
2026-07-01 04:31:00,63.289,636.798,82.046,111.961,82.161,113.638,112.84,1.233
2026-07-01 04:32:00,63.351,640.116,81.962,111.535,81.91,113.809,113.113,1.221
2026-07-01 04:33:00,63.474,638.464,81.387,111.549,82.064,113.742,112.989,1.242
2026-07-01 04:34:00,63.283,637.224,81.963,111.377,81.84,113.722,112.821,1.225
2026-07-01 04:35:00,63.282,637.792,81.818,111.045,81.766,113.519,112.705,1.248
2026-07-01 04:36:00,63.386,637.577,81.413,111.782,81.951,113.676,112.814,1.237
2026-07-01 04:37:00,63.498,638.798,81.292,111.623,82.101,113.764,112.972,1.247
2026-07-01 04:38:00,63.332,637.488,81.186,110.902,81.852,113.796,112.987,1.243
2026-07-01 04:39:00,63.457,636.693,81.36,111.708,81.961,113.614,112.637,1.227
2026-07-01 04:40:00,63.375,637.67,81.262,111.285,82.03,113.741,112.766,1.239
2026-07-01 04:41:00,63.324,635.491,80.876,111.377,81.898,113.631,112.69,1.238
2026-07-01 04:42:00,63.315,638.838,80.718,111.633,82.037,113.526,112.655,1.229
2026-07-01 04:43:00,63.403,637.006,80.94,111.804,81.851,113.871,112.896,1.226
2026-07-01 04:44:00,63.371,635.103,80.879,110.646,81.673,113.638,112.792,1.229
2026-07-01 04:45:00,63.436,636.45,81.306,111.415,82.045,113.649,112.519,1.231
2026-07-01 04:46:00,63.249,635.979,81.274,110.873,81.921,113.466,112.452,1.231
2026-07-01 04:47:00,63.438,635.637,80.375,110.834,81.975,113.714,112.616,1.225
2026-07-01 04:48:00,63.388,637.781,80.981,111.016,82.01,113.698,112.695,1.231
2026-07-01 04:49:00,63.321,636.381,80.6,110.687,81.97,113.552,112.624,1.232
2026-07-01 04:50:00,63.471,636.82,80.425,110.873,82.023,113.639,112.593,1.23
2026-07-01 04:51:00,63.368,636.094,80.833,111.05,81.943,113.661,112.749,1.21
2026-07-01 04:52:00,63.291,636.011,80.485,110.247,82.028,113.738,112.603,1.246
2026-07-01 04:53:00,63.44,636.591,80.826,110.347,81.801,113.604,112.622,1.245
2026-07-01 04:54:00,63.244,636.066,80.237,110.586,81.967,113.601,112.582,1.231
2026-07-01 04:55:00,63.307,635.283,80.781,110.853,81.922,113.623,112.434,1.248
2026-07-01 04:56:00,63.296,635.5,80.109,110.591,81.989,113.94,112.89,1.241
2026-07-01 04:57:00,63.349,636.186,80.451,110.445,82.005,113.456,112.354,1.235
2026-07-01 04:58:00,63.339,635.025,80.077,110.612,81.917,113.589,112.609,1.246
2026-07-01 04:59:00,63.284,634.511,80.488,110.296,81.841,113.631,112.377,1.258
2026-07-01 05:00:00,63.39,635.354,80.12,110.45,81.846,113.515,112.357,1.244
2026-07-01 05:01:00,63.315,636.473,79.744,109.933,81.939,113.628,112.531,1.251
2026-07-01 05:02:00,63.354,637.202,79.765,110.455,81.932,113.631,112.536,1.228
2026-07-01 05:03:00,63.286,632.885,80.221,109.98,81.841,113.723,112.684,1.227
2026-07-01 05:04:00,63.385,636.881,79.887,109.876,81.877,113.755,112.73,1.227
2026-07-01 05:05:00,63.314,636.56,79.421,109.963,81.775,113.822,112.809,1.233
2026-07-01 05:06:00,63.376,635.105,80.466,110.715,81.963,113.699,112.522,1.248
2026-07-01 05:07:00,63.284,633.911,79.347,109.958,81.878,113.592,112.402,1.243
2026-07-01 05:08:00,63.31,634.786,79.677,110.021,81.787,113.6,112.418,1.242
2026-07-01 05:09:00,63.307,633.352,79.301,109.488,81.844,113.615,112.593,1.23
2026-07-01 05:10:00,63.474,634.439,79.299,109.795,81.897,113.43,112.277,1.24
2026-07-01 05:11:00,63.273,632.295,79.485,109.73,81.637,113.54,112.262,1.232
2026-07-01 05:12:00,63.352,632.577,79.758,109.836,82.054,113.592,112.394,1.247
2026-07-01 05:13:00,63.282,632.556,79.651,109.109,81.804,113.469,112.419,1.264
2026-07-01 05:14:00,63.286,632.113,79.232,109.946,81.929,113.636,112.447,1.25
2026-07-01 05:15:00,63.235,631.546,79.552,109.349,81.73,113.439,112.21,1.254
2026-07-01 05:16:00,63.363,633.761,79.497,109.374,81.835,113.604,112.365,1.245
2026-07-01 05:17:00,63.329,631.079,79.839,109.427,81.82,113.579,112.432,1.242
2026-07-01 05:18:00,63.383,631.633,79.632,109.57,81.877,113.575,112.357,1.264
2026-07-01 05:19:00,63.301,630.768,78.915,109.417,82.002,113.508,112.294,1.211
2026-07-01 05:20:00,63.37,633.043,79.162,109.235,81.911,113.45,112.214,1.248
2026-07-01 05:21:00,63.14,630.227,79.232,109.395,81.918,113.565,112.443,1.249
2026-07-01 05:22:00,63.199,632.105,78.966,108.72,81.89,113.436,112.27,1.218
2026-07-01 05:23:00,63.383,633.47,79.192,109.436,81.817,113.594,112.433,1.239
2026-07-01 05:24:00,63.163,631.731,79.02,108.923,82.003,113.676,112.438,1.242
2026-07-01 05:25:00,63.189,631.308,79.447,109.065,81.828,113.459,112.316,1.249
2026-07-01 05:26:00,63.409,632.635,78.853,109.096,81.835,113.489,112.407,1.24
2026-07-01 05:27:00,63.399,632.157,78.851,108.907,81.913,113.435,112.196,1.244
2026-07-01 05:28:00,63.42,633.331,78.89,109.039,81.946,113.642,112.35,1.234
2026-07-01 05:29:00,63.229,631.229,78.954,108.487,81.856,113.61,112.471,1.263
2026-07-01 05:30:00,63.252,630.132,79.109,108.551,81.791,113.437,112.3,1.233
2026-07-01 05:31:00,63.272,630.337,79.059,108.982,81.809,113.498,112.243,1.255
2026-07-01 05:32:00,63.341,632.551,78.588,108.534,81.749,113.442,112.235,1.237
2026-07-01 05:33:00,63.278,631.295,78.468,108.265,81.646,113.536,112.377,1.245
2026-07-01 05:34:00,63.35,630.301,78.653,109.337,81.759,113.641,112.625,1.262
2026-07-01 05:35:00,63.292,629.316,79.184,108.613,81.85,113.584,112.324,1.233
2026-07-01 05:36:00,63.315,630.696,78.382,108.561,81.598,113.521,112.369,1.263
2026-07-01 05:37:00,63.312,630.613,78.708,107.9,81.709,113.582,112.331,1.229
2026-07-01 05:38:00,63.281,630.05,78.202,108.205,81.695,113.572,112.442,1.222
2026-07-01 05:39:00,63.273,630.401,78.593,108.402,81.88,113.57,112.388,1.25
2026-07-01 05:40:00,63.193,631.274,77.64,108.071,81.838,113.342,112.284,1.246
2026-07-01 05:41:00,63.258,628.291,77.691,107.994,81.771,113.604,112.499,1.255
2026-07-01 05:42:00,63.26,628.484,78.474,107.958,81.909,113.372,112.205,1.25
2026-07-01 05:43:00,63.35,628.298,78.004,107.851,81.772,113.578,112.508,1.258
2026-07-01 05:44:00,63.436,628.992,78.43,108.216,81.639,113.643,112.432,1.238
2026-07-01 05:45:00,63.323,632.235,77.934,108.048,81.649,113.674,112.546,1.228
2026-07-01 05:46:00,63.244,626.911,77.935,107.546,81.655,113.381,112.204,1.247
2026-07-01 05:47:00,63.27,628.715,77.685,108.111,81.709,113.555,112.344,1.248
2026-07-01 05:48:00,63.222,627.356,78.318,107.948,81.56,113.345,112.166,1.254
2026-07-01 05:49:00,63.306,628.352,77.906,108.114,81.648,113.311,112.181,1.224
2026-07-01 05:50:00,63.382,628.838,78.205,108.122,81.717,113.527,112.318,1.262
2026-07-01 05:51:00,63.183,626.359,77.902,108.134,81.688,113.416,112.24,1.254
2026-07-01 05:52:00,63.208,629.872,78.022,107.318,81.68,113.224,112.21,1.24
2026-07-01 05:53:00,63.283,626.749,77.424,107.695,81.828,113.329,112.288,1.239
2026-07-01 05:54:00,63.153,628.971,77.749,107.538,81.573,113.489,112.42,1.256
2026-07-01 05:55:00,63.34,626.935,78.024,107.972,81.83,113.598,112.465,1.237
2026-07-01 05:56:00,63.302,624.649,77.81,107.48,81.703,113.233,112.109,1.249
2026-07-01 05:57:00,63.221,626.532,77.654,107.392,81.817,113.404,112.378,1.252
2026-07-01 05:58:00,63.2,624.218,77.735,107.495,81.747,113.335,112.167,1.244
2026-07-01 05:59:00,63.352,627.351,77.417,107.678,81.773,113.368,112.237,1.254
2026-07-01 06:00:00,63.183,626.191,77.5,107.383,81.801,113.482,112.527,1.22
2026-07-01 06:01:00,63.382,626.808,77.515,107.256,81.749,113.367,112.349,1.243
2026-07-01 06:02:00,63.294,626.884,77.532,107.495,81.832,113.542,112.467,1.244
2026-07-01 06:03:00,63.372,624.514,77.7,107.301,81.886,113.435,112.336,1.228
2026-07-01 06:04:00,63.148,624.808,77.808,107.63,81.777,113.561,112.402,1.248
2026-07-01 06:05:00,63.234,624.484,77.274,107.339,81.555,113.387,112.324,1.235
2026-07-01 06:06:00,63.223,625.077,77.405,106.49,81.665,113.238,112.16,1.227
2026-07-01 06:07:00,63.303,624.131,77.79,106.895,81.822,113.336,112.251,1.234
2026-07-01 06:08:00,63.18,1074.004,77.652,107.173,81.671,113.292,112.229,1.228
2026-07-01 06:09:00,63.195,623.067,77.649,107.144,81.746,113.312,112.219,1.236
2026-07-01 06:10:00,63.228,624.503,77.174,106.731,81.698,113.503,112.517,1.242
2026-07-01 06:11:00,63.145,625.307,77.503,107.061,81.573,113.286,112.388,1.244
2026-07-01 06:12:00,63.067,625.087,77.299,106.614,81.781,113.274,112.196,1.251
2026-07-01 06:13:00,63.205,623.864,77.556,107.272,81.701,113.379,112.346,1.233
2026-07-01 06:14:00,63.164,624.27,77.554,107.171,81.595,113.216,112.248,1.235
2026-07-01 06:15:00,63.195,624.95,77.558,106.751,81.602,113.403,112.455,1.229
2026-07-01 06:16:00,63.186,622.764,77.467,106.554,81.751,113.499,112.488,1.24
2026-07-01 06:17:00,63.335,623.781,77.263,106.674,81.737,113.346,112.292,1.224
2026-07-01 06:18:00,63.176,623.483,77.464,106.761,81.716,113.595,112.641,1.259
2026-07-01 06:19:00,63.263,624.368,77.322,106.567,81.597,113.385,112.582,1.229
2026-07-01 06:20:00,63.211,622.741,76.623,107.045,81.727,113.323,112.413,1.206
2026-07-01 06:21:00,63.201,621.925,77.488,107.053,81.593,113.481,112.636,1.235
2026-07-01 06:22:00,63.25,621.251,77.171,106.653,81.764,113.263,112.392,1.228
2026-07-01 06:23:00,63.207,622.665,77.512,106.559,81.792,113.421,112.55,1.238
2026-07-01 06:24:00,63.272,621.926,77.285,107.038,81.798,113.403,112.576,1.243
2026-07-01 06:25:00,63.012,621.803,77.597,107.36,81.933,113.247,112.313,1.242
2026-07-01 06:26:00,63.282,625.479,77.392,106.349,81.611,113.371,112.602,1.25
2026-07-01 06:27:00,63.237,623.351,77.495,106.231,81.782,113.181,112.458,1.255
2026-07-01 06:28:00,63.267,623.825,77.019,106.586,81.658,113.432,112.624,1.233
2026-07-01 06:29:00,63.262,622.522,76.959,106.547,81.664,113.5,112.729,1.215
2026-07-01 06:30:00,63.006,619.875,77.494,107,81.628,113.469,112.533,1.227
2026-07-01 06:31:00,63.274,621.13,77.089,106.183,81.717,113.377,112.611,1.241
2026-07-01 06:32:00,63.161,620.944,76.993,106.29,81.578,113.202,112.418,1.241
2026-07-01 06:33:00,63.144,620.988,77.189,105.765,81.408,113.022,112.259,1.24
2026-07-01 06:34:00,63.1,621.145,77.295,105.907,81.528,113.251,112.549,1.224
2026-07-01 06:35:00,63.122,619.51,77.461,105.918,81.454,113.317,112.626,1.224
2026-07-01 06:36:00,63.222,621.192,77.475,106.752,81.695,113.377,112.815,1.205
2026-07-01 06:37:00,63.108,620.709,77.657,106.167,81.537,113.36,112.759,1.217
2026-07-01 06:38:00,63.153,619.596,77.061,106.424,81.681,113.159,112.564,1.223
2026-07-01 06:39:00,63.176,617.599,77.078,106.037,81.827,113.218,112.553,1.231
2026-07-01 06:40:00,63.153,619.273,77.381,106.373,81.681,113.305,112.633,1.227
2026-07-01 06:41:00,63.127,618.591,77.728,105.604,81.503,113.138,112.445,1.23
2026-07-01 06:42:00,63.112,618.736,77.061,105.851,81.626,113.294,112.629,1.229
2026-07-01 06:43:00,63.108,618.901,77.557,105.492,81.672,113.262,112.524,1.228
2026-07-01 06:44:00,63.25,618.697,77.428,106.306,81.548,113.272,112.709,1.234
2026-07-01 06:45:00,63.078,620.342,77.22,106.327,81.599,113.437,112.828,1.228
2026-07-01 06:46:00,63.217,617.67,77.111,105.89,81.766,113.206,112.727,1.216
2026-07-01 06:47:00,63.115,618.126,77.366,105.984,81.755,113.313,112.835,1.23
2026-07-01 06:48:00,63.033,618.568,77.435,106.052,81.354,113.264,112.74,1.21
2026-07-01 06:49:00,63.169,618.467,77.3,106.188,81.701,113.375,112.739,1.238
2026-07-01 06:50:00,63.256,617.705,77.478,106.592,81.715,113.288,112.84,1.22
2026-07-01 06:51:00,63.08,616.578,77.672,105.915,81.52,113.326,112.912,1.223
2026-07-01 06:52:00,63.114,617.994,76.767,105.662,81.698,113.289,112.806,1.226
2026-07-01 06:53:00,63.17,618.673,77.335,105.79,81.814,113.237,112.893,1.213
2026-07-01 06:54:00,63.133,617.949,77.08,105.81,81.577,113.265,112.884,1.237
2026-07-01 06:55:00,63.117,617.766,76.941,105.887,81.64,113.201,112.845,1.227
2026-07-01 06:56:00,63.086,616.082,77.043,105.738,81.556,113.026,112.535,1.23
2026-07-01 06:57:00,63.109,615.669,77.593,106.283,81.643,113.04,112.658,1.229
2026-07-01 06:58:00,63.041,617.508,77.534,106.345,81.635,113.278,112.833,1.214
2026-07-01 06:59:00,63.199,616.395,77.692,105.951,81.817,113.265,112.912,1.228
2026-07-01 07:00:00,63.039,616.339,77.629,106.332,81.686,113.069,112.834,1.222
2026-07-01 07:01:00,63.157,617.359,77.44,105.519,81.601,113.318,112.999,1.228
2026-07-01 07:02:00,63.134,615.489,77.306,106.048,81.53,113.053,112.722,1.215
2026-07-01 07:03:00,62.981,615.973,77.49,106.16,81.586,113.211,112.999,1.228
2026-07-01 07:04:00,63.038,613.471,77.442,105.845,81.602,113.124,112.879,1.244
2026-07-01 07:05:00,63.023,614.052,77.144,105.75,81.645,113.199,112.995,1.243
2026-07-01 07:06:00,63.016,617.598,77.564,106.072,81.578,113.259,112.932,1.239
2026-07-01 07:07:00,63.028,615.607,77.504,106.014,81.602,113.385,113.04,1.237
2026-07-01 07:08:00,63.098,615.385,77.2,105.979,81.681,113.189,112.98,1.223
2026-07-01 07:09:00,63.083,613.653,77.422,105.927,81.598,113.269,113.183,1.221
2026-07-01 07:10:00,63.073,616.344,77.226,106.468,81.753,113.301,113.179,1.217
2026-07-01 07:11:00,63.062,612.203,77.55,106.115,81.858,113.081,112.882,1.204
2026-07-01 07:12:00,63.076,614.588,77.619,106.237,81.794,113.183,113.006,1.227
2026-07-01 07:13:00,63.028,610.87,77.64,105.553,81.534,113.107,112.974,1.204
2026-07-01 07:14:00,62.935,613.031,77.907,105.637,81.482,113.31,113.186,1.234
2026-07-01 07:15:00,63.16,615.868,77.445,105.965,81.612,113.292,113.23,1.219
2026-07-01 07:16:00,62.956,614.587,77.616,105.568,81.659,113.106,113.03,1.192
2026-07-01 07:17:00,62.979,611.409,77.616,105.778,81.49,113.022,112.987,1.204
2026-07-01 07:18:00,63.17,615.568,77.625,105.831,81.594,113.313,113.289,1.205
2026-07-01 07:19:00,63.113,614.708,77.456,106.166,81.482,113.226,113.241,1.228
2026-07-01 07:20:00,63.033,612.288,77.909,105.675,81.655,113.028,112.949,1.202
2026-07-01 07:21:00,62.922,614.378,77.617,106.104,81.512,113.36,113.398,1.21
2026-07-01 07:22:00,63.062,612.061,77.547,105.451,81.532,113.129,113.14,1.224
2026-07-01 07:23:00,62.986,612.232,77.851,105.668,81.465,113.065,113.048,1.201
2026-07-01 07:24:00,62.958,613.399,77.865,105.509,81.486,113.15,113.28,1.226
2026-07-01 07:25:00,62.979,612.283,77.459,106.033,81.497,113.137,113.177,1.187
2026-07-01 07:26:00,63.04,612.616,77.94,105.65,81.481,113.113,113.282,1.196
2026-07-01 07:27:00,63.113,611.945,77.995,106.174,81.502,113.301,113.337,1.193
2026-07-01 07:28:00,62.95,610.426,78.199,105.123,81.55,113.058,113.196,1.216
2026-07-01 07:29:00,62.885,610.831,77.86,106.167,81.569,113.176,113.216,1.211
2026-07-01 07:30:00,62.887,609.741,77.72,105.929,81.526,113.181,113.346,1.222
2026-07-01 07:31:00,62.961,610.754,78.157,105.535,81.655,113.278,113.399,1.203
2026-07-01 07:32:00,62.91,609.076,77.83,105.667,81.594,113.241,113.379,1.208
2026-07-01 07:33:00,62.944,611.328,77.737,105.456,81.607,113.278,113.627,1.201
2026-07-01 07:34:00,62.846,611.343,78.056,105.788,81.524,113.047,113.474,1.203
2026-07-01 07:35:00,62.929,609.966,78.152,106.003,81.417,112.954,113.145,1.163
2026-07-01 07:36:00,62.962,610.655,77.925,105.543,81.54,113.292,113.493,1.198
2026-07-01 07:37:00,62.999,612.881,78.256,105.603,81.496,113.172,113.49,1.194
2026-07-01 07:38:00,62.93,609.927,78.313,106.381,81.528,113.246,113.554,1.211
2026-07-01 07:39:00,63.046,610.888,78.249,105.979,81.699,113.182,113.619,1.187
2026-07-01 07:40:00,62.948,612.071,78.299,105.902,81.587,113.253,113.65,1.204
2026-07-01 07:41:00,62.996,610.198,78.334,105.558,81.595,113.13,113.509,1.196
2026-07-01 07:42:00,62.979,609.001,78.309,106.108,81.503,113.036,113.393,1.197
2026-07-01 07:43:00,62.992,608.226,78.263,106.065,81.532,113.234,113.685,1.212
2026-07-01 07:44:00,62.918,608.03,78.32,105.697,81.44,113.216,113.654,1.212
2026-07-01 07:45:00,63.069,611.185,78.688,105.924,81.547,113.1,113.462,1.191
2026-07-01 07:46:00,62.861,607.672,78.31,106.121,81.473,113.197,113.605,1.187
2026-07-01 07:47:00,62.914,609.887,78.462,106.312,81.648,113.39,113.812,1.196
2026-07-01 07:48:00,62.98,610.839,78.255,106.078,81.444,113.197,113.592,1.184
2026-07-01 07:49:00,62.831,606.148,78.686,106.203,81.585,113.155,113.614,1.202
2026-07-01 07:50:00,63.002,609.446,78.583,105.921,81.642,113.04,113.449,1.173
2026-07-01 07:51:00,62.882,606.179,79.112,106.222,81.611,113.185,113.848,1.182
2026-07-01 07:52:00,62.912,608.605,78.821,105.998,81.583,113.224,113.683,1.208
2026-07-01 07:53:00,62.881,607.394,78.143,106.444,81.654,113.259,113.759,1.184
2026-07-01 07:54:00,62.845,609.03,78.946,106.11,81.522,113.096,113.769,1.195
2026-07-01 07:55:00,62.865,607.207,79.581,106.396,81.587,113.126,113.649,1.198
2026-07-01 07:56:00,62.964,607.034,79.385,106.057,81.702,113.22,113.8,1.176
2026-07-01 07:57:00,62.919,607.431,79.127,106.151,81.422,113.149,113.707,1.188
2026-07-01 07:58:00,62.907,607.731,79.214,106.189,81.492,113.012,113.562,1.185
2026-07-01 07:59:00,62.796,607.679,79.235,106.335,81.648,113.154,113.827,1.179
2026-07-01 08:00:00,62.827,607.434,79.312,106.307,81.601,113.036,113.746,1.178
2026-07-01 08:01:00,62.926,607.565,79.205,105.924,81.432,113.065,113.766,1.185
2026-07-01 08:02:00,62.819,604.655,79.656,106.76,81.53,113.184,113.775,1.189
2026-07-01 08:03:00,62.839,604.501,79.24,106.092,81.698,113.075,113.782,1.18
2026-07-01 08:04:00,62.919,606.71,79.321,106.249,81.629,113.176,113.856,1.193
2026-07-01 08:05:00,62.836,604.702,79.093,106.365,81.486,113.202,113.964,1.18
2026-07-01 08:06:00,62.869,607.71,79.636,106.224,81.613,113.272,114.019,1.189
2026-07-01 08:07:00,62.743,603.38,79.865,106.267,81.553,113.174,113.988,1.166
2026-07-01 08:08:00,62.907,606.17,79.678,106.485,81.606,113.157,113.959,1.151
2026-07-01 08:09:00,62.907,606.749,79.508,106.425,81.408,113.244,114.056,1.165
2026-07-01 08:10:00,62.848,605.002,79.423,106.833,81.541,113.101,113.952,1.172
2026-07-01 08:11:00,62.822,605.622,79.575,106.362,81.475,113.096,113.921,1.193
2026-07-01 08:12:00,62.831,607.12,80.199,106.517,81.588,113.166,114.071,1.172
2026-07-01 08:13:00,62.909,606.213,79.817,106.706,81.525,113.163,113.845,1.173
2026-07-01 08:14:00,62.839,602.237,80.183,106.438,81.67,113.003,113.854,1.191
2026-07-01 08:15:00,62.949,605.935,79.987,106.429,81.672,113.168,113.98,1.163
2026-07-01 08:16:00,62.823,602.067,80.252,106.396,81.695,113.148,114.089,1.181
2026-07-01 08:17:00,62.883,604.401,79.836,106.159,81.688,113.118,114.041,1.184
2026-07-01 08:18:00,62.769,605.122,79.933,106.191,81.613,113.286,113.987,1.178
2026-07-01 08:19:00,62.629,601.225,80.018,106.519,81.798,113.198,114.162,1.16
2026-07-01 08:20:00,62.749,603.317,80.103,106.723,81.585,113.09,114.071,1.153
2026-07-01 08:21:00,62.606,602.62,80.283,106.485,81.474,113.221,114.226,1.177
2026-07-01 08:22:00,62.83,606.165,80.289,106.693,81.467,113.202,114.272,1.179
2026-07-01 08:23:00,62.675,603.799,80.384,106.683,81.449,113.149,114.143,1.166
2026-07-01 08:24:00,62.828,603.378,80.468,107,81.768,113.271,114.249,1.167
2026-07-01 08:25:00,62.767,604.375,80.524,106.637,81.388,113.114,114.115,1.163
2026-07-01 08:26:00,62.757,602.271,80.618,106.895,81.577,113.225,114.296,1.18
2026-07-01 08:27:00,62.689,603.962,80.903,106.973,81.371,113.302,114.396,1.182
2026-07-01 08:28:00,62.75,603.557,80.716,106.727,81.517,113.338,114.337,1.16
2026-07-01 08:29:00,62.836,599.974,80.825,106.666,81.523,113.258,114.24,1.138
2026-07-01 08:30:00,62.745,603.548,80.738,106.848,81.409,113.298,114.311,1.161
2026-07-01 08:31:00,62.803,600.823,80.942,106.89,81.636,113.103,114.075,1.173
2026-07-01 08:32:00,62.744,602.958,81.111,106.508,81.609,113.146,114.266,1.167
2026-07-01 08:33:00,62.812,601.723,81.004,107.172,81.709,113.104,114.12,1.166
2026-07-01 08:34:00,62.785,602.501,80.914,107.155,81.74,113.209,114.297,1.172
2026-07-01 08:35:00,62.683,602.288,80.766,107.586,81.468,113.061,114.123,1.159
2026-07-01 08:36:00,62.689,600.69,81.472,107.492,81.443,113.119,114.167,1.153
2026-07-01 08:37:00,62.695,602.13,80.878,107.657,81.685,113.108,114.166,1.154
2026-07-01 08:38:00,62.705,602.638,81.413,107.317,81.654,113.168,114.176,1.176
2026-07-01 08:39:00,62.628,598.662,81.092,107.461,81.765,113.201,114.275,1.14
2026-07-01 08:40:00,62.825,602.459,81.614,106.981,81.53,113.202,114.299,1.159
2026-07-01 08:41:00,62.73,602.499,81.612,107.073,81.581,113.25,114.308,1.155
2026-07-01 08:42:00,62.836,600.866,81.603,107.935,81.638,113.368,114.451,1.157
2026-07-01 08:43:00,62.635,602.254,81.738,107.118,81.718,113.151,114.23,1.149
2026-07-01 08:44:00,62.764,598.572,80.905,107.777,81.743,113.269,114.365,1.149
2026-07-01 08:45:00,62.672,599.739,81.674,107.671,81.73,113.265,114.471,1.146
2026-07-01 08:46:00,62.657,600.69,81.299,107.959,81.703,113.273,114.417,1.14
2026-07-01 08:47:00,62.649,601.169,81.62,108.257,81.761,113.251,114.399,1.143
2026-07-01 08:48:00,62.674,601.334,81.861,107.181,81.389,112.969,114.207,1.143
2026-07-01 08:49:00,62.616,599.556,81.78,107.852,81.59,113.329,114.424,1.155
2026-07-01 08:50:00,62.721,601.218,82.119,107.993,81.625,113.098,114.242,1.143
2026-07-01 08:51:00,62.645,601.114,81.454,108.181,81.736,113.265,114.498,1.143
2026-07-01 08:52:00,62.667,598.854,81.599,107.995,81.532,113.057,114.169,1.146
2026-07-01 08:53:00,62.751,598.856,82.197,108.218,81.617,113.098,114.252,1.138
2026-07-01 08:54:00,62.716,601.555,82.078,108.087,81.724,113.393,114.546,1.148
2026-07-01 08:55:00,62.589,601.196,82.408,107.489,81.594,113.05,114.335,1.141
2026-07-01 08:56:00,62.482,599.036,82.185,107.519,81.652,113.138,114.409,1.149
2026-07-01 08:57:00,62.689,601.147,82.291,107.72,81.679,113.113,114.328,1.135
2026-07-01 08:58:00,62.578,598.61,81.895,107.741,81.551,113.042,114.282,1.139
2026-07-01 08:59:00,62.539,600.521,82.048,107.885,81.81,113.236,114.37,1.128
2026-07-01 09:00:00,62.585,598.789,82.536,108.555,81.796,113.152,114.339,1.14
2026-07-01 09:01:00,62.658,598.933,82.33,108.059,81.686,113.217,114.448,1.148
2026-07-01 09:02:00,62.563,600.287,82.285,108.109,81.598,113.455,114.575,1.126
2026-07-01 09:03:00,62.716,600.396,82.44,108.318,81.526,113.261,114.474,1.129
2026-07-01 09:04:00,62.653,599.418,82.469,108.404,81.676,113.36,114.529,1.131
2026-07-01 09:05:00,62.525,597.923,82.58,108.737,81.682,113.461,114.612,1.146
2026-07-01 09:06:00,62.642,596.894,82.616,108.141,81.568,113.241,114.463,1.137
2026-07-01 09:07:00,62.612,597.727,82.952,108.291,81.613,113.089,114.321,1.122
2026-07-01 09:08:00,62.504,597.83,82.701,108.769,81.669,113.289,114.578,1.121
2026-07-01 09:09:00,62.57,599.422,82.858,108.155,81.633,113.078,114.364,1.117
2026-07-01 09:10:00,62.535,598.538,82.703,108.438,81.615,113.268,114.526,1.138
2026-07-01 09:11:00,62.585,598.221,83.4,108.405,81.744,113.182,114.325,1.116
2026-07-01 09:12:00,62.698,597.531,20.762,109.149,81.673,113.148,114.407,1.137
2026-07-01 09:13:00,62.474,598.138,82.98,109.115,81.556,113.246,114.475,1.122
2026-07-01 09:14:00,62.618,599.924,83.264,108.501,81.768,113.295,114.475,1.108
2026-07-01 09:15:00,62.717,598.785,83.601,108.71,81.544,113.349,114.485,1.125
2026-07-01 09:16:00,62.513,597.628,83.327,109.596,81.634,113.307,114.576,1.112
2026-07-01 09:17:00,62.583,599.776,83.213,109.467,81.837,113.216,114.387,1.106
2026-07-01 09:18:00,62.528,597.959,82.765,108.383,81.534,113.132,114.308,1.116
2026-07-01 09:19:00,62.527,598.524,83.371,108.709,81.711,113.212,114.496,1.12
2026-07-01 09:20:00,62.791,597.228,83.355,109.062,81.562,113.183,114.335,1.111
2026-07-01 09:21:00,62.66,596.843,83.375,108.713,81.573,113.085,114.148,1.116
2026-07-01 09:22:00,62.524,596.15,83.273,109.234,81.682,113.244,114.445,1.131
2026-07-01 09:23:00,62.579,596.546,83.877,109.003,81.715,113.17,114.346,1.123
2026-07-01 09:24:00,62.598,597.637,83.398,108.699,81.643,113.222,114.439,1.11
2026-07-01 09:25:00,62.661,599.446,83.28,109.104,81.537,113.261,114.356,1.091
2026-07-01 09:26:00,62.682,595.803,83.255,110.006,81.786,113.252,114.337,1.129
2026-07-01 09:27:00,62.497,596.356,84.036,109.092,81.802,113.25,114.496,1.126
2026-07-01 09:28:00,62.593,595.762,84.173,109.106,81.52,113.439,114.615,1.102
2026-07-01 09:29:00,62.633,597.89,84.097,109.592,81.698,113.433,114.532,1.127
2026-07-01 09:30:00,62.485,596.025,83.877,109.099,81.769,113.267,114.406,1.125
2026-07-01 09:31:00,62.589,594.862,84.115,109.579,81.629,113.288,114.371,1.102
2026-07-01 09:32:00,62.579,597.308,83.696,109.786,81.787,113.163,114.265,1.094
2026-07-01 09:33:00,62.491,597.884,84.292,110.228,81.723,113.316,114.464,1.106
2026-07-01 09:34:00,62.598,598.122,84.057,109.866,81.723,113.12,114.194,1.108
2026-07-01 09:35:00,62.602,597.769,84.38,109.964,81.723,113.152,114.272,1.11
2026-07-01 09:36:00,62.529,596.982,84.486,109.69,81.893,113.208,114.273,1.116
2026-07-01 09:37:00,62.581,598.532,84.131,109.963,81.769,113.41,114.48,1.107
2026-07-01 09:38:00,62.529,594.601,84.06,110.157,81.554,113.189,114.271,1.098
2026-07-01 09:39:00,62.537,597.585,84.648,110.299,81.866,113.147,114.214,1.084
2026-07-01 09:40:00,62.447,598.292,84.557,109.968,81.771,113.322,114.577,1.095
2026-07-01 09:41:00,62.591,596.741,84.782,109.948,81.674,113.394,114.453,1.091
2026-07-01 09:42:00,62.453,595.568,84.604,110.024,81.657,113.235,114.229,1.094
2026-07-01 09:43:00,62.593,597.815,84.736,110.085,81.638,113.122,114.238,1.115
2026-07-01 09:44:00,62.459,595.942,85.078,110.674,81.646,113.29,114.436,1.122
2026-07-01 09:45:00,62.644,596.019,84.262,110.235,81.758,113.143,114.209,1.115
2026-07-01 09:46:00,62.543,595.728,85.055,110.618,81.766,113.277,114.159,1.093
2026-07-01 09:47:00,62.638,597.566,84.911,110.473,81.864,113.14,114.118,1.075
2026-07-01 09:48:00,62.468,595.64,84.964,110.206,81.668,113.11,114.038,1.097
2026-07-01 09:49:00,62.603,597.67,84.636,110.325,81.69,113.203,114.245,1.089
2026-07-01 09:50:00,62.49,596.39,84.781,110.89,81.747,113.295,114.351,1.079
2026-07-01 09:51:00,62.554,595.945,84.989,110.415,81.754,113.158,114.123,1.089
2026-07-01 09:52:00,62.439,596.492,85.383,110.268,81.723,113.412,114.444,1.115
2026-07-01 09:53:00,62.452,598.602,84.822,110.819,81.809,113.229,114.167,1.097
2026-07-01 09:54:00,62.446,594.459,85.397,110.892,81.807,113.457,114.565,1.093
2026-07-01 09:55:00,62.577,598.657,84.787,111.612,81.874,113.331,114.36,1.071
2026-07-01 09:56:00,62.394,597.604,85.251,111.46,81.989,113.332,114.262,1.104
2026-07-01 09:57:00,62.447,593.521,85.536,111.219,81.666,113.342,114.288,1.097
2026-07-01 09:58:00,62.727,597.841,85.371,111.224,81.822,113.348,114.338,1.083
2026-07-01 09:59:00,62.487,593.809,85.022,110.815,81.861,113.223,114.102,1.072
2026-07-01 10:00:00,62.511,595.883,85.285,111.084,81.83,113.267,114.2,1.087
2026-07-01 10:01:00,62.501,594.733,85.246,111.025,81.681,113.296,114.073,1.072
2026-07-01 10:02:00,62.429,596.843,85.42,111.389,81.821,113.404,114.296,1.084
2026-07-01 10:03:00,62.492,598.108,85.06,111.375,81.794,113.177,114.125,1.078
2026-07-01 10:04:00,62.508,594.835,85.303,111.39,81.858,113.196,114.07,1.082
2026-07-01 10:05:00,62.448,594.745,85.568,111.39,81.677,113.45,114.192,1.082
2026-07-01 10:06:00,62.472,594.971,85.36,111.437,81.75,113.319,114.087,1.1
2026-07-01 10:07:00,62.611,599.659,85.62,112.245,81.817,113.401,114.348,1.064
2026-07-01 10:08:00,62.534,595.766,85.57,110.78,82.024,113.253,114.075,1.098
2026-07-01 10:09:00,62.632,597.063,85.419,111.814,81.899,113.291,114.084,1.09
2026-07-01 10:10:00,62.563,595.732,85.459,111.97,81.905,113.355,114.161,1.088
2026-07-01 10:11:00,62.467,595.369,85.617,111.824,81.922,113.265,114.093,1.089
2026-07-01 10:12:00,62.429,595.583,85.904,112.056,81.867,113.379,114.108,1.087
2026-07-01 10:13:00,62.588,596.392,85.516,111.799,81.739,113.479,114.24,1.057
2026-07-01 10:14:00,62.531,596.031,85.982,111.938,81.806,113.446,114.166,1.071
2026-07-01 10:15:00,62.475,595.345,85.768,112.364,81.894,113.174,113.836,1.068
2026-07-01 10:16:00,62.604,595.591,85.671,111.968,81.865,113.447,114.114,1.085
2026-07-01 10:17:00,62.506,596.24,86.125,111.945,81.814,113.375,114.093,1.071
2026-07-01 10:18:00,62.467,599.376,86.298,112.494,81.824,113.34,113.92,1.096
2026-07-01 10:19:00,62.435,594.292,85.89,112.267,82.018,113.376,114.016,1.057
2026-07-01 10:20:00,62.464,597.098,86.039,112.218,82.061,113.209,113.676,1.063
2026-07-01 10:21:00,62.555,597.913,86.615,112.304,81.923,113.371,114.107,1.079
2026-07-01 10:22:00,62.453,596.071,86.222,112.038,81.764,113.24,113.818,1.068
2026-07-01 10:23:00,62.416,595.717,86.251,113.233,81.884,113.283,113.878,1.073
2026-07-01 10:24:00,62.432,594.809,85.924,112.856,81.789,113.171,113.733,1.075
2026-07-01 10:25:00,62.549,596.117,86.35,112.378,81.978,113.408,113.932,1.062
2026-07-01 10:26:00,62.434,596.224,86.022,112.822,81.904,113.372,114.038,1.067
2026-07-01 10:27:00,62.508,596.526,86.216,112.565,82.018,113.474,114.069,1.068
2026-07-01 10:28:00,62.564,598.83,86.044,112.836,81.832,113.581,114.122,1.056
2026-07-01 10:29:00,62.559,596.558,86.95,112.768,81.755,113.408,113.924,1.07
2026-07-01 10:30:00,62.427,594.541,86.415,112.697,81.814,113.417,113.972,1.071
2026-07-01 10:31:00,62.45,595.825,86.504,113.063,81.931,113.369,113.845,1.077
2026-07-01 10:32:00,62.489,595.069,86.664,112.757,82.008,113.264,113.741,1.076
2026-07-01 10:33:00,62.341,596.142,86.88,113.524,81.882,113.54,113.962,1.059
2026-07-01 10:34:00,62.576,596.727,86.318,113.364,81.928,113.53,113.966,1.056
2026-07-01 10:35:00,62.49,599.321,86.48,112.578,81.715,113.301,113.726,1.07
2026-07-01 10:36:00,62.601,595.83,86.253,113.22,81.87,113.288,113.609,1.068
2026-07-01 10:37:00,62.483,593.976,86.407,113.599,81.875,113.4,113.715,1.075
2026-07-01 10:38:00,62.537,597.49,86.447,113.775,82.07,113.446,113.827,1.077
2026-07-01 10:39:00,62.579,597.319,86.413,113.912,81.855,113.322,113.72,1.082
2026-07-01 10:40:00,62.413,595.821,86.427,113.728,81.902,113.413,113.798,1.074
2026-07-01 10:41:00,62.349,595.765,86.699,113.593,82.005,113.453,113.837,1.089
2026-07-01 10:42:00,62.43,595.935,86.62,113.98,82.023,113.354,113.695,1.06
2026-07-01 10:43:00,62.492,597.727,87.018,113.816,81.987,113.194,113.536,1.047
2026-07-01 10:44:00,62.456,596.347,86.553,113.781,81.855,113.467,113.726,1.048
2026-07-01 10:45:00,62.482,596.217,86.672,114.108,81.972,113.511,113.853,1.069
2026-07-01 10:46:00,62.295,593.369,86.654,114.032,82.053,113.467,113.615,1.064
2026-07-01 10:47:00,62.544,595.249,86.763,112.892,81.985,113.269,113.361,1.092
2026-07-01 10:48:00,62.519,598.714,86.899,113.431,81.98,113.48,113.735,1.054
2026-07-01 10:49:00,62.431,596.636,86.594,114.095,82.092,113.733,113.994,1.04
2026-07-01 10:50:00,62.518,597.697,86.816,114.53,81.979,113.55,113.782,1.073
2026-07-01 10:51:00,62.499,597.792,86.816,113.94,81.985,113.597,113.794,1.046
2026-07-01 10:52:00,62.666,597.63,86.381,114.379,82.071,113.498,113.585,1.066
2026-07-01 10:53:00,62.451,598.33,87.181,114.155,81.85,113.458,113.549,1.074
2026-07-01 10:54:00,62.542,597.026,86.922,114.428,81.971,113.63,113.817,1.048
2026-07-01 10:55:00,62.49,597.863,86.542,113.713,81.987,113.604,113.615,1.048
2026-07-01 10:56:00,62.46,596.598,86.166,114.476,82.164,113.471,113.534,1.041
2026-07-01 10:57:00,62.418,598.204,86.901,114.889,82.08,113.601,113.626,1.046
2026-07-01 10:58:00,62.496,597.061,86.34,114.325,82.036,113.45,113.412,1.055
2026-07-01 10:59:00,62.532,596.767,86.66,115.01,81.982,113.455,113.538,1.065
2026-07-01 11:00:00,62.517,596.927,86.972,114.324,82.062,113.457,113.473,1.047
2026-07-01 11:01:00,62.589,597.564,86.471,114.7,81.918,113.396,113.409,1.047
2026-07-01 11:02:00,62.574,596.91,86.688,114.824,82.108,113.587,113.457,1.051
2026-07-01 11:03:00,62.477,598.01,86.536,114.584,81.967,113.406,113.411,1.048
2026-07-01 11:04:00,62.366,595.522,86.815,114.524,82.134,113.651,113.548,1.056
2026-07-01 11:05:00,62.487,597.717,87.058,114.738,82.001,113.466,113.354,1.047
2026-07-01 11:06:00,62.49,597.878,86.431,114.874,82.243,113.48,113.463,1.059
2026-07-01 11:07:00,62.342,596.299,86.888,114.686,81.887,113.349,113.199,1.054
2026-07-01 11:08:00,62.529,595.889,86.863,114.576,82.075,113.541,113.439,1.039
2026-07-01 11:09:00,62.399,597.769,86.679,115.054,82.009,113.644,113.364,1.048
2026-07-01 11:10:00,62.53,596.87,86.738,115.079,82.228,113.505,113.395,1.03
2026-07-01 11:11:00,62.537,599.539,87.082,114.816,81.974,113.356,113.163,1.049
2026-07-01 11:12:00,62.418,597.134,86.484,115.083,82.051,113.523,113.253,1.032
2026-07-01 11:13:00,62.519,596.825,86.951,114.599,82.06,113.526,113.347,1.035
2026-07-01 11:14:00,62.425,597.394,86.976,115.489,82.025,113.535,113.321,1.055
2026-07-01 11:15:00,62.434,598.038,86.486,115.578,82.233,113.555,113.265,1.072
2026-07-01 11:16:00,62.479,598.363,86.843,115.546,82.08,113.582,113.287,1.061
2026-07-01 11:17:00,62.457,598.391,87.241,115.626,82.137,113.452,113.115,1.044
2026-07-01 11:18:00,62.545,598.555,86.511,116.155,82.071,113.582,113.32,1.049
2026-07-01 11:19:00,62.495,599.7,87.168,114.82,82.194,113.579,113.208,1.059
2026-07-01 11:20:00,62.626,598.683,86.409,115.466,82.26,113.522,113.296,1.015
2026-07-01 11:21:00,62.597,601.575,86.468,115.435,81.982,113.481,113.278,1.037
2026-07-01 11:22:00,62.485,599.459,86.962,116.028,82.002,113.422,113.004,1.042
2026-07-01 11:23:00,62.446,599.231,87.143,115.896,82.297,113.734,113.37,1.05
2026-07-01 11:24:00,62.464,597.198,86.348,115.444,82.062,113.379,112.908,1.033
2026-07-01 11:25:00,62.481,596.681,86.697,115.728,82.089,113.435,113.009,1.054
2026-07-01 11:26:00,62.53,599.213,86.345,115.711,82.186,113.632,113.139,1.056
2026-07-01 11:27:00,62.555,597.938,86.681,116.106,82.24,113.559,113.001,1.051
2026-07-01 11:28:00,62.603,599.616,86.028,116.081,82.131,113.437,112.838,1.023
2026-07-01 11:29:00,62.541,598.216,86.396,115.456,82.031,113.604,113.151,1.045
2026-07-01 11:30:00,62.543,599.121,86.727,115.804,82.065,113.372,112.836,1.063
2026-07-01 11:31:00,62.518,599.327,86.497,116.052,82.147,113.676,113.154,1.042
2026-07-01 11:32:00,62.53,598.442,86.617,115.78,82.231,113.56,113.022,1.063
2026-07-01 11:33:00,62.505,598.686,86.733,115.77,82.286,113.626,113.052,1.064
2026-07-01 11:34:00,62.476,600.491,86.576,116.359,82.266,113.394,112.919,1.046
2026-07-01 11:35:00,62.643,600.304,86.859,115.785,82.108,113.532,112.99,1.032
2026-07-01 11:36:00,62.518,599.382,86.581,115.691,81.962,113.337,112.76,1.062
2026-07-01 11:37:00,62.434,599.396,86.625,116.722,82.186,113.715,113.237,1.03
2026-07-01 11:38:00,62.629,600.228,86.609,116.326,82.131,113.633,113.036,1.049
2026-07-01 11:39:00,62.486,599.975,86.235,116.456,82.204,113.731,112.942,1.026
2026-07-01 11:40:00,62.624,599.343,86.638,116.415,82.248,113.684,113.159,1.02
2026-07-01 11:41:00,62.597,601.653,86.34,116.163,82.275,113.615,113.044,1.037
2026-07-01 11:42:00,62.57,599.638,86.194,116.858,82.195,113.634,113.042,1.038
2026-07-01 11:43:00,62.639,599.645,86.242,116.467,82.184,113.687,112.855,1.05
2026-07-01 11:44:00,62.539,599.629,86.155,116.905,82.314,113.5,112.83,1.05
2026-07-01 11:45:00,62.542,600.162,86.143,116.894,82.238,113.606,112.822,1.016
2026-07-01 11:46:00,62.597,602.228,86.048,116.356,82.234,113.553,112.804,1.046
2026-07-01 11:47:00,62.514,598.42,86.247,116.968,82.101,113.462,112.744,1.036
2026-07-01 11:48:00,62.629,601.547,86.3,116.661,82.177,113.512,112.691,1.042
2026-07-01 11:49:00,62.496,600.63,86.304,117.316,82.186,113.685,112.881,1.054
2026-07-01 11:50:00,62.591,600.502,85.988,117.07,82.219,113.439,112.684,1.048
2026-07-01 11:51:00,62.578,602.007,86.517,116.912,82.272,113.62,112.884,1.034
2026-07-01 11:52:00,62.476,599.804,85.99,116.834,82.222,113.737,112.952,1.043
2026-07-01 11:53:00,62.592,602.163,86.189,117.482,82.398,113.683,112.881,1.056
2026-07-01 11:54:00,62.577,602.367,86.282,116.853,82.215,113.646,112.866,1.049
2026-07-01 11:55:00,62.564,600.711,86.421,117.45,82.429,113.596,112.782,1.049
2026-07-01 11:56:00,62.695,602.304,85.942,116.927,82.321,113.709,112.736,1.046
2026-07-01 11:57:00,62.697,603.866,86.066,116.892,82.439,113.583,112.759,1.021
2026-07-01 11:58:00,62.649,604.729,86.297,116.856,82.275,113.855,112.983,1.022
2026-07-01 11:59:00,62.579,600.239,86.225,116.983,82.204,113.567,112.685,1.039
2026-07-01 12:00:00,62.689,601.554,85.974,117.54,82.306,113.578,112.746,1.056
2026-07-01 12:01:00,62.531,602.644,85.752,117.248,82.393,113.813,113.014,1.045
2026-07-01 12:02:00,62.594,602.293,86.301,117.68,82.215,113.878,112.918,1.041
2026-07-01 12:03:00,62.542,601.896,85.748,117.762,82.368,113.672,112.804,1.036
2026-07-01 12:04:00,62.547,601.06,85.454,117.625,82.361,113.705,112.695,1.052
2026-07-01 12:05:00,62.751,602.005,85.965,117.501,82.244,113.834,112.817,1.027
2026-07-01 12:06:00,62.464,602.966,85.661,117.176,82.289,113.529,112.676,1.035
2026-07-01 12:07:00,62.631,602.587,85.706,117.09,82.285,113.586,112.527,1.061
2026-07-01 12:08:00,62.623,602.127,85.998,117.784,82.262,113.79,112.712,1.045
2026-07-01 12:09:00,62.619,605.454,85.622,117.153,82.238,113.675,112.75,1.038
2026-07-01 12:10:00,62.702,605.854,85.544,117.597,82.265,113.642,112.685,1.057
2026-07-01 12:11:00,62.657,603.62,85.466,117.216,82.421,113.629,112.602,1.036
2026-07-01 12:12:00,62.603,603.861,85.625,118.066,82.492,113.843,112.76,1.044
2026-07-01 12:13:00,62.672,603.297,85.441,116.805,82.34,113.465,112.412,1.062
2026-07-01 12:14:00,62.71,603.461,85.769,117.893,82.317,113.751,112.787,1.037
2026-07-01 12:15:00,62.687,601.899,85.298,117.094,82.293,113.554,112.497,1.028
2026-07-01 12:16:00,62.703,605.369,85.052,117.425,82.392,113.641,112.688,6.538
2026-07-01 12:17:00,62.578,603.44,85.689,117.608,82.413,113.714,112.505,1.029
2026-07-01 12:18:00,62.682,603.695,84.802,117.565,82.384,113.746,112.586,1.05
2026-07-01 12:19:00,62.618,605.331,85.917,117.323,82.346,113.848,112.648,1.056
2026-07-01 12:20:00,62.74,603.555,84.996,117.562,82.181,113.792,112.574,1.05
2026-07-01 12:21:00,62.6,604.988,85.284,117.414,82.404,113.607,112.406,1.046
2026-07-01 12:22:00,62.626,603.461,85.161,117.766,82.42,113.85,112.734,1.031
2026-07-01 12:23:00,62.697,604.222,85.342,117.956,82.419,113.712,112.688,1.045
2026-07-01 12:24:00,62.714,604.127,85.275,117.977,82.397,113.807,112.721,1.039
2026-07-01 12:25:00,62.806,604.847,84.493,117.374,82.178,113.546,112.467,1.029
2026-07-01 12:26:00,62.682,606.265,84.414,117.446,82.507,113.703,112.584,1.045
2026-07-01 12:27:00,62.677,606.476,85.19,117.944,82.309,113.733,112.675,1.028
2026-07-01 12:28:00,62.768,606.189,84.807,118.173,82.325,113.668,112.582,1.054
2026-07-01 12:29:00,62.589,604.323,84.935,117.54,82.262,113.563,112.432,1.041
2026-07-01 12:30:00,62.711,606.812,84.629,117.757,82.294,113.865,112.647,1.02
2026-07-01 12:31:00,62.728,606.801,84.829,117.338,82.295,113.696,112.586,1.049
2026-07-01 12:32:00,62.706,606.647,84.758,118.2,82.35,113.725,112.459,1.056
2026-07-01 12:33:00,62.675,606.922,84.625,117.413,82.453,113.866,112.701,1.03
2026-07-01 12:34:00,62.657,606.409,84.722,117.651,82.461,113.776,112.674,1.062
2026-07-01 12:35:00,62.64,606.501,84.526,117.841,82.448,113.893,112.785,1.051
2026-07-01 12:36:00,62.699,606.808,84.498,118.111,82.27,113.65,112.454,1.054
2026-07-01 12:37:00,62.842,607.35,84.283,117.595,82.393,113.727,112.497,1.057
2026-07-01 12:38:00,62.677,606.36,84.512,118.279,82.405,113.7,112.521,1.066
2026-07-01 12:39:00,62.651,604.683,84.099,117.852,82.413,113.716,112.493,1.046
2026-07-01 12:40:00,62.669,607.977,83.843,117.957,82.51,113.655,112.492,1.049
2026-07-01 12:41:00,62.676,609.113,84.176,118.137,82.653,113.742,112.606,1.066
2026-07-01 12:42:00,62.682,607.973,84.266,118.043,82.398,113.771,112.512,1.051
2026-07-01 12:43:00,62.778,609.253,84.266,118.525,82.52,113.675,112.533,1.055
2026-07-01 12:44:00,62.698,609.26,83.96,118.338,82.54,113.777,112.68,1.059
2026-07-01 12:45:00,62.87,609.116,83.671,118.541,82.507,113.692,112.521,1.066
2026-07-01 12:46:00,62.618,608.152,84.252,118.093,82.464,114.03,112.761,1.053
2026-07-01 12:47:00,62.697,606.115,83.494,118.26,82.297,113.75,112.476,1.053
2026-07-01 12:48:00,62.771,607.563,83.769,118.208,82.56,113.592,112.306,1.061
2026-07-01 12:49:00,62.776,606.465,84.386,117.757,82.388,113.895,112.632,1.035
2026-07-01 12:50:00,62.897,608.204,83.838,118.482,82.562,113.61,112.471,1.037
2026-07-01 12:51:00,62.878,609.777,83.4,118.759,82.412,113.645,112.457,1.036
2026-07-01 12:52:00,62.835,606.391,83.536,117.617,82.34,113.694,112.515,1.058
2026-07-01 12:53:00,62.783,611.265,83.439,118.589,82.401,113.883,112.662,1.065
2026-07-01 12:54:00,62.707,609.435,83.29,118.161,82.53,113.57,112.292,1.04
2026-07-01 12:55:00,62.924,610.543,83.803,117.873,82.623,113.715,112.543,1.049
2026-07-01 12:56:00,62.718,609.25,83.528,118.266,82.592,113.857,112.791,1.059
2026-07-01 12:57:00,62.875,611.624,82.897,118.336,82.506,113.964,112.751,1.052
2026-07-01 12:58:00,62.946,608.749,83.327,118.282,82.538,113.771,112.637,1.039
2026-07-01 12:59:00,62.92,609.72,82.721,118.404,82.526,113.766,112.61,1.059
2026-07-01 13:00:00,62.952,610.845,83.114,118.008,82.448,113.581,112.348,1.061
2026-07-01 13:01:00,62.878,611.045,83.028,118.151,82.409,113.707,112.536,1.038
2026-07-01 13:02:00,62.914,611.853,82.867,118.345,82.513,113.903,112.548,1.057
2026-07-01 13:03:00,62.743,610.813,83.12,118.203,82.421,113.747,112.559,1.043
2026-07-01 13:04:00,62.685,610.284,82.562,118.544,82.62,113.676,112.545,1.053
2026-07-01 13:05:00,62.844,610.836,83.2,118.086,82.547,113.862,112.722,1.077
2026-07-01 13:06:00,62.989,613.452,82.626,118.403,82.531,113.753,112.602,1.071
2026-07-01 13:07:00,62.933,612.928,82.569,117.873,82.368,113.874,112.677,1.062
2026-07-01 13:08:00,62.973,613.271,82.588,118.275,82.563,113.96,112.672,1.051
2026-07-01 13:09:00,62.824,612.301,82.78,118.191,82.401,113.924,112.753,1.063
2026-07-01 13:10:00,62.84,614.853,82.874,118.508,82.524,113.893,112.722,1.078
2026-07-01 13:11:00,62.802,612.97,82.685,118.564,82.672,113.828,112.597,1.058
2026-07-01 13:12:00,62.988,612.311,82.561,118.352,82.491,113.889,112.856,1.047
2026-07-01 13:13:00,62.915,614.547,82.486,118.518,82.527,113.721,112.53,1.058
2026-07-01 13:14:00,62.889,610.76,82.527,118.159,82.578,113.904,112.8,1.075
2026-07-01 13:15:00,62.813,614.446,82.385,118.678,82.684,113.765,112.664,1.057
2026-07-01 13:16:00,62.969,613.112,82.298,118.279,82.622,113.693,112.559,1.066
2026-07-01 13:17:00,62.877,610.079,82.135,118.569,82.503,113.892,112.761,1.066
2026-07-01 13:18:00,62.752,613.48,82.302,118.511,82.384,113.979,112.863,1.056
2026-07-01 13:19:00,62.914,614.261,81.938,118.267,82.496,113.853,112.76,1.075
2026-07-01 13:20:00,62.904,614.778,82.067,118.105,82.567,113.744,112.583,1.06
2026-07-01 13:21:00,62.965,613.404,82.447,117.846,82.52,114.035,112.877,1.066
2026-07-01 13:22:00,62.961,617.719,81.569,117.963,82.56,114.008,112.868,1.071
2026-07-01 13:23:00,62.883,613.721,82.062,118.482,82.597,113.817,112.679,1.06
2026-07-01 13:24:00,62.943,612.016,82.136,117.884,82.417,113.647,112.604,1.082
2026-07-01 13:25:00,62.906,612.625,81.437,118.05,82.559,113.77,112.808,1.068
2026-07-01 13:26:00,62.989,615.982,81.944,118.768,82.543,113.858,112.877,1.059
2026-07-01 13:27:00,63.02,614.131,81.673,118.275,82.549,113.817,112.774,1.065
2026-07-01 13:28:00,62.825,614.93,81.422,118.215,82.352,113.909,112.842,1.075
2026-07-01 13:29:00,62.87,613.45,81.624,118.133,82.388,113.841,112.769,1.076
2026-07-01 13:30:00,62.883,613.974,81.446,118.226,82.579,113.836,112.785,1.086
2026-07-01 13:31:00,63.116,616.797,81.04,118.248,82.488,113.912,112.933,1.072
2026-07-01 13:32:00,62.987,616.027,81.543,118.601,82.534,113.909,112.864,1.084
2026-07-01 13:33:00,62.943,617.185,81.025,118.695,82.694,113.765,112.829,1.079
2026-07-01 13:34:00,62.926,615.202,81.241,118.591,82.599,113.921,113.003,1.066
2026-07-01 13:35:00,63.054,616.426,81.331,117.901,82.592,113.682,112.808,1.08
2026-07-01 13:36:00,62.93,618.813,81.417,117.444,82.476,113.8,112.898,1.098
2026-07-01 13:37:00,63.079,616.334,81.259,117.59,82.38,113.922,112.959,1.102
2026-07-01 13:38:00,63.039,614.371,81.148,118.262,82.568,113.82,112.95,1.094
2026-07-01 13:39:00,63,618.722,80.562,117.838,82.586,113.949,113.053,1.09
2026-07-01 13:40:00,63.015,615.792,80.861,118.095,82.403,113.867,112.937,1.099
2026-07-01 13:41:00,62.952,616.603,80.792,118.169,82.353,113.827,112.865,1.067
2026-07-01 13:42:00,62.981,617.188,80.984,117.293,82.59,113.789,112.954,1.092
2026-07-01 13:43:00,63.006,616.191,81.252,117.558,82.447,113.911,112.937,1.091
2026-07-01 13:44:00,62.965,619.271,81.044,117.306,82.419,113.913,113.096,1.071
2026-07-01 13:45:00,63.046,619.299,80.793,118.282,82.489,113.767,113.025,1.093
2026-07-01 13:46:00,63.033,618.356,80.567,117.935,82.479,113.902,113.157,1.085
2026-07-01 13:47:00,62.991,618.939,80.068,117.115,82.537,113.689,112.772,1.077
2026-07-01 13:48:00,62.977,617.356,80.432,117.328,82.537,113.764,112.914,1.092
2026-07-01 13:49:00,63.054,619.126,80.629,117.433,82.381,113.861,113.149,1.094
2026-07-01 13:50:00,63.102,619.183,80.165,117.488,82.41,113.697,112.811,1.096
2026-07-01 13:51:00,62.943,617.272,80.428,117.66,82.463,113.799,112.903,1.073
2026-07-01 13:52:00,63.053,617.952,80.193,117.664,82.453,113.853,113.131,1.074
2026-07-01 13:53:00,63.042,619.591,80.568,117.321,82.419,113.883,113.202,1.086
2026-07-01 13:54:00,63.096,620.974,80.044,117.106,82.569,113.8,113.092,1.078
2026-07-01 13:55:00,63.067,619.096,80.35,117.043,82.358,113.512,112.795,1.077
2026-07-01 13:56:00,63.047,617.964,79.696,117.814,82.4,113.781,113.063,1.084
2026-07-01 13:57:00,63.144,619.799,79.977,117.451,82.517,113.997,113.42,1.088
2026-07-01 13:58:00,63.067,618.435,79.574,117.939,82.528,113.691,113.07,1.083
2026-07-01 13:59:00,63.203,621.315,79.651,118.068,82.562,114.03,113.359,1.091
2026-07-01 14:00:00,63.133,620.899,79.657,117.281,82.408,113.756,113.107,1.092
2026-07-01 14:01:00,63.014,621.057,79.575,117.322,82.544,113.849,113.279,1.083
2026-07-01 14:02:00,63.019,619.471,79.921,116.74,82.39,114.029,113.477,1.084
2026-07-01 14:03:00,63.065,623.037,79.949,117.486,82.523,114.124,113.558,1.09
2026-07-01 14:04:00,63.112,621.462,79.895,117.216,82.516,113.797,113.235,1.089
2026-07-01 14:05:00,63.133,622.468,79.178,117.536,82.652,113.836,113.248,1.105
2026-07-01 14:06:00,62.975,623.188,80.004,117.409,82.454,113.75,113.079,1.103
2026-07-01 14:07:00,63.1,618.965,79.262,116.998,82.542,113.84,113.149,1.103
2026-07-01 14:08:00,63.088,623.16,79.326,117.12,82.329,113.933,113.425,1.113
2026-07-01 14:09:00,63.209,620.941,79.054,117.596,82.566,113.921,113.479,1.1
2026-07-01 14:10:00,63.057,622.091,79.639,117.25,82.594,113.926,113.5,1.097
2026-07-01 14:11:00,63.126,621.407,79.657,117.206,82.541,113.707,113.212,1.103
2026-07-01 14:12:00,63.092,622.896,79.569,117.047,82.538,113.972,113.556,1.112
2026-07-01 14:13:00,63.24,622.179,79.022,117.554,82.39,113.818,113.28,1.072
2026-07-01 14:14:00,63.118,621.887,79.545,117.412,82.498,113.966,113.498,1.102
2026-07-01 14:15:00,63.181,622.868,79.602,117.613,82.461,114.002,113.616,1.096
2026-07-01 14:16:00,63.2,621.978,79.092,117.047,82.329,113.766,113.312,1.107
2026-07-01 14:17:00,63.228,625.288,78.898,116.909,82.344,114.054,113.606,1.085
2026-07-01 14:18:00,63.079,623.882,79.538,116.299,82.452,113.824,113.46,1.119
2026-07-01 14:19:00,62.985,620.253,78.914,116.619,82.427,113.916,113.621,1.091
2026-07-01 14:20:00,63.205,623.911,79.511,117.171,82.551,113.91,113.599,1.124
2026-07-01 14:21:00,63.189,624.976,79.401,116.816,82.597,113.745,113.407,1.089
2026-07-01 14:22:00,63.272,624.98,78.988,117.262,82.535,114.006,113.723,1.113
2026-07-01 14:23:00,63.179,623.669,78.761,117.026,82.574,113.7,113.311,1.12
2026-07-01 14:24:00,63.233,625.601,78.845,116.923,82.519,114.005,113.73,1.094
2026-07-01 14:25:00,63.249,624.746,78.547,116.774,82.303,114.002,113.742,1.108
2026-07-01 14:26:00,63.113,626.487,78.61,116.503,82.338,113.821,113.544,1.092
2026-07-01 14:27:00,63.298,625.62,78.511,116.136,82.629,113.887,113.648,1.117
2026-07-01 14:28:00,63.209,623.953,78.26,116.353,82.455,113.681,113.524,1.075
2026-07-01 14:29:00,63.257,625.905,78.855,116.837,82.605,113.955,113.576,1.109
2026-07-01 14:30:00,63.151,625.31,78.673,116.273,82.458,113.721,113.571,1.1
2026-07-01 14:31:00,63.209,625.213,78.431,116.201,82.55,113.873,113.621,1.095
2026-07-01 14:32:00,63.23,624.673,78.475,116.613,82.53,113.786,113.541,1.095
2026-07-01 14:33:00,63.22,625.359,78.341,116.505,82.496,113.748,113.6,1.109
2026-07-01 14:34:00,63.275,627.154,78.545,116.074,82.327,113.937,113.862,1.088
2026-07-01 14:35:00,63.192,623.754,78.338,116.723,82.555,113.844,113.726,1.111
2026-07-01 14:36:00,63.236,629.067,78.408,116.106,82.418,113.734,113.626,1.096
2026-07-01 14:37:00,63.211,628.812,78.624,116.381,82.552,114.022,113.928,1.107
2026-07-01 14:38:00,63.339,628.924,77.592,115.958,82.545,113.737,113.639,1.116
2026-07-01 14:39:00,63.245,626.947,78.051,116.103,82.608,113.796,113.671,1.094
2026-07-01 14:40:00,63.272,625.24,77.874,116.532,82.522,113.864,113.949,1.098
2026-07-01 14:41:00,63.226,626.572,78.171,116.516,82.6,113.801,113.775,1.124
2026-07-01 14:42:00,63.243,627.527,77.882,115.977,82.507,114.01,113.98,1.103
2026-07-01 14:43:00,63.238,627.3,77.836,116.044,82.302,113.755,113.791,1.116
2026-07-01 14:44:00,63.338,627.698,78.043,116.294,82.607,113.721,113.766,1.106
2026-07-01 14:45:00,63.307,628.743,78.149,115.862,82.29,113.871,113.999,1.114
2026-07-01 14:46:00,63.25,628.668,78.334,116.183,82.506,113.753,113.832,1.11
2026-07-01 14:47:00,63.199,626.116,77.961,116.046,82.639,113.725,113.923,1.101
2026-07-01 14:48:00,63.207,628.948,78.281,115.444,82.311,113.79,113.873,1.107
2026-07-01 14:49:00,63.388,630.032,77.926,115.571,82.474,113.893,113.969,1.122
2026-07-01 14:50:00,63.343,629.252,77.863,116.077,82.307,113.827,114.01,1.124
2026-07-01 14:51:00,63.218,626.903,77.795,115.612,82.414,113.735,114.046,1.133
2026-07-01 14:52:00,63.291,630.294,77.956,115.682,82.534,114.003,114.273,1.139
2026-07-01 14:53:00,63.308,627.344,77.319,115.695,82.458,114.034,114.166,1.133
2026-07-01 14:54:00,63.276,630.586,78.088,115.711,82.441,113.724,113.955,1.109
2026-07-01 14:55:00,63.284,628.766,77.603,115.894,82.45,113.848,114.055,1.136
2026-07-01 14:56:00,63.337,630.842,77.336,115.962,82.473,113.957,114.274,1.1
2026-07-01 14:57:00,63.327,630.784,78.397,114.635,82.296,113.796,114.041,1.12
2026-07-01 14:58:00,63.272,629.575,77.927,115.686,82.447,113.82,114.115,1.118
2026-07-01 14:59:00,63.396,630.811,77.203,114.743,82.505,113.609,113.924,1.125
2026-07-01 15:00:00,63.351,631.899,77.588,115.234,82.417,113.811,114.107,1.129
2026-07-01 15:01:00,63.367,630.659,77.825,115.743,82.471,113.98,114.347,1.137
2026-07-01 15:02:00,63.317,631.926,77.646,114.406,82.276,113.932,114.257,1.123
2026-07-01 15:03:00,63.4,632.143,77.764,115.511,82.283,113.906,114.255,1.105
2026-07-01 15:04:00,63.328,630.369,77.178,115.201,82.495,113.994,114.39,1.118
2026-07-01 15:05:00,63.382,632.675,77.222,115.222,82.227,113.757,114.207,1.119
2026-07-01 15:06:00,63.282,630.142,77.513,114.671,82.413,113.955,114.47,1.109
2026-07-01 15:07:00,63.45,631.868,77.752,114.4,82.245,113.846,114.344,1.128
2026-07-01 15:08:00,63.311,629.759,77.276,114.815,82.355,113.787,114.236,1.127
2026-07-01 15:09:00,63.389,631.536,77.305,114.222,82.212,113.686,114.129,1.123
2026-07-01 15:10:00,63.484,634.332,77.345,114.884,82.342,113.752,114.444,1.116
2026-07-01 15:11:00,63.385,633.492,76.984,114.763,82.454,113.82,114.293,1.128
2026-07-01 15:12:00,63.379,633.574,77.697,114.127,82.263,113.784,114.311,1.109
2026-07-01 15:13:00,63.369,630.749,76.991,114.447,82.381,113.722,114.26,1.117
2026-07-01 15:14:00,63.474,632.599,77.41,113.995,82.382,113.71,114.278,1.114
2026-07-01 15:15:00,63.32,631.721,77.079,114.999,82.181,113.897,114.483,1.132
2026-07-01 15:16:00,63.438,634.321,77.36,114.289,82.446,113.802,114.383,1.14
2026-07-01 15:17:00,63.327,631.62,77.448,114.296,82.337,113.817,114.383,1.121
2026-07-01 15:18:00,63.261,630.651,77.074,114.258,82.197,113.651,114.227,1.131
2026-07-01 15:19:00,63.384,632.26,77.402,114.063,82.25,113.92,114.708,1.131
2026-07-01 15:20:00,103.423,635.504,76.981,114.253,82.246,113.664,114.345,1.132
2026-07-01 15:21:00,63.459,635.454,77.143,114.374,82.273,113.849,114.568,1.157
2026-07-01 15:22:00,63.262,631.992,77.056,114.074,82.366,113.911,114.576,1.123
2026-07-01 15:23:00,63.311,632.015,77.323,114.204,82.329,113.803,114.471,1.142
2026-07-01 15:24:00,63.282,634.03,76.828,114.071,82.235,114.077,114.735,1.131
2026-07-01 15:25:00,63.381,634.757,76.793,113.63,82.332,113.892,114.598,1.131
2026-07-01 15:26:00,63.436,633.529,77.173,113.494,82.193,113.756,114.424,1.119
2026-07-01 15:27:00,63.406,634.492,77.107,113.826,82.367,113.881,114.541,1.12
2026-07-01 15:28:00,63.351,635.604,77.618,113.794,82.33,113.859,114.682,1.116
2026-07-01 15:29:00,63.549,635.235,77.116,113.768,82.253,113.92,114.76,1.136
2026-07-01 15:30:00,63.385,632.167,77.241,113.671,82.197,113.77,114.544,1.132
2026-07-01 15:31:00,63.46,634.397,77.022,112.98,82.136,113.76,114.474,1.13
2026-07-01 15:32:00,63.477,634.933,77.369,113.475,82.213,113.875,114.643,1.132
2026-07-01 15:33:00,63.386,635.993,77.028,113.738,82.235,113.711,114.542,1.132
2026-07-01 15:34:00,63.386,635.813,77.078,113.556,82.229,113.817,114.753,1.12
2026-07-01 15:35:00,63.419,635.236,77.335,113.918,82.234,113.781,114.562,1.124
2026-07-01 15:36:00,63.464,635.521,77.247,113.165,82.266,113.819,114.744,1.138
2026-07-01 15:37:00,63.418,633.939,77.697,113.043,82.134,113.766,114.637,1.125
2026-07-01 15:38:00,63.429,636.971,76.952,112.652,82.174,113.816,114.56,1.144
2026-07-01 15:39:00,63.495,633.914,77.414,113.391,82.18,113.774,114.705,1.15
2026-07-01 15:40:00,63.421,636.476,77.52,112.916,82.1,113.703,114.586,1.128
2026-07-01 15:41:00,63.329,634.776,77.14,112.835,82.204,113.677,114.586,1.115
2026-07-01 15:42:00,63.57,639.148,77.579,112.659,82.089,113.9,114.769,1.15
2026-07-01 15:43:00,63.328,636.138,77.076,112.552,82.172,113.867,114.864,1.135
2026-07-01 15:44:00,63.543,639.102,76.655,113.331,82.07,113.946,114.898,1.145
2026-07-01 15:45:00,63.274,635.412,76.974,112.616,82.129,113.943,114.842,1.15
2026-07-01 15:46:00,63.444,639.25,77.426,112.531,82.187,114.004,115.027,1.121
2026-07-01 15:47:00,63.403,636.612,77.487,112.552,82.206,113.721,114.769,1.136
2026-07-01 15:48:00,63.438,638.106,77.169,112.81,82.215,113.893,114.86,1.147
2026-07-01 15:49:00,63.521,637.151,77.467,112.437,82.318,113.698,114.729,1.131
2026-07-01 15:50:00,63.387,636.382,77.211,112.318,82.227,113.78,114.695,1.121
2026-07-01 15:51:00,63.543,636.643,77.566,112.344,82.163,113.674,114.711,1.13
2026-07-01 15:52:00,63.463,636.993,77.529,111.956,82.091,113.627,114.743,1.146
2026-07-01 15:53:00,63.623,639.101,77.085,112.35,82.12,113.852,114.987,1.13
2026-07-01 15:54:00,63.546,638.451,77.201,112.074,82.138,113.685,114.784,1.128
2026-07-01 15:55:00,63.467,639.737,77.128,111.979,82.147,113.781,114.935,1.115
2026-07-01 15:56:00,63.548,637.069,77.103,111.921,82.069,113.772,114.764,1.14
2026-07-01 15:57:00,63.336,635.966,77.446,111.857,82.017,113.805,114.848,1.158
2026-07-01 15:58:00,63.482,640.161,77.213,111.848,82.026,113.687,114.851,1.129
2026-07-01 15:59:00,63.54,640.6,77.342,112.059,81.949,113.855,114.966,1.14
2026-07-01 16:00:00,63.537,637.441,77.057,112.206,82.166,113.773,114.797,1.134
2026-07-01 16:01:00,63.612,637.853,77.017,111.56,81.882,113.704,114.891,1.139
2026-07-01 16:02:00,63.515,638.42,77.063,112.244,82.203,113.799,114.981,1.13
2026-07-01 16:03:00,63.414,638.338,77.573,112.086,82.12,113.88,115.099,1.157
2026-07-01 16:04:00,63.42,637.213,77.658,111.764,82.219,113.766,114.932,1.119
2026-07-01 16:05:00,63.445,637.267,77.414,111.511,82.085,113.853,115.01,1.137
2026-07-01 16:06:00,63.489,638.933,77.92,111.664,81.951,113.659,114.763,1.114
2026-07-01 16:07:00,63.5,640.855,77.19,111.561,82.093,113.928,115.116,1.152
2026-07-01 16:08:00,63.27,637.692,77.374,111.195,82.103,113.632,114.879,1.128
2026-07-01 16:09:00,63.458,639.915,77.555,111.762,82.118,113.789,114.933,1.133
2026-07-01 16:10:00,63.422,638.605,77.349,111.258,82.18,113.848,115.09,1.146
2026-07-01 16:11:00,63.522,640.659,77.36,111.087,81.979,113.79,115.001,1.124
2026-07-01 16:12:00,63.441,640.185,77.822,111.103,81.913,113.788,114.887,1.127
2026-07-01 16:13:00,63.44,640.502,77.707,111.814,82.026,113.812,114.911,1.143
2026-07-01 16:14:00,63.524,638.744,77.869,111.63,81.997,113.886,115.072,1.148
2026-07-01 16:15:00,63.522,639.056,77.898,111.266,81.927,113.884,115.002,1.148
2026-07-01 16:16:00,63.567,641.596,77.468,110.989,82.229,113.837,114.989,1.128
2026-07-01 16:17:00,63.457,642.534,78.136,111.169,82.014,113.95,115.045,1.141
2026-07-01 16:18:00,63.362,638.454,77.495,111.18,82.063,113.883,115.13,1.138
2026-07-01 16:19:00,63.52,641.75,77.723,111.049,82.139,113.515,114.734,1.132
2026-07-01 16:20:00,63.443,638.831,77.929,111.454,82.188,113.793,114.913,1.115
2026-07-01 16:21:00,63.455,640.717,77.76,110.98,81.988,113.682,114.883,1.148
2026-07-01 16:22:00,63.568,641.241,77.846,110.511,81.834,113.74,114.998,1.144
2026-07-01 16:23:00,63.363,641.249,78,110.488,81.878,113.706,114.934,1.139
2026-07-01 16:24:00,63.49,639.797,78.123,110.901,82.102,113.676,114.867,1.139
2026-07-01 16:25:00,63.517,640.758,77.746,110.748,81.964,113.778,115.027,1.156
2026-07-01 16:26:00,63.486,641.813,77.837,111.325,82.222,113.862,115.031,1.145
2026-07-01 16:27:00,63.501,641.058,78.098,110.185,82.109,113.639,114.854,1.133
2026-07-01 16:28:00,63.564,643.6,78.766,111.032,81.868,113.576,114.774,1.142
2026-07-01 16:29:00,63.51,641.761,78.36,109.974,81.986,113.682,114.874,1.146
2026-07-01 16:30:00,63.491,641.473,78.186,110.373,81.906,113.765,115.055,1.122
2026-07-01 16:31:00,63.564,640.282,78.283,110.192,82.123,113.864,115.234,1.135
2026-07-01 16:32:00,63.543,640.546,78.325,109.698,81.928,113.488,114.701,1.124
2026-07-01 16:33:00,63.471,642.834,78.07,110.362,82.023,113.663,114.882,1.154
2026-07-01 16:34:00,63.436,643.73,78.26,110.457,82.037,113.994,115.088,1.132
2026-07-01 16:35:00,63.629,642.429,78.372,109.46,81.772,113.662,114.828,1.137
2026-07-01 16:36:00,63.697,640.74,78.417,109.701,81.922,113.667,114.851,1.136
2026-07-01 16:37:00,63.42,640.881,78.942,109.762,81.922,113.606,114.647,1.152
2026-07-01 16:38:00,63.577,643.288,78.775,109.98,82.073,113.536,114.788,1.129
2026-07-01 16:39:00,63.378,642.204,78.181,110.243,81.988,113.825,114.979,1.139
2026-07-01 16:40:00,63.426,643.288,78.859,109.443,81.978,113.682,114.868,1.148
2026-07-01 16:41:00,63.575,643.81,78.543,109.877,81.838,113.866,115.198,1.129
2026-07-01 16:42:00,63.497,641.453,78.648,110.092,81.92,113.737,114.972,1.128
2026-07-01 16:43:00,63.455,643.113,78.878,109.84,81.8,113.737,115.021,1.124
2026-07-01 16:44:00,63.634,642.897,78.568,110.076,82,113.733,114.781,1.128
2026-07-01 16:45:00,63.559,639.726,78.94,109.108,81.827,113.546,114.746,1.136
2026-07-01 16:46:00,63.52,643.932,79.047,109.196,81.82,113.514,114.748,1.133
2026-07-01 16:47:00,63.375,642.062,78.93,109.405,81.93,113.618,114.887,1.124
2026-07-01 16:48:00,63.538,643.073,78.261,110.002,81.926,113.616,114.698,1.126
2026-07-01 16:49:00,63.553,643.135,79.05,109.707,81.728,113.635,114.713,1.125
2026-07-01 16:50:00,63.539,643.231,79.338,108.994,81.874,113.43,114.511,1.136
2026-07-01 16:51:00,63.434,642.557,79.052,109.539,81.86,113.549,114.728,1.141
2026-07-01 16:52:00,63.581,642.921,79.104,108.722,81.772,113.674,114.794,1.144
2026-07-01 16:53:00,63.455,642.143,79.589,108.976,82.024,113.542,114.7,1.146
2026-07-01 16:54:00,63.484,640.655,78.887,108.437,81.947,113.465,114.553,1.126
2026-07-01 16:55:00,63.511,643.705,79.063,109.194,81.763,113.668,114.873,1.145
2026-07-01 16:56:00,63.559,641.548,79.565,109.039,81.76,113.509,114.501,1.12
2026-07-01 16:57:00,63.527,642.456,79.475,109.167,81.757,113.629,114.658,1.113
2026-07-01 16:58:00,63.456,644.112,79.763,108.678,81.688,113.771,114.854,1.135
2026-07-01 16:59:00,63.476,644.61,79.229,108.972,81.776,113.651,114.831,1.126
2026-07-01 17:00:00,63.432,642.46,79.459,109.354,81.853,113.638,114.768,1.124
2026-07-01 17:01:00,63.494,643.18,79.875,108.682,81.649,113.647,114.772,1.132
2026-07-01 17:02:00,63.436,641.706,79.53,108.667,81.817,113.655,114.796,1.139
2026-07-01 17:03:00,63.424,644.38,80.266,108.924,81.817,113.688,114.743,1.118
2026-07-01 17:04:00,63.654,644.762,79.504,108.069,81.509,113.811,114.816,1.146
2026-07-01 17:05:00,63.527,645.622,80.154,108.672,81.752,113.681,114.837,1.124
2026-07-01 17:06:00,63.425,641.343,79.357,108.458,81.759,113.755,114.847,1.126
2026-07-01 17:07:00,63.454,644.321,79.741,108.553,81.693,113.787,114.686,1.114
2026-07-01 17:08:00,63.429,643.162,79.517,107.985,81.547,113.586,114.635,1.153
2026-07-01 17:09:00,63.68,644.488,79.68,108.09,81.771,113.645,114.598,1.123
2026-07-01 17:10:00,63.429,644.331,80.41,108.101,81.736,113.564,114.57,1.142
2026-07-01 17:11:00,63.495,643.538,80.172,107.909,81.586,113.597,114.504,1.12
2026-07-01 17:12:00,63.501,645.565,79.764,107.506,81.437,113.703,114.676,1.132
2026-07-01 17:13:00,63.571,641.083,80.519,107.536,81.47,113.598,114.546,1.131
2026-07-01 17:14:00,63.508,643.176,80.256,108.199,81.65,113.773,114.73,1.134
2026-07-01 17:15:00,63.45,641.138,80.474,107.596,81.516,113.696,114.723,1.114
2026-07-01 17:16:00,63.5,644.477,80.512,108.332,81.731,113.646,114.614,1.11
2026-07-01 17:17:00,63.528,643.314,80.689,107.614,81.696,113.484,114.336,1.152
2026-07-01 17:18:00,63.664,645.782,80.061,108.253,81.677,113.553,114.568,1.129
2026-07-01 17:19:00,63.478,645.026,80.466,107.665,81.588,113.641,114.613,1.122
2026-07-01 17:20:00,63.529,643.404,80.678,107.765,81.688,113.517,114.382,1.123
2026-07-01 17:21:00,63.459,645.887,80.456,107.824,81.852,113.604,114.581,1.125
2026-07-01 17:22:00,63.384,644.657,80.992,107.766,81.515,113.723,114.613,1.144
2026-07-01 17:23:00,63.49,643.31,80.412,107.617,81.686,113.486,114.42,1.125
2026-07-01 17:24:00,63.616,643.653,80.528,107.507,81.7,113.607,114.464,1.122
2026-07-01 17:25:00,63.5,643.508,80.536,107.119,81.603,113.511,114.305,1.118
2026-07-01 17:26:00,63.325,645.507,80.616,107.338,81.544,113.486,114.262,1.114
2026-07-01 17:27:00,63.563,646.095,80.131,106.955,81.549,113.686,114.43,1.137
2026-07-01 17:28:00,63.497,644.33,80.78,107.06,81.637,113.36,114.016,1.127
2026-07-01 17:29:00,63.401,641.883,81.197,107.75,81.707,113.568,114.301,1.097
2026-07-01 17:30:00,63.457,643.037,81.449,107.572,81.513,113.733,114.477,1.098
2026-07-01 17:31:00,63.383,643.687,80.788,107.379,81.86,113.523,114.354,1.138
2026-07-01 17:32:00,63.544,644.541,80.8,107.575,81.711,113.561,114.25,1.113
2026-07-01 17:33:00,63.49,644.519,81.805,107.019,81.569,113.516,114.264,1.117
2026-07-01 17:34:00,63.517,645.155,81.059,107.42,81.663,113.612,114.355,1.103
2026-07-01 17:35:00,63.372,643.993,81.3,107.293,81.651,113.734,114.405,1.142
2026-07-01 17:36:00,63.482,643.392,81.754,107.455,81.685,113.599,114.271,1.118
2026-07-01 17:37:00,63.472,646.122,81.276,107.727,81.716,113.634,114.303,1.136
2026-07-01 17:38:00,63.568,644.366,81.511,106.932,81.549,113.607,114.333,1.102
2026-07-01 17:39:00,63.542,646.119,81.035,107.297,81.569,113.638,114.33,1.106
2026-07-01 17:40:00,63.436,644.39,81.659,107.301,81.448,113.736,114.411,1.13
2026-07-01 17:41:00,63.409,645.798,81.679,107.728,81.515,113.467,114.035,1.132
2026-07-01 17:42:00,63.524,646.376,81.274,106.712,81.366,113.639,114.285,1.112
2026-07-01 17:43:00,63.488,642.571,81.609,106.894,81.616,113.693,114.299,1.122
2026-07-01 17:44:00,63.412,642.24,81.682,107.165,81.542,113.399,114.047,1.115
2026-07-01 17:45:00,63.455,642.653,81.478,107.621,81.482,113.592,114.228,1.09
2026-07-01 17:46:00,63.47,643.693,81.512,106.811,81.655,113.654,114.226,1.108
2026-07-01 17:47:00,63.469,645.656,81.938,106.685,81.492,113.526,114.131,1.111
2026-07-01 17:48:00,63.558,644.849,82.091,106.549,81.372,113.559,114.103,1.119
2026-07-01 17:49:00,63.483,644.593,82.291,106.91,81.458,113.721,114.184,1.096
2026-07-01 17:50:00,63.445,644.221,82.044,106.729,81.677,113.544,114.12,1.106
2026-07-01 17:51:00,63.517,643.479,82.289,106.722,81.448,113.58,113.98,1.109
2026-07-01 17:52:00,63.405,644.723,82.25,106.053,81.423,113.646,114.081,1.096
2026-07-01 17:53:00,63.408,644.125,82.585,106.745,81.524,113.67,114.034,1.123
2026-07-01 17:54:00,63.382,642.668,82.235,107.071,81.435,113.301,113.791,1.111
2026-07-01 17:55:00,63.418,643.947,82.929,106.506,81.368,113.564,113.987,1.097
2026-07-01 17:56:00,63.489,645.369,82.878,106.831,81.387,113.589,113.98,1.109
2026-07-01 17:57:00,62.981,606.956,73.265,114.379,82.353,113.643,114.05,1.11
2026-07-01 17:58:00,63.031,604.74,72.993,113.986,82.311,113.435,113.701,1.129
2026-07-01 17:59:00,63.078,606.166,73.415,113.84,82.334,113.643,113.908,1.117
2026-07-01 18:00:00,62.997,605.893,73.53,113.384,82.384,113.391,113.755,1.101
2026-07-01 18:01:00,63.025,605.591,73.32,113.263,82.365,113.406,113.712,1.11
2026-07-01 18:02:00,63.053,607.342,73.304,113.126,82.271,113.323,113.537,1.098
2026-07-01 18:03:00,62.989,604.843,73.183,113.824,82.412,113.324,113.562,1.109
2026-07-01 18:04:00,63.031,607.601,73.193,113.563,82.408,113.48,113.665,1.082
2026-07-01 18:05:00,62.769,603.536,73.656,113.949,82.514,113.478,113.728,1.115
2026-07-01 18:06:00,62.894,605.182,73.625,113.944,82.349,113.522,113.929,1.1
2026-07-01 18:07:00,62.969,603.484,73.59,113.162,82.536,113.482,113.775,1.089
2026-07-01 18:08:00,62.999,605.199,73.675,113.52,82.492,113.534,113.82,1.124
2026-07-01 18:09:00,62.895,604.299,74.088,113.739,82.35,113.602,113.795,1.09
2026-07-01 18:10:00,62.91,603.966,73.772,113.191,82.21,113.411,113.606,1.109
2026-07-01 18:11:00,63.001,605.595,73.553,113.554,82.497,113.35,113.491,1.093
2026-07-01 18:12:00,62.923,604.395,73.892,113.307,82.287,113.449,113.589,1.112
2026-07-01 18:13:00,63.012,604.785,73.985,113.233,82.361,113.432,113.636,1.099
2026-07-01 18:14:00,63.012,605,74.012,113.119,82.292,113.307,113.437,1.088
2026-07-01 18:15:00,62.851,605.883,74.238,113.402,82.22,113.536,113.509,1.11
2026-07-01 18:16:00,62.912,604.293,74.11,113.526,82.253,113.443,113.499,1.113
2026-07-01 18:17:00,62.898,606.301,74.063,113.585,82.235,113.413,113.53,1.083
2026-07-01 18:18:00,62.957,607.39,74.163,113.229,82.333,113.555,113.599,1.09
2026-07-01 18:19:00,63.033,603.454,74.112,113.308,82.378,113.535,113.519,1.104
2026-07-01 18:20:00,62.993,606.202,74.597,113.128,82.227,113.496,113.361,1.096
2026-07-01 18:21:00,62.862,605.754,74.587,113.196,82.245,113.455,113.457,1.083
2026-07-01 18:22:00,62.845,603.643,74.939,113.023,82.204,113.533,113.421,1.089
2026-07-01 18:23:00,63.071,606.214,74.342,113.323,82.393,113.447,113.448,1.089
2026-07-01 18:24:00,62.99,1054.826,74.268,112.714,82.388,113.599,113.6,1.112
2026-07-01 18:25:00,62.954,604.449,74.926,113.216,82.283,113.643,113.574,1.094
2026-07-01 18:26:00,62.947,606.065,74.81,113.102,82.258,113.589,113.443,1.088
2026-07-01 18:27:00,62.926,604.471,74.744,112.95,82.325,113.707,113.566,1.103
2026-07-01 18:28:00,62.937,603.673,74.741,113.437,82.399,113.5,113.315,1.077
2026-07-01 18:29:00,62.905,605.893,74.446,113.149,82.422,113.465,113.319,1.107
2026-07-01 18:30:00,62.978,607.163,75.39,113.519,82.385,113.668,113.56,1.096
2026-07-01 18:31:00,62.969,603.929,74.686,112.789,82.339,113.339,113.206,1.099
2026-07-01 18:32:00,62.895,604.049,74.933,113.149,82.367,113.487,113.223,1.078
2026-07-01 18:33:00,62.818,604.793,75.214,113.595,82.262,113.454,113.298,1.1
2026-07-01 18:34:00,62.973,606.044,75.147,113.225,82.318,113.547,113.263,1.086
2026-07-01 18:35:00,62.936,603.697,74.883,113.442,82.238,113.459,113.076,1.098
2026-07-01 18:36:00,62.853,605.06,75.109,113,82.315,113.442,113.28,1.096
2026-07-01 18:37:00,62.977,606.854,75.246,113.506,82.352,113.453,113.066,1.114
2026-07-01 18:38:00,62.977,606.212,75.247,112.822,82.167,113.668,113.303,1.101
2026-07-01 18:39:00,62.816,602.879,75.603,112.762,82.248,113.432,113.093,1.098
2026-07-01 18:40:00,62.92,605.813,75.538,112.492,82.129,113.529,113.121,1.084
2026-07-01 18:41:00,62.882,604.585,75.259,113.484,82.335,113.613,113.324,1.108
2026-07-01 18:42:00,62.948,604.576,75.508,112.911,82.243,113.325,112.926,1.095
2026-07-01 18:43:00,62.962,604.984,75.313,112.999,82.222,113.418,113.009,1.1
2026-07-01 18:44:00,62.946,603.215,75.585,113.328,82.386,113.276,112.826,1.095
2026-07-01 18:45:00,63.038,605.89,75.519,113.03,82.416,113.467,113.077,1.096
2026-07-01 18:46:00,62.979,604.642,75.296,112.993,82.14,113.446,112.892,1.115
2026-07-01 18:47:00,62.73,602.516,75.629,113.105,82.436,113.668,113.146,1.099
2026-07-01 18:48:00,62.92,602.971,75.518,112.807,82.466,113.707,113.249,1.093
2026-07-01 18:49:00,62.846,603.277,75.845,113.297,82.314,113.371,112.872,1.263
2026-07-01 18:50:00,62.915,605.516,75.778,112.571,82.194,113.655,113.137,1.268
2026-07-01 18:51:00,63.008,603.384,75.919,112.582,82.322,113.176,112.687,1.245
2026-07-01 18:52:00,62.899,601.989,76.053,112.633,82.265,113.271,112.67,1.26
2026-07-01 18:53:00,62.945,604.651,76.052,113.234,82.199,113.55,113.007,1.267
2026-07-01 18:54:00,62.977,604.104,75.87,113.346,82.357,113.479,113.019,1.247
2026-07-01 18:55:00,62.879,602.292,75.998,113.131,82.285,113.425,112.711,1.278
2026-07-01 18:56:00,62.812,601.574,76.557,112.857,82.222,113.438,112.873,1.268
2026-07-01 18:57:00,62.896,604.721,75.957,113.445,82.225,113.459,112.887,1.253
2026-07-01 18:58:00,62.864,603.914,76.29,112.619,82.313,113.382,112.713,1.247
2026-07-01 18:59:00,62.837,600.549,76.583,112.604,82.056,113.263,112.615,1.247
2026-07-01 19:00:00,62.845,603.035,75.947,112.98,82.264,113.496,112.975,1.256
2026-07-01 19:01:00,62.795,602.591,76.278,112.881,82.213,113.595,112.96,1.254
2026-07-01 19:02:00,62.797,601.851,75.955,112.642,82.383,113.457,112.984,1.244
2026-07-01 19:03:00,62.878,601.66,76.143,113.802,82.335,113.417,112.717,1.243
2026-07-01 19:04:00,62.857,601.076,76.29,113.054,82.265,113.591,112.955,1.237
2026-07-01 19:05:00,62.973,601.769,76.38,113.243,82.425,113.37,112.592,1.233
2026-07-01 19:06:00,62.982,603.622,76.03,112.917,82.262,113.395,112.633,1.25
2026-07-01 19:07:00,62.782,602.531,76.743,113.478,82.237,113.537,112.738,1.271
2026-07-01 19:08:00,62.861,601.404,76.953,112.58,82.138,113.233,112.513,1.234
2026-07-01 19:09:00,62.938,601.361,76.532,113.482,82.217,113.463,112.771,1.263
2026-07-01 19:10:00,62.819,601.735,76.334,113.495,82.375,113.318,112.456,1.237
2026-07-01 19:11:00,62.838,602.271,76.4,112.782,82.336,113.505,112.754,1.245
2026-07-01 19:12:00,62.96,600.927,76.852,113.26,82.317,113.389,112.569,1.25
2026-07-01 19:13:00,62.811,600.474,76.549,112.551,82.08,113.291,112.506,1.242
2026-07-01 19:14:00,62.786,601.894,76.683,112.777,82.208,113.406,112.583,1.246
2026-07-01 19:15:00,62.877,599.984,76.731,112.865,82.295,113.565,112.838,1.249
2026-07-01 19:16:00,62.941,600.95,76.254,113.496,82.272,113.472,112.608,1.269
2026-07-01 19:17:00,62.858,600.414,76.698,113.8,82.227,113.406,112.54,1.235
2026-07-01 19:18:00,62.816,598.808,76.443,113.566,82.114,113.576,112.521,1.242
2026-07-01 19:19:00,62.802,601.378,76.653,113.231,82.361,113.407,112.513,1.242
2026-07-01 19:20:00,62.878,600.581,76.777,112.788,82.325,113.468,112.564,1.266
2026-07-01 19:21:00,62.68,598.088,76.798,112.882,82.069,113.404,112.541,1.237
2026-07-01 19:22:00,62.913,600.382,76.783,113.162,82.081,113.435,112.551,1.246
2026-07-01 19:23:00,62.591,598.959,76.884,112.829,82.197,113.463,112.641,1.241
2026-07-01 19:24:00,62.953,601.126,77.337,112.839,82.11,113.486,112.501,1.254
2026-07-01 19:25:00,62.625,599.203,77.114,113.148,82.297,113.34,112.396,1.245
2026-07-01 19:26:00,62.849,599.124,77.068,113.268,82.209,113.545,112.585,1.257
2026-07-01 19:27:00,62.734,598.434,76.789,113.362,82.382,113.347,112.429,1.243
2026-07-01 19:28:00,62.78,599.491,77.302,113.699,82.226,113.516,112.598,1.252
2026-07-01 19:29:00,62.744,598.465,77.013,113.548,82.296,113.487,112.45,1.241
2026-07-01 19:30:00,62.812,598.54,77.566,113.384,82.222,113.396,112.305,1.244
2026-07-01 19:31:00,62.809,596.71,77.087,113.231,82.373,113.33,112.338,1.253
2026-07-01 19:32:00,62.733,596.984,77.387,113.221,82.242,113.305,112.314,1.244
2026-07-01 19:33:00,62.815,597.181,77.213,113.586,82.258,113.493,112.419,1.236
2026-07-01 19:34:00,62.744,599.936,77.193,113.562,82.254,113.56,112.473,1.256
2026-07-01 19:35:00,62.704,599.493,77.143,113.038,82.336,113.335,112.362,1.26
2026-07-01 19:36:00,62.812,599.31,77.411,113.656,82.292,113.394,112.383,1.247
2026-07-01 19:37:00,62.807,598.858,77.08,113.312,82.3,113.231,112.25,1.23
2026-07-01 19:38:00,62.772,598.019,77.117,113.303,82.32,113.437,112.322,1.243
2026-07-01 19:39:00,62.651,599.29,77.225,113.933,82.295,113.537,112.51,1.265
2026-07-01 19:40:00,62.737,596.777,77.19,113.955,82.226,113.474,112.444,1.25
2026-07-01 19:41:00,62.738,598.202,77.332,113.327,82.227,113.413,112.367,1.254
2026-07-01 19:42:00,62.626,596.296,76.706,113.76,82.313,113.493,112.389,1.222
2026-07-01 19:43:00,62.796,597.407,77.601,113.768,82.315,113.325,112.119,1.233
2026-07-01 19:44:00,62.793,599.491,77.891,113.619,82.221,113.457,112.365,1.24
2026-07-01 19:45:00,62.647,596.519,77.785,113.683,82.145,113.353,112.274,1.23
2026-07-01 19:46:00,62.658,596.074,77.575,113.883,82.19,113.529,112.425,1.241
2026-07-01 19:47:00,62.712,595.152,77.637,113.696,82.288,113.324,112.126,1.247
2026-07-01 19:48:00,62.747,597.759,77.532,113.801,82.212,113.32,112.31,1.24
2026-07-01 19:49:00,62.758,597.317,77.357,113.882,82.298,113.619,112.489,1.259
2026-07-01 19:50:00,62.676,596.459,77.741,113.174,82.063,113.348,112.306,1.233
2026-07-01 19:51:00,62.705,596.03,77.599,114.316,82.192,113.253,112.204,1.232
2026-07-01 19:52:00,62.723,592.888,77.279,114.002,82.214,113.428,112.237,1.241
2026-07-01 19:53:00,62.623,597.503,77.665,113.975,82.417,113.478,112.233,1.246
2026-07-01 19:54:00,62.787,596.558,77.473,113.884,82.371,113.427,112.34,1.255
2026-07-01 19:55:00,62.735,596.949,77.306,114.032,82.312,113.383,112.213,1.273
2026-07-01 19:56:00,62.708,597.184,77.4,113.722,82.272,113.537,112.334,1.25
2026-07-01 19:57:00,62.695,593.982,78.076,114.013,82.14,113.46,112.346,1.238
2026-07-01 19:58:00,62.741,595.478,77.038,114.415,82.265,113.337,112.048,1.245
2026-07-01 19:59:00,62.741,594.816,77.475,114.543,82.385,113.601,112.352,1.25
2026-07-01 20:00:00,62.665,594.354,77.712,114.114,82.425,113.557,112.342,1.225
2026-07-01 20:01:00,62.636,592.462,77.506,114.047,82.241,113.46,112.315,1.247
2026-07-01 20:02:00,62.809,596.725,78.051,114.268,82.228,113.465,112.251,1.251
2026-07-01 20:03:00,62.731,595.336,77.472,114.251,82.229,113.364,112.029,1.268
2026-07-01 20:04:00,62.654,592.304,77.132,114.128,82.232,113.533,112.256,1.251
2026-07-01 20:05:00,62.65,592.05,77.124,114.13,82.302,113.31,112.161,1.259
2026-07-01 20:06:00,62.594,592.806,77.181,115.144,82.442,113.656,112.502,1.247
2026-07-01 20:07:00,62.616,593.217,77.565,114.309,82.35,113.412,112.176,1.225
2026-07-01 20:08:00,62.577,594.543,77.726,113.817,82.368,113.52,112.323,1.255
2026-07-01 20:09:00,62.606,591.852,77.197,114.863,82.301,113.225,112.054,1.238
2026-07-01 20:10:00,62.533,591.628,77.395,113.795,82.154,113.489,112.334,1.262
2026-07-01 20:11:00,62.633,594.166,77.571,114.217,82.165,113.434,112.192,1.25
2026-07-01 20:12:00,62.772,595.775,77.063,114.881,82.509,113.562,112.42,1.265
2026-07-01 20:13:00,62.555,593.174,77.091,114.646,82.538,113.519,112.257,1.235
2026-07-01 20:14:00,62.688,594.497,77.609,114.673,82.352,113.568,112.301,1.262
2026-07-01 20:15:00,62.573,592.889,77.758,114.576,82.134,113.424,112.262,1.246
2026-07-01 20:16:00,62.662,592.908,77.21,115.172,82.342,113.544,112.501,1.245
2026-07-01 20:17:00,62.565,592.924,77.074,114.081,82.349,113.487,112.376,1.259
2026-07-01 20:18:00,62.622,589.521,77.642,115.078,82.426,113.482,112.182,1.27
2026-07-01 20:19:00,62.485,590.693,77.491,114.888,82.326,113.387,112.224,1.273
2026-07-01 20:20:00,62.749,591.649,77.083,114.741,82.321,113.541,112.353,1.242
2026-07-01 20:21:00,62.654,592.409,77.863,114.321,82.226,113.395,112.148,1.257
2026-07-01 20:22:00,62.732,591.206,77.31,115.062,82.321,113.574,112.394,1.245
2026-07-01 20:23:00,62.506,588.885,77.49,115.204,82.501,113.535,112.361,1.242
2026-07-01 20:24:00,62.649,591.105,77.4,115.29,82.343,113.464,112.197,1.25
2026-07-01 20:25:00,62.678,592.935,77.025,115.415,82.503,113.453,112.337,1.254
2026-07-01 20:26:00,62.596,589.859,77.331,115.226,82.322,113.434,112.356,1.254
2026-07-01 20:27:00,62.608,590.972,77.12,115.026,82.41,113.357,112.232,1.258
2026-07-01 20:28:00,62.506,590.381,77.079,115.22,82.4,113.422,112.215,1.273
2026-07-01 20:29:00,62.728,589.209,77.078,115.215,82.375,113.704,112.454,1.278
2026-07-01 20:30:00,62.544,588.986,77.072,115.072,82.5,113.27,111.988,1.261
2026-07-01 20:31:00,62.636,589.459,77.55,115.505,82.369,113.57,112.506,1.253
2026-07-01 20:32:00,62.563,590.786,77.287,115.132,82.443,113.295,112.239,1.253
2026-07-01 20:33:00,62.707,586.937,76.939,114.873,82.228,113.377,112.28,1.26
2026-07-01 20:34:00,62.473,589.895,77.251,115.201,82.34,113.32,112.199,1.27
2026-07-01 20:35:00,62.663,592.255,77.247,115.593,82.433,113.5,112.219,1.264
2026-07-01 20:36:00,62.725,591.425,76.941,116.178,82.538,113.507,112.281,1.265
2026-07-01 20:37:00,62.642,587.427,76.876,115.54,82.406,113.276,112.091,1.252
2026-07-01 20:38:00,62.435,587.292,77.234,115.664,82.28,113.551,112.427,1.264
2026-07-01 20:39:00,62.508,589.666,76.928,115.89,82.405,113.455,112.352,1.278
2026-07-01 20:40:00,62.608,591.407,76.758,115.659,82.369,113.395,112.352,1.252
2026-07-01 20:41:00,62.522,589.785,77.155,115.617,82.541,113.514,112.31,1.259
2026-07-01 20:42:00,62.588,589.083,76.839,115.963,82.379,113.314,112.336,1.265
2026-07-01 20:43:00,62.517,587.398,76.86,115.898,82.489,113.485,112.306,1.274
2026-07-01 20:44:00,62.692,589.836,76.556,115.826,82.386,113.436,112.398,1.29
2026-07-01 20:45:00,62.451,584.318,76.695,116.256,82.539,113.524,112.443,1.26
2026-07-01 20:46:00,62.551,587.777,76.784,116.149,82.553,113.455,112.481,1.262
2026-07-01 20:47:00,62.491,586.759,76.862,116.218,82.517,113.289,112.33,1.26
2026-07-01 20:48:00,62.644,588.02,76.602,116.181,82.476,113.456,112.438,1.258
2026-07-01 20:49:00,62.54,585.533,77.112,115.858,82.469,113.393,112.286,1.257
2026-07-01 20:50:00,62.534,586.879,76.436,115.723,82.556,113.461,112.541,1.28
2026-07-01 20:51:00,62.56,586.855,76.299,116.351,82.562,113.392,112.3,1.251
2026-07-01 20:52:00,62.504,587.267,76.714,116.774,82.422,113.306,112.274,1.27
2026-07-01 20:53:00,62.476,585.937,76.425,116.124,82.632,113.503,112.535,1.264
2026-07-01 20:54:00,62.513,585.497,76.512,116.386,82.604,113.602,112.617,1.269
2026-07-01 20:55:00,62.69,586.792,76.341,116.35,82.366,113.443,112.537,1.269
2026-07-01 20:56:00,62.461,584.482,77.159,116.558,82.543,113.283,112.393,1.272
2026-07-01 20:57:00,62.441,584.636,76.7,116.555,82.536,113.48,112.524,1.293
2026-07-01 20:58:00,62.552,584.936,75.93,116.54,82.531,113.471,112.492,1.278
2026-07-01 20:59:00,62.504,583.479,75.903,116.815,82.589,113.278,112.467,1.275
2026-07-01 21:00:00,62.56,585.373,75.954,117.233,82.499,113.183,112.302,1.275
2026-07-01 21:01:00,62.658,585.137,76.854,116.654,82.588,113.531,112.652,1.263
2026-07-01 21:02:00,62.604,584.305,76.308,116.787,82.591,113.465,112.636,1.28
2026-07-01 21:03:00,62.606,584.822,76.155,117.247,82.448,113.507,112.654,1.29
2026-07-01 21:04:00,62.481,582.446,76.068,117.201,82.477,113.59,112.657,1.272
2026-07-01 21:05:00,62.51,584.347,75.807,117.02,82.647,113.31,112.405,1.271
2026-07-01 21:06:00,62.611,584.909,76.562,117.177,82.598,113.256,112.432,1.281
2026-07-01 21:07:00,62.579,585.527,76.012,117.698,82.715,113.559,112.715,1.276
2026-07-01 21:08:00,62.365,581.408,76.418,117.063,82.658,113.347,112.492,1.281
2026-07-01 21:09:00,62.447,583.573,76.074,117.156,82.687,113.364,112.521,1.289
2026-07-01 21:10:00,62.506,581.456,76.061,117.211,82.625,113.504,112.85,1.291
2026-07-01 21:11:00,62.641,584.701,76.194,117.119,82.575,113.39,112.558,1.287
2026-07-01 21:12:00,62.636,583.566,75.92,117.421,82.58,113.413,112.598,1.295
2026-07-01 21:13:00,62.527,581.922,75.224,117.663,82.772,113.55,112.807,1.27
2026-07-01 21:14:00,62.691,584.052,75.972,117.492,82.78,113.457,112.728,1.295
2026-07-01 21:15:00,62.562,581.451,76.067,117.761,82.653,113.476,112.85,1.287
2026-07-01 21:16:00,62.539,581.427,75.744,117.225,82.694,113.32,112.696,1.304
2026-07-01 21:17:00,62.41,582.901,75.324,117.491,82.681,113.509,112.856,1.301
2026-07-01 21:18:00,62.501,580.804,75.663,117.52,82.657,113.528,112.912,1.301
2026-07-01 21:19:00,62.621,583.684,75.448,117.476,82.706,113.631,112.876,1.3
2026-07-01 21:20:00,62.565,580.698,75.255,117.627,82.572,113.557,112.867,1.308
2026-07-01 21:21:00,62.441,583.415,75.292,117.793,82.642,113.462,112.84,1.313
2026-07-01 21:22:00,62.482,581.82,75.4,117.897,82.713,113.503,112.9,1.303
2026-07-01 21:23:00,62.517,581.707,75.057,117.965,82.794,113.495,112.829,1.303
2026-07-01 21:24:00,62.45,580.484,75.173,118.128,82.724,113.568,112.985,1.298
2026-07-01 21:25:00,62.499,582.573,74.945,118.619,82.76,113.42,112.721,1.304
2026-07-01 21:26:00,62.514,579.605,75.002,118.123,82.687,113.481,112.86,1.284
2026-07-01 21:27:00,62.476,581.226,75.159,118.179,82.592,113.453,112.922,1.309
2026-07-01 21:28:00,62.459,579.894,74.414,117.68,82.71,113.49,112.901,1.319
2026-07-01 21:29:00,62.48,581.68,18.75,118.371,82.65,113.516,112.943,1.295
2026-07-01 21:30:00,62.453,579.867,75.186,117.7,82.768,113.692,113.214,1.304
2026-07-01 21:31:00,62.442,576.949,74.673,118.719,82.601,113.497,112.98,1.314
2026-07-01 21:32:00,62.451,580.235,75.046,118.533,82.912,113.462,112.943,1.327
2026-07-01 21:33:00,62.556,582.045,74.827,118.75,82.734,113.502,112.968,1.312
2026-07-01 21:34:00,62.403,579.512,74.871,118.33,82.75,113.304,112.961,1.323
2026-07-01 21:35:00,62.446,578.981,75.216,119.087,82.663,113.541,113.227,1.313
2026-07-01 21:36:00,62.616,580.611,74.187,118.54,82.852,113.388,112.966,1.32
2026-07-01 21:37:00,62.516,578.372,74.691,118.157,82.801,113.444,113.056,1.327
2026-07-01 21:38:00,62.46,577.647,74.772,118.413,82.89,113.508,113.121,1.322
2026-07-01 21:39:00,62.366,577.631,75.256,118.784,82.718,113.301,112.972,1.312
2026-07-01 21:40:00,62.526,580.132,74.354,118.85,82.804,113.691,113.224,1.317
2026-07-01 21:41:00,62.397,578.57,74.412,118.844,82.663,113.367,112.94,1.324
2026-07-01 21:42:00,62.424,575.579,74.709,118.552,82.86,113.461,113.286,1.337
2026-07-01 21:43:00,62.451,578.604,74.161,118.962,82.819,113.447,113.193,1.325
2026-07-01 21:44:00,62.454,577.903,74.015,118.967,82.709,113.636,113.414,1.297
2026-07-01 21:45:00,62.469,577.346,74.255,118.662,82.865,113.492,113.273,1.343
2026-07-01 21:46:00,62.494,576.815,74.499,119.346,82.81,113.607,113.368,1.327
2026-07-01 21:47:00,62.444,576.608,73.997,119.12,82.955,113.558,113.423,1.311
2026-07-01 21:48:00,62.417,575.231,73.887,119.49,82.69,113.642,113.305,1.327
2026-07-01 21:49:00,62.412,576.005,74.04,119.312,82.852,113.57,113.397,1.323
2026-07-01 21:50:00,62.39,578.262,73.959,119.748,82.914,113.519,113.372,1.343
2026-07-01 21:51:00,62.327,575.149,73.684,119.862,82.984,113.535,113.392,1.32
2026-07-01 21:52:00,62.482,575.623,74.239,119.371,82.905,113.349,113.208,1.356
2026-07-01 21:53:00,62.385,575.854,73.583,120.295,82.842,113.607,113.51,1.327
2026-07-01 21:54:00,62.489,574.626,73.807,119.258,82.881,113.498,113.43,1.339
2026-07-01 21:55:00,62.328,573.334,73.488,119.587,83.018,113.31,113.223,1.34
2026-07-01 21:56:00,62.473,573.786,73.988,119.761,82.941,113.497,113.456,1.333
2026-07-01 21:57:00,62.364,576.002,73.602,119.463,82.885,113.688,113.647,1.337
2026-07-01 21:58:00,62.402,576.015,73.411,120.129,83.017,113.59,113.539,1.332
2026-07-01 21:59:00,62.476,572.47,73.677,119.448,82.921,113.507,113.493,1.359
2026-07-01 22:00:00,62.377,575.426,73.402,119.612,82.795,113.57,113.481,1.321
2026-07-01 22:01:00,62.373,575.553,73.016,119.617,83.027,113.596,113.662,1.321
2026-07-01 22:02:00,62.505,577.134,73.488,120.211,82.892,113.655,113.63,1.354
2026-07-01 22:03:00,62.341,573.864,73.62,120.045,83.019,113.646,113.791,1.343
2026-07-01 22:04:00,62.544,573.051,72.747,120.075,82.811,113.565,113.593,1.347
2026-07-01 22:05:00,62.497,573.616,72.991,120.258,82.966,113.674,113.729,1.369
2026-07-01 22:06:00,62.542,574.891,72.956,120.655,83.052,113.376,113.577,1.353
2026-07-01 22:07:00,62.472,574.423,73.582,120.33,82.99,113.481,113.584,1.353
2026-07-01 22:08:00,62.429,576.768,72.743,120.101,82.973,113.55,113.571,1.366
2026-07-01 22:09:00,62.454,573.697,73.346,120.337,82.873,113.564,113.802,1.347
2026-07-01 22:10:00,62.317,572.793,72.984,120.963,83.035,113.499,113.717,1.348
2026-07-01 22:11:00,62.452,575.452,72.483,120.904,83.013,113.613,113.902,1.371
2026-07-01 22:12:00,62.404,572.482,72.756,120.841,83.015,113.455,113.775,1.351
2026-07-01 22:13:00,62.309,570.502,72.997,121.006,82.974,113.646,113.73,1.359
2026-07-01 22:14:00,62.362,572.146,72.937,120.636,83.072,113.492,113.589,1.363
2026-07-01 22:15:00,62.383,571.66,72.39,120.718,82.87,113.414,113.588,1.376
2026-07-01 22:16:00,62.348,572.5,72.605,120.697,83.059,113.524,113.681,1.353
2026-07-01 22:17:00,62.489,574.139,72.214,121.216,83.106,113.626,113.893,1.363
2026-07-01 22:18:00,62.435,572.057,72.635,120.825,83.042,113.596,113.866,1.376
2026-07-01 22:19:00,62.355,573.152,72.671,120.924,82.933,113.418,113.849,1.358
2026-07-01 22:20:00,62.57,573.731,72.556,120.82,82.972,113.438,113.761,1.352
2026-07-01 22:21:00,62.467,570.513,72.613,121.568,83.046,113.59,113.845,1.374
2026-07-01 22:22:00,62.287,571.633,72.345,121.582,83.196,113.464,113.789,1.365
2026-07-01 22:23:00,62.353,570.236,72.242,121.023,82.969,113.52,114.049,1.386
2026-07-01 22:24:00,62.269,570.879,72.429,121.261,83.017,113.524,113.812,1.365
2026-07-01 22:25:00,62.422,571.933,71.762,121.014,83.035,113.627,113.989,1.355
2026-07-01 22:26:00,62.395,569.981,71.884,120.757,83.132,113.358,113.695,1.367
2026-07-01 22:27:00,62.419,573.018,72.273,121.616,82.928,113.688,114.109,1.388
2026-07-01 22:28:00,62.285,569.653,72.039,121.521,83.094,113.471,113.955,1.374
2026-07-01 22:29:00,62.294,570.905,71.729,121.805,82.975,113.607,114.143,1.393
2026-07-01 22:30:00,62.337,570.607,71.971,121.703,83.207,113.673,114.168,1.385
2026-07-01 22:31:00,62.379,569.605,71.681,121.655,83.168,113.408,113.825,1.378
2026-07-01 22:32:00,62.378,569.158,71.206,122.203,83.034,113.677,114.178,1.381
2026-07-01 22:33:00,62.439,570.934,70.981,121.242,82.94,113.453,113.943,1.39
2026-07-01 22:34:00,62.456,570.418,71.522,121.72,83.16,113.544,114.174,1.376
2026-07-01 22:35:00,62.356,567.905,71.632,122.29,83.047,113.373,113.84,1.371
2026-07-01 22:36:00,62.529,570.701,71.997,122.256,82.938,113.581,114.112,1.385
2026-07-01 22:37:00,62.278,568.929,71.586,122.126,83.198,113.645,114.3,1.388
2026-07-01 22:38:00,62.487,568.521,71.256,121.96,83.163,113.575,114.268,1.379
2026-07-01 22:39:00,62.362,567.022,71.496,122.474,83.07,113.54,114.064,1.399
2026-07-01 22:40:00,62.488,568.99,71.529,122.283,83.043,113.535,114.181,1.396
2026-07-01 22:41:00,62.417,568.396,71.563,122.309,83.242,113.592,114.333,1.384
2026-07-01 22:42:00,62.392,568.423,70.991,121.924,83.274,113.613,114.25,1.396
2026-07-01 22:43:00,62.448,568.265,70.639,122.256,83.196,113.581,114.239,1.404
2026-07-01 22:44:00,62.288,567.531,71.42,122.884,83.284,113.621,114.416,1.387
2026-07-01 22:45:00,62.364,568.442,71.178,122.391,83.372,113.51,114.211,1.398
2026-07-01 22:46:00,62.489,567.029,70.543,122.764,83.37,113.521,114.291,1.374
2026-07-01 22:47:00,62.395,568.54,71.13,122.24,83.187,113.512,114.211,1.399
2026-07-01 22:48:00,62.351,567.631,70.588,123.012,83.22,113.458,114.148,1.404
2026-07-01 22:49:00,62.32,565.972,70.249,122.976,83.419,113.595,114.439,1.404
2026-07-01 22:50:00,62.354,567.848,70.631,122.329,83.183,113.426,114.231,1.4
2026-07-01 22:51:00,62.262,566.953,70.536,123.025,83.264,113.368,114.208,1.402
2026-07-01 22:52:00,62.352,566.195,70.65,122.716,83.381,113.575,114.457,1.382
2026-07-01 22:53:00,62.357,566.695,70.394,122.462,83.131,113.484,114.365,1.419
2026-07-01 22:54:00,62.292,565.586,70.172,122.873,83.351,113.761,114.573,1.409
2026-07-01 22:55:00,62.55,567.012,70.924,123.013,83.323,113.485,114.397,1.393
2026-07-01 22:56:00,62.234,564.532,70.524,122.6,82.987,113.67,114.633,1.416
2026-07-01 22:57:00,62.469,567.517,70.08,122.553,83.116,113.784,114.668,1.415
2026-07-01 22:58:00,62.267,565.948,70.334,123.346,83.206,113.47,114.333,1.427
2026-07-01 22:59:00,62.346,567.823,70.313,122.806,83.251,113.54,114.405,1.396
2026-07-01 23:00:00,62.275,563.948,70.028,122.713,83.262,113.416,114.298,1.421
2026-07-01 23:01:00,62.355,565.343,70.025,123.299,83.291,113.584,114.508,1.422
2026-07-01 23:02:00,62.341,563.643,70.034,123.25,83.312,113.572,114.6,1.42
2026-07-01 23:03:00,62.414,566.292,69.869,123.555,83.365,113.574,114.465,1.434
2026-07-01 23:04:00,62.372,565.748,69.88,123.107,83.324,113.745,114.697,1.43
2026-07-01 23:05:00,62.332,563.682,70.048,123.101,83.3,113.758,114.591,1.402
2026-07-01 23:06:00,62.503,564.377,69.541,123.735,83.375,113.656,114.677,1.414
2026-07-01 23:07:00,62.182,563.727,69.862,123.661,83.296,113.72,114.781,1.44
2026-07-01 23:08:00,62.365,566.841,69.896,123.284,83.391,113.54,114.542,1.439
2026-07-01 23:09:00,62.349,566.04,70.414,123.661,83.375,113.721,114.762,1.442
2026-07-01 23:10:00,62.329,565.056,69.571,123.204,83.33,113.633,114.662,1.432
2026-07-01 23:11:00,62.233,563.634,69.207,123.726,83.542,113.52,114.604,1.412
2026-07-01 23:12:00,62.334,564.133,69.895,123.845,83.454,113.534,114.521,1.419
2026-07-01 23:13:00,62.361,567.123,69.592,123.381,83.203,113.72,114.739,1.439
2026-07-01 23:14:00,62.419,564.787,69.943,123.907,83.472,113.617,114.743,1.426
2026-07-01 23:15:00,62.361,562.92,69.523,123.251,83.148,113.654,114.689,1.456
2026-07-01 23:16:00,62.33,565.53,69.244,123.741,83.38,113.414,114.628,1.441
2026-07-01 23:17:00,62.309,566.038,69.65,123.961,83.439,113.664,114.742,1.432
2026-07-01 23:18:00,62.368,564.876,69.124,123.697,83.278,113.716,114.737,1.433
2026-07-01 23:19:00,62.44,565.091,69.277,123.937,83.199,113.718,114.819,1.427
2026-07-01 23:20:00,62.319,563.539,69.11,124.124,83.324,113.716,114.873,1.418
2026-07-01 23:21:00,62.23,561.891,69.056,123.803,83.45,113.484,114.535,1.457
2026-07-01 23:22:00,62.437,562.231,69.181,124.273,83.405,113.457,114.485,1.439
2026-07-01 23:23:00,62.366,564.853,69.187,123.635,83.426,113.571,114.687,1.449
2026-07-01 23:24:00,62.298,563.866,69.312,123.945,83.298,113.565,114.69,1.47
2026-07-01 23:25:00,62.365,562.59,68.975,124.059,83.392,113.692,114.819,1.45
2026-07-01 23:26:00,62.289,562.558,69.032,124.588,83.413,113.583,114.559,1.456
2026-07-01 23:27:00,62.3,563.515,69.071,123.498,83.388,113.478,114.629,1.446
2026-07-01 23:28:00,62.373,563.419,68.767,124.355,83.53,113.542,114.613,1.442
2026-07-01 23:29:00,62.287,562.841,68.777,124.229,83.498,113.688,114.826,1.471
2026-07-01 23:30:00,62.381,564.963,69.394,124.144,83.49,113.72,114.897,1.449
2026-07-01 23:31:00,62.362,560.181,68.746,124.126,83.395,113.477,114.753,1.451
2026-07-01 23:32:00,62.307,563.503,68.642,124.305,83.347,113.806,114.99,1.453
2026-07-01 23:33:00,62.372,563.95,69.179,124.365,83.365,113.505,114.779,1.451
2026-07-01 23:34:00,62.267,561.953,68.736,124.64,83.446,113.71,114.811,1.449
2026-07-01 23:35:00,62.177,560.559,68.479,124.471,83.447,113.771,114.974,1.477
2026-07-01 23:36:00,62.42,561.026,68.755,123.848,83.496,113.806,114.863,1.465
2026-07-01 23:37:00,62.257,562.824,68.647,124.519,83.619,113.489,114.738,1.461
2026-07-01 23:38:00,62.289,561.435,69.125,125.03,83.541,113.599,114.9,1.461
2026-07-01 23:39:00,62.416,561.556,68.538,125.134,83.361,113.836,114.958,1.469
2026-07-01 23:40:00,62.256,561.694,68.023,124.135,83.563,113.49,114.612,1.47
2026-07-01 23:41:00,62.332,562.969,68.801,125.291,83.397,113.543,114.675,1.467
2026-07-01 23:42:00,62.493,562.515,68.577,124.263,83.362,113.525,114.652,1.451
2026-07-01 23:43:00,62.381,562.277,67.84,125.066,83.495,113.627,114.733,1.476
2026-07-01 23:44:00,62.326,562.413,68.064,124.666,83.391,113.541,114.749,1.456
2026-07-01 23:45:00,62.382,563.493,68.557,123.984,83.557,113.725,114.839,1.457
2026-07-01 23:46:00,62.284,559.9,68.261,125.143,83.528,113.585,114.836,1.46
2026-07-01 23:47:00,62.374,561.829,68.453,124.87,83.613,113.543,114.768,1.453
2026-07-01 23:48:00,62.272,562.29,68.695,124.944,83.516,113.584,114.73,1.462
2026-07-01 23:49:00,62.355,561.301,68.182,124.498,83.239,113.668,114.935,1.491
2026-07-01 23:50:00,62.329,563.696,68.444,124.419,83.527,113.563,114.826,1.464
2026-07-01 23:51:00,62.533,563.72,67.945,124.595,83.568,113.458,114.649,1.476
2026-07-01 23:52:00,62.299,562.631,67.934,124.469,83.415,113.623,114.872,1.458
2026-07-01 23:53:00,62.306,559.9,68.394,125.236,83.499,113.527,114.71,1.479
2026-07-01 23:54:00,62.322,562.009,68.493,124.894,83.394,113.851,114.966,1.471
2026-07-01 23:55:00,62.291,558.255,67.932,124.845,83.458,113.501,114.695,1.478
2026-07-01 23:56:00,62.338,562.544,68.298,124.944,83.568,113.568,114.797,1.476
2026-07-01 23:57:00,62.26,558.397,68.111,125.148,83.576,113.439,114.611,1.478
2026-07-01 23:58:00,62.26,560.547,68.226,124.969,83.412,113.545,114.664,1.493
2026-07-01 23:59:00,62.326,562.14,68.232,125.12,83.499,113.651,114.837,1.465
2026-07-02 00:00:00,62.182,561.134,68.254,125.319,83.708,113.738,114.893,1.459
2026-07-02 00:01:00,62.26,560.298,68.499,124.286,83.533,113.64,114.706,1.476
2026-07-02 00:02:00,62.292,560.616,67.91,125.245,83.72,113.604,114.829,1.468
2026-07-02 00:03:00,62.264,559.084,67.763,126.022,83.552,113.431,114.551,1.475
2026-07-02 00:04:00,62.461,559.708,68.07,125.097,83.561,113.597,114.816,1.472
2026-07-02 00:05:00,62.342,558.11,68.027,125.452,83.592,113.485,114.661,1.484
2026-07-02 00:06:00,62.247,559.122,67.812,124.674,83.515,113.605,114.75,1.482
2026-07-02 00:07:00,62.256,559.19,68.142,124.852,83.593,113.55,114.734,1.484
2026-07-02 00:08:00,62.133,559.572,67.564,124.878,83.437,113.386,114.519,1.497
2026-07-02 00:09:00,62.389,559.739,67.861,124.847,83.488,113.429,114.642,1.482
2026-07-02 00:10:00,62.284,557.372,67.751,125.507,83.569,113.504,114.575,1.474
2026-07-02 00:11:00,62.298,559.368,67.836,125.511,83.615,113.642,114.733,1.478
2026-07-02 00:12:00,62.415,562.034,67.451,125.264,83.621,113.702,114.909,1.502
2026-07-02 00:13:00,62.311,559.891,68.269,124.722,83.5,113.543,114.672,1.478
2026-07-02 00:14:00,62.339,558.872,68.442,125.046,83.566,113.406,114.598,1.495
2026-07-02 00:15:00,62.114,558.722,68.012,125.302,83.448,113.583,114.737,1.495
2026-07-02 00:16:00,62.364,561.799,68.451,125.206,83.616,113.56,114.594,1.486
2026-07-02 00:17:00,62.383,557.673,67.718,125.129,83.613,113.478,114.592,1.517
2026-07-02 00:18:00,62.31,560.528,67.454,125.543,83.547,113.582,114.684,1.51
2026-07-02 00:19:00,62.286,560.759,67.588,124.826,83.432,113.636,114.597,1.494
2026-07-02 00:20:00,62.33,560.173,67.68,125.307,83.498,113.558,114.721,1.504
2026-07-02 00:21:00,62.424,558.792,68.275,125.569,83.497,113.823,114.824,1.507
2026-07-02 00:22:00,62.316,559.248,67.754,125.398,83.7,113.584,114.693,1.498
2026-07-02 00:23:00,62.341,560.186,67.731,124.683,83.356,113.613,114.678,1.478
2026-07-02 00:24:00,62.39,558.464,68.105,125.067,83.548,113.702,114.77,1.494
2026-07-02 00:25:00,62.334,560.153,67.508,125.544,83.6,113.641,114.622,1.482
2026-07-02 00:26:00,62.391,560.736,67.809,125.764,83.625,113.719,114.768,1.497
2026-07-02 00:27:00,62.09,558.308,67.808,126.027,83.754,113.779,114.837,1.481
2026-07-02 00:28:00,62.391,557.977,67.743,125.638,83.539,113.537,114.596,1.511
2026-07-02 00:29:00,62.39,560.864,68.384,125.106,83.609,113.661,114.666,1.511
2026-07-02 00:30:00,62.404,557.501,67.885,125.041,83.592,113.674,114.663,1.493
2026-07-02 00:31:00,62.479,560.833,68.087,125.607,83.474,113.693,114.703,1.485
2026-07-02 00:32:00,62.428,557.82,67.312,124.872,83.362,113.509,114.596,1.531
2026-07-02 00:33:00,62.303,560.03,68.02,125.956,83.373,113.615,114.518,6.977
2026-07-02 00:34:00,62.273,557.447,67.801,126.032,83.622,113.678,114.681,1.49
2026-07-02 00:35:00,62.15,558.067,68.384,125.676,83.451,113.561,114.555,1.493
2026-07-02 00:36:00,62.388,559.297,67.979,125.02,83.587,113.574,114.438,1.492
2026-07-02 00:37:00,62.266,556.758,68.033,125.395,83.508,113.56,114.428,1.501
2026-07-02 00:38:00,62.096,559.682,68.274,124.937,83.462,113.558,114.479,1.499
2026-07-02 00:39:00,62.246,557.916,67.617,125.736,83.61,113.638,114.596,1.507
2026-07-02 00:40:00,62.236,557.116,67.761,125.584,83.529,113.674,114.616,1.49
2026-07-02 00:41:00,62.289,556.754,67.79,125.675,83.68,113.678,114.65,1.524
2026-07-02 00:42:00,62.307,558.912,67.77,125.659,83.748,113.644,114.459,1.482
2026-07-02 00:43:00,62.295,557.286,68.303,125.287,83.444,113.703,114.561,1.489
2026-07-02 00:44:00,62.178,556.984,67.826,125.514,83.477,113.652,114.442,1.523
2026-07-02 00:45:00,62.321,556.925,67.559,125.748,83.565,113.544,114.469,1.513
2026-07-02 00:46:00,62.22,558.643,67.907,125.499,83.336,113.498,114.375,1.507
2026-07-02 00:47:00,62.316,559.684,68.009,126.032,83.591,113.531,114.294,1.496
2026-07-02 00:48:00,62.223,558.005,67.539,125.964,83.482,113.391,114.233,1.501
2026-07-02 00:49:00,62.377,558.577,68.056,125.665,83.562,113.552,114.351,1.512
2026-07-02 00:50:00,62.206,557.982,68.051,125.609,83.717,113.725,114.542,1.497
2026-07-02 00:51:00,62.314,559.816,67.902,125.272,83.558,113.497,114.36,1.492
2026-07-02 00:52:00,62.218,559.287,68.07,125.334,83.63,113.722,114.29,1.493
2026-07-02 00:53:00,62.323,558.615,68.199,124.928,83.437,113.662,114.447,1.489
2026-07-02 00:54:00,62.303,558.234,68.021,125.49,83.67,113.61,114.317,1.506
2026-07-02 00:55:00,62.277,556.788,68.249,125.258,83.625,113.536,114.288,1.531
2026-07-02 00:56:00,62.277,557.736,67.883,125.326,83.566,113.632,114.273,1.501
2026-07-02 00:57:00,62.185,558.348,68.255,125.238,83.581,113.448,114.043,1.504
2026-07-02 00:58:00,62.289,560.706,68.533,125.194,83.592,113.725,114.464,1.5
2026-07-02 00:59:00,62.307,560.707,67.968,125.493,83.557,113.562,114.303,1.484
2026-07-02 01:00:00,62.205,556.858,68.147,125.442,83.467,113.691,114.341,1.487
2026-07-02 01:01:00,62.243,559.079,68.041,124.998,83.318,113.581,114.361,1.502
2026-07-02 01:02:00,62.269,555.705,68.503,124.772,83.456,113.633,114.257,1.501
2026-07-02 01:03:00,62.132,557.478,68.225,124.928,83.484,113.582,114.242,1.511
2026-07-02 01:04:00,62.292,557.959,68.229,124.633,83.358,113.517,114.066,1.505
2026-07-02 01:05:00,62.302,557.717,68.723,125.358,83.606,113.744,114.196,1.491
2026-07-02 01:06:00,62.256,557.735,68.65,124.826,83.546,113.525,114.078,1.486
2026-07-02 01:07:00,62.331,557.209,67.937,125.263,83.679,113.614,114.195,1.507
2026-07-02 01:08:00,62.3,560.146,67.945,125.151,83.372,113.407,114.054,1.492
2026-07-02 01:09:00,62.38,557.767,67.869,125.27,83.406,113.578,114.099,1.499
2026-07-02 01:10:00,62.171,554.905,68.79,124.858,83.441,113.634,114.113,1.51
2026-07-02 01:11:00,62.151,559.005,68.271,125.452,83.472,113.796,114.253,1.517
2026-07-02 01:12:00,62.232,558.125,68.462,124.847,83.545,113.581,113.998,1.5
2026-07-02 01:13:00,62.275,558.336,68.446,125.336,83.571,113.659,114.119,1.494
2026-07-02 01:14:00,62.345,557.319,68.289,125.469,83.465,113.388,113.739,1.519
2026-07-02 01:15:00,62.283,559.772,68.595,124.996,83.415,113.55,114.028,1.496
2026-07-02 01:16:00,62.997,623.752,85.078,112.823,81.931,113.532,113.822,1.474
2026-07-02 01:17:00,62.907,624.678,85.3,111.908,81.777,113.642,113.982,1.499
2026-07-02 01:18:00,63.057,625.835,85.146,111.911,81.743,113.604,113.967,1.503
2026-07-02 01:19:00,63.171,626.967,85.104,111.896,81.922,113.712,114.067,1.495
2026-07-02 01:20:00,63.093,626.033,85.3,113.231,82.005,113.665,114.003,1.492
2026-07-02 01:21:00,62.998,623.602,85.039,111.887,81.921,113.683,114.035,1.478
2026-07-02 01:22:00,62.892,625.058,85.066,112.185,81.973,113.75,114.094,1.498
2026-07-02 01:23:00,63.075,622.996,85.307,112.504,81.854,113.648,113.928,1.506
2026-07-02 01:24:00,63.084,625.824,85.323,111.873,81.994,113.565,113.716,1.503
2026-07-02 01:25:00,63.007,624.762,84.76,112.174,81.974,113.507,113.716,1.504
2026-07-02 01:26:00,63.018,624.644,85.597,111.544,81.652,113.649,113.897,1.505
2026-07-02 01:27:00,63.089,624.115,84.95,112.072,81.884,113.609,113.934,1.486
2026-07-02 01:28:00,63.039,626.632,85.416,112.1,81.949,113.805,113.967,1.498
2026-07-02 01:29:00,63.273,627.266,85.179,112.273,81.806,113.818,114.038,1.483
2026-07-02 01:30:00,63.02,625.9,85.656,112.239,81.74,113.802,114.065,1.47
2026-07-02 01:31:00,63.088,625.03,85.649,112.301,81.723,113.82,114.022,1.492
2026-07-02 01:32:00,62.878,623.162,85.395,112.313,81.995,113.732,113.934,1.499
2026-07-02 01:33:00,62.978,623.619,85.213,112.233,81.87,113.661,113.879,1.502
2026-07-02 01:34:00,62.965,625.732,85.509,111.572,81.934,113.523,113.628,1.5
2026-07-02 01:35:00,62.998,624.847,85.423,112.144,81.757,113.7,113.8,1.487
2026-07-02 01:36:00,63.028,625.522,85.527,111.465,81.969,113.593,113.575,1.506
2026-07-02 01:37:00,63.059,626.127,85.58,111.558,81.718,113.51,113.665,1.492
2026-07-02 01:38:00,63.098,625.445,86.324,111.794,82.006,113.851,113.814,1.504
2026-07-02 01:39:00,62.931,624.872,85.886,112.201,81.923,113.487,113.459,1.497
2026-07-02 01:40:00,63.168,628.416,85.628,112.358,81.891,113.487,113.301,1.493
2026-07-02 01:41:00,62.995,625.096,86.095,111.948,81.753,113.549,113.41,1.491
2026-07-02 01:42:00,63.145,626.347,86.117,111.307,81.975,113.66,113.567,1.505
2026-07-02 01:43:00,63.031,624.212,85.958,111.974,81.827,113.525,113.415,1.506
2026-07-02 01:44:00,62.918,624.351,86.416,111.192,81.829,113.713,113.723,1.496
2026-07-02 01:45:00,63.118,624.033,86.126,111.805,81.796,113.572,113.34,1.48
2026-07-02 01:46:00,63.06,627.542,86.504,111.813,81.71,113.578,113.349,1.467
2026-07-02 01:47:00,63.114,626.373,86.353,112.066,81.752,113.715,113.52,1.477
2026-07-02 01:48:00,62.96,627.833,85.908,111.87,81.794,113.541,113.461,1.492
2026-07-02 01:49:00,63.003,626.444,86.39,111.732,81.809,113.839,113.788,1.486
2026-07-02 01:50:00,62.957,625.937,85.954,111.163,81.973,113.49,113.235,1.479
2026-07-02 01:51:00,63.124,626.06,85.989,111.428,81.899,113.431,113.339,1.48
2026-07-02 01:52:00,63.026,626.968,86.62,111.143,81.684,113.613,113.35,1.486
2026-07-02 01:53:00,63.063,627.034,86.253,111.229,81.866,113.572,113.325,1.482
2026-07-02 01:54:00,63.018,627.239,86.532,111.06,81.658,113.729,113.511,1.475
2026-07-02 01:55:00,62.973,626.779,86.483,111.762,81.816,113.706,113.377,1.483
2026-07-02 01:56:00,63.031,627.463,87.018,110.714,81.788,113.544,113.315,1.48
2026-07-02 01:57:00,63.074,627.11,86.432,110.9,81.769,113.728,113.461,1.482
2026-07-02 01:58:00,62.969,626.153,86.256,111.555,81.886,113.723,113.315,1.478
2026-07-02 01:59:00,63.056,627.638,86.302,110.919,81.624,113.545,113.191,1.468
2026-07-02 02:00:00,62.935,626.222,86.921,111.183,81.777,113.709,113.324,1.44
2026-07-02 02:01:00,62.997,623.577,86.745,110.794,81.945,113.397,112.997,1.463
2026-07-02 02:02:00,63.111,628.385,87.191,111.049,81.753,113.469,113.076,1.435
2026-07-02 02:03:00,62.955,627.741,87.512,111.151,81.705,113.604,113.147,1.443
2026-07-02 02:04:00,63.192,628.953,87.044,110.403,81.702,113.54,113.118,1.44
2026-07-02 02:05:00,63.029,626.542,87.006,110.964,81.698,113.419,113.084,1.453
2026-07-02 02:06:00,63.011,626.441,87.355,111.245,81.719,113.711,113.369,1.445
2026-07-02 02:07:00,63.162,628.394,86.33,110.86,81.815,113.656,113.211,1.445
2026-07-02 02:08:00,63.033,625.961,87.654,110.626,81.68,113.603,113.098,1.174
2026-07-02 02:09:00,63,626.311,87.485,110.913,81.713,113.509,112.91,1.163
2026-07-02 02:10:00,63.017,626.027,87.015,110.545,81.735,113.545,113.003,1.168
2026-07-02 02:11:00,63.042,626.505,87.073,110.648,81.647,113.536,113.049,1.178
2026-07-02 02:12:00,62.959,629.552,87.668,110.253,81.544,113.422,112.857,1.195
2026-07-02 02:13:00,63.012,626.389,87.096,110.141,81.595,113.516,112.994,1.172
2026-07-02 02:14:00,63.002,628.45,87.788,110.099,81.625,113.418,112.854,1.185
2026-07-02 02:15:00,62.999,627.778,87.757,110.017,81.795,113.475,112.962,1.169
2026-07-02 02:16:00,63,627.832,87.352,110.435,81.48,113.671,113.141,1.164
2026-07-02 02:17:00,63.008,625.884,87.907,110.35,81.681,113.529,112.897,1.18
2026-07-02 02:18:00,63.053,628.414,87.689,110.511,81.756,113.501,112.927,1.148
2026-07-02 02:19:00,63.006,629.12,87.749,110.668,81.878,113.719,113.029,1.174
2026-07-02 02:20:00,62.931,628.708,87.425,110.676,81.837,113.521,112.833,1.153
2026-07-02 02:21:00,63.112,628.299,87.935,109.943,81.511,113.703,113.086,1.151
2026-07-02 02:22:00,62.934,627.227,87.886,110.731,81.777,113.595,112.852,1.191
2026-07-02 02:23:00,62.918,629.636,87.767,109.903,81.74,113.607,112.901,1.151
2026-07-02 02:24:00,63.071,629.084,87.701,110.476,81.713,113.474,112.746,1.157
2026-07-02 02:25:00,62.971,628.343,88.346,110.071,81.722,113.699,112.811,1.18
2026-07-02 02:26:00,63.124,630.594,88.196,110.261,81.747,113.569,112.812,1.148
2026-07-02 02:27:00,63.005,630.633,88.076,109.974,81.658,113.638,112.906,1.164
2026-07-02 02:28:00,63.062,628.068,87.998,109.887,81.694,113.542,112.722,1.149
2026-07-02 02:29:00,63.087,631.719,88.057,109.686,81.553,113.539,112.769,1.162
2026-07-02 02:30:00,63.105,628.82,88.434,110.254,81.704,113.399,112.492,1.149
2026-07-02 02:31:00,63.106,629.016,88.493,109.832,81.485,113.386,112.572,1.152
2026-07-02 02:32:00,63.102,629.164,88.132,109.512,81.612,113.444,112.674,1.153
2026-07-02 02:33:00,63.066,630.935,88.235,109.389,81.595,113.554,112.76,1.149
2026-07-02 02:34:00,63.074,632.013,88.419,109.661,81.5,113.512,112.512,1.148
2026-07-02 02:35:00,62.98,630.491,88.835,110.08,81.692,113.495,112.493,1.147
2026-07-02 02:36:00,63.048,631.479,88.821,109.402,81.544,113.551,112.803,1.134
2026-07-02 02:37:00,62.986,629.497,88.696,109.232,81.472,113.618,112.611,1.139
2026-07-02 02:38:00,63.09,630.477,88.866,109.634,81.626,113.524,112.679,1.138
2026-07-02 02:39:00,63.079,631.965,88.469,109.67,81.665,113.54,112.676,1.138
2026-07-02 02:40:00,63.003,631.919,88.981,109.058,81.576,113.466,112.543,1.167
2026-07-02 02:41:00,63.047,630.909,89.257,109.818,81.496,113.633,112.653,1.145
2026-07-02 02:42:00,62.935,629.919,88.692,109.675,81.528,113.484,112.633,1.143
2026-07-02 02:43:00,62.969,630.343,88.562,108.653,81.466,113.329,112.281,1.151
2026-07-02 02:44:00,63.115,631.79,88.878,109.083,81.525,113.606,112.624,1.125
2026-07-02 02:45:00,63.062,629.879,89.285,109.549,81.646,113.666,112.667,1.143
2026-07-02 02:46:00,63.093,631.644,89.064,109.285,81.543,113.579,112.513,1.139
2026-07-02 02:47:00,63.075,629.131,89.379,108.731,81.488,113.357,112.353,1.137
2026-07-02 02:48:00,63.149,632.397,89.679,108.979,81.25,113.439,112.344,1.146
2026-07-02 02:49:00,63.005,632.112,89.497,109.025,81.566,113.639,112.525,1.138
2026-07-02 02:50:00,63.068,632.559,88.899,109.616,81.577,113.49,112.311,1.138
2026-07-02 02:51:00,62.995,629.635,89.389,108.305,81.417,113.397,112.256,1.129
2026-07-02 02:52:00,63.152,632.846,89.401,108.797,81.549,113.693,112.624,1.134
2026-07-02 02:53:00,63.038,632.313,89.708,108.849,81.567,113.366,112.352,1.128
2026-07-02 02:54:00,63.104,633.969,89.363,107.971,81.458,113.656,112.658,1.144
2026-07-02 02:55:00,63.051,630.96,89.756,109.079,81.456,113.538,112.512,1.117
2026-07-02 02:56:00,63.196,632.243,89.661,108.039,81.306,113.455,112.379,1.117
2026-07-02 02:57:00,63.12,633.989,89.736,108.522,81.549,113.594,112.487,1.128
2026-07-02 02:58:00,63.054,632.78,89.823,108.251,81.475,113.353,112.3,1.117
2026-07-02 02:59:00,63.124,632.213,90.299,108.353,81.317,113.658,112.47,1.143
2026-07-02 03:00:00,62.961,631.895,90.276,108.407,81.247,113.554,112.513,1.097
2026-07-02 03:01:00,63.187,634.045,90.298,108.097,81.428,113.591,112.39,1.102
2026-07-02 03:02:00,63.036,634.699,90.096,108.308,81.385,113.629,112.478,1.123
2026-07-02 03:03:00,63.077,636.899,89.934,108.379,81.48,113.558,112.481,1.125
2026-07-02 03:04:00,63.03,635.306,90.161,107.753,81.316,113.58,112.445,1.098
2026-07-02 03:05:00,63.05,633.788,90.76,108.175,81.371,113.597,112.492,1.089
2026-07-02 03:06:00,62.958,634.429,90.448,108.194,81.438,113.553,112.33,1.113
2026-07-02 03:07:00,63.024,633.125,90.277,107.56,81.534,113.418,112.199,1.113
2026-07-02 03:08:00,63.088,632.783,90.484,107.779,81.239,113.715,112.67,1.095
2026-07-02 03:09:00,63.122,634.523,90.489,108.259,81.448,113.438,112.21,1.092
2026-07-02 03:10:00,63.062,631.079,90.696,107.96,81.261,113.493,112.419,1.095
2026-07-02 03:11:00,63.004,635.395,91.146,108.147,81.291,113.509,112.324,1.117
2026-07-02 03:12:00,63.107,634.431,90.611,107.436,81.359,113.305,112.244,1.106
2026-07-02 03:13:00,63.098,633.156,90.201,107.849,81.372,113.436,112.176,1.072
2026-07-02 03:14:00,63.026,632.552,90.657,107.659,81.277,113.549,112.313,1.126
2026-07-02 03:15:00,63,634.017,91.456,107.991,81.337,113.648,112.385,1.09
2026-07-02 03:16:00,63.194,632.756,90.81,107.327,81.336,113.403,112.172,1.109
2026-07-02 03:17:00,63.075,635.392,90.614,107.548,81.425,113.692,112.446,1.091
2026-07-02 03:18:00,63.145,635.756,91.047,107.342,81.245,113.529,112.372,1.076
2026-07-02 03:19:00,63.051,636.895,91.025,107.696,81.503,113.6,112.338,1.109
2026-07-02 03:20:00,63.148,635.665,90.896,107.503,81.274,113.386,112.142,1.094
2026-07-02 03:21:00,63.143,638.138,91.094,107.409,81.407,113.477,112.238,1.095
2026-07-02 03:22:00,63.153,637.596,91.234,106.511,81.237,113.574,112.45,1.075
2026-07-02 03:23:00,63.111,636.535,91.47,107.312,81.36,113.488,112.258,1.088
2026-07-02 03:24:00,63.119,637.862,91.138,106.916,81.171,113.528,112.38,1.086
2026-07-02 03:25:00,63.105,636.099,91.457,106.931,81.216,113.27,112.104,1.1
2026-07-02 03:26:00,63.05,637.177,91.034,106.868,81.337,113.416,112.228,1.089
2026-07-02 03:27:00,63.055,636.443,91.257,106.892,81.214,113.548,112.331,1.071
2026-07-02 03:28:00,63.187,636.254,91.35,106.718,81.225,113.51,112.158,1.077
2026-07-02 03:29:00,62.986,637.181,91.971,106.718,81.31,113.555,112.361,1.075
2026-07-02 03:30:00,63.21,635.806,91.163,106.816,81.323,113.546,112.27,1.074
2026-07-02 03:31:00,63.007,637.925,91.552,106.487,81.128,113.451,112.182,1.085
2026-07-02 03:32:00,63.11,636.546,91.35,106.961,81.221,113.409,112.223,1.057
2026-07-02 03:33:00,63.01,638.29,91.553,106.272,81.296,113.395,112.141,1.075
2026-07-02 03:34:00,63.102,636.988,91.889,106.405,81.127,113.659,112.462,1.074
2026-07-02 03:35:00,63.139,635.687,91.724,106.149,81.061,113.524,112.206,1.06
2026-07-02 03:36:00,63.225,637.845,91.856,106.597,81.304,113.542,112.364,1.06
2026-07-02 03:37:00,102.971,636.331,91.818,106.194,81.268,113.525,112.251,1.066
2026-07-02 03:38:00,62.899,635.429,92.578,106.238,81.073,113.389,112.268,1.053
2026-07-02 03:39:00,63.13,637.635,91.587,105.931,81.278,113.326,112.155,1.046
2026-07-02 03:40:00,63.184,639.255,92.233,105.677,81.112,113.38,112.124,1.053
2026-07-02 03:41:00,63.039,639.211,92.134,105.985,81.141,113.476,112.174,1.063
2026-07-02 03:42:00,63.141,639.035,92.147,105.816,81.248,113.526,112.431,1.074
2026-07-02 03:43:00,63.225,638.473,92.31,106.433,81.25,113.39,112.273,1.045
2026-07-02 03:44:00,63.133,642.083,92.748,105.904,81.197,113.394,112.285,1.035
2026-07-02 03:45:00,63.107,639.435,91.868,105.699,81.032,113.373,112.225,1.037
2026-07-02 03:46:00,63.184,640.311,92.213,105.741,81.269,113.503,112.213,1.048
2026-07-02 03:47:00,63.047,641.708,92.809,105.508,81.082,113.483,112.278,1.031
2026-07-02 03:48:00,63.019,641.034,92.319,105.679,81.071,113.292,112.265,1.041
2026-07-02 03:49:00,63.098,640.508,92.186,105.386,81.165,113.45,112.23,1.044
2026-07-02 03:50:00,63.158,638.364,92.142,105.516,80.887,113.482,112.33,1.052
2026-07-02 03:51:00,63.237,642.046,92.901,105.408,81.227,113.499,112.255,1.053
2026-07-02 03:52:00,63.192,637.414,92.561,105.054,81.103,113.465,112.288,1.027
2026-07-02 03:53:00,63.104,639.337,92.456,105.649,81.065,113.363,112.155,1.044
2026-07-02 03:54:00,63.04,638.898,92.652,105.192,80.979,113.541,112.568,1.033
2026-07-02 03:55:00,63.273,642.993,92.403,105.085,81.056,113.439,112.156,1.028
2026-07-02 03:56:00,63.155,641.329,92.393,105.181,81.041,113.368,112.119,1.016
2026-07-02 03:57:00,63.125,641.627,92.493,105.44,81.065,113.315,112.156,1.045
2026-07-02 03:58:00,63.103,641.02,92.21,105.371,81.099,113.356,112.197,1.014
2026-07-02 03:59:00,63.189,641.453,92.931,105.139,80.984,113.497,112.368,1.03
2026-07-02 04:00:00,63.155,640.884,92.98,105.012,81.014,113.567,112.635,1.02
2026-07-02 04:01:00,63.109,644.284,92.566,104.809,80.935,113.474,112.35,1.038
2026-07-02 04:02:00,63.131,641.635,92.881,105.005,81.03,113.402,112.362,1.013
2026-07-02 04:03:00,63.032,643.133,92.502,105.075,81.127,113.544,112.351,1.041
2026-07-02 04:04:00,63.212,641.786,93.24,104.599,80.834,113.42,112.426,1.025
2026-07-02 04:05:00,63.125,644.213,92.94,104.91,81.02,113.521,112.372,1.012
2026-07-02 04:06:00,63.117,644.249,93.134,104.695,80.964,113.581,112.557,1.018
2026-07-02 04:07:00,63.273,642.738,92.734,104.942,81.214,113.546,112.504,1.014
2026-07-02 04:08:00,63.197,643.139,93.439,104.543,80.961,113.322,112.318,0.998
2026-07-02 04:09:00,63.223,642.721,92.984,104.694,81.026,113.437,112.511,1.015
2026-07-02 04:10:00,63.17,641.368,93.234,103.944,80.947,113.271,112.349,0.989
2026-07-02 04:11:00,63.046,643.775,92.993,104.793,80.883,113.558,112.47,1.016
2026-07-02 04:12:00,63.119,644.05,92.945,104.347,81.145,113.619,112.607,1.018
2026-07-02 04:13:00,63.259,645.513,93.412,104.213,81.029,113.477,112.496,0.994
2026-07-02 04:14:00,63.169,645.298,92.999,104.453,80.903,113.413,112.512,0.998
2026-07-02 04:15:00,63.177,645.349,93.546,104.13,80.979,113.383,112.367,0.998
2026-07-02 04:16:00,63.225,645.824,92.924,104.062,80.971,113.442,112.497,0.982
2026-07-02 04:17:00,63.258,645.095,93.144,104.069,81.05,113.612,112.728,0.994
2026-07-02 04:18:00,63.251,644.143,93.147,103.524,80.836,113.596,112.585,0.988
2026-07-02 04:19:00,63.198,646.565,93.76,104.104,80.914,113.625,112.748,0.995
2026-07-02 04:20:00,63.193,643.168,93.194,104.29,81.069,113.504,112.651,0.996
2026-07-02 04:21:00,63.132,644.972,93.795,103.763,80.931,113.511,112.706,0.986
2026-07-02 04:22:00,63.266,648.011,93.043,103.959,81.099,113.532,112.712,1.002
2026-07-02 04:23:00,63.241,646.529,93.002,103.668,80.874,113.342,112.501,0.984
2026-07-02 04:24:00,63.235,646.186,93.121,103.983,80.986,113.514,112.729,0.966
2026-07-02 04:25:00,63.219,646.45,92.932,104.447,81.1,113.619,112.826,0.995
2026-07-02 04:26:00,63.114,645.006,93.404,103.61,80.781,113.376,112.398,0.986
2026-07-02 04:27:00,63.167,646.548,93.339,103.974,80.988,113.338,112.384,0.981
2026-07-02 04:28:00,63.208,647.384,93.422,103.742,81.006,113.441,112.651,0.98
2026-07-02 04:29:00,63.277,646.435,93.523,102.874,80.805,113.225,112.45,0.976
2026-07-02 04:30:00,63.162,647.434,93.599,104.179,80.943,113.349,112.537,0.982
2026-07-02 04:31:00,63.107,645.726,94.138,103.422,80.915,113.545,112.759,0.976
2026-07-02 04:32:00,63.15,648.068,93.914,103.621,80.913,113.318,112.522,0.947
2026-07-02 04:33:00,63.273,646.232,93.585,103.494,80.899,113.473,112.793,0.974
2026-07-02 04:34:00,63.16,647.801,93.893,102.967,80.801,113.264,112.532,0.959
2026-07-02 04:35:00,63.176,647.569,93.866,103.166,80.894,113.529,112.783,0.987
2026-07-02 04:36:00,63.195,647.345,93.964,103.669,80.827,113.515,112.783,0.975
2026-07-02 04:37:00,63.342,647.148,93.834,103.611,81.067,113.364,112.686,0.971
2026-07-02 04:38:00,63.308,649.613,94.104,102.777,80.855,113.488,112.82,0.959
2026-07-02 04:39:00,63.271,646.783,93.24,103.256,81.004,113.439,112.674,0.965
2026-07-02 04:40:00,63.288,648.718,93.84,102.84,80.906,113.495,112.966,0.971
2026-07-02 04:41:00,63.296,650.488,93.638,102.725,80.901,113.444,112.746,0.945
2026-07-02 04:42:00,63.257,651.975,93.6,102.559,80.649,113.438,112.77,0.941
2026-07-02 04:43:00,63.236,649.074,93.428,103.194,80.94,113.503,112.854,0.955
2026-07-02 04:44:00,63.271,649.095,93.359,102.285,81.027,113.479,112.885,0.958
2026-07-02 04:45:00,63.234,648.757,93.713,103.089,80.825,113.402,112.853,0.94
2026-07-02 04:46:00,63.241,649.593,93.996,102.917,80.92,113.466,112.927,0.95
2026-07-02 04:47:00,63.083,646.948,93.796,101.934,80.729,113.433,112.984,0.974
2026-07-02 04:48:00,63.377,649.781,94.137,102.606,80.807,113.344,112.849,0.955
2026-07-02 04:49:00,63.231,652.061,93.878,102.554,80.757,113.254,112.855,0.959
2026-07-02 04:50:00,63.334,650.372,93.76,101.701,80.829,113.566,113.113,0.94
2026-07-02 04:51:00,63.382,650.51,93.711,102.825,80.769,113.507,112.936,0.934
2026-07-02 04:52:00,63.183,649.881,93.742,102.204,80.76,113.383,112.859,0.933
2026-07-02 04:53:00,63.302,652.906,93.498,102.822,80.796,113.563,113.146,0.942
2026-07-02 04:54:00,63.259,653.419,94.059,102.264,80.717,113.546,113.089,0.939
2026-07-02 04:55:00,63.282,652.265,93.441,102.62,80.871,113.513,113.166,0.936
2026-07-02 04:56:00,63.414,650.701,93.34,102.782,80.611,113.347,112.98,0.938
2026-07-02 04:57:00,63.291,650.398,93.741,101.745,80.659,113.514,113.1,0.951
2026-07-02 04:58:00,63.283,651.24,93.811,101.907,80.646,113.4,113.038,0.948
2026-07-02 04:59:00,63.361,651.32,93.702,102.471,80.727,113.513,113.208,0.928
2026-07-02 05:00:00,63.367,653.548,93.65,102.19,80.888,113.343,112.908,0.929
2026-07-02 05:01:00,63.249,652.443,93.975,102.124,80.858,113.517,113.201,0.933
2026-07-02 05:02:00,63.179,651.738,93.733,101.232,80.738,113.431,113.096,0.91
2026-07-02 05:03:00,63.268,653.38,93.863,102.429,80.934,113.404,113.149,0.925
2026-07-02 05:04:00,63.224,653.126,93.588,101.582,80.699,113.389,113.095,0.922
2026-07-02 05:05:00,63.215,653.745,94.017,101.262,80.625,113.407,113.114,0.899
2026-07-02 05:06:00,63.256,651.822,94.091,102.491,80.792,113.553,113.248,0.918
2026-07-02 05:07:00,63.295,653.151,93.289,101.447,80.719,113.278,113.155,0.908
2026-07-02 05:08:00,63.294,652.941,93.421,102.109,80.868,113.415,113.177,0.917
2026-07-02 05:09:00,63.31,653.411,93.683,101.96,80.619,113.326,113.171,0.926
2026-07-02 05:10:00,63.365,654.995,94.254,101.336,80.553,113.611,113.408,0.895
2026-07-02 05:11:00,63.185,651.939,94.049,102.326,80.671,113.482,113.281,0.914
2026-07-02 05:12:00,63.365,654.299,93.417,101.622,80.819,113.345,113.274,0.927
2026-07-02 05:13:00,63.23,654.947,93.691,102.07,80.889,113.584,113.393,0.912
2026-07-02 05:14:00,63.267,653.765,94.038,101.667,80.613,113.193,113.118,0.924
2026-07-02 05:15:00,63.353,655.449,93.71,101.817,80.843,113.572,113.515,0.92
2026-07-02 05:16:00,63.305,656.306,93.843,101.823,80.784,113.27,113.305,0.913
2026-07-02 05:17:00,63.426,655.257,93.408,102.193,80.801,113.474,113.385,0.924
2026-07-02 05:18:00,63.458,656.036,94.16,101.338,80.702,113.371,113.519,0.899
2026-07-02 05:19:00,63.355,653.987,93.889,101.623,80.946,113.37,113.391,0.918
2026-07-02 05:20:00,63.336,655.867,93.617,102.214,80.689,113.512,113.544,0.894
2026-07-02 05:21:00,63.395,653.449,93.553,101.282,80.499,113.494,113.477,0.904
2026-07-02 05:22:00,63.361,654.314,93.539,101.5,80.727,113.424,113.601,0.902
2026-07-02 05:23:00,63.252,655.458,93.502,101.795,80.952,113.515,113.498,0.907
2026-07-02 05:24:00,63.465,654.289,93.904,101.197,80.617,113.303,113.295,0.894
2026-07-02 05:25:00,63.256,655.227,93.941,101.038,80.869,113.261,113.354,0.9
2026-07-02 05:26:00,63.459,656.505,93.341,101.104,80.817,113.397,113.48,0.887
2026-07-02 05:27:00,63.342,656.769,93.269,101.835,80.892,113.248,113.389,0.888
2026-07-02 05:28:00,63.433,655.076,93.624,101.573,80.774,113.552,113.775,0.902
2026-07-02 05:29:00,63.484,657.498,93.04,101.513,80.777,113.482,113.677,0.893
2026-07-02 05:30:00,63.315,657.315,93.383,101.303,80.852,113.488,113.547,0.891
2026-07-02 05:31:00,63.384,657.025,93.005,100.695,80.617,113.428,113.632,0.876
2026-07-02 05:32:00,63.457,657.335,93.493,101.744,80.618,113.467,113.667,0.884
2026-07-02 05:33:00,63.409,659.366,93.368,100.558,80.538,113.343,113.581,0.887
2026-07-02 05:34:00,63.406,655.85,93.483,101.047,80.842,113.296,113.59,0.882
2026-07-02 05:35:00,63.433,659.732,93.429,100.627,80.552,113.494,113.859,0.899
2026-07-02 05:36:00,63.365,657.972,93.779,100.662,80.625,113.346,113.577,0.88
2026-07-02 05:37:00,63.425,659.938,93.392,100.976,80.692,113.525,113.819,0.894
2026-07-02 05:38:00,63.412,660.014,93.459,100.94,80.779,113.306,113.686,0.89
2026-07-02 05:39:00,63.446,659.596,93.008,101.131,80.636,113.567,113.901,0.864
2026-07-02 05:40:00,63.58,658.291,93.399,100.579,80.637,113.506,113.895,0.873
2026-07-02 05:41:00,63.522,658.32,93.379,101.167,80.87,113.42,113.734,0.88
2026-07-02 05:42:00,63.403,660.115,93.577,101.031,80.755,113.619,114.006,0.884
2026-07-02 05:43:00,63.536,657.922,93.358,101.16,80.666,113.445,113.748,0.871
2026-07-02 05:44:00,63.359,657.399,93.07,100.446,80.636,113.365,113.748,0.871
2026-07-02 05:45:00,63.418,658.017,93.147,100.634,80.65,113.236,113.725,0.909
2026-07-02 05:46:00,63.48,659.657,92.756,100.824,80.695,113.185,113.691,0.878
2026-07-02 05:47:00,63.496,660.416,92.948,100.766,80.628,113.386,113.848,0.906
2026-07-02 05:48:00,63.649,661.002,93.061,101.415,80.808,113.592,113.998,0.877
2026-07-02 05:49:00,63.54,662.535,92.964,100.529,80.698,113.44,113.971,0.871
2026-07-02 05:50:00,63.506,659.947,93.062,100.369,80.636,113.294,113.744,0.864
2026-07-02 05:51:00,63.572,661.784,92.946,100.549,80.632,113.562,114.085,0.884
2026-07-02 05:52:00,63.503,661.605,92.738,100.237,80.67,113.253,113.781,0.868
2026-07-02 05:53:00,63.439,659.979,93.096,100.352,80.416,113.546,114.175,0.877
2026-07-02 05:54:00,63.526,660.09,92.514,100.819,80.671,113.471,114,0.87
2026-07-02 05:55:00,63.415,661.132,92.718,101.113,80.524,113.65,114.326,0.88
2026-07-02 05:56:00,63.416,660.514,92.818,100.264,80.58,113.259,113.84,0.871
2026-07-02 05:57:00,63.576,660.456,92.462,100.706,80.466,113.522,114.136,0.877
2026-07-02 05:58:00,63.533,661.391,92.728,100.574,80.549,113.489,114.181,0.869
2026-07-02 05:59:00,63.452,661.965,92.531,100.308,80.689,113.418,114.171,0.896
2026-07-02 06:00:00,63.6,661.235,92.67,100.448,80.725,113.432,114.066,0.863
2026-07-02 06:01:00,63.516,660.872,92.228,100.542,80.657,113.481,114.281,0.864
2026-07-02 06:02:00,63.551,662.958,92.622,100.787,80.817,113.59,114.244,0.851
2026-07-02 06:03:00,63.525,661.189,92.205,99.835,80.73,113.475,114.179,0.871
2026-07-02 06:04:00,63.414,660.674,92.111,100.291,80.682,113.552,114.313,0.879
2026-07-02 06:05:00,63.528,662.531,92.663,99.912,80.6,113.458,114.233,0.857
2026-07-02 06:06:00,63.432,661.695,91.564,100.96,80.907,113.377,114.22,0.864
2026-07-02 06:07:00,63.449,662.31,92.455,100.848,80.66,113.568,114.289,0.865
2026-07-02 06:08:00,63.555,664.535,91.859,100.394,80.734,113.545,114.215,0.843
2026-07-02 06:09:00,63.446,660.14,92.234,100.518,80.582,113.318,114.169,0.884
2026-07-02 06:10:00,63.584,663.308,92.072,100.593,80.634,113.621,114.472,0.871
2026-07-02 06:11:00,63.606,664.434,92.2,100.647,80.697,113.394,114.27,0.855
2026-07-02 06:12:00,63.475,660.927,91.28,100.258,80.795,113.282,114.076,0.874
2026-07-02 06:13:00,63.525,661.605,91.658,100.76,80.539,113.439,114.18,0.857
2026-07-02 06:14:00,63.494,662.504,92.162,100.289,80.525,113.593,114.462,0.873
2026-07-02 06:15:00,63.535,662.267,92.158,100.934,80.738,113.361,114.118,0.871
2026-07-02 06:16:00,63.378,662.153,91.544,100.486,80.815,113.294,114.258,0.834
2026-07-02 06:17:00,63.572,663.832,92.103,100.692,80.696,113.451,114.443,0.851
2026-07-02 06:18:00,63.602,662.787,91.652,100.099,80.845,113.528,114.496,0.851
2026-07-02 06:19:00,63.526,663.714,91.695,100.66,80.65,113.692,114.61,0.857
2026-07-02 06:20:00,63.498,665.12,91.116,100.579,80.892,113.542,114.432,0.853
2026-07-02 06:21:00,63.473,663.726,91.586,100.363,80.732,113.521,114.36,0.858
2026-07-02 06:22:00,63.553,665.464,91.711,100.625,80.904,113.665,114.645,0.873
2026-07-02 06:23:00,63.715,663.481,91.529,99.877,80.669,113.455,114.403,0.862
2026-07-02 06:24:00,63.589,664.533,91.615,100.038,80.711,113.425,114.43,0.859
2026-07-02 06:25:00,63.62,664.792,91.726,100.377,80.745,113.37,114.322,0.851
2026-07-02 06:26:00,63.649,665.241,91.255,100.818,80.742,113.558,114.532,0.863
2026-07-02 06:27:00,63.633,667.274,91.029,100.287,80.734,113.526,114.446,0.839
2026-07-02 06:28:00,63.565,666.1,91.508,101.115,80.764,113.487,114.386,0.842
2026-07-02 06:29:00,63.568,666.138,90.99,100.233,80.674,113.523,114.444,0.876
2026-07-02 06:30:00,63.696,665.623,91.452,100.179,80.695,113.414,114.438,0.847
2026-07-02 06:31:00,63.578,665.399,90.911,100.841,80.67,113.413,114.437,0.855
2026-07-02 06:32:00,63.576,664.524,91.064,99.461,80.61,113.483,114.604,0.852
2026-07-02 06:33:00,63.631,666.869,90.995,100.535,80.774,113.476,114.535,0.861
2026-07-02 06:34:00,63.716,665.716,91.22,100.411,80.876,113.503,114.582,0.841
2026-07-02 06:35:00,63.708,665.762,90.993,100.491,80.647,113.342,114.434,0.854
2026-07-02 06:36:00,63.716,665.513,90.999,100.629,80.631,113.572,114.598,0.832
2026-07-02 06:37:00,63.631,668.29,90.659,100.233,80.766,113.57,114.764,0.85
2026-07-02 06:38:00,63.618,666.827,90.827,100.465,80.643,113.625,114.596,0.858
2026-07-02 06:39:00,63.637,665.268,90.643,100.388,80.718,113.536,114.609,0.851
2026-07-02 06:40:00,63.598,665.972,90.681,100.819,80.781,113.379,114.421,0.849
2026-07-02 06:41:00,63.745,1117.308,90.699,101.03,80.708,113.51,114.67,0.826
2026-07-02 06:42:00,63.59,665.86,90.54,100.942,80.614,113.435,114.565,0.855
2026-07-02 06:43:00,63.778,667.424,90.579,100.584,80.801,113.507,114.669,0.848
2026-07-02 06:44:00,63.729,667.206,90.379,100.634,80.717,113.501,114.624,0.837
2026-07-02 06:45:00,63.716,667.428,90.035,100.225,80.657,113.401,114.548,0.852
2026-07-02 06:46:00,63.738,668.523,90.626,100.794,80.626,113.496,114.645,0.836
2026-07-02 06:47:00,63.705,666.935,90.168,100.58,80.647,113.557,114.623,0.848
2026-07-02 06:48:00,63.577,666.123,90.359,100.124,80.85,113.389,114.606,0.826
2026-07-02 06:49:00,63.736,667.757,90.282,100.622,80.737,113.563,114.79,0.849
2026-07-02 06:50:00,63.728,667.32,90.004,100.623,80.699,113.419,114.516,0.855
2026-07-02 06:51:00,63.644,669.508,89.678,100.428,80.667,113.401,114.499,0.855
2026-07-02 06:52:00,63.674,670.627,89.989,100.442,80.593,113.552,114.83,0.856
2026-07-02 06:53:00,63.641,669.6,89.909,100.622,80.955,113.592,114.702,0.84
2026-07-02 06:54:00,63.643,667.958,89.841,100.48,80.896,113.46,114.628,0.858
2026-07-02 06:55:00,63.693,667.647,89.826,100.729,80.826,113.55,114.76,0.833
2026-07-02 06:56:00,63.688,668.825,89.538,100.538,80.743,113.478,114.614,0.855
2026-07-02 06:57:00,63.728,669.863,89.633,100.825,80.794,113.5,114.489,0.841
2026-07-02 06:58:00,63.575,667.343,89.505,100.966,80.743,113.634,114.705,0.859
2026-07-02 06:59:00,63.795,669.26,89.531,100.435,80.843,113.51,114.623,0.838
2026-07-02 07:00:00,63.716,666.423,89.721,100.464,80.737,113.604,114.826,0.856
2026-07-02 07:01:00,63.584,665.452,89.722,101.284,80.826,113.458,114.51,0.868
2026-07-02 07:02:00,63.711,668.98,89.264,101.033,80.717,113.403,114.641,0.87
2026-07-02 07:03:00,63.726,669.052,89.509,100.698,80.888,113.3,114.417,0.842
2026-07-02 07:04:00,63.66,669.127,89.459,100.822,80.756,113.493,114.741,0.883
2026-07-02 07:05:00,63.723,668.674,88.644,100.95,80.944,113.733,114.867,0.88
2026-07-02 07:06:00,63.76,669.776,89.384,101.282,80.797,113.682,114.942,0.87
2026-07-02 07:07:00,63.788,668.329,88.679,101.018,80.889,113.467,114.76,0.838
2026-07-02 07:08:00,63.748,669.442,89.017,100.563,80.636,113.576,114.74,0.853
2026-07-02 07:09:00,63.663,669.833,89.367,100.975,80.929,113.402,114.706,0.85
2026-07-02 07:10:00,63.866,668.836,88.784,100.665,80.861,113.528,114.616,0.863
2026-07-02 07:11:00,63.644,670.597,89.109,100.897,80.832,113.497,114.731,0.845
2026-07-02 07:12:00,63.797,670.874,89.114,100.838,80.868,113.421,114.702,0.861
2026-07-02 07:13:00,63.687,672.436,88.558,100.309,80.729,113.727,114.879,0.855
2026-07-02 07:14:00,63.832,669.667,88.632,101.433,81,113.642,114.915,0.85
2026-07-02 07:15:00,63.7,668.363,88.815,100.937,80.766,113.723,114.852,0.835
2026-07-02 07:16:00,63.79,670.33,88.667,101.15,80.738,113.709,114.901,0.843
2026-07-02 07:17:00,63.737,668.99,88.284,100.655,80.682,113.469,114.703,0.851
2026-07-02 07:18:00,63.778,671.375,88.745,100.888,80.925,113.541,114.828,0.855
2026-07-02 07:19:00,63.852,669.531,88.516,101.189,80.928,113.521,114.814,0.85
2026-07-02 07:20:00,63.675,671.315,87.945,100.999,80.931,113.568,114.776,0.86
2026-07-02 07:21:00,63.929,671.799,88.364,100.964,80.797,113.621,114.877,0.867
2026-07-02 07:22:00,63.676,670.865,88.492,101.282,80.622,113.679,114.881,0.853
2026-07-02 07:23:00,63.819,671.008,88.029,101.704,80.943,113.602,114.795,0.859
2026-07-02 07:24:00,63.856,670.736,88.114,100.987,80.917,113.554,114.593,0.858
2026-07-02 07:25:00,63.758,671.171,88.165,100.736,80.828,113.716,114.888,0.856
2026-07-02 07:26:00,63.674,669.443,88.138,101.564,80.889,113.497,114.584,0.845
2026-07-02 07:27:00,63.791,669.7,87.623,101.435,80.968,113.36,114.382,0.857
2026-07-02 07:28:00,63.837,672.099,88.092,101.715,80.875,113.566,114.803,0.849
2026-07-02 07:29:00,63.891,670.61,87.955,101.125,80.799,113.503,114.676,0.843
2026-07-02 07:30:00,63.84,670.617,87.953,101.238,80.81,113.742,114.878,0.873
2026-07-02 07:31:00,63.782,673.514,88.014,101.531,80.855,113.666,114.759,0.857
2026-07-02 07:32:00,63.778,670.109,87.698,101.584,80.93,113.673,114.707,0.857
2026-07-02 07:33:00,63.887,671.424,87.551,101.08,80.881,113.322,114.532,0.872
2026-07-02 07:34:00,63.773,671.291,87.754,101.454,80.903,113.555,114.613,0.851
2026-07-02 07:35:00,63.789,672.754,87.67,102.046,80.909,113.543,114.658,0.86
2026-07-02 07:36:00,63.774,670.473,87.648,101.747,80.773,113.644,114.743,0.874
2026-07-02 07:37:00,63.723,672.718,87.672,101.204,80.879,113.568,114.682,0.865
2026-07-02 07:38:00,63.902,674.971,87.809,101.164,81.007,113.479,114.524,0.86
2026-07-02 07:39:00,63.896,673.128,87.76,101.379,80.895,113.529,114.688,0.87
2026-07-02 07:40:00,63.786,670.097,87.761,101.704,80.942,113.439,114.585,0.843
2026-07-02 07:41:00,63.862,671.398,87.235,102.097,81.131,113.537,114.615,0.872
2026-07-02 07:42:00,63.799,669.765,87.484,101.519,81.013,113.645,114.695,0.856
2026-07-02 07:43:00,63.858,671.541,86.75,101.783,80.985,113.536,114.715,0.864
2026-07-02 07:44:00,63.756,670.287,86.954,102.057,80.976,113.659,114.664,0.858
2026-07-02 07:45:00,63.812,673.171,86.507,102.162,81.109,113.586,114.637,0.855
2026-07-02 07:46:00,63.73,670.177,87.049,102.02,80.966,113.653,114.675,0.874
2026-07-02 07:47:00,63.923,671.5,87.158,102.209,80.948,113.568,114.691,0.86
2026-07-02 07:48:00,63.849,674.548,86.395,102.857,81.099,113.638,114.746,0.862
2026-07-02 07:49:00,63.938,672.742,86.656,102.549,81.13,113.554,114.66,0.882
2026-07-02 07:50:00,63.844,670.914,86.77,102.719,80.957,113.649,114.802,0.87
2026-07-02 07:51:00,63.83,674.31,86.553,102.708,81.118,113.835,114.901,0.882
2026-07-02 07:52:00,63.843,670.988,86.801,102.506,80.928,113.736,114.662,0.881
2026-07-02 07:53:00,63.822,671.418,86.6,101.66,81.025,113.754,114.828,0.878
2026-07-02 07:54:00,63.941,673.283,86.466,102.568,80.997,113.612,114.527,0.854
2026-07-02 07:55:00,63.933,674.678,86.551,102.231,81.131,113.712,114.669,0.877
2026-07-02 07:56:00,63.891,671.912,86.641,102.705,81.07,113.636,114.526,0.853
2026-07-02 07:57:00,63.746,670.505,86.157,102.296,81.135,113.631,114.537,0.887
2026-07-02 07:58:00,63.741,674.189,85.953,102.717,81.125,113.763,114.742,0.883
2026-07-02 07:59:00,63.883,671.71,86.52,102.48,81.087,113.649,114.516,0.874
2026-07-02 08:00:00,63.809,674.226,86.631,102.404,81.028,113.633,114.585,0.88
2026-07-02 08:01:00,63.712,671.308,86.493,102.859,81.221,113.678,114.591,0.877
2026-07-02 08:02:00,63.929,672.738,86.4,103.218,80.924,113.753,114.689,0.867
2026-07-02 08:03:00,63.8,671.112,86.278,101.857,80.95,113.642,114.511,0.853
2026-07-02 08:04:00,63.851,670.437,86.139,102.757,81.175,113.725,114.547,0.853
2026-07-02 08:05:00,63.716,670.735,86.077,102.85,81.065,113.677,114.604,0.876
2026-07-02 08:06:00,63.898,672.437,86.274,103.022,81.088,113.584,114.442,0.885
2026-07-02 08:07:00,64.042,671.99,85.643,102.612,81.172,113.628,114.422,0.889
2026-07-02 08:08:00,63.909,675.051,85.883,103.263,80.901,113.688,114.502,0.879
2026-07-02 08:09:00,63.895,670.091,85.627,102.87,81.109,113.687,114.467,0.872
2026-07-02 08:10:00,63.826,670.192,86.293,103.281,81.147,113.476,114.173,0.862
2026-07-02 08:11:00,63.855,673.451,85.782,102.597,80.989,113.691,114.523,0.889
2026-07-02 08:12:00,63.948,671.774,85.68,102.875,81.178,113.867,114.744,0.884
2026-07-02 08:13:00,63.944,672.882,85.859,102.97,80.951,113.582,114.244,0.88
2026-07-02 08:14:00,63.963,671.709,85.823,103.495,81.173,113.84,114.603,0.861
2026-07-02 08:15:00,63.834,672.4,85.162,103.514,81.008,113.718,114.415,0.907
2026-07-02 08:16:00,63.792,670.712,85.799,103.293,81.117,113.562,114.286,0.883
2026-07-02 08:17:00,63.875,671.616,86.142,103.753,81.396,113.513,114.279,0.89
2026-07-02 08:18:00,64.007,673.895,85.584,103.717,81.084,113.584,114.352,0.883
2026-07-02 08:19:00,63.72,670.144,85.852,103.762,81.285,113.665,114.362,0.888
2026-07-02 08:20:00,63.814,670.971,85.606,104.018,81.27,113.656,114.441,0.906
2026-07-02 08:21:00,63.832,671.997,85.393,103.068,81.111,113.45,114.133,0.869
2026-07-02 08:22:00,63.889,671.455,84.942,103.447,81.112,113.728,114.392,0.901
2026-07-02 08:23:00,63.891,670.189,85.418,103.945,81.241,113.79,114.337,0.901
2026-07-02 08:24:00,63.87,671.658,85.819,103.453,81.255,113.721,114.374,0.899
2026-07-02 08:25:00,63.875,673.133,85.679,103.718,81.165,113.717,114.32,0.892
2026-07-02 08:26:00,63.853,672.295,85.065,103.837,81.252,113.523,114.045,0.89
2026-07-02 08:27:00,63.831,671.641,85.028,104.113,81.258,113.744,114.301,0.877
2026-07-02 08:28:00,63.863,671.879,85.356,103.849,81.23,113.693,114.211,0.894
2026-07-02 08:29:00,63.892,671.929,85.018,104.104,81.258,113.862,114.461,0.893
2026-07-02 08:30:00,63.882,673.323,84.87,104.388,81.273,113.652,114.064,0.877
2026-07-02 08:31:00,64.01,673.608,84.95,103.767,81.063,113.692,114.129,0.881
2026-07-02 08:32:00,63.918,672.94,85.384,104.706,81.053,113.757,114.21,0.894
2026-07-02 08:33:00,63.794,671.892,85.028,104.277,81.279,113.58,114.082,0.914
2026-07-02 08:34:00,63.805,671.444,84.625,104.602,81.377,113.715,114.244,0.9
2026-07-02 08:35:00,63.364,627.324,74.238,112.339,82.369,113.615,113.995,0.897
2026-07-02 08:36:00,63.385,628.278,74.506,112.706,82.38,113.966,114.373,0.91
2026-07-02 08:37:00,63.32,628.658,74.761,112.568,82.211,113.564,114.067,0.902
2026-07-02 08:38:00,63.324,628.895,74.733,112.259,82.139,113.727,114.067,0.899
2026-07-02 08:39:00,63.417,627.636,74.236,113.32,82.408,113.686,114.024,0.906
2026-07-02 08:40:00,63.386,630.539,74.068,112.991,82.42,113.829,114.164,0.906
2026-07-02 08:41:00,63.44,630.473,73.764,113.019,82.346,113.767,114.081,0.916
2026-07-02 08:42:00,63.341,629.522,74.29,113.052,82.325,113.675,113.956,0.911
2026-07-02 08:43:00,63.439,630.182,73.548,113.391,82.356,113.799,114.06,0.919
2026-07-02 08:44:00,63.278,628.759,74.024,113.891,82.45,113.974,114.28,0.929
2026-07-02 08:45:00,63.452,626.375,74.24,113.411,82.363,113.71,113.837,0.918
2026-07-02 08:46:00,63.28,626.762,73.699,112.56,82.323,113.739,114.039,0.924
2026-07-02 08:47:00,63.252,627.466,74.242,113.154,82.295,113.746,113.967,0.894
2026-07-02 08:48:00,63.43,628.644,73.741,112.708,82.353,113.806,113.957,0.907
2026-07-02 08:49:00,63.382,626.468,73.306,112.695,82.357,113.64,113.892,0.908
2026-07-02 08:50:00,63.356,626.32,73.678,113.586,82.443,113.767,113.876,0.926
2026-07-02 08:51:00,63.325,627.395,73.434,113.209,82.299,113.65,113.699,0.914
2026-07-02 08:52:00,63.339,629.302,73.936,113.344,82.374,113.699,113.762,0.923
2026-07-02 08:53:00,63.363,627.66,73.479,113.672,82.262,113.679,113.841,0.926
2026-07-02 08:54:00,63.341,627.303,73.594,113.431,82.25,113.818,113.959,0.918
2026-07-02 08:55:00,63.427,626.876,73.643,114.159,82.438,113.706,113.885,0.903
2026-07-02 08:56:00,63.35,627.637,73.527,114.198,82.506,113.923,114.035,0.904
2026-07-02 08:57:00,63.496,626.857,73.678,113.644,82.299,113.681,113.729,0.908
2026-07-02 08:58:00,63.411,626.618,74.164,113.796,82.443,113.778,113.765,0.909
2026-07-02 08:59:00,63.501,627.215,73.786,114.404,82.384,113.869,113.827,0.928
2026-07-02 09:00:00,63.517,627.157,73.231,114.224,82.413,113.758,113.771,0.914
2026-07-02 09:01:00,63.422,629.765,73.719,113.763,82.345,113.778,113.758,0.921
2026-07-02 09:02:00,63.452,627.77,73.406,113.632,82.447,113.65,113.728,0.902
2026-07-02 09:03:00,63.44,627.519,73.23,113.996,82.415,113.787,113.729,0.928
2026-07-02 09:04:00,63.376,629.169,73.765,114.021,82.378,113.805,113.758,0.942
2026-07-02 09:05:00,63.248,628.891,73.87,114.078,82.331,113.732,113.524,0.917
2026-07-02 09:06:00,63.355,627.667,73.836,114.641,82.586,113.681,113.566,0.922
2026-07-02 09:07:00,63.436,626.893,73.592,114.085,82.355,113.885,113.844,0.94
2026-07-02 09:08:00,63.325,626.178,73.597,114.742,82.321,113.881,113.645,0.919
2026-07-02 09:09:00,63.268,625.54,73.497,114.642,82.537,113.577,113.49,0.928
2026-07-02 09:10:00,63.458,627.615,73.023,114.124,82.479,113.772,113.733,0.948
2026-07-02 09:11:00,63.363,628.845,73.339,114.724,82.511,113.857,113.58,0.923
2026-07-02 09:12:00,63.245,626.091,73.894,115.337,82.533,113.85,113.611,0.925
2026-07-02 09:13:00,63.374,627.621,73.319,114.406,82.467,113.897,113.594,0.928
2026-07-02 09:14:00,63.478,628.919,73.934,114.881,82.528,113.727,113.383,0.942
2026-07-02 09:15:00,63.6,628.081,73.19,114.314,82.498,113.769,113.553,0.938
2026-07-02 09:16:00,63.493,625.814,73.122,114.758,82.427,113.828,113.48,0.941
2026-07-02 09:17:00,63.398,625.439,73.603,115.071,82.351,113.795,113.488,0.934
2026-07-02 09:18:00,63.326,628.488,73.686,115.316,82.622,113.996,113.757,0.944
2026-07-02 09:19:00,63.333,625.907,73.41,115.655,82.643,113.787,113.641,0.97
2026-07-02 09:20:00,63.37,628.854,73.351,114.706,82.658,113.77,113.4,0.952
2026-07-02 09:21:00,63.39,626.9,73.715,115.039,82.488,113.65,113.264,0.973
2026-07-02 09:22:00,63.485,627.626,73.445,114.928,82.456,113.683,113.313,0.953
2026-07-02 09:23:00,63.373,625.83,73.368,115.499,82.304,113.987,113.51,0.965
2026-07-02 09:24:00,63.339,625.518,73.496,115.232,82.56,113.777,113.304,0.968
2026-07-02 09:25:00,63.389,626.711,73.473,115.46,82.596,113.661,113.312,0.965
2026-07-02 09:26:00,63.334,625.441,73.93,115.419,82.569,113.6,113.291,0.98
2026-07-02 09:27:00,63.338,626.956,73.781,115.547,82.338,113.917,113.503,1.129
2026-07-02 09:28:00,63.348,625.911,73.825,115.288,82.449,113.917,113.45,1.126
2026-07-02 09:29:00,63.412,626.178,73.594,115.836,82.387,113.834,113.35,1.116
2026-07-02 09:30:00,63.356,625.44,73.157,115.19,82.5,113.9,113.439,1.136
2026-07-02 09:31:00,63.158,623.991,74.015,115.851,82.543,113.724,112.995,1.157
2026-07-02 09:32:00,63.34,624.741,73.255,115.474,82.505,113.823,113.303,1.148
2026-07-02 09:33:00,63.391,626.609,73.446,115.668,82.573,113.814,113.214,1.146
2026-07-02 09:34:00,63.364,626.728,73.644,115.942,82.572,113.954,113.318,1.143
2026-07-02 09:35:00,63.365,624.843,73.439,115.912,82.513,113.661,113.152,1.148
2026-07-02 09:36:00,63.336,625.514,73.853,115.293,82.558,113.883,113.082,1.153
2026-07-02 09:37:00,63.382,624.909,73.745,116.107,82.683,113.824,113.198,1.156
2026-07-02 09:38:00,63.362,626.212,73.408,116.077,82.645,113.851,113.208,1.134
2026-07-02 09:39:00,63.393,626.418,73.668,115.78,82.776,113.716,113.073,1.142
2026-07-02 09:40:00,63.355,625.136,73.186,115.895,82.554,113.777,113.141,1.147
2026-07-02 09:41:00,63.368,624.585,73.409,116.105,82.597,113.865,113.134,1.14
2026-07-02 09:42:00,63.368,625.199,73.165,116.197,82.522,113.83,113.179,1.157
2026-07-02 09:43:00,63.315,623.422,73.17,116.058,82.566,113.881,113.182,1.151
2026-07-02 09:44:00,63.366,624.914,73.772,116.232,82.583,113.847,113.05,1.147
2026-07-02 09:45:00,63.313,624.744,18.401,116.814,82.633,113.999,113.278,1.162
2026-07-02 09:46:00,63.238,622.795,73.634,116.351,82.602,113.72,112.893,1.152
2026-07-02 09:47:00,63.234,623.763,74.013,116.797,82.719,113.896,113.049,1.16
2026-07-02 09:48:00,63.296,623.955,73.627,116.355,82.645,113.741,112.89,1.158
2026-07-02 09:49:00,63.35,624.492,73.698,116.633,82.769,113.799,113.032,1.161
2026-07-02 09:50:00,63.366,624.707,73.28,117.142,82.756,113.806,112.945,1.168
2026-07-02 09:51:00,63.178,624.345,73.312,116.947,82.849,113.874,112.981,1.15
2026-07-02 09:52:00,63.321,625.765,73.469,116.314,82.497,113.875,113.149,1.167
2026-07-02 09:53:00,63.346,622.936,73.958,117.265,82.755,113.714,112.917,1.153
2026-07-02 09:54:00,63.335,623.442,74.171,116.971,82.562,113.771,112.971,1.16
2026-07-02 09:55:00,63.159,622.077,73.586,117.661,82.751,113.859,113.09,1.152
2026-07-02 09:56:00,63.298,622.851,74.014,117.263,82.789,113.886,112.934,1.158
2026-07-02 09:57:00,63.26,623.582,74.2,116.56,82.671,113.872,113.133,1.166
2026-07-02 09:58:00,63.281,622.505,73.875,117.539,82.653,113.931,112.996,1.175
2026-07-02 09:59:00,63.198,622.665,73.752,117.339,82.578,113.666,112.666,1.152
2026-07-02 10:00:00,63.261,620.919,73.73,117.051,82.522,113.924,113.067,1.166
2026-07-02 10:01:00,63.254,621.138,74.243,116.771,82.488,113.805,112.923,1.158
2026-07-02 10:02:00,63.411,621.004,73.557,116.698,82.586,113.828,112.877,1.167
2026-07-02 10:03:00,63.364,623.014,74.076,117.132,82.676,113.878,112.841,1.157
2026-07-02 10:04:00,63.254,623.476,73.784,117.38,82.699,113.763,112.794,1.165
2026-07-02 10:05:00,63.354,623.509,74.352,117.398,82.571,113.767,112.851,1.156
2026-07-02 10:06:00,63.259,620.246,73.936,117.798,82.718,113.835,112.695,1.155
2026-07-02 10:07:00,63.309,622.233,73.924,117.643,82.728,113.811,112.763,1.156
2026-07-02 10:08:00,63.348,620.828,74.441,118.301,82.611,113.686,112.709,1.173
2026-07-02 10:09:00,63.282,621.002,74.345,117.393,82.611,113.805,112.679,1.186
2026-07-02 10:10:00,63.238,621.536,74.377,117.591,82.729,113.826,112.755,1.17
2026-07-02 10:11:00,63.196,623.828,74.466,117.822,82.706,113.826,112.864,1.183
2026-07-02 10:12:00,63.255,620.883,74.171,118.216,82.585,114.071,113.141,1.188
2026-07-02 10:13:00,63.183,621.524,74.489,117.906,82.632,113.892,112.808,1.166
2026-07-02 10:14:00,63.292,619.582,73.799,117.778,82.89,113.845,112.696,1.173
2026-07-02 10:15:00,63.182,620.304,74.166,117.721,82.755,113.868,112.802,1.183
2026-07-02 10:16:00,63.249,620.547,74.588,118.276,82.764,113.881,112.764,1.171
2026-07-02 10:17:00,63.243,619.782,73.7,118.44,82.881,113.967,113.009,1.193
2026-07-02 10:18:00,63.228,620.091,74.717,117.861,82.537,113.943,112.878,1.173
2026-07-02 10:19:00,63.139,619.57,74.642,118.49,82.859,113.908,112.858,1.174
2026-07-02 10:20:00,63.141,621.127,75.061,118.533,82.785,114.046,112.821,1.165
2026-07-02 10:21:00,63.269,621.482,74.495,117.946,82.806,114.054,113.019,1.196
2026-07-02 10:22:00,63.226,622.168,74.699,118.441,82.851,113.976,112.749,1.182
2026-07-02 10:23:00,63.129,622.931,74.811,118.532,82.851,113.72,112.757,1.191
2026-07-02 10:24:00,63.194,621.728,74.507,118.486,82.737,113.832,112.649,1.186
2026-07-02 10:25:00,63.11,621.331,74.892,119.224,82.801,113.891,112.766,1.177
2026-07-02 10:26:00,63.131,618.321,74.912,118.469,82.843,113.837,112.873,1.182
2026-07-02 10:27:00,63.354,620.694,74.491,118.997,82.768,113.818,112.725,1.172
2026-07-02 10:28:00,63.164,617.059,74.541,118.739,82.714,113.951,112.789,1.195
2026-07-02 10:29:00,63.245,618.435,74.708,118.476,82.804,114.025,112.748,1.18
2026-07-02 10:30:00,63.005,616.456,74.272,118.546,82.85,113.83,112.545,1.173
2026-07-02 10:31:00,63.188,618.567,74.396,118.837,82.916,113.867,112.738,1.189
2026-07-02 10:32:00,63.166,619.425,74.981,118.791,82.774,113.619,112.411,1.174
2026-07-02 10:33:00,63.17,618.502,74.658,119.054,82.853,113.969,112.79,1.174
2026-07-02 10:34:00,63.07,617.88,74.846,118.725,82.91,113.808,112.529,1.206
2026-07-02 10:35:00,63.301,620.055,74.796,119.203,82.677,113.973,112.854,1.203
2026-07-02 10:36:00,63.015,616.934,75.194,118.696,82.718,113.996,112.866,1.192
2026-07-02 10:37:00,63.021,616.238,75.461,119.359,82.725,113.792,112.552,1.207
2026-07-02 10:38:00,63.211,619.5,74.651,119.055,82.703,113.759,112.646,1.195
2026-07-02 10:39:00,63.104,617.665,75.055,119.047,82.878,113.848,112.616,1.191
2026-07-02 10:40:00,63.097,617.491,75.446,119.053,82.683,113.948,112.61,1.178
2026-07-02 10:41:00,63.125,619.549,75.132,118.892,82.853,113.744,112.596,1.205
2026-07-02 10:42:00,63.212,618.222,75.755,119.039,83.016,113.824,112.507,1.193
2026-07-02 10:43:00,63.305,617.105,75.442,119.52,82.743,113.801,112.644,1.215
2026-07-02 10:44:00,62.973,615.805,75.554,119.364,82.886,113.954,112.794,1.197
2026-07-02 10:45:00,63.115,616.544,75.288,119.355,82.787,113.986,112.793,1.196
2026-07-02 10:46:00,63.17,615.353,75.723,119.278,82.953,113.883,112.664,1.195
2026-07-02 10:47:00,63.063,617.48,75.772,119.572,82.603,113.97,112.787,1.194
2026-07-02 10:48:00,63.11,617.581,75.786,119.681,82.62,113.911,112.786,1.198
2026-07-02 10:49:00,63.191,617.327,75.747,119.148,82.812,113.839,112.657,1.192
2026-07-02 10:50:00,63.169,616.601,75.722,119.273,82.689,113.986,112.757,1.193
2026-07-02 10:51:00,63.019,613.498,75.864,119.257,82.725,113.961,112.723,1.214
2026-07-02 10:52:00,63.19,617.526,75.958,120.054,82.788,113.965,112.803,1.189
2026-07-02 10:53:00,63.056,616.606,75.425,119.423,82.835,113.861,112.696,1.192
2026-07-02 10:54:00,63.118,616.67,76.02,119.625,82.841,113.945,112.791,1.175
2026-07-02 10:55:00,63.119,615.265,75.983,119.174,82.765,113.742,112.49,1.19
2026-07-02 10:56:00,63.25,616.947,75.886,119.986,82.811,114.122,112.924,1.195
2026-07-02 10:57:00,63.051,615.688,76.389,120.233,82.89,113.727,112.416,1.189
2026-07-02 10:58:00,63.137,614.67,76.433,119.837,82.67,113.925,112.761,1.198
2026-07-02 10:59:00,63.033,617.488,76.395,119.375,82.815,113.817,112.785,1.211
2026-07-02 11:00:00,62.989,612.751,76.288,119.528,82.763,114.011,112.727,1.199
2026-07-02 11:01:00,63.104,613.679,76.655,120.527,82.886,113.932,112.624,1.185
2026-07-02 11:02:00,63.064,614.105,76.777,119.959,82.919,113.8,112.612,1.2
2026-07-02 11:03:00,63.173,614.874,76.469,119.912,82.834,113.795,112.567,1.222
2026-07-02 11:04:00,63.044,612.844,76.979,120.38,82.732,113.988,112.761,1.221
2026-07-02 11:05:00,63.012,611.887,76.041,119.807,82.88,113.763,112.559,1.194
2026-07-02 11:06:00,63.141,614.083,76.871,119.492,82.846,113.734,112.58,1.21
2026-07-02 11:07:00,63.022,613.13,77.371,119.736,82.791,113.698,112.41,1.184
2026-07-02 11:08:00,63.132,611.934,76.428,119.845,82.95,113.71,112.632,1.217
2026-07-02 11:09:00,63.13,611.617,76.162,119.775,82.901,113.872,112.822,1.216
2026-07-02 11:10:00,63.126,613.711,76.529,119.589,82.811,113.97,112.86,1.199
2026-07-02 11:11:00,63.171,613.562,76.217,120.549,82.856,113.818,112.677,1.217
2026-07-02 11:12:00,63.101,611.327,77.15,119.624,82.618,113.826,112.703,1.2
2026-07-02 11:13:00,62.978,611.977,76.837,119.933,83.009,113.703,112.57,1.199
2026-07-02 11:14:00,62.985,612.095,76.919,120.3,82.876,113.799,112.812,1.186
2026-07-02 11:15:00,62.994,613.077,76.874,120.751,83.028,113.884,112.808,1.219
2026-07-02 11:16:00,62.999,610.129,77.163,120.867,82.952,113.861,112.688,1.197
2026-07-02 11:17:00,63.018,609.874,76.981,119.781,82.809,113.757,112.734,1.222
2026-07-02 11:18:00,62.889,610.543,77.408,120.027,82.861,113.893,112.701,1.21
2026-07-02 11:19:00,63.018,610.782,77.359,120.395,82.987,113.907,112.764,1.21
2026-07-02 11:20:00,62.99,611.849,77.632,119.778,82.566,113.864,112.828,1.211
2026-07-02 11:21:00,62.935,608.814,77.761,120.47,82.939,113.602,112.594,1.204
2026-07-02 11:22:00,63.02,610.36,76.912,120.471,82.878,113.825,112.89,1.208
2026-07-02 11:23:00,62.962,610.183,77.488,120.631,82.932,113.814,112.785,1.227
2026-07-02 11:24:00,62.977,608.991,77.475,120.256,82.722,113.784,112.664,1.209
2026-07-02 11:25:00,63.044,610.104,77.644,120.404,82.924,113.912,113.015,1.206
2026-07-02 11:26:00,62.922,608.455,77.498,120.584,82.869,113.89,112.906,1.23
2026-07-02 11:27:00,63.054,610.389,77.529,120.962,82.747,113.949,112.926,1.228
2026-07-02 11:28:00,63.005,611.664,77.859,120.704,82.702,113.843,112.847,1.205
2026-07-02 11:29:00,63.03,610.651,77.796,120.182,82.714,113.8,112.821,1.204
2026-07-02 11:30:00,62.867,610.532,77.633,120.417,82.662,113.984,112.956,1.211
2026-07-02 11:31:00,62.992,608.304,78.197,120.888,82.784,113.734,112.799,1.218
2026-07-02 11:32:00,62.806,610.174,78.149,120.623,82.898,113.756,112.805,1.223
2026-07-02 11:33:00,62.892,609.562,78.035,120.956,82.989,113.871,112.927,1.203
2026-07-02 11:34:00,62.953,609.101,78.034,120.572,82.7,113.718,112.722,1.219
2026-07-02 11:35:00,63.037,609.637,78.411,120.461,82.694,114.145,113.092,1.211
2026-07-02 11:36:00,62.95,608.027,77.714,120.065,82.629,113.938,113.023,1.191
2026-07-02 11:37:00,62.899,608.143,78.626,120.578,82.692,114.05,113.092,1.234
2026-07-02 11:38:00,63.019,607.666,78.516,121.101,82.767,114.047,112.99,1.208
2026-07-02 11:39:00,62.847,609.093,78.885,120.833,82.809,113.942,112.995,1.213
2026-07-02 11:40:00,62.871,608.731,78.169,121.28,82.932,113.829,112.893,1.206
2026-07-02 11:41:00,62.874,607.701,78.488,121.3,82.944,113.756,112.804,1.2
2026-07-02 11:42:00,62.889,607.536,77.998,120.403,82.698,113.844,113.064,1.205
2026-07-02 11:43:00,62.845,607.98,78.537,120.955,82.848,114.004,113.219,1.213
2026-07-02 11:44:00,62.861,606.993,78.88,121.021,82.846,114.136,113.313,1.218
2026-07-02 11:45:00,62.901,607.344,78.785,121.522,82.867,114.001,113.026,1.23
2026-07-02 11:46:00,62.863,607.816,78.544,120.732,83.034,113.945,113.251,1.207
2026-07-02 11:47:00,62.783,607.605,78.984,120.878,82.86,113.823,112.969,1.213
2026-07-02 11:48:00,62.783,606.318,78.766,120.988,82.962,113.734,112.868,1.211
2026-07-02 11:49:00,62.912,608.377,78.886,120.746,82.693,114.07,113.235,1.232
2026-07-02 11:50:00,62.846,607.614,79.073,121.039,82.694,113.948,113.1,1.201
2026-07-02 11:51:00,63.006,604.874,79.143,120.654,82.658,113.929,113.082,1.212
2026-07-02 11:52:00,62.84,605.815,78.993,120.684,82.819,114.047,113.294,1.22
2026-07-02 11:53:00,62.935,605.508,79.056,120.674,82.814,113.828,113.007,1.239
2026-07-02 11:54:00,62.848,606.036,78.951,121.374,82.918,113.862,113.172,1.216
2026-07-02 11:55:00,62.791,605.494,78.829,120.884,82.874,113.883,113.193,1.221
2026-07-02 11:56:00,62.913,604.59,79.376,120.709,82.727,113.851,113.199,1.211
2026-07-02 11:57:00,62.85,604.444,79.113,121.358,82.855,113.893,113.15,1.218
2026-07-02 11:58:00,62.662,606.589,79.794,121.24,82.908,113.896,113.147,1.218
2026-07-02 11:59:00,62.785,606.372,79.21,121.071,82.884,114.008,113.336,1.222
2026-07-02 12:00:00,62.682,603.949,79.733,120.566,82.745,113.872,113.139,1.24
2026-07-02 12:01:00,62.713,602.091,79.773,120.648,82.706,113.967,113.318,1.229
2026-07-02 12:02:00,62.896,606.181,79.62,121.238,82.872,114.065,113.47,1.214
2026-07-02 12:03:00,62.719,604.414,79.653,121.815,82.695,113.959,113.355,1.218
2026-07-02 12:04:00,62.895,605.199,80.331,120.856,82.691,113.989,113.304,1.196
2026-07-02 12:05:00,62.919,604.156,79.502,121.346,82.908,113.898,113.31,1.212
2026-07-02 12:06:00,62.793,603.917,79.595,120.87,82.826,113.633,112.997,1.214
2026-07-02 12:07:00,62.672,603.129,79.973,120.968,82.864,113.684,113.152,1.217
2026-07-02 12:08:00,62.815,605.248,80.087,121.081,82.97,113.805,113.127,1.225
2026-07-02 12:09:00,62.821,603.146,79.918,121.304,82.843,113.706,113.217,1.223
2026-07-02 12:10:00,62.731,601.105,80.435,120.737,82.734,113.918,113.476,1.215
2026-07-02 12:11:00,62.764,601.621,79.989,120.781,82.723,113.84,113.332,1.219
2026-07-02 12:12:00,62.647,603.202,80.166,120.741,82.641,113.663,113.264,1.22
2026-07-02 12:13:00,62.711,600.368,80.387,120.574,82.79,113.782,113.381,1.222
2026-07-02 12:14:00,62.743,603.452,80.608,120.891,82.904,113.737,113.437,1.238
2026-07-02 12:15:00,62.652,601.199,80.416,120.757,82.783,113.712,113.253,1.227
2026-07-02 12:16:00,62.869,604.768,80.386,120.989,82.7,113.692,113.314,1.213
2026-07-02 12:17:00,62.719,601.528,80.277,120.856,82.848,113.922,113.549,1.227
2026-07-02 12:18:00,62.767,601.263,80.829,120.833,82.724,113.707,113.325,1.228
2026-07-02 12:19:00,62.788,598.769,80.621,120.947,82.523,113.649,113.335,1.229
2026-07-02 12:20:00,62.752,602.452,81.014,121.326,82.713,113.81,113.507,1.204
2026-07-02 12:21:00,62.731,601.334,80.753,120.553,82.781,113.834,113.62,1.231
2026-07-02 12:22:00,62.733,602.447,80.467,120.616,82.795,113.744,113.371,1.218
2026-07-02 12:23:00,62.838,602.237,80.872,121.402,82.674,113.93,113.687,1.222
2026-07-02 12:24:00,62.758,599.762,80.966,121.253,82.925,113.866,113.643,1.218
2026-07-02 12:25:00,62.69,601.092,80.732,120.817,82.814,113.783,113.45,1.231
2026-07-02 12:26:00,62.767,601.71,80.687,120.839,82.747,113.663,113.458,1.238
2026-07-02 12:27:00,62.603,599.711,80.984,121.073,82.767,113.861,113.687,1.231
2026-07-02 12:28:00,62.582,600.204,80.959,120.823,82.774,113.914,113.725,1.209
2026-07-02 12:29:00,62.812,599.909,80.931,120.597,82.772,113.726,113.548,1.23
2026-07-02 12:30:00,62.788,600.358,81.307,121.006,82.637,114.01,113.963,1.212
2026-07-02 12:31:00,62.712,599.097,81.225,120.564,82.62,113.929,113.892,1.224
2026-07-02 12:32:00,62.773,600.685,81.259,120.637,82.718,113.789,113.66,1.244
2026-07-02 12:33:00,62.548,599.091,80.718,121.598,82.753,113.776,113.736,1.225
2026-07-02 12:34:00,62.592,597.499,80.793,120.618,82.567,113.687,113.501,1.231
2026-07-02 12:35:00,62.575,599.503,80.962,121.024,82.767,113.835,113.835,1.204
2026-07-02 12:36:00,62.704,598.112,81.235,120.747,82.716,113.658,113.688,1.208
2026-07-02 12:37:00,62.732,599.946,81.708,120.569,82.687,113.625,113.659,1.238
2026-07-02 12:38:00,62.667,596.639,81.662,120.826,82.81,113.883,114.051,1.241
2026-07-02 12:39:00,62.609,597.834,80.91,120.856,82.823,113.849,113.858,1.221
2026-07-02 12:40:00,62.577,598.192,82.051,120.654,82.624,113.753,113.75,1.223
2026-07-02 12:41:00,62.782,599.381,81.469,120.862,82.708,113.601,113.715,1.211
2026-07-02 12:42:00,62.712,596.885,81.48,121.131,82.695,113.682,113.687,1.216
2026-07-02 12:43:00,62.75,597.599,81.787,120.662,82.752,113.693,113.751,1.205
2026-07-02 12:44:00,62.612,595.631,81.276,120.959,82.663,113.886,114.089,1.204
2026-07-02 12:45:00,62.532,596.501,81.617,120.88,82.727,113.815,113.966,1.228
2026-07-02 12:46:00,62.652,595.144,81.416,121.587,82.925,113.791,113.909,1.256
2026-07-02 12:47:00,62.553,597.902,82.061,120.493,82.702,113.736,113.837,1.218
2026-07-02 12:48:00,62.766,598.336,81.876,121.165,82.795,113.769,114.008,1.227
2026-07-02 12:49:00,62.539,594.815,81.97,120.674,82.687,113.781,113.998,6.729
2026-07-02 12:50:00,62.714,597.122,81.734,120.594,82.65,113.669,113.886,1.219
2026-07-02 12:51:00,62.567,595.652,81.996,120.4,82.764,113.786,114.114,1.256
2026-07-02 12:52:00,62.567,596.614,81.868,120.773,82.813,113.837,114.135,1.21
2026-07-02 12:53:00,62.617,595.628,81.893,120.296,82.708,113.713,113.854,1.217
2026-07-02 12:54:00,62.699,597.527,82.253,120.954,82.851,113.954,114.086,1.22
2026-07-02 12:55:00,62.607,594.356,82.312,120.436,82.695,113.72,114.048,1.212
2026-07-02 12:56:00,62.538,593.973,82.418,120.385,82.828,113.813,113.902,1.211
2026-07-02 12:57:00,62.649,593.648,82.555,120.346,82.74,113.782,114.019,1.219
2026-07-02 12:58:00,62.566,593.265,82.789,121.068,82.691,113.834,114.13,1.233
2026-07-02 12:59:00,62.496,595.319,81.923,120.102,82.581,113.721,114.016,1.208
2026-07-02 13:00:00,62.474,596.117,81.994,120.602,82.713,113.798,114.081,1.239
2026-07-02 13:01:00,62.443,594.581,81.971,120.328,82.576,113.679,114.132,1.222
2026-07-02 13:02:00,62.647,594.443,82.709,119.889,82.517,113.557,113.857,1.245
2026-07-02 13:03:00,62.629,595.448,82.448,120.549,82.565,113.652,114.071,1.22
2026-07-02 13:04:00,62.569,595.555,82.212,120.377,82.903,113.684,114.037,1.218
2026-07-02 13:05:00,62.459,593.134,82.209,120.292,82.733,113.91,114.292,1.231
2026-07-02 13:06:00,62.729,595.767,82.28,120.767,82.699,113.789,114.122,1.213
2026-07-02 13:07:00,62.679,593.851,82.354,120.18,82.813,113.804,114.335,1.233
2026-07-02 13:08:00,62.526,593.593,81.99,120.31,82.62,113.711,114.199,1.219
2026-07-02 13:09:00,62.43,592.813,82.635,120.84,82.736,113.836,114.291,1.218
2026-07-02 13:10:00,62.579,591.945,82.669,119.906,82.814,113.771,114.358,1.228
2026-07-02 13:11:00,62.463,594.034,82.356,119.597,82.49,113.717,114.299,1.212
2026-07-02 13:12:00,62.509,593.738,82.494,120.454,82.725,113.752,114.271,1.227
2026-07-02 13:13:00,62.606,592.726,82.617,120.375,82.564,113.748,114.25,1.21
2026-07-02 13:14:00,62.549,593.083,82.343,119.556,82.555,113.729,114.262,1.212
2026-07-02 13:15:00,62.37,590.704,82.722,119.95,82.739,113.772,114.414,1.206
2026-07-02 13:16:00,62.462,590.696,82.642,119.761,82.779,113.721,114.36,1.205
2026-07-02 13:17:00,62.364,591.98,82.872,119.497,82.501,113.503,114.098,1.231
2026-07-02 13:18:00,62.606,591.688,82.468,119.769,82.626,113.787,114.51,1.231
2026-07-02 13:19:00,62.449,591.767,82.82,119.641,82.581,113.626,114.29,1.221
2026-07-02 13:20:00,62.52,592.374,83.15,119.931,82.678,113.616,114.413,1.22
2026-07-02 13:21:00,62.715,591.88,82.767,119.908,82.645,113.573,114.257,1.212
2026-07-02 13:22:00,62.628,593.467,82.863,120.047,82.606,113.635,114.383,1.218
2026-07-02 13:23:00,62.462,589.731,82.465,119.273,82.646,113.431,114.15,1.217
2026-07-02 13:24:00,62.468,591.28,82.935,119.917,82.623,113.688,114.393,1.199
2026-07-02 13:25:00,62.436,591.534,83.017,119.461,82.568,113.683,114.283,1.248
2026-07-02 13:26:00,62.508,590.926,82.893,119.341,82.679,113.706,114.383,1.23
2026-07-02 13:27:00,62.481,590.302,83.276,118.897,82.504,113.623,114.379,1.211
2026-07-02 13:28:00,62.442,588.719,82.714,119.77,82.689,113.79,114.704,1.211
2026-07-02 13:29:00,62.498,590.048,82.992,119.307,82.482,113.715,114.49,1.228
2026-07-02 13:30:00,62.433,587.572,82.826,119.904,82.803,113.618,114.322,1.208
2026-07-02 13:31:00,62.525,590.386,82.818,119.665,82.744,113.704,114.552,1.223
2026-07-02 13:32:00,62.416,590.398,83.205,118.993,82.589,113.612,114.508,1.221
2026-07-02 13:33:00,62.358,590.929,83.407,118.397,82.529,113.672,114.472,1.218
2026-07-02 13:34:00,62.511,589.111,82.929,120.137,82.451,113.55,114.448,1.233
2026-07-02 13:35:00,62.414,589.091,83.16,119.428,82.573,113.399,114.343,1.218
2026-07-02 13:36:00,62.467,591.025,82.874,119.287,82.449,113.739,114.579,1.222
2026-07-02 13:37:00,62.399,586.684,83.18,118.984,82.391,113.602,114.589,1.213
2026-07-02 13:38:00,62.422,590.251,83.019,119.542,82.799,113.801,114.531,1.222
2026-07-02 13:39:00,62.492,589.923,83.218,119.339,82.538,113.714,114.711,1.21
2026-07-02 13:40:00,62.401,587.505,82.889,119.054,82.511,113.722,114.66,1.236
2026-07-02 13:41:00,62.545,587.419,83.478,118.369,82.697,113.496,114.301,1.216
2026-07-02 13:42:00,62.486,587.899,82.913,119.271,82.447,113.512,114.505,1.22
2026-07-02 13:43:00,62.468,589.788,83.26,118.899,82.523,113.531,114.489,1.217
2026-07-02 13:44:00,62.494,587.746,83.067,118.895,82.609,113.503,114.525,1.209
2026-07-02 13:45:00,62.379,587.842,83.217,118.804,82.487,113.425,114.351,1.213
2026-07-02 13:46:00,62.32,587.76,83.328,118.825,82.545,113.634,114.55,1.221
2026-07-02 13:47:00,62.312,585.594,82.652,119.26,82.582,113.613,114.63,1.236
2026-07-02 13:48:00,62.441,586.453,82.774,118.312,82.493,113.564,114.606,1.213
2026-07-02 13:49:00,62.519,589.258,83.116,118.141,82.451,113.495,114.556,1.226
2026-07-02 13:50:00,62.266,586.741,83.182,118.807,82.473,113.462,114.512,1.206
2026-07-02 13:51:00,62.445,589.647,83.462,118.823,82.448,113.481,114.608,1.245
2026-07-02 13:52:00,62.496,584.935,82.729,118.458,82.655,113.45,114.64,1.222
2026-07-02 13:53:00,62.271,586.375,83.441,118.631,82.546,113.419,114.341,1.211
2026-07-02 13:54:00,62.46,586.149,83.191,118.167,82.374,113.694,114.683,1.239
2026-07-02 13:55:00,62.418,585.654,82.806,119.291,82.611,113.612,114.729,1.22
2026-07-02 13:56:00,62.528,588.897,83.197,118.284,82.613,113.544,114.601,1.209
2026-07-02 13:57:00,62.42,587.098,83.109,118.677,82.607,113.575,114.515,1.221
2026-07-02 13:58:00,62.424,585.091,83.173,118.608,82.494,113.521,114.682,1.23
2026-07-02 13:59:00,62.292,585.921,82.753,117.965,82.393,113.296,114.356,1.225
2026-07-02 14:00:00,62.241,586.446,83.097,117.841,82.339,113.568,114.64,1.22
2026-07-02 14:01:00,62.489,586.135,83.289,117.78,82.488,113.545,114.729,1.236
2026-07-02 14:02:00,62.303,584.873,83.395,117.982,82.256,113.589,114.748,1.226
2026-07-02 14:03:00,62.359,585.155,82.669,118.198,82.513,113.379,114.403,1.205
2026-07-02 14:04:00,62.37,585.488,83.145,117.732,82.277,113.284,114.474,1.225
2026-07-02 14:05:00,62.303,584.793,82.896,117.643,82.304,113.619,114.747,1.237
2026-07-02 14:06:00,62.294,586.803,82.325,117.991,82.429,113.651,114.824,1.217
2026-07-02 14:07:00,62.434,586.862,83.271,118.39,82.428,113.654,114.738,1.232
2026-07-02 14:08:00,62.326,585.131,82.71,118.008,82.546,113.425,114.664,1.216
2026-07-02 14:09:00,62.504,586.577,83.098,117.765,82.232,113.646,114.728,1.216
2026-07-02 14:10:00,62.355,585.585,82.928,117.585,82.285,113.439,114.595,1.233
2026-07-02 14:11:00,62.313,583.55,83.028,116.944,82.305,113.628,114.817,1.205
2026-07-02 14:12:00,62.355,586.68,82.957,117.072,82.269,113.403,114.575,1.235
2026-07-02 14:13:00,62.438,586.195,82.813,117.101,82.309,113.539,114.655,1.215
2026-07-02 14:14:00,62.263,584.728,82.774,117.918,82.414,113.601,114.898,1.201
2026-07-02 14:15:00,62.411,585.325,82.655,117.212,82.341,113.399,114.45,1.233
2026-07-02 14:16:00,62.401,584.843,82.805,117.174,82.247,113.651,114.83,1.212
2026-07-02 14:17:00,62.309,582.753,83.207,117.351,82.26,113.568,114.631,1.196
2026-07-02 14:18:00,62.344,583.337,83.029,117.391,82.417,113.528,114.716,1.219
2026-07-02 14:19:00,62.346,584.692,82.871,117.595,82.314,113.372,114.593,1.214
2026-07-02 14:20:00,62.33,585.325,82.521,117.268,82.476,113.471,114.683,1.214
2026-07-02 14:21:00,62.322,584.157,82.299,117.468,82.473,113.599,114.712,1.207
2026-07-02 14:22:00,62.459,584.92,82.61,117.155,82.363,113.508,114.648,1.217
2026-07-02 14:23:00,62.301,582.96,82.593,117.045,82.422,113.348,114.517,1.248
2026-07-02 14:24:00,62.33,585.035,82.372,116.854,82.202,113.547,114.648,1.22
2026-07-02 14:25:00,62.408,582.914,82.605,116.952,82.441,113.368,114.587,1.21
2026-07-02 14:26:00,62.387,584.182,82.235,116.713,82.28,113.3,114.525,1.247
2026-07-02 14:27:00,62.32,583.634,82.988,116.164,82.296,113.586,114.795,1.226
2026-07-02 14:28:00,62.431,585.277,82.625,116.534,82.201,113.216,114.496,1.219
2026-07-02 14:29:00,62.349,584.732,83.043,116.407,82.346,113.521,114.73,1.216
2026-07-02 14:30:00,62.274,582.431,82.171,116.667,82.468,113.503,114.777,1.22
2026-07-02 14:31:00,62.317,585.821,82.523,116.655,82.383,113.457,114.627,1.205
2026-07-02 14:32:00,62.243,582.958,82.649,116.361,82.274,113.368,114.465,1.241
2026-07-02 14:33:00,62.29,582.115,82.53,116.433,82.525,113.306,114.584,1.209
2026-07-02 14:34:00,62.321,583.172,82.236,115.968,82.297,113.399,114.637,1.229
2026-07-02 14:35:00,62.259,582.027,82.367,116.368,82.239,113.52,114.763,1.231
2026-07-02 14:36:00,62.195,581.586,82.709,116.387,82.35,113.336,114.561,1.246
2026-07-02 14:37:00,62.462,582.971,82.684,115.983,82.295,113.31,114.565,1.216
2026-07-02 14:38:00,62.315,581.113,82.697,115.768,82.272,113.368,114.555,1.211
2026-07-02 14:39:00,62.383,584.559,82.335,115.905,82.335,113.403,114.543,1.238
2026-07-02 14:40:00,62.417,580.267,82.175,116.112,82.344,113.285,114.54,1.232
2026-07-02 14:41:00,62.368,584.206,82.422,115.659,82.316,113.548,114.759,1.214
2026-07-02 14:42:00,62.32,584.16,82.471,116.669,82.413,113.353,114.548,1.243
2026-07-02 14:43:00,62.422,583.724,81.797,115.319,82.312,113.568,114.742,1.219
2026-07-02 14:44:00,62.475,582.506,82.212,115.589,82.316,113.449,114.587,1.2
2026-07-02 14:45:00,62.33,582.726,81.562,116.062,82.42,113.314,114.533,1.215
2026-07-02 14:46:00,62.392,582.618,82.276,115.973,82.243,113.505,114.717,1.212
2026-07-02 14:47:00,62.41,583.027,82.369,115.762,82.152,113.223,114.397,1.249
2026-07-02 14:48:00,62.471,585.211,81.74,115.42,82.288,113.483,114.668,1.221
2026-07-02 14:49:00,62.38,582.039,81.721,115.594,82.196,113.304,114.292,1.221
2026-07-02 14:50:00,62.172,582.196,81.93,115.932,82.214,113.287,114.355,1.218
2026-07-02 14:51:00,62.391,581.576,82.069,115.634,82.194,113.199,114.41,1.207
2026-07-02 14:52:00,62.423,583.087,81.474,115.657,82.177,113.174,114.282,1.222
2026-07-02 14:53:00,62.471,583.451,81.366,115.408,82.363,113.423,114.495,1.206
2026-07-02 14:54:00,62.497,581.998,81.249,114.947,82.132,113.35,114.426,1.214
2026-07-02 14:55:00,62.292,582.876,82.064,115.539,82.231,113.577,114.695,1.218
2026-07-02 14:56:00,62.317,581.842,81.683,114.701,82.093,113.238,114.217,1.221
2026-07-02 14:57:00,62.371,581.667,81.665,115.004,82.299,113.251,114.431,1.229
2026-07-02 14:58:00,62.226,578.933,80.952,115.271,82.26,113.247,114.313,1.241
2026-07-02 14:59:00,62.243,579.435,81.722,115.528,82.219,113.402,114.487,1.233
2026-07-02 15:00:00,62.287,580.582,81.735,114.805,82.183,113.432,114.539,1.204
2026-07-02 15:01:00,62.328,582.395,81.986,114.985,82.169,113.25,114.275,1.22
2026-07-02 15:02:00,62.345,580.905,81.307,114.755,82.342,113.332,114.323,1.219
2026-07-02 15:03:00,62.432,581.358,81.31,115.102,82.044,113.487,114.552,1.218
2026-07-02 15:04:00,62.382,580.613,80.996,114.37,82.264,113.168,114.134,1.223
2026-07-02 15:05:00,62.276,580.34,81.696,114.853,82.206,113.362,114.398,1.224
2026-07-02 15:06:00,62.279,580.421,81.229,114.551,82.285,113.241,114.282,1.238
2026-07-02 15:07:00,62.368,581.153,81.096,114.314,82.277,113.236,114.244,1.248
2026-07-02 15:08:00,62.304,581.042,81.534,115.098,82.354,113.257,114.363,1.238
2026-07-02 15:09:00,62.442,581.21,81.063,114.66,82.18,113.301,114.349,1.219
2026-07-02 15:10:00,62.335,580.989,80.988,114.711,82.18,113.39,114.318,1.223
2026-07-02 15:11:00,62.319,580.124,81.348,114.315,81.982,113.276,114.261,1.245
2026-07-02 15:12:00,62.352,580.975,80.918,114.841,82.119,113.424,114.302,1.218
2026-07-02 15:13:00,62.27,581.91,81.254,114.457,82.315,113.237,114.126,1.221
2026-07-02 15:14:00,62.369,581.713,81.3,114.737,82.378,113.221,114.065,1.236
2026-07-02 15:15:00,62.267,581.78,80.983,114.058,82.319,113.247,114.196,1.224
2026-07-02 15:16:00,62.398,581.718,80.764,114.2,82.295,113.187,114.141,1.211
2026-07-02 15:17:00,62.276,581.547,80.737,113.746,82.072,113.334,114.206,1.244
2026-07-02 15:18:00,62.417,581.701,80.634,113.581,82.291,113.234,114.212,1.239
2026-07-02 15:19:00,62.361,580.825,80.269,113.594,82.099,113.117,113.966,1.206
2026-07-02 15:20:00,62.266,577.977,79.99,113.779,82.263,113.258,114.183,1.217
2026-07-02 15:21:00,62.333,581.427,81.13,114.229,82.278,113.163,113.992,1.24
2026-07-02 15:22:00,62.311,580.059,80.607,114.044,82.203,113.389,114.313,1.226
2026-07-02 15:23:00,62.405,580.767,80.373,114.075,82.279,113.352,114.23,1.248
2026-07-02 15:24:00,62.188,577.66,80.213,113.627,82.071,113.197,114.06,1.243
2026-07-02 15:25:00,62.487,580.657,80.449,113.208,82.223,113.143,114.092,1.255
2026-07-02 15:26:00,62.394,580.293,80.136,113.429,82.174,113.251,114.002,1.247
2026-07-02 15:27:00,62.411,580.711,80.662,113.353,82.15,113.137,114.005,1.226
2026-07-02 15:28:00,62.439,579.871,79.902,113.249,82.3,113.168,113.887,1.219
2026-07-02 15:29:00,62.49,580.543,80.314,114.035,82.074,113.465,114.17,1.228
2026-07-02 15:30:00,62.284,581.509,79.939,113.437,82.259,113.267,114.041,1.248
2026-07-02 15:31:00,62.282,579.765,80.056,112.58,81.94,113.255,114.025,1.221
2026-07-02 15:32:00,62.464,581.519,80.225,112.694,82.213,113.158,113.843,1.238
2026-07-02 15:33:00,62.287,582.391,79.641,112.912,82.119,113.255,113.905,1.241
2026-07-02 15:34:00,62.299,580.614,79.835,113.02,81.992,113.375,114.195,1.235
2026-07-02 15:35:00,62.395,579.234,79.271,113.457,82.185,113.098,113.872,1.229
2026-07-02 15:36:00,62.406,581.708,80.097,112.566,81.989,113.205,113.796,1.218
2026-07-02 15:37:00,62.281,583.107,79.598,112.641,82.174,113.176,113.788,1.243
2026-07-02 15:38:00,62.398,581.114,79.639,112.781,82.163,113.294,114.017,1.215
2026-07-02 15:39:00,62.501,580.424,79.924,112.737,82.014,113.26,113.853,1.24
2026-07-02 15:40:00,62.398,579.545,78.888,112.915,82.069,113.32,113.949,1.232
2026-07-02 15:41:00,62.338,579.598,79.102,112.722,82.325,113.187,113.732,1.231
2026-07-02 15:42:00,62.292,579.915,79.621,112.77,82.065,113.373,113.928,1.233
2026-07-02 15:43:00,62.42,582.442,79.584,112.671,82.27,113.138,113.675,1.245
2026-07-02 15:44:00,62.367,580.737,79.115,112.145,81.851,113.138,113.77,1.241
2026-07-02 15:45:00,62.498,581.97,79.322,112.659,82.109,113.205,113.724,1.254
2026-07-02 15:46:00,62.43,580.524,79.148,112.49,82.088,113.1,113.726,1.237
2026-07-02 15:47:00,62.409,579.994,78.969,112.762,82.182,113.21,113.769,1.238
2026-07-02 15:48:00,62.389,579.989,79.246,112.505,81.992,113.453,114.002,1.247
2026-07-02 15:49:00,62.548,582.729,79.176,111.954,82.092,113.146,113.753,1.228
2026-07-02 15:50:00,62.429,582.046,78.937,111.992,81.991,113.386,113.914,1.257
2026-07-02 15:51:00,62.311,578.787,79.245,112.51,82.087,113.348,113.718,1.235
2026-07-02 15:52:00,62.412,580.808,79.548,112.4,81.961,113.34,113.913,1.239
2026-07-02 15:53:00,62.355,580.981,78.929,112.307,82.025,113.281,113.679,1.252