text,scenario_id,standard_name,relevance,role,unit,source,group_id,split
DCS_报表序号_25,cement_rotary_kiln,__irrelevant__,irrelevant,none,,negative_vendor,5ae4baaedebdbf75,test
DCS_文件上传时间_25,cement_rotary_kiln,__irrelevant__,irrelevant,none,,negative_vendor,f834d0ddbb93c44e,test
DCS_班组备注_25,cement_rotary_kiln,__irrelevant__,irrelevant,none,,negative_vendor,c7512a24d363e342,test
DCS_鼠标点击计数_25,cement_rotary_kiln,__irrelevant__,irrelevant,none,,negative_vendor,1b2ff34ee522ceec,test
HMI.60.报表序号.RAW,cement_rotary_kiln,__irrelevant__,irrelevant,none,,negative_vendor,5ae4baaedebdbf75,test
HMI.60.文件上传时间.RAW,cement_rotary_kiln,__irrelevant__,irrelevant,none,,negative_vendor,f834d0ddbb93c44e,test
HMI.60.班组备注.RAW,cement_rotary_kiln,__irrelevant__,irrelevant,none,,negative_vendor,c7512a24d363e342,test
HMI.60.鼠标点击计数.RAW,cement_rotary_kiln,__irrelevant__,irrelevant,none,,negative_vendor,1b2ff34ee522ceec,test
报表序号,cement_rotary_kiln,__irrelevant__,irrelevant,none,,negative,5ae4baaedebdbf75,test
文件上传时间,cement_rotary_kiln,__irrelevant__,irrelevant,none,,negative,f834d0ddbb93c44e,test
班组备注,cement_rotary_kiln,__irrelevant__,irrelevant,none,,negative,c7512a24d363e342,test
鼠标点击计数,cement_rotary_kiln,__irrelevant__,irrelevant,none,,negative,1b2ff34ee522ceec,test
1号炉煤量,cement_rotary_kiln,calciner_coal_feed,useful,manipulated,t/h,equipment_prefix,5a461137f60d299e,test
A线_炉煤量,cement_rotary_kiln,calciner_coal_feed,useful,manipulated,t/h,line_prefix,5a461137f60d299e,test
B线#炉煤量#测点42,cement_rotary_kiln,calciner_coal_feed,useful,manipulated,t/h,line_point_tag,5a461137f60d299e,test
DCS_03_炉煤量_PV_17,cement_rotary_kiln,calciner_coal_feed,useful,manipulated,t/h,vendor_dcs_tag,5a461137f60d299e,test
HMI.22.炉煤量.AI,cement_rotary_kiln,calciner_coal_feed,useful,manipulated,t/h,vendor_hmi_tag,5a461137f60d299e,test
炉煤量,cement_rotary_kiln,calciner_coal_feed,useful,manipulated,t/h,template,5a461137f60d299e,test
炉煤量[t/h],cement_rotary_kiln,calciner_coal_feed,useful,manipulated,t/h,unit_bracket,5a461137f60d299e,test
炉煤量_01,cement_rotary_kiln,calciner_coal_feed,useful,manipulated,t/h,channel_suffix,5a461137f60d299e,test
炉煤量_SP,cement_rotary_kiln,calciner_coal_feed,useful,manipulated,t/h,control_suffix,5a461137f60d299e,test
炉煤量_t/h,cement_rotary_kiln,calciner_coal_feed,useful,manipulated,t/h,unit_suffix,5a461137f60d299e,test
装置5-炉煤量-CH30-VALUE,cement_rotary_kiln,calciner_coal_feed,useful,manipulated,t/h,vendor_channel_tag,5a461137f60d299e,test
1号f-CaO,cement_rotary_kiln,clinker_free_lime,required,controlled,percent,equipment_prefix,2be6f4977d4d8286,test
A线_f-CaO,cement_rotary_kiln,clinker_free_lime,required,controlled,percent,line_prefix,2be6f4977d4d8286,test
B线#f-CaO#测点42,cement_rotary_kiln,clinker_free_lime,required,controlled,percent,line_point_tag,2be6f4977d4d8286,test
DCS_03_f_CaO_PV_17,cement_rotary_kiln,clinker_free_lime,required,controlled,percent,vendor_dcs_tag,2be6f4977d4d8286,test
F_CAO,cement_rotary_kiln,clinker_free_lime,required,controlled,percent,uppercase,2be6f4977d4d8286,test
HMI.22.f_CaO.AI,cement_rotary_kiln,clinker_free_lime,required,controlled,percent,vendor_hmi_tag,2be6f4977d4d8286,test
f-CaO,cement_rotary_kiln,clinker_free_lime,required,controlled,percent,template,2be6f4977d4d8286,test
f-CaO[percent],cement_rotary_kiln,clinker_free_lime,required,controlled,percent,unit_bracket,2be6f4977d4d8286,test
fCaO,cement_rotary_kiln,clinker_free_lime,required,controlled,percent,compact,2be6f4977d4d8286,test
f_CaO,cement_rotary_kiln,clinker_free_lime,required,controlled,percent,normalized,2be6f4977d4d8286,test
f_CaO_01,cement_rotary_kiln,clinker_free_lime,required,controlled,percent,channel_suffix,2be6f4977d4d8286,test
f_CaO_PV,cement_rotary_kiln,clinker_free_lime,required,controlled,percent,control_suffix,2be6f4977d4d8286,test
f_CaO_percent,cement_rotary_kiln,clinker_free_lime,required,controlled,percent,unit_suffix,2be6f4977d4d8286,test
装置5-f_CaO-CH30-VALUE,cement_rotary_kiln,clinker_free_lime,required,controlled,percent,vendor_channel_tag,2be6f4977d4d8286,test
1号CLINKER_TEMP,cement_rotary_kiln,clinker_temperature,useful,state,degC,equipment_prefix,33dea3f43d0fff03,test
A线_CLINKER_TEMP,cement_rotary_kiln,clinker_temperature,useful,state,degC,line_prefix,33dea3f43d0fff03,test
B线#CLINKER_TEMP#测点42,cement_rotary_kiln,clinker_temperature,useful,state,degC,line_point_tag,33dea3f43d0fff03,test
CLINKERTEMP,cement_rotary_kiln,clinker_temperature,useful,state,degC,compact,33dea3f43d0fff03,test
CLINKER_TEMP,cement_rotary_kiln,clinker_temperature,useful,state,degC,template,33dea3f43d0fff03,test
CLINKER_TEMP[degC],cement_rotary_kiln,clinker_temperature,useful,state,degC,unit_bracket,33dea3f43d0fff03,test
CLINKER_TEMP_01,cement_rotary_kiln,clinker_temperature,useful,state,degC,channel_suffix,33dea3f43d0fff03,test
CLINKER_TEMP_PV,cement_rotary_kiln,clinker_temperature,useful,state,degC,control_suffix,33dea3f43d0fff03,test
CLINKER_TEMP_degC,cement_rotary_kiln,clinker_temperature,useful,state,degC,unit_suffix,33dea3f43d0fff03,test
DCS_03_CLINKER_TEMP_PV_17,cement_rotary_kiln,clinker_temperature,useful,state,degC,vendor_dcs_tag,33dea3f43d0fff03,test
HMI.22.CLINKER_TEMP.AI,cement_rotary_kiln,clinker_temperature,useful,state,degC,vendor_hmi_tag,33dea3f43d0fff03,test
装置5-CLINKER_TEMP-CH30-VALUE,cement_rotary_kiln,clinker_temperature,useful,state,degC,vendor_channel_tag,33dea3f43d0fff03,test
1号窑头喂煤量,cement_rotary_kiln,coal_feed,required,manipulated,t/h,equipment_prefix,7b0d453964c0969b,test
A线_窑头喂煤量,cement_rotary_kiln,coal_feed,required,manipulated,t/h,line_prefix,7b0d453964c0969b,test
B线#窑头喂煤量#测点42,cement_rotary_kiln,coal_feed,required,manipulated,t/h,line_point_tag,7b0d453964c0969b,test
DCS_03_窑头喂煤量_PV_17,cement_rotary_kiln,coal_feed,required,manipulated,t/h,vendor_dcs_tag,7b0d453964c0969b,test
HMI.22.窑头喂煤量.AI,cement_rotary_kiln,coal_feed,required,manipulated,t/h,vendor_hmi_tag,7b0d453964c0969b,test
窑头喂煤量,cement_rotary_kiln,coal_feed,required,manipulated,t/h,template,7b0d453964c0969b,test
窑头喂煤量[t/h],cement_rotary_kiln,coal_feed,required,manipulated,t/h,unit_bracket,7b0d453964c0969b,test
窑头喂煤量_01,cement_rotary_kiln,coal_feed,required,manipulated,t/h,channel_suffix,7b0d453964c0969b,test
窑头喂煤量_SP,cement_rotary_kiln,coal_feed,required,manipulated,t/h,control_suffix,7b0d453964c0969b,test
窑头喂煤量_t/h,cement_rotary_kiln,coal_feed,required,manipulated,t/h,unit_suffix,7b0d453964c0969b,test
装置5-窑头喂煤量-CH30-VALUE,cement_rotary_kiln,coal_feed,required,manipulated,t/h,vendor_channel_tag,7b0d453964c0969b,test
1号窑尾风机转速,cement_rotary_kiln,id_fan_speed,useful,manipulated,rpm,equipment_prefix,b96f61f40112fee2,test
A线_窑尾风机转速,cement_rotary_kiln,id_fan_speed,useful,manipulated,rpm,line_prefix,b96f61f40112fee2,test
B线#窑尾风机转速#测点42,cement_rotary_kiln,id_fan_speed,useful,manipulated,rpm,line_point_tag,b96f61f40112fee2,test
DCS_03_窑尾风机转速_PV_17,cement_rotary_kiln,id_fan_speed,useful,manipulated,rpm,vendor_dcs_tag,b96f61f40112fee2,test
HMI.22.窑尾风机转速.AI,cement_rotary_kiln,id_fan_speed,useful,manipulated,rpm,vendor_hmi_tag,b96f61f40112fee2,test
窑尾风机转速,cement_rotary_kiln,id_fan_speed,useful,manipulated,rpm,template,b96f61f40112fee2,test
窑尾风机转速[rpm],cement_rotary_kiln,id_fan_speed,useful,manipulated,rpm,unit_bracket,b96f61f40112fee2,test
窑尾风机转速_01,cement_rotary_kiln,id_fan_speed,useful,manipulated,rpm,channel_suffix,b96f61f40112fee2,test
窑尾风机转速_SP,cement_rotary_kiln,id_fan_speed,useful,manipulated,rpm,control_suffix,b96f61f40112fee2,test
窑尾风机转速_rpm,cement_rotary_kiln,id_fan_speed,useful,manipulated,rpm,unit_suffix,b96f61f40112fee2,test
装置5-窑尾风机转速-CH30-VALUE,cement_rotary_kiln,id_fan_speed,useful,manipulated,rpm,vendor_channel_tag,b96f61f40112fee2,test
1号KILN_INLET_O2,cement_rotary_kiln,kiln_inlet_o2,useful,state,percent,equipment_prefix,22ad9ef68fc2da28,test
A线_KILN_INLET_O2,cement_rotary_kiln,kiln_inlet_o2,useful,state,percent,line_prefix,22ad9ef68fc2da28,test
B线#KILN_INLET_O2#测点42,cement_rotary_kiln,kiln_inlet_o2,useful,state,percent,line_point_tag,22ad9ef68fc2da28,test
DCS_03_KILN_INLET_O2_PV_17,cement_rotary_kiln,kiln_inlet_o2,useful,state,percent,vendor_dcs_tag,22ad9ef68fc2da28,test
HMI.22.KILN_INLET_O2.AI,cement_rotary_kiln,kiln_inlet_o2,useful,state,percent,vendor_hmi_tag,22ad9ef68fc2da28,test
KILNINLETO2,cement_rotary_kiln,kiln_inlet_o2,useful,state,percent,compact,22ad9ef68fc2da28,test
KILN_INLET_O2,cement_rotary_kiln,kiln_inlet_o2,useful,state,percent,template,22ad9ef68fc2da28,test
KILN_INLET_O2[percent],cement_rotary_kiln,kiln_inlet_o2,useful,state,percent,unit_bracket,22ad9ef68fc2da28,test
KILN_INLET_O2_01,cement_rotary_kiln,kiln_inlet_o2,useful,state,percent,channel_suffix,22ad9ef68fc2da28,test
KILN_INLET_O2_PV,cement_rotary_kiln,kiln_inlet_o2,useful,state,percent,control_suffix,22ad9ef68fc2da28,test
KILN_INLET_O2_percent,cement_rotary_kiln,kiln_inlet_o2,useful,state,percent,unit_suffix,22ad9ef68fc2da28,test
装置5-KILN_INLET_O2-CH30-VALUE,cement_rotary_kiln,kiln_inlet_o2,useful,state,percent,vendor_channel_tag,22ad9ef68fc2da28,test
1号kiln_outlet_temperature,cement_rotary_kiln,kiln_outlet_temperature,required,controlled,degC,equipment_prefix,99bb2b86f04ca029,test
A线_kiln_outlet_temperature,cement_rotary_kiln,kiln_outlet_temperature,required,controlled,degC,line_prefix,99bb2b86f04ca029,test
B线#kiln_outlet_temperature#测点42,cement_rotary_kiln,kiln_outlet_temperature,required,controlled,degC,line_point_tag,99bb2b86f04ca029,test
DCS_03_kiln_outlet_temperature_PV_17,cement_rotary_kiln,kiln_outlet_temperature,required,controlled,degC,vendor_dcs_tag,99bb2b86f04ca029,test
HMI.22.kiln_outlet_temperature.AI,cement_rotary_kiln,kiln_outlet_temperature,required,controlled,degC,vendor_hmi_tag,99bb2b86f04ca029,test
KILN_OUTLET_TEMPERATURE,cement_rotary_kiln,kiln_outlet_temperature,required,controlled,degC,uppercase,99bb2b86f04ca029,test
kiln_outlet_temperature,cement_rotary_kiln,kiln_outlet_temperature,required,controlled,degC,template,99bb2b86f04ca029,test
kiln_outlet_temperature[degC],cement_rotary_kiln,kiln_outlet_temperature,required,controlled,degC,unit_bracket,99bb2b86f04ca029,test
kiln_outlet_temperature_01,cement_rotary_kiln,kiln_outlet_temperature,required,controlled,degC,channel_suffix,99bb2b86f04ca029,test
kiln_outlet_temperature_PV,cement_rotary_kiln,kiln_outlet_temperature,required,controlled,degC,control_suffix,99bb2b86f04ca029,test
kiln_outlet_temperature_degC,cement_rotary_kiln,kiln_outlet_temperature,required,controlled,degC,unit_suffix,99bb2b86f04ca029,test
kilnoutlettemperature,cement_rotary_kiln,kiln_outlet_temperature,required,controlled,degC,compact,99bb2b86f04ca029,test
装置5-kiln_outlet_temperature-CH30-VALUE,cement_rotary_kiln,kiln_outlet_temperature,required,controlled,degC,vendor_channel_tag,99bb2b86f04ca029,test
1号窑速,cement_rotary_kiln,kiln_speed,required,manipulated,rpm,equipment_prefix,7150969c76681382,test
A线_窑速,cement_rotary_kiln,kiln_speed,required,manipulated,rpm,line_prefix,7150969c76681382,test
B线#窑速#测点42,cement_rotary_kiln,kiln_speed,required,manipulated,rpm,line_point_tag,7150969c76681382,test
DCS_03_窑速_PV_17,cement_rotary_kiln,kiln_speed,required,manipulated,rpm,vendor_dcs_tag,7150969c76681382,test
HMI.22.窑速.AI,cement_rotary_kiln,kiln_speed,required,manipulated,rpm,vendor_hmi_tag,7150969c76681382,test
窑速,cement_rotary_kiln,kiln_speed,required,manipulated,rpm,template,7150969c76681382,test
窑速[rpm],cement_rotary_kiln,kiln_speed,required,manipulated,rpm,unit_bracket,7150969c76681382,test
窑速_01,cement_rotary_kiln,kiln_speed,required,manipulated,rpm,channel_suffix,7150969c76681382,test
窑速_SP,cement_rotary_kiln,kiln_speed,required,manipulated,rpm,control_suffix,7150969c76681382,test
窑速_rpm,cement_rotary_kiln,kiln_speed,required,manipulated,rpm,unit_suffix,7150969c76681382,test
装置5-窑速-CH30-VALUE,cement_rotary_kiln,kiln_speed,required,manipulated,rpm,vendor_channel_tag,7150969c76681382,test
1号RAW_FEED,cement_rotary_kiln,raw_meal_feed,required,manipulated,t/h,equipment_prefix,388a8b9ed7dc53a7,test
1号RAW_MEAL_FEED,cement_rotary_kiln,raw_meal_feed,required,manipulated,t/h,equipment_prefix,e60aa881d77d3344,test
A线_RAW_FEED,cement_rotary_kiln,raw_meal_feed,required,manipulated,t/h,line_prefix,388a8b9ed7dc53a7,test
A线_RAW_MEAL_FEED,cement_rotary_kiln,raw_meal_feed,required,manipulated,t/h,line_prefix,e60aa881d77d3344,test
B线#RAW_FEED#测点42,cement_rotary_kiln,raw_meal_feed,required,manipulated,t/h,line_point_tag,388a8b9ed7dc53a7,test
B线#RAW_MEAL_FEED#测点42,cement_rotary_kiln,raw_meal_feed,required,manipulated,t/h,line_point_tag,e60aa881d77d3344,test
DCS_03_RAW_FEED_PV_17,cement_rotary_kiln,raw_meal_feed,required,manipulated,t/h,vendor_dcs_tag,388a8b9ed7dc53a7,test
DCS_03_RAW_MEAL_FEED_PV_17,cement_rotary_kiln,raw_meal_feed,required,manipulated,t/h,vendor_dcs_tag,e60aa881d77d3344,test
HMI.22.RAW_FEED.AI,cement_rotary_kiln,raw_meal_feed,required,manipulated,t/h,vendor_hmi_tag,388a8b9ed7dc53a7,test
HMI.22.RAW_MEAL_FEED.AI,cement_rotary_kiln,raw_meal_feed,required,manipulated,t/h,vendor_hmi_tag,e60aa881d77d3344,test
RAWFEED,cement_rotary_kiln,raw_meal_feed,required,manipulated,t/h,compact,388a8b9ed7dc53a7,test
RAWMEALFEED,cement_rotary_kiln,raw_meal_feed,required,manipulated,t/h,compact,e60aa881d77d3344,test
RAW_FEED,cement_rotary_kiln,raw_meal_feed,required,manipulated,t/h,template,388a8b9ed7dc53a7,test
RAW_FEED[t/h],cement_rotary_kiln,raw_meal_feed,required,manipulated,t/h,unit_bracket,388a8b9ed7dc53a7,test
RAW_FEED_01,cement_rotary_kiln,raw_meal_feed,required,manipulated,t/h,channel_suffix,388a8b9ed7dc53a7,test
RAW_FEED_SP,cement_rotary_kiln,raw_meal_feed,required,manipulated,t/h,control_suffix,388a8b9ed7dc53a7,test
RAW_FEED_t/h,cement_rotary_kiln,raw_meal_feed,required,manipulated,t/h,unit_suffix,388a8b9ed7dc53a7,test
RAW_MEAL_FEED,cement_rotary_kiln,raw_meal_feed,required,manipulated,t/h,template,e60aa881d77d3344,test
RAW_MEAL_FEED[t/h],cement_rotary_kiln,raw_meal_feed,required,manipulated,t/h,unit_bracket,e60aa881d77d3344,test
RAW_MEAL_FEED_01,cement_rotary_kiln,raw_meal_feed,required,manipulated,t/h,channel_suffix,e60aa881d77d3344,test
RAW_MEAL_FEED_SP,cement_rotary_kiln,raw_meal_feed,required,manipulated,t/h,control_suffix,e60aa881d77d3344,test
RAW_MEAL_FEED_t/h,cement_rotary_kiln,raw_meal_feed,required,manipulated,t/h,unit_suffix,e60aa881d77d3344,test
装置5-RAW_FEED-CH30-VALUE,cement_rotary_kiln,raw_meal_feed,required,manipulated,t/h,vendor_channel_tag,388a8b9ed7dc53a7,test
装置5-RAW_MEAL_FEED-CH30-VALUE,cement_rotary_kiln,raw_meal_feed,required,manipulated,t/h,vendor_channel_tag,e60aa881d77d3344,test
DCS_报表序号_25,debutanizer_column,__irrelevant__,irrelevant,none,,negative_vendor,385d9232027b08e4,test
DCS_报表模板编号_25,debutanizer_column,__irrelevant__,irrelevant,none,,negative_vendor,9e95aba27109d965,test
HMI.60.报表序号.RAW,debutanizer_column,__irrelevant__,irrelevant,none,,negative_vendor,385d9232027b08e4,test
HMI.60.报表模板编号.RAW,debutanizer_column,__irrelevant__,irrelevant,none,,negative_vendor,9e95aba27109d965,test
报表序号,debutanizer_column,__irrelevant__,irrelevant,none,,negative,385d9232027b08e4,test
报表模板编号,debutanizer_column,__irrelevant__,irrelevant,none,,negative,9e95aba27109d965,test
1号bottom_temperature_a,debutanizer_column,bottom_temperature_a,required,state,ratio,equipment_prefix,fc01c39a0125a8b2,test
1号u6,debutanizer_column,bottom_temperature_a,required,state,ratio,equipment_prefix,c2482d8f9d67d928,test
A线_bottom_temperature_a,debutanizer_column,bottom_temperature_a,required,state,ratio,line_prefix,fc01c39a0125a8b2,test
A线_u6,debutanizer_column,bottom_temperature_a,required,state,ratio,line_prefix,c2482d8f9d67d928,test
B线#bottom_temperature_a#测点42,debutanizer_column,bottom_temperature_a,required,state,ratio,line_point_tag,fc01c39a0125a8b2,test
B线#u6#测点42,debutanizer_column,bottom_temperature_a,required,state,ratio,line_point_tag,c2482d8f9d67d928,test
DCS_03_u6_PV_17,debutanizer_column,bottom_temperature_a,required,state,ratio,vendor_dcs_tag,c2482d8f9d67d928,test
HMI.22.u6.AI,debutanizer_column,bottom_temperature_a,required,state,ratio,vendor_hmi_tag,c2482d8f9d67d928,test
U6,debutanizer_column,bottom_temperature_a,required,state,ratio,uppercase,c2482d8f9d67d928,test
bottom_temperature_a[ratio],debutanizer_column,bottom_temperature_a,required,state,ratio,unit_bracket,fc01c39a0125a8b2,test
u6,debutanizer_column,bottom_temperature_a,required,state,ratio,template,c2482d8f9d67d928,test
u6[ratio],debutanizer_column,bottom_temperature_a,required,state,ratio,unit_bracket,c2482d8f9d67d928,test
u6_01,debutanizer_column,bottom_temperature_a,required,state,ratio,channel_suffix,c2482d8f9d67d928,test
u6_PV,debutanizer_column,bottom_temperature_a,required,state,ratio,control_suffix,c2482d8f9d67d928,test
u6_ratio,debutanizer_column,bottom_temperature_a,required,state,ratio,unit_suffix,c2482d8f9d67d928,test
装置5-u6-CH30-VALUE,debutanizer_column,bottom_temperature_a,required,state,ratio,vendor_channel_tag,c2482d8f9d67d928,test
1号Bottom_Temperature_B,debutanizer_column,bottom_temperature_b,required,state,ratio,equipment_prefix,7dc95c0c3c99b01c,test
A线_Bottom_Temperature_B,debutanizer_column,bottom_temperature_b,required,state,ratio,line_prefix,7dc95c0c3c99b01c,test
BottomTemperatureB,debutanizer_column,bottom_temperature_b,required,state,ratio,compact,7dc95c0c3c99b01c,test
Bottom_Temperature_B,debutanizer_column,bottom_temperature_b,required,state,ratio,template,7dc95c0c3c99b01c,test
Bottom_Temperature_B[ratio],debutanizer_column,bottom_temperature_b,required,state,ratio,unit_bracket,7dc95c0c3c99b01c,test
Bottom_Temperature_B_01,debutanizer_column,bottom_temperature_b,required,state,ratio,channel_suffix,7dc95c0c3c99b01c,test
Bottom_Temperature_B_PV,debutanizer_column,bottom_temperature_b,required,state,ratio,control_suffix,7dc95c0c3c99b01c,test
Bottom_Temperature_B_ratio,debutanizer_column,bottom_temperature_b,required,state,ratio,unit_suffix,7dc95c0c3c99b01c,test
B线#Bottom_Temperature_B#测点42,debutanizer_column,bottom_temperature_b,required,state,ratio,line_point_tag,7dc95c0c3c99b01c,test
DCS_03_Bottom_Temperature_B_PV_17,debutanizer_column,bottom_temperature_b,required,state,ratio,vendor_dcs_tag,7dc95c0c3c99b01c,test
HMI.22.Bottom_Temperature_B.AI,debutanizer_column,bottom_temperature_b,required,state,ratio,vendor_hmi_tag,7dc95c0c3c99b01c,test
装置5-Bottom_Temperature_B-CH30-VALUE,debutanizer_column,bottom_temperature_b,required,state,ratio,vendor_channel_tag,7dc95c0c3c99b01c,test
1号序列时间,debutanizer_column,timestamp,required,time,datetime,equipment_prefix,b8d5f45e161dd7fa,test
A线_序列时间,debutanizer_column,timestamp,required,time,datetime,line_prefix,b8d5f45e161dd7fa,test
B线#序列时间#测点42,debutanizer_column,timestamp,required,time,datetime,line_point_tag,b8d5f45e161dd7fa,test
DCS_03_序列时间_PV_17,debutanizer_column,timestamp,required,time,datetime,vendor_dcs_tag,b8d5f45e161dd7fa,test
HMI.22.序列时间.AI,debutanizer_column,timestamp,required,time,datetime,vendor_hmi_tag,b8d5f45e161dd7fa,test
序列时间,debutanizer_column,timestamp,required,time,datetime,template,b8d5f45e161dd7fa,test
序列时间_01,debutanizer_column,timestamp,required,time,datetime,channel_suffix,b8d5f45e161dd7fa,test
序列时间_PV,debutanizer_column,timestamp,required,time,datetime,control_suffix,b8d5f45e161dd7fa,test
装置5-序列时间-CH30-VALUE,debutanizer_column,timestamp,required,time,datetime,vendor_channel_tag,b8d5f45e161dd7fa,test
1号Top_Pressure,debutanizer_column,top_pressure,required,state,ratio,equipment_prefix,2eee8fdc1a699831,test
1号top_pressure,debutanizer_column,top_pressure,required,state,ratio,equipment_prefix,dc605a2adc0e89fc,test
A线_Top_Pressure,debutanizer_column,top_pressure,required,state,ratio,line_prefix,2eee8fdc1a699831,test
A线_top_pressure,debutanizer_column,top_pressure,required,state,ratio,line_prefix,dc605a2adc0e89fc,test
B线#Top_Pressure#测点42,debutanizer_column,top_pressure,required,state,ratio,line_point_tag,2eee8fdc1a699831,test
B线#top_pressure#测点42,debutanizer_column,top_pressure,required,state,ratio,line_point_tag,dc605a2adc0e89fc,test
DCS_03_Top_Pressure_PV_17,debutanizer_column,top_pressure,required,state,ratio,vendor_dcs_tag,2eee8fdc1a699831,test
HMI.22.Top_Pressure.AI,debutanizer_column,top_pressure,required,state,ratio,vendor_hmi_tag,2eee8fdc1a699831,test
TopPressure,debutanizer_column,top_pressure,required,state,ratio,compact,2eee8fdc1a699831,test
Top_Pressure,debutanizer_column,top_pressure,required,state,ratio,template,2eee8fdc1a699831,test
Top_Pressure[ratio],debutanizer_column,top_pressure,required,state,ratio,unit_bracket,2eee8fdc1a699831,test
Top_Pressure_01,debutanizer_column,top_pressure,required,state,ratio,channel_suffix,2eee8fdc1a699831,test
Top_Pressure_PV,debutanizer_column,top_pressure,required,state,ratio,control_suffix,2eee8fdc1a699831,test
Top_Pressure_ratio,debutanizer_column,top_pressure,required,state,ratio,unit_suffix,2eee8fdc1a699831,test
top_pressure[ratio],debutanizer_column,top_pressure,required,state,ratio,unit_bracket,dc605a2adc0e89fc,test
装置5-Top_Pressure-CH30-VALUE,debutanizer_column,top_pressure,required,state,ratio,vendor_channel_tag,2eee8fdc1a699831,test
1号第六塔板温度,debutanizer_column,tray6_temperature,required,state,ratio,equipment_prefix,aefd2173f148bc19,test
A线_第六塔板温度,debutanizer_column,tray6_temperature,required,state,ratio,line_prefix,aefd2173f148bc19,test
B线#第六塔板温度#测点42,debutanizer_column,tray6_temperature,required,state,ratio,line_point_tag,aefd2173f148bc19,test
DCS_03_第六塔板温度_PV_17,debutanizer_column,tray6_temperature,required,state,ratio,vendor_dcs_tag,aefd2173f148bc19,test
HMI.22.第六塔板温度.AI,debutanizer_column,tray6_temperature,required,state,ratio,vendor_hmi_tag,aefd2173f148bc19,test
第六塔板温度,debutanizer_column,tray6_temperature,required,state,ratio,template,aefd2173f148bc19,test
第六塔板温度[ratio],debutanizer_column,tray6_temperature,required,state,ratio,unit_bracket,aefd2173f148bc19,test
第六塔板温度_01,debutanizer_column,tray6_temperature,required,state,ratio,channel_suffix,aefd2173f148bc19,test
第六塔板温度_PV,debutanizer_column,tray6_temperature,required,state,ratio,control_suffix,aefd2173f148bc19,test
第六塔板温度_ratio,debutanizer_column,tray6_temperature,required,state,ratio,unit_suffix,aefd2173f148bc19,test
装置5-第六塔板温度-CH30-VALUE,debutanizer_column,tray6_temperature,required,state,ratio,vendor_channel_tag,aefd2173f148bc19,test
DCS_厂商备用测点_25,distillation_column,__irrelevant__,irrelevant,none,,negative_vendor,9b8a7688ea6f792c,test
DCS_巡检照片地址_25,distillation_column,__irrelevant__,irrelevant,none,,negative_vendor,b73751a6c4766a88,test
DCS_工单审批人_25,distillation_column,__irrelevant__,irrelevant,none,,negative_vendor,be9b42739a7e3529,test
DCS_摄像头在线标志_25,distillation_column,__irrelevant__,irrelevant,none,,negative_vendor,1ed7d9fe5bfc139b,test
DCS_画面刷新周期_25,distillation_column,__irrelevant__,irrelevant,none,,negative_vendor,1d0ee5b9f63997f9,test
DCS_画面颜色_25,distillation_column,__irrelevant__,irrelevant,none,,negative_vendor,eef45261ae92bea9,test
DCS_通讯状态字_25,distillation_column,__irrelevant__,irrelevant,none,,negative_vendor,9578639ea7caae0d,test
HMI.60.厂商备用测点.RAW,distillation_column,__irrelevant__,irrelevant,none,,negative_vendor,9b8a7688ea6f792c,test
HMI.60.巡检照片地址.RAW,distillation_column,__irrelevant__,irrelevant,none,,negative_vendor,b73751a6c4766a88,test
HMI.60.工单审批人.RAW,distillation_column,__irrelevant__,irrelevant,none,,negative_vendor,be9b42739a7e3529,test
HMI.60.摄像头在线标志.RAW,distillation_column,__irrelevant__,irrelevant,none,,negative_vendor,1ed7d9fe5bfc139b,test
HMI.60.画面刷新周期.RAW,distillation_column,__irrelevant__,irrelevant,none,,negative_vendor,1d0ee5b9f63997f9,test
HMI.60.画面颜色.RAW,distillation_column,__irrelevant__,irrelevant,none,,negative_vendor,eef45261ae92bea9,test
HMI.60.通讯状态字.RAW,distillation_column,__irrelevant__,irrelevant,none,,negative_vendor,9578639ea7caae0d,test
厂商备用测点,distillation_column,__irrelevant__,irrelevant,none,,negative,9b8a7688ea6f792c,test
巡检照片地址,distillation_column,__irrelevant__,irrelevant,none,,negative,b73751a6c4766a88,test
工单审批人,distillation_column,__irrelevant__,irrelevant,none,,negative,be9b42739a7e3529,test
摄像头在线标志,distillation_column,__irrelevant__,irrelevant,none,,negative,1ed7d9fe5bfc139b,test
画面刷新周期,distillation_column,__irrelevant__,irrelevant,none,,negative,1d0ee5b9f63997f9,test
画面颜色,distillation_column,__irrelevant__,irrelevant,none,,negative,eef45261ae92bea9,test
通讯状态字,distillation_column,__irrelevant__,irrelevant,none,,negative,9578639ea7caae0d,test
1号BOTTOM_LEVEL,distillation_column,bottom_level,useful,state,percent,equipment_prefix,ba05a3626247ef00,test
1号塔釜液位,distillation_column,bottom_level,useful,state,percent,equipment_prefix,557f380e9d17d0fc,test
A线_BOTTOM_LEVEL,distillation_column,bottom_level,useful,state,percent,line_prefix,ba05a3626247ef00,test
A线_塔釜液位,distillation_column,bottom_level,useful,state,percent,line_prefix,557f380e9d17d0fc,test
BOTTOMLEVEL,distillation_column,bottom_level,useful,state,percent,compact,ba05a3626247ef00,test
BOTTOM_LEVEL,distillation_column,bottom_level,useful,state,percent,template,ba05a3626247ef00,test
BOTTOM_LEVEL[percent],distillation_column,bottom_level,useful,state,percent,unit_bracket,ba05a3626247ef00,test
BOTTOM_LEVEL_01,distillation_column,bottom_level,useful,state,percent,channel_suffix,ba05a3626247ef00,test
BOTTOM_LEVEL_PV,distillation_column,bottom_level,useful,state,percent,control_suffix,ba05a3626247ef00,test
BOTTOM_LEVEL_percent,distillation_column,bottom_level,useful,state,percent,unit_suffix,ba05a3626247ef00,test
B线#BOTTOM_LEVEL#测点42,distillation_column,bottom_level,useful,state,percent,line_point_tag,ba05a3626247ef00,test
B线#塔釜液位#测点42,distillation_column,bottom_level,useful,state,percent,line_point_tag,557f380e9d17d0fc,test
DCS_03_BOTTOM_LEVEL_PV_17,distillation_column,bottom_level,useful,state,percent,vendor_dcs_tag,ba05a3626247ef00,test
DCS_03_塔釜液位_PV_17,distillation_column,bottom_level,useful,state,percent,vendor_dcs_tag,557f380e9d17d0fc,test
HMI.22.BOTTOM_LEVEL.AI,distillation_column,bottom_level,useful,state,percent,vendor_hmi_tag,ba05a3626247ef00,test
HMI.22.塔釜液位.AI,distillation_column,bottom_level,useful,state,percent,vendor_hmi_tag,557f380e9d17d0fc,test
塔釜液位,distillation_column,bottom_level,useful,state,percent,template,557f380e9d17d0fc,test
塔釜液位[percent],distillation_column,bottom_level,useful,state,percent,unit_bracket,557f380e9d17d0fc,test
塔釜液位_01,distillation_column,bottom_level,useful,state,percent,channel_suffix,557f380e9d17d0fc,test
塔釜液位_PV,distillation_column,bottom_level,useful,state,percent,control_suffix,557f380e9d17d0fc,test
塔釜液位_percent,distillation_column,bottom_level,useful,state,percent,unit_suffix,557f380e9d17d0fc,test
装置5-BOTTOM_LEVEL-CH30-VALUE,distillation_column,bottom_level,useful,state,percent,vendor_channel_tag,ba05a3626247ef00,test
装置5-塔釜液位-CH30-VALUE,distillation_column,bottom_level,useful,state,percent,vendor_channel_tag,557f380e9d17d0fc,test
1号塔顶压力,distillation_column,column_pressure,useful,state,Pa,equipment_prefix,9340a69cbdd14b65,test
A线_塔顶压力,distillation_column,column_pressure,useful,state,Pa,line_prefix,9340a69cbdd14b65,test
B线#塔顶压力#测点42,distillation_column,column_pressure,useful,state,Pa,line_point_tag,9340a69cbdd14b65,test
DCS_03_塔顶压力_PV_17,distillation_column,column_pressure,useful,state,Pa,vendor_dcs_tag,9340a69cbdd14b65,test
HMI.22.塔顶压力.AI,distillation_column,column_pressure,useful,state,Pa,vendor_hmi_tag,9340a69cbdd14b65,test
塔顶压力,distillation_column,column_pressure,useful,state,Pa,template,9340a69cbdd14b65,test
塔顶压力[Pa],distillation_column,column_pressure,useful,state,Pa,unit_bracket,9340a69cbdd14b65,test
塔顶压力_01,distillation_column,column_pressure,useful,state,Pa,channel_suffix,9340a69cbdd14b65,test
塔顶压力_PV,distillation_column,column_pressure,useful,state,Pa,control_suffix,9340a69cbdd14b65,test
塔顶压力_Pa,distillation_column,column_pressure,useful,state,Pa,unit_suffix,9340a69cbdd14b65,test
装置5-塔顶压力-CH30-VALUE,distillation_column,column_pressure,useful,state,Pa,vendor_channel_tag,9340a69cbdd14b65,test
1号塔进料,distillation_column,feed_flow,required,disturbance,t/h,equipment_prefix,ad9a11915ef30675,test
1号进料流量,distillation_column,feed_flow,required,disturbance,t/h,equipment_prefix,2e6c85f1df30ddbf,test
A线_塔进料,distillation_column,feed_flow,required,disturbance,t/h,line_prefix,ad9a11915ef30675,test
A线_进料流量,distillation_column,feed_flow,required,disturbance,t/h,line_prefix,2e6c85f1df30ddbf,test
B线#塔进料#测点42,distillation_column,feed_flow,required,disturbance,t/h,line_point_tag,ad9a11915ef30675,test
B线#进料流量#测点42,distillation_column,feed_flow,required,disturbance,t/h,line_point_tag,2e6c85f1df30ddbf,test
DCS_03_塔进料_PV_17,distillation_column,feed_flow,required,disturbance,t/h,vendor_dcs_tag,ad9a11915ef30675,test
DCS_03_进料流量_PV_17,distillation_column,feed_flow,required,disturbance,t/h,vendor_dcs_tag,2e6c85f1df30ddbf,test
HMI.22.塔进料.AI,distillation_column,feed_flow,required,disturbance,t/h,vendor_hmi_tag,ad9a11915ef30675,test
HMI.22.进料流量.AI,distillation_column,feed_flow,required,disturbance,t/h,vendor_hmi_tag,2e6c85f1df30ddbf,test
塔进料,distillation_column,feed_flow,required,disturbance,t/h,template,ad9a11915ef30675,test
塔进料[t/h],distillation_column,feed_flow,required,disturbance,t/h,unit_bracket,ad9a11915ef30675,test
塔进料_01,distillation_column,feed_flow,required,disturbance,t/h,channel_suffix,ad9a11915ef30675,test
塔进料_PV,distillation_column,feed_flow,required,disturbance,t/h,control_suffix,ad9a11915ef30675,test
塔进料_t/h,distillation_column,feed_flow,required,disturbance,t/h,unit_suffix,ad9a11915ef30675,test
装置5-塔进料-CH30-VALUE,distillation_column,feed_flow,required,disturbance,t/h,vendor_channel_tag,ad9a11915ef30675,test
装置5-进料流量-CH30-VALUE,distillation_column,feed_flow,required,disturbance,t/h,vendor_channel_tag,2e6c85f1df30ddbf,test
进料流量,distillation_column,feed_flow,required,disturbance,t/h,template,2e6c85f1df30ddbf,test
进料流量[t/h],distillation_column,feed_flow,required,disturbance,t/h,unit_bracket,2e6c85f1df30ddbf,test
进料流量_01,distillation_column,feed_flow,required,disturbance,t/h,channel_suffix,2e6c85f1df30ddbf,test
进料流量_PV,distillation_column,feed_flow,required,disturbance,t/h,control_suffix,2e6c85f1df30ddbf,test
进料流量_t/h,distillation_column,feed_flow,required,disturbance,t/h,unit_suffix,2e6c85f1df30ddbf,test
1号原料温度,distillation_column,feed_temperature,useful,disturbance,degC,equipment_prefix,5a0149254afc77b7,test
A线_原料温度,distillation_column,feed_temperature,useful,disturbance,degC,line_prefix,5a0149254afc77b7,test
B线#原料温度#测点42,distillation_column,feed_temperature,useful,disturbance,degC,line_point_tag,5a0149254afc77b7,test
DCS_03_原料温度_PV_17,distillation_column,feed_temperature,useful,disturbance,degC,vendor_dcs_tag,5a0149254afc77b7,test
HMI.22.原料温度.AI,distillation_column,feed_temperature,useful,disturbance,degC,vendor_hmi_tag,5a0149254afc77b7,test
原料温度,distillation_column,feed_temperature,useful,disturbance,degC,template,5a0149254afc77b7,test
原料温度[degC],distillation_column,feed_temperature,useful,disturbance,degC,unit_bracket,5a0149254afc77b7,test
原料温度_01,distillation_column,feed_temperature,useful,disturbance,degC,channel_suffix,5a0149254afc77b7,test
原料温度_PV,distillation_column,feed_temperature,useful,disturbance,degC,control_suffix,5a0149254afc77b7,test
原料温度_degC,distillation_column,feed_temperature,useful,disturbance,degC,unit_suffix,5a0149254afc77b7,test
装置5-原料温度-CH30-VALUE,distillation_column,feed_temperature,useful,disturbance,degC,vendor_channel_tag,5a0149254afc77b7,test
1号reflux_flow,distillation_column,reflux_flow,required,manipulated,t/h,equipment_prefix,24ceea2e6bf1bb23,test
1号回流流量,distillation_column,reflux_flow,required,manipulated,t/h,equipment_prefix,b66db1707fcc7d21,test
A线_reflux_flow,distillation_column,reflux_flow,required,manipulated,t/h,line_prefix,24ceea2e6bf1bb23,test
A线_回流流量,distillation_column,reflux_flow,required,manipulated,t/h,line_prefix,b66db1707fcc7d21,test
B线#reflux_flow#测点42,distillation_column,reflux_flow,required,manipulated,t/h,line_point_tag,24ceea2e6bf1bb23,test
B线#回流流量#测点42,distillation_column,reflux_flow,required,manipulated,t/h,line_point_tag,b66db1707fcc7d21,test
DCS_03_reflux_flow_PV_17,distillation_column,reflux_flow,required,manipulated,t/h,vendor_dcs_tag,24ceea2e6bf1bb23,test
DCS_03_回流流量_PV_17,distillation_column,reflux_flow,required,manipulated,t/h,vendor_dcs_tag,b66db1707fcc7d21,test
HMI.22.reflux_flow.AI,distillation_column,reflux_flow,required,manipulated,t/h,vendor_hmi_tag,24ceea2e6bf1bb23,test
HMI.22.回流流量.AI,distillation_column,reflux_flow,required,manipulated,t/h,vendor_hmi_tag,b66db1707fcc7d21,test
reflux_flow,distillation_column,reflux_flow,required,manipulated,t/h,template,24ceea2e6bf1bb23,test
reflux_flow[t/h],distillation_column,reflux_flow,required,manipulated,t/h,unit_bracket,24ceea2e6bf1bb23,test
reflux_flow_01,distillation_column,reflux_flow,required,manipulated,t/h,channel_suffix,24ceea2e6bf1bb23,test
reflux_flow_SP,distillation_column,reflux_flow,required,manipulated,t/h,control_suffix,24ceea2e6bf1bb23,test
reflux_flow_t/h,distillation_column,reflux_flow,required,manipulated,t/h,unit_suffix,24ceea2e6bf1bb23,test
refluxflow,distillation_column,reflux_flow,required,manipulated,t/h,compact,24ceea2e6bf1bb23,test
回流流量,distillation_column,reflux_flow,required,manipulated,t/h,template,b66db1707fcc7d21,test
回流流量[t/h],distillation_column,reflux_flow,required,manipulated,t/h,unit_bracket,b66db1707fcc7d21,test
回流流量_01,distillation_column,reflux_flow,required,manipulated,t/h,channel_suffix,b66db1707fcc7d21,test
回流流量_SP,distillation_column,reflux_flow,required,manipulated,t/h,control_suffix,b66db1707fcc7d21,test
回流流量_t/h,distillation_column,reflux_flow,required,manipulated,t/h,unit_suffix,b66db1707fcc7d21,test
装置5-reflux_flow-CH30-VALUE,distillation_column,reflux_flow,required,manipulated,t/h,vendor_channel_tag,24ceea2e6bf1bb23,test
装置5-回流流量-CH30-VALUE,distillation_column,reflux_flow,required,manipulated,t/h,vendor_channel_tag,b66db1707fcc7d21,test
1号蒸汽流量,distillation_column,steam_flow,required,manipulated,t/h,equipment_prefix,c43a7f1fd09f87e1,test
A线_蒸汽流量,distillation_column,steam_flow,required,manipulated,t/h,line_prefix,c43a7f1fd09f87e1,test
B线#蒸汽流量#测点42,distillation_column,steam_flow,required,manipulated,t/h,line_point_tag,c43a7f1fd09f87e1,test
DCS_03_蒸汽流量_PV_17,distillation_column,steam_flow,required,manipulated,t/h,vendor_dcs_tag,c43a7f1fd09f87e1,test
HMI.22.蒸汽流量.AI,distillation_column,steam_flow,required,manipulated,t/h,vendor_hmi_tag,c43a7f1fd09f87e1,test
蒸汽流量,distillation_column,steam_flow,required,manipulated,t/h,template,c43a7f1fd09f87e1,test
蒸汽流量[t/h],distillation_column,steam_flow,required,manipulated,t/h,unit_bracket,c43a7f1fd09f87e1,test
蒸汽流量_01,distillation_column,steam_flow,required,manipulated,t/h,channel_suffix,c43a7f1fd09f87e1,test
蒸汽流量_SP,distillation_column,steam_flow,required,manipulated,t/h,control_suffix,c43a7f1fd09f87e1,test
蒸汽流量_t/h,distillation_column,steam_flow,required,manipulated,t/h,unit_suffix,c43a7f1fd09f87e1,test
装置5-蒸汽流量-CH30-VALUE,distillation_column,steam_flow,required,manipulated,t/h,vendor_channel_tag,c43a7f1fd09f87e1,test
1号DATETIME,distillation_column,timestamp,required,time,datetime,equipment_prefix,1bea7c61affde94f,test
1号TIME,distillation_column,timestamp,required,time,datetime,equipment_prefix,d09c2d429275c1f0,test
A线_DATETIME,distillation_column,timestamp,required,time,datetime,line_prefix,1bea7c61affde94f,test
A线_TIME,distillation_column,timestamp,required,time,datetime,line_prefix,d09c2d429275c1f0,test
B线#DATETIME#测点42,distillation_column,timestamp,required,time,datetime,line_point_tag,1bea7c61affde94f,test
B线#TIME#测点42,distillation_column,timestamp,required,time,datetime,line_point_tag,d09c2d429275c1f0,test
DATETIME,distillation_column,timestamp,required,time,datetime,template,1bea7c61affde94f,test
DATETIME_01,distillation_column,timestamp,required,time,datetime,channel_suffix,1bea7c61affde94f,test
DATETIME_PV,distillation_column,timestamp,required,time,datetime,control_suffix,1bea7c61affde94f,test
DCS_03_DATETIME_PV_17,distillation_column,timestamp,required,time,datetime,vendor_dcs_tag,1bea7c61affde94f,test
DCS_03_TIME_PV_17,distillation_column,timestamp,required,time,datetime,vendor_dcs_tag,d09c2d429275c1f0,test
HMI.22.DATETIME.AI,distillation_column,timestamp,required,time,datetime,vendor_hmi_tag,1bea7c61affde94f,test
HMI.22.TIME.AI,distillation_column,timestamp,required,time,datetime,vendor_hmi_tag,d09c2d429275c1f0,test
TIME,distillation_column,timestamp,required,time,datetime,template,d09c2d429275c1f0,test
TIME_01,distillation_column,timestamp,required,time,datetime,channel_suffix,d09c2d429275c1f0,test
TIME_PV,distillation_column,timestamp,required,time,datetime,control_suffix,d09c2d429275c1f0,test
装置5-DATETIME-CH30-VALUE,distillation_column,timestamp,required,time,datetime,vendor_channel_tag,1bea7c61affde94f,test
装置5-TIME-CH30-VALUE,distillation_column,timestamp,required,time,datetime,vendor_channel_tag,d09c2d429275c1f0,test
1号TOP_PURITY,distillation_column,top_product_purity,required,controlled,percent,equipment_prefix,a99fc6442f1c8815,test
A线_TOP_PURITY,distillation_column,top_product_purity,required,controlled,percent,line_prefix,a99fc6442f1c8815,test
B线#TOP_PURITY#测点42,distillation_column,top_product_purity,required,controlled,percent,line_point_tag,a99fc6442f1c8815,test
DCS_03_TOP_PURITY_PV_17,distillation_column,top_product_purity,required,controlled,percent,vendor_dcs_tag,a99fc6442f1c8815,test
HMI.22.TOP_PURITY.AI,distillation_column,top_product_purity,required,controlled,percent,vendor_hmi_tag,a99fc6442f1c8815,test
TOPPURITY,distillation_column,top_product_purity,required,controlled,percent,compact,a99fc6442f1c8815,test
TOP_PURITY,distillation_column,top_product_purity,required,controlled,percent,template,a99fc6442f1c8815,test
TOP_PURITY[percent],distillation_column,top_product_purity,required,controlled,percent,unit_bracket,a99fc6442f1c8815,test
TOP_PURITY_01,distillation_column,top_product_purity,required,controlled,percent,channel_suffix,a99fc6442f1c8815,test
TOP_PURITY_PV,distillation_column,top_product_purity,required,controlled,percent,control_suffix,a99fc6442f1c8815,test
TOP_PURITY_percent,distillation_column,top_product_purity,required,controlled,percent,unit_suffix,a99fc6442f1c8815,test
装置5-TOP_PURITY-CH30-VALUE,distillation_column,top_product_purity,required,controlled,percent,vendor_channel_tag,a99fc6442f1c8815,test
1号top_temperature,distillation_column,top_temperature,required,controlled,degC,equipment_prefix,56601ec44c7f2801,test
1号顶温,distillation_column,top_temperature,required,controlled,degC,equipment_prefix,9c12a28a5814bedf,test
A线_top_temperature,distillation_column,top_temperature,required,controlled,degC,line_prefix,56601ec44c7f2801,test
A线_顶温,distillation_column,top_temperature,required,controlled,degC,line_prefix,9c12a28a5814bedf,test
B线#top_temperature#测点42,distillation_column,top_temperature,required,controlled,degC,line_point_tag,56601ec44c7f2801,test
B线#顶温#测点42,distillation_column,top_temperature,required,controlled,degC,line_point_tag,9c12a28a5814bedf,test
DCS_03_top_temperature_PV_17,distillation_column,top_temperature,required,controlled,degC,vendor_dcs_tag,56601ec44c7f2801,test
DCS_03_顶温_PV_17,distillation_column,top_temperature,required,controlled,degC,vendor_dcs_tag,9c12a28a5814bedf,test
HMI.22.top_temperature.AI,distillation_column,top_temperature,required,controlled,degC,vendor_hmi_tag,56601ec44c7f2801,test
HMI.22.顶温.AI,distillation_column,top_temperature,required,controlled,degC,vendor_hmi_tag,9c12a28a5814bedf,test
TOP_TEMPERATURE,distillation_column,top_temperature,required,controlled,degC,uppercase,56601ec44c7f2801,test
top_temperature,distillation_column,top_temperature,required,controlled,degC,template,56601ec44c7f2801,test
top_temperature[degC],distillation_column,top_temperature,required,controlled,degC,unit_bracket,56601ec44c7f2801,test
top_temperature_01,distillation_column,top_temperature,required,controlled,degC,channel_suffix,56601ec44c7f2801,test
top_temperature_PV,distillation_column,top_temperature,required,controlled,degC,control_suffix,56601ec44c7f2801,test
top_temperature_degC,distillation_column,top_temperature,required,controlled,degC,unit_suffix,56601ec44c7f2801,test
toptemperature,distillation_column,top_temperature,required,controlled,degC,compact,56601ec44c7f2801,test
装置5-top_temperature-CH30-VALUE,distillation_column,top_temperature,required,controlled,degC,vendor_channel_tag,56601ec44c7f2801,test
装置5-顶温-CH30-VALUE,distillation_column,top_temperature,required,controlled,degC,vendor_channel_tag,9c12a28a5814bedf,test
顶温,distillation_column,top_temperature,required,controlled,degC,template,9c12a28a5814bedf,test
顶温[degC],distillation_column,top_temperature,required,controlled,degC,unit_bracket,9c12a28a5814bedf,test
顶温_01,distillation_column,top_temperature,required,controlled,degC,channel_suffix,9c12a28a5814bedf,test
顶温_PV,distillation_column,top_temperature,required,controlled,degC,control_suffix,9c12a28a5814bedf,test
顶温_degC,distillation_column,top_temperature,required,controlled,degC,unit_suffix,9c12a28a5814bedf,test
DCS_厂区门禁记录_25,steel_industry_energy,__irrelevant__,irrelevant,none,,negative_vendor,c490fd2e9b5d3dda,test
DCS_巡检照片地址_25,steel_industry_energy,__irrelevant__,irrelevant,none,,negative_vendor,a2c2cb8458e2680b,test
DCS_操作员姓名_25,steel_industry_energy,__irrelevant__,irrelevant,none,,negative_vendor,1d531bc296c797fa,test
DCS_文件上传时间_25,steel_industry_energy,__irrelevant__,irrelevant,none,,negative_vendor,6ab043601b2424e5,test
DCS_画面颜色_25,steel_industry_energy,__irrelevant__,irrelevant,none,,negative_vendor,200eafa1fd214ade,test
DCS_设备描述_25,steel_industry_energy,__irrelevant__,irrelevant,none,,negative_vendor,cd85385d3a0be235,test
HMI.60.厂区门禁记录.RAW,steel_industry_energy,__irrelevant__,irrelevant,none,,negative_vendor,c490fd2e9b5d3dda,test
HMI.60.巡检照片地址.RAW,steel_industry_energy,__irrelevant__,irrelevant,none,,negative_vendor,a2c2cb8458e2680b,test
HMI.60.操作员姓名.RAW,steel_industry_energy,__irrelevant__,irrelevant,none,,negative_vendor,1d531bc296c797fa,test
HMI.60.文件上传时间.RAW,steel_industry_energy,__irrelevant__,irrelevant,none,,negative_vendor,6ab043601b2424e5,test
HMI.60.画面颜色.RAW,steel_industry_energy,__irrelevant__,irrelevant,none,,negative_vendor,200eafa1fd214ade,test
HMI.60.设备描述.RAW,steel_industry_energy,__irrelevant__,irrelevant,none,,negative_vendor,cd85385d3a0be235,test
厂区门禁记录,steel_industry_energy,__irrelevant__,irrelevant,none,,negative,c490fd2e9b5d3dda,test
巡检照片地址,steel_industry_energy,__irrelevant__,irrelevant,none,,negative,a2c2cb8458e2680b,test
操作员姓名,steel_industry_energy,__irrelevant__,irrelevant,none,,negative,1d531bc296c797fa,test
文件上传时间,steel_industry_energy,__irrelevant__,irrelevant,none,,negative,6ab043601b2424e5,test
画面颜色,steel_industry_energy,__irrelevant__,irrelevant,none,,negative,200eafa1fd214ade,test
设备描述,steel_industry_energy,__irrelevant__,irrelevant,none,,negative,cd85385d3a0be235,test
1号day of week,steel_industry_energy,day_of_week,useful,identifier,string,equipment_prefix,389a18659e0b80cc,test
1号星期,steel_industry_energy,day_of_week,useful,identifier,string,equipment_prefix,c9dbf6b9f97ca425,test
A线_day of week,steel_industry_energy,day_of_week,useful,identifier,string,line_prefix,389a18659e0b80cc,test
A线_星期,steel_industry_energy,day_of_week,useful,identifier,string,line_prefix,c9dbf6b9f97ca425,test
B线#day of week#测点42,steel_industry_energy,day_of_week,useful,identifier,string,line_point_tag,389a18659e0b80cc,test
B线#星期#测点42,steel_industry_energy,day_of_week,useful,identifier,string,line_point_tag,c9dbf6b9f97ca425,test
DAY_OF_WEEK,steel_industry_energy,day_of_week,useful,identifier,string,uppercase,389a18659e0b80cc,test
DCS_03_day_of_week_PV_17,steel_industry_energy,day_of_week,useful,identifier,string,vendor_dcs_tag,389a18659e0b80cc,test
DCS_03_星期_PV_17,steel_industry_energy,day_of_week,useful,identifier,string,vendor_dcs_tag,c9dbf6b9f97ca425,test
HMI.22.day_of_week.AI,steel_industry_energy,day_of_week,useful,identifier,string,vendor_hmi_tag,389a18659e0b80cc,test
HMI.22.星期.AI,steel_industry_energy,day_of_week,useful,identifier,string,vendor_hmi_tag,c9dbf6b9f97ca425,test
day of week,steel_industry_energy,day_of_week,useful,identifier,string,template,389a18659e0b80cc,test
day_of_week,steel_industry_energy,day_of_week,useful,identifier,string,normalized,389a18659e0b80cc,test
day_of_week_01,steel_industry_energy,day_of_week,useful,identifier,string,channel_suffix,389a18659e0b80cc,test
day_of_week_PV,steel_industry_energy,day_of_week,useful,identifier,string,control_suffix,389a18659e0b80cc,test
dayofweek,steel_industry_energy,day_of_week,useful,identifier,string,compact,389a18659e0b80cc,test
星期,steel_industry_energy,day_of_week,useful,identifier,string,template,c9dbf6b9f97ca425,test
星期_01,steel_industry_energy,day_of_week,useful,identifier,string,channel_suffix,c9dbf6b9f97ca425,test
星期_PV,steel_industry_energy,day_of_week,useful,identifier,string,control_suffix,c9dbf6b9f97ca425,test
装置5-day_of_week-CH30-VALUE,steel_industry_energy,day_of_week,useful,identifier,string,vendor_channel_tag,389a18659e0b80cc,test
装置5-星期-CH30-VALUE,steel_industry_energy,day_of_week,useful,identifier,string,vendor_channel_tag,c9dbf6b9f97ca425,test
1号energy consumption,steel_industry_energy,energy_usage,required,controlled,kWh,equipment_prefix,933cb059828b72da,test
1号usage kwh,steel_industry_energy,energy_usage,required,controlled,kWh,equipment_prefix,b6623f0fe188ddb9,test
A线_energy consumption,steel_industry_energy,energy_usage,required,controlled,kWh,line_prefix,933cb059828b72da,test
A线_usage kwh,steel_industry_energy,energy_usage,required,controlled,kWh,line_prefix,b6623f0fe188ddb9,test
B线#energy consumption#测点42,steel_industry_energy,energy_usage,required,controlled,kWh,line_point_tag,933cb059828b72da,test
B线#usage kwh#测点42,steel_industry_energy,energy_usage,required,controlled,kWh,line_point_tag,b6623f0fe188ddb9,test
DCS_03_energy_consumption_PV_17,steel_industry_energy,energy_usage,required,controlled,kWh,vendor_dcs_tag,933cb059828b72da,test
DCS_03_usage_kwh_PV_17,steel_industry_energy,energy_usage,required,controlled,kWh,vendor_dcs_tag,b6623f0fe188ddb9,test
ENERGY_CONSUMPTION,steel_industry_energy,energy_usage,required,controlled,kWh,uppercase,933cb059828b72da,test
HMI.22.energy_consumption.AI,steel_industry_energy,energy_usage,required,controlled,kWh,vendor_hmi_tag,933cb059828b72da,test
HMI.22.usage_kwh.AI,steel_industry_energy,energy_usage,required,controlled,kWh,vendor_hmi_tag,b6623f0fe188ddb9,test
USAGE_KWH,steel_industry_energy,energy_usage,required,controlled,kWh,uppercase,b6623f0fe188ddb9,test
energy consumption,steel_industry_energy,energy_usage,required,controlled,kWh,template,933cb059828b72da,test
energy consumption[kWh],steel_industry_energy,energy_usage,required,controlled,kWh,unit_bracket,933cb059828b72da,test
energy_consumption,steel_industry_energy,energy_usage,required,controlled,kWh,normalized,933cb059828b72da,test
energy_consumption_01,steel_industry_energy,energy_usage,required,controlled,kWh,channel_suffix,933cb059828b72da,test
energy_consumption_PV,steel_industry_energy,energy_usage,required,controlled,kWh,control_suffix,933cb059828b72da,test
energy_consumption_kWh,steel_industry_energy,energy_usage,required,controlled,kWh,unit_suffix,933cb059828b72da,test
energyconsumption,steel_industry_energy,energy_usage,required,controlled,kWh,compact,933cb059828b72da,test
usage kwh,steel_industry_energy,energy_usage,required,controlled,kWh,template,b6623f0fe188ddb9,test
usage kwh[kWh],steel_industry_energy,energy_usage,required,controlled,kWh,unit_bracket,b6623f0fe188ddb9,test
usage_kwh,steel_industry_energy,energy_usage,required,controlled,kWh,normalized,b6623f0fe188ddb9,test
usage_kwh_01,steel_industry_energy,energy_usage,required,controlled,kWh,channel_suffix,b6623f0fe188ddb9,test
usage_kwh_PV,steel_industry_energy,energy_usage,required,controlled,kWh,control_suffix,b6623f0fe188ddb9,test
usage_kwh_kWh,steel_industry_energy,energy_usage,required,controlled,kWh,unit_suffix,b6623f0fe188ddb9,test
usagekwh,steel_industry_energy,energy_usage,required,controlled,kWh,compact,b6623f0fe188ddb9,test
装置5-energy_consumption-CH30-VALUE,steel_industry_energy,energy_usage,required,controlled,kWh,vendor_channel_tag,933cb059828b72da,test
装置5-usage_kwh-CH30-VALUE,steel_industry_energy,energy_usage,required,controlled,kWh,vendor_channel_tag,b6623f0fe188ddb9,test
1号lagging_power_factor,steel_industry_energy,lagging_power_factor,useful,state,percent,equipment_prefix,15baaccc3ec11670,test
A线_lagging_power_factor,steel_industry_energy,lagging_power_factor,useful,state,percent,line_prefix,15baaccc3ec11670,test
B线#lagging_power_factor#测点42,steel_industry_energy,lagging_power_factor,useful,state,percent,line_point_tag,15baaccc3ec11670,test
lagging_power_factor[percent],steel_industry_energy,lagging_power_factor,useful,state,percent,unit_bracket,15baaccc3ec11670,test
1号load type,steel_industry_energy,load_type,useful,state,string,equipment_prefix,50ca228eeeea24ea,test
A线_load type,steel_industry_energy,load_type,useful,state,string,line_prefix,50ca228eeeea24ea,test
B线#load type#测点42,steel_industry_energy,load_type,useful,state,string,line_point_tag,50ca228eeeea24ea,test
DCS_03_load_type_PV_17,steel_industry_energy,load_type,useful,state,string,vendor_dcs_tag,50ca228eeeea24ea,test
HMI.22.load_type.AI,steel_industry_energy,load_type,useful,state,string,vendor_hmi_tag,50ca228eeeea24ea,test
LOAD_TYPE,steel_industry_energy,load_type,useful,state,string,uppercase,50ca228eeeea24ea,test
load type,steel_industry_energy,load_type,useful,state,string,template,50ca228eeeea24ea,test
load_type,steel_industry_energy,load_type,useful,state,string,normalized,50ca228eeeea24ea,test
load_type_01,steel_industry_energy,load_type,useful,state,string,channel_suffix,50ca228eeeea24ea,test
load_type_PV,steel_industry_energy,load_type,useful,state,string,control_suffix,50ca228eeeea24ea,test
loadtype,steel_industry_energy,load_type,useful,state,string,compact,50ca228eeeea24ea,test
装置5-load_type-CH30-VALUE,steel_industry_energy,load_type,useful,state,string,vendor_channel_tag,50ca228eeeea24ea,test
1号Date,steel_industry_energy,timestamp,required,time,datetime,equipment_prefix,47569c5b94367ede,test
A线_Date,steel_industry_energy,timestamp,required,time,datetime,line_prefix,47569c5b94367ede,test
B线#Date#测点42,steel_industry_energy,timestamp,required,time,datetime,line_point_tag,47569c5b94367ede,test
DATE,steel_industry_energy,timestamp,required,time,datetime,uppercase,47569c5b94367ede,test
DCS_03_Date_PV_17,steel_industry_energy,timestamp,required,time,datetime,vendor_dcs_tag,47569c5b94367ede,test
Date,steel_industry_energy,timestamp,required,time,datetime,template,47569c5b94367ede,test
Date_01,steel_industry_energy,timestamp,required,time,datetime,channel_suffix,47569c5b94367ede,test
Date_PV,steel_industry_energy,timestamp,required,time,datetime,control_suffix,47569c5b94367ede,test
HMI.22.Date.AI,steel_industry_energy,timestamp,required,time,datetime,vendor_hmi_tag,47569c5b94367ede,test
装置5-Date-CH30-VALUE,steel_industry_energy,timestamp,required,time,datetime,vendor_channel_tag,47569c5b94367ede,test
1号week_status,steel_industry_energy,week_status,useful,identifier,string,equipment_prefix,343c9c35f430f0c0,test
1号工作日状态,steel_industry_energy,week_status,useful,identifier,string,equipment_prefix,50d764dfb35bf4d6,test
A线_week_status,steel_industry_energy,week_status,useful,identifier,string,line_prefix,343c9c35f430f0c0,test
A线_工作日状态,steel_industry_energy,week_status,useful,identifier,string,line_prefix,50d764dfb35bf4d6,test
B线#week_status#测点42,steel_industry_energy,week_status,useful,identifier,string,line_point_tag,343c9c35f430f0c0,test
B线#工作日状态#测点42,steel_industry_energy,week_status,useful,identifier,string,line_point_tag,50d764dfb35bf4d6,test
DCS_03_工作日状态_PV_17,steel_industry_energy,week_status,useful,identifier,string,vendor_dcs_tag,50d764dfb35bf4d6,test
HMI.22.工作日状态.AI,steel_industry_energy,week_status,useful,identifier,string,vendor_hmi_tag,50d764dfb35bf4d6,test
工作日状态,steel_industry_energy,week_status,useful,identifier,string,template,50d764dfb35bf4d6,test
工作日状态_01,steel_industry_energy,week_status,useful,identifier,string,channel_suffix,50d764dfb35bf4d6,test
工作日状态_PV,steel_industry_energy,week_status,useful,identifier,string,control_suffix,50d764dfb35bf4d6,test
装置5-工作日状态-CH30-VALUE,steel_industry_energy,week_status,useful,identifier,string,vendor_channel_tag,50d764dfb35bf4d6,test
DCS_日报打印次数_25,steel_reheating_furnace,__irrelevant__,irrelevant,none,,negative_vendor,ac75e88218d5793f,test
DCS_账户登录次数_25,steel_reheating_furnace,__irrelevant__,irrelevant,none,,negative_vendor,db9cc6279c3e47a4,test
DCS_软件版本说明_25,steel_reheating_furnace,__irrelevant__,irrelevant,none,,negative_vendor,ce90c5e0aab19adb,test
DCS_通讯状态字_25,steel_reheating_furnace,__irrelevant__,irrelevant,none,,negative_vendor,04c848be940f3d57,test
HMI.60.日报打印次数.RAW,steel_reheating_furnace,__irrelevant__,irrelevant,none,,negative_vendor,ac75e88218d5793f,test
HMI.60.账户登录次数.RAW,steel_reheating_furnace,__irrelevant__,irrelevant,none,,negative_vendor,db9cc6279c3e47a4,test
HMI.60.软件版本说明.RAW,steel_reheating_furnace,__irrelevant__,irrelevant,none,,negative_vendor,ce90c5e0aab19adb,test
HMI.60.通讯状态字.RAW,steel_reheating_furnace,__irrelevant__,irrelevant,none,,negative_vendor,04c848be940f3d57,test
日报打印次数,steel_reheating_furnace,__irrelevant__,irrelevant,none,,negative,ac75e88218d5793f,test
账户登录次数,steel_reheating_furnace,__irrelevant__,irrelevant,none,,negative,db9cc6279c3e47a4,test
软件版本说明,steel_reheating_furnace,__irrelevant__,irrelevant,none,,negative,ce90c5e0aab19adb,test
通讯状态字,steel_reheating_furnace,__irrelevant__,irrelevant,none,,negative,04c848be940f3d57,test
1号air_flow,steel_reheating_furnace,air_flow,required,manipulated,Nm3/h,equipment_prefix,d1b513428565cc59,test
1号助燃风量,steel_reheating_furnace,air_flow,required,manipulated,Nm3/h,equipment_prefix,177a707ffd61723c,test
A线_air_flow,steel_reheating_furnace,air_flow,required,manipulated,Nm3/h,line_prefix,d1b513428565cc59,test
A线_助燃风量,steel_reheating_furnace,air_flow,required,manipulated,Nm3/h,line_prefix,177a707ffd61723c,test
B线#air_flow#测点42,steel_reheating_furnace,air_flow,required,manipulated,Nm3/h,line_point_tag,d1b513428565cc59,test
B线#助燃风量#测点42,steel_reheating_furnace,air_flow,required,manipulated,Nm3/h,line_point_tag,177a707ffd61723c,test
DCS_03_air_flow_PV_17,steel_reheating_furnace,air_flow,required,manipulated,Nm3/h,vendor_dcs_tag,d1b513428565cc59,test
DCS_03_助燃风量_PV_17,steel_reheating_furnace,air_flow,required,manipulated,Nm3/h,vendor_dcs_tag,177a707ffd61723c,test
HMI.22.air_flow.AI,steel_reheating_furnace,air_flow,required,manipulated,Nm3/h,vendor_hmi_tag,d1b513428565cc59,test
HMI.22.助燃风量.AI,steel_reheating_furnace,air_flow,required,manipulated,Nm3/h,vendor_hmi_tag,177a707ffd61723c,test
air_flow,steel_reheating_furnace,air_flow,required,manipulated,Nm3/h,template,d1b513428565cc59,test
air_flow[Nm3/h],steel_reheating_furnace,air_flow,required,manipulated,Nm3/h,unit_bracket,d1b513428565cc59,test
air_flow_01,steel_reheating_furnace,air_flow,required,manipulated,Nm3/h,channel_suffix,d1b513428565cc59,test
air_flow_Nm3/h,steel_reheating_furnace,air_flow,required,manipulated,Nm3/h,unit_suffix,d1b513428565cc59,test
air_flow_SP,steel_reheating_furnace,air_flow,required,manipulated,Nm3/h,control_suffix,d1b513428565cc59,test
airflow,steel_reheating_furnace,air_flow,required,manipulated,Nm3/h,compact,d1b513428565cc59,test
助燃风量,steel_reheating_furnace,air_flow,required,manipulated,Nm3/h,template,177a707ffd61723c,test
助燃风量[Nm3/h],steel_reheating_furnace,air_flow,required,manipulated,Nm3/h,unit_bracket,177a707ffd61723c,test
助燃风量_01,steel_reheating_furnace,air_flow,required,manipulated,Nm3/h,channel_suffix,177a707ffd61723c,test
助燃风量_Nm3/h,steel_reheating_furnace,air_flow,required,manipulated,Nm3/h,unit_suffix,177a707ffd61723c,test
助燃风量_SP,steel_reheating_furnace,air_flow,required,manipulated,Nm3/h,control_suffix,177a707ffd61723c,test
装置5-air_flow-CH30-VALUE,steel_reheating_furnace,air_flow,required,manipulated,Nm3/h,vendor_channel_tag,d1b513428565cc59,test
装置5-助燃风量-CH30-VALUE,steel_reheating_furnace,air_flow,required,manipulated,Nm3/h,vendor_channel_tag,177a707ffd61723c,test
1号空燃比,steel_reheating_furnace,air_fuel_ratio,useful,state,ratio,equipment_prefix,8dd6e00c4996aa40,test
A线_空燃比,steel_reheating_furnace,air_fuel_ratio,useful,state,ratio,line_prefix,8dd6e00c4996aa40,test
B线#空燃比#测点42,steel_reheating_furnace,air_fuel_ratio,useful,state,ratio,line_point_tag,8dd6e00c4996aa40,test
DCS_03_空燃比_PV_17,steel_reheating_furnace,air_fuel_ratio,useful,state,ratio,vendor_dcs_tag,8dd6e00c4996aa40,test
HMI.22.空燃比.AI,steel_reheating_furnace,air_fuel_ratio,useful,state,ratio,vendor_hmi_tag,8dd6e00c4996aa40,test
空燃比,steel_reheating_furnace,air_fuel_ratio,useful,state,ratio,template,8dd6e00c4996aa40,test
空燃比[ratio],steel_reheating_furnace,air_fuel_ratio,useful,state,ratio,unit_bracket,8dd6e00c4996aa40,test
空燃比_01,steel_reheating_furnace,air_fuel_ratio,useful,state,ratio,channel_suffix,8dd6e00c4996aa40,test
空燃比_PV,steel_reheating_furnace,air_fuel_ratio,useful,state,ratio,control_suffix,8dd6e00c4996aa40,test
空燃比_ratio,steel_reheating_furnace,air_fuel_ratio,useful,state,ratio,unit_suffix,8dd6e00c4996aa40,test
装置5-空燃比-CH30-VALUE,steel_reheating_furnace,air_fuel_ratio,useful,state,ratio,vendor_channel_tag,8dd6e00c4996aa40,test
1号有效标记,steel_reheating_furnace,data_valid,useful,quality,boolean,equipment_prefix,bd5818b13524dd09,test
A线_有效标记,steel_reheating_furnace,data_valid,useful,quality,boolean,line_prefix,bd5818b13524dd09,test
B线#有效标记#测点42,steel_reheating_furnace,data_valid,useful,quality,boolean,line_point_tag,bd5818b13524dd09,test
DCS_03_有效标记_PV_17,steel_reheating_furnace,data_valid,useful,quality,boolean,vendor_dcs_tag,bd5818b13524dd09,test
HMI.22.有效标记.AI,steel_reheating_furnace,data_valid,useful,quality,boolean,vendor_hmi_tag,bd5818b13524dd09,test
有效标记,steel_reheating_furnace,data_valid,useful,quality,boolean,template,bd5818b13524dd09,test
有效标记_01,steel_reheating_furnace,data_valid,useful,quality,boolean,channel_suffix,bd5818b13524dd09,test
有效标记_PV,steel_reheating_furnace,data_valid,useful,quality,boolean,control_suffix,bd5818b13524dd09,test
装置5-有效标记-CH30-VALUE,steel_reheating_furnace,data_valid,useful,quality,boolean,vendor_channel_tag,bd5818b13524dd09,test
1号O2_PERCENT,steel_reheating_furnace,flue_gas_o2,useful,state,percent,equipment_prefix,07036d7484ef845c,test
1号烟气含氧量,steel_reheating_furnace,flue_gas_o2,useful,state,percent,equipment_prefix,711c5495e38d8ff6,test
A线_O2_PERCENT,steel_reheating_furnace,flue_gas_o2,useful,state,percent,line_prefix,07036d7484ef845c,test
A线_烟气含氧量,steel_reheating_furnace,flue_gas_o2,useful,state,percent,line_prefix,711c5495e38d8ff6,test
B线#O2_PERCENT#测点42,steel_reheating_furnace,flue_gas_o2,useful,state,percent,line_point_tag,07036d7484ef845c,test
B线#烟气含氧量#测点42,steel_reheating_furnace,flue_gas_o2,useful,state,percent,line_point_tag,711c5495e38d8ff6,test
DCS_03_O2_PERCENT_PV_17,steel_reheating_furnace,flue_gas_o2,useful,state,percent,vendor_dcs_tag,07036d7484ef845c,test
DCS_03_烟气含氧量_PV_17,steel_reheating_furnace,flue_gas_o2,useful,state,percent,vendor_dcs_tag,711c5495e38d8ff6,test
HMI.22.O2_PERCENT.AI,steel_reheating_furnace,flue_gas_o2,useful,state,percent,vendor_hmi_tag,07036d7484ef845c,test
HMI.22.烟气含氧量.AI,steel_reheating_furnace,flue_gas_o2,useful,state,percent,vendor_hmi_tag,711c5495e38d8ff6,test
O2PERCENT,steel_reheating_furnace,flue_gas_o2,useful,state,percent,compact,07036d7484ef845c,test
O2_PERCENT,steel_reheating_furnace,flue_gas_o2,useful,state,percent,template,07036d7484ef845c,test
O2_PERCENT[percent],steel_reheating_furnace,flue_gas_o2,useful,state,percent,unit_bracket,07036d7484ef845c,test
O2_PERCENT_01,steel_reheating_furnace,flue_gas_o2,useful,state,percent,channel_suffix,07036d7484ef845c,test
O2_PERCENT_PV,steel_reheating_furnace,flue_gas_o2,useful,state,percent,control_suffix,07036d7484ef845c,test
O2_PERCENT_percent,steel_reheating_furnace,flue_gas_o2,useful,state,percent,unit_suffix,07036d7484ef845c,test
烟气含氧量,steel_reheating_furnace,flue_gas_o2,useful,state,percent,template,711c5495e38d8ff6,test
烟气含氧量[percent],steel_reheating_furnace,flue_gas_o2,useful,state,percent,unit_bracket,711c5495e38d8ff6,test
烟气含氧量_01,steel_reheating_furnace,flue_gas_o2,useful,state,percent,channel_suffix,711c5495e38d8ff6,test
烟气含氧量_PV,steel_reheating_furnace,flue_gas_o2,useful,state,percent,control_suffix,711c5495e38d8ff6,test
烟气含氧量_percent,steel_reheating_furnace,flue_gas_o2,useful,state,percent,unit_suffix,711c5495e38d8ff6,test
装置5-O2_PERCENT-CH30-VALUE,steel_reheating_furnace,flue_gas_o2,useful,state,percent,vendor_channel_tag,07036d7484ef845c,test
装置5-烟气含氧量-CH30-VALUE,steel_reheating_furnace,flue_gas_o2,useful,state,percent,vendor_channel_tag,711c5495e38d8ff6,test
1号flue_gas_temp,steel_reheating_furnace,flue_gas_temp,useful,state,degC,equipment_prefix,9999d1b87144efba,test
A线_flue_gas_temp,steel_reheating_furnace,flue_gas_temp,useful,state,degC,line_prefix,9999d1b87144efba,test
B线#flue_gas_temp#测点42,steel_reheating_furnace,flue_gas_temp,useful,state,degC,line_point_tag,9999d1b87144efba,test
DCS_03_flue_gas_temp_PV_17,steel_reheating_furnace,flue_gas_temp,useful,state,degC,vendor_dcs_tag,9999d1b87144efba,test
HMI.22.flue_gas_temp.AI,steel_reheating_furnace,flue_gas_temp,useful,state,degC,vendor_hmi_tag,9999d1b87144efba,test
flue_gas_temp,steel_reheating_furnace,flue_gas_temp,useful,state,degC,template,9999d1b87144efba,test
flue_gas_temp[degC],steel_reheating_furnace,flue_gas_temp,useful,state,degC,unit_bracket,9999d1b87144efba,test
flue_gas_temp_01,steel_reheating_furnace,flue_gas_temp,useful,state,degC,channel_suffix,9999d1b87144efba,test
flue_gas_temp_PV,steel_reheating_furnace,flue_gas_temp,useful,state,degC,control_suffix,9999d1b87144efba,test
flue_gas_temp_degC,steel_reheating_furnace,flue_gas_temp,useful,state,degC,unit_suffix,9999d1b87144efba,test
fluegastemp,steel_reheating_furnace,flue_gas_temp,useful,state,degC,compact,9999d1b87144efba,test
装置5-flue_gas_temp-CH30-VALUE,steel_reheating_furnace,flue_gas_temp,useful,state,degC,vendor_channel_tag,9999d1b87144efba,test
1号furnace_zone1_temp,steel_reheating_furnace,furnace_zone1_temp,required,controlled,degC,equipment_prefix,6bbf5ca5039a0be8,test
1号预热段炉温,steel_reheating_furnace,furnace_zone1_temp,required,controlled,degC,equipment_prefix,ebf4aa394e920e36,test
A线_furnace_zone1_temp,steel_reheating_furnace,furnace_zone1_temp,required,controlled,degC,line_prefix,6bbf5ca5039a0be8,test
A线_预热段炉温,steel_reheating_furnace,furnace_zone1_temp,required,controlled,degC,line_prefix,ebf4aa394e920e36,test
B线#furnace_zone1_temp#测点42,steel_reheating_furnace,furnace_zone1_temp,required,controlled,degC,line_point_tag,6bbf5ca5039a0be8,test
B线#预热段炉温#测点42,steel_reheating_furnace,furnace_zone1_temp,required,controlled,degC,line_point_tag,ebf4aa394e920e36,test
DCS_03_furnace_zone1_temp_PV_17,steel_reheating_furnace,furnace_zone1_temp,required,controlled,degC,vendor_dcs_tag,6bbf5ca5039a0be8,test
DCS_03_预热段炉温_PV_17,steel_reheating_furnace,furnace_zone1_temp,required,controlled,degC,vendor_dcs_tag,ebf4aa394e920e36,test
FURNACE_ZONE1_TEMP,steel_reheating_furnace,furnace_zone1_temp,required,controlled,degC,uppercase,6bbf5ca5039a0be8,test
HMI.22.furnace_zone1_temp.AI,steel_reheating_furnace,furnace_zone1_temp,required,controlled,degC,vendor_hmi_tag,6bbf5ca5039a0be8,test
HMI.22.预热段炉温.AI,steel_reheating_furnace,furnace_zone1_temp,required,controlled,degC,vendor_hmi_tag,ebf4aa394e920e36,test
furnace_zone1_temp,steel_reheating_furnace,furnace_zone1_temp,required,controlled,degC,template,6bbf5ca5039a0be8,test
furnace_zone1_temp[degC],steel_reheating_furnace,furnace_zone1_temp,required,controlled,degC,unit_bracket,6bbf5ca5039a0be8,test
furnace_zone1_temp_01,steel_reheating_furnace,furnace_zone1_temp,required,controlled,degC,channel_suffix,6bbf5ca5039a0be8,test
furnace_zone1_temp_PV,steel_reheating_furnace,furnace_zone1_temp,required,controlled,degC,control_suffix,6bbf5ca5039a0be8,test
furnace_zone1_temp_degC,steel_reheating_furnace,furnace_zone1_temp,required,controlled,degC,unit_suffix,6bbf5ca5039a0be8,test
furnacezone1temp,steel_reheating_furnace,furnace_zone1_temp,required,controlled,degC,compact,6bbf5ca5039a0be8,test
装置5-furnace_zone1_temp-CH30-VALUE,steel_reheating_furnace,furnace_zone1_temp,required,controlled,degC,vendor_channel_tag,6bbf5ca5039a0be8,test
装置5-预热段炉温-CH30-VALUE,steel_reheating_furnace,furnace_zone1_temp,required,controlled,degC,vendor_channel_tag,ebf4aa394e920e36,test
预热段炉温,steel_reheating_furnace,furnace_zone1_temp,required,controlled,degC,template,ebf4aa394e920e36,test
预热段炉温[degC],steel_reheating_furnace,furnace_zone1_temp,required,controlled,degC,unit_bracket,ebf4aa394e920e36,test
预热段炉温_01,steel_reheating_furnace,furnace_zone1_temp,required,controlled,degC,channel_suffix,ebf4aa394e920e36,test
预热段炉温_PV,steel_reheating_furnace,furnace_zone1_temp,required,controlled,degC,control_suffix,ebf4aa394e920e36,test
预热段炉温_degC,steel_reheating_furnace,furnace_zone1_temp,required,controlled,degC,unit_suffix,ebf4aa394e920e36,test
1号三段炉温,steel_reheating_furnace,furnace_zone3_temp,required,controlled,degC,equipment_prefix,e99cb23a9c735b83,test
1号均热段炉温,steel_reheating_furnace,furnace_zone3_temp,required,controlled,degC,equipment_prefix,61071284849c6535,test
A线_三段炉温,steel_reheating_furnace,furnace_zone3_temp,required,controlled,degC,line_prefix,e99cb23a9c735b83,test
A线_均热段炉温,steel_reheating_furnace,furnace_zone3_temp,required,controlled,degC,line_prefix,61071284849c6535,test
B线#三段炉温#测点42,steel_reheating_furnace,furnace_zone3_temp,required,controlled,degC,line_point_tag,e99cb23a9c735b83,test
B线#均热段炉温#测点42,steel_reheating_furnace,furnace_zone3_temp,required,controlled,degC,line_point_tag,61071284849c6535,test
DCS_03_三段炉温_PV_17,steel_reheating_furnace,furnace_zone3_temp,required,controlled,degC,vendor_dcs_tag,e99cb23a9c735b83,test
DCS_03_均热段炉温_PV_17,steel_reheating_furnace,furnace_zone3_temp,required,controlled,degC,vendor_dcs_tag,61071284849c6535,test
HMI.22.三段炉温.AI,steel_reheating_furnace,furnace_zone3_temp,required,controlled,degC,vendor_hmi_tag,e99cb23a9c735b83,test
HMI.22.均热段炉温.AI,steel_reheating_furnace,furnace_zone3_temp,required,controlled,degC,vendor_hmi_tag,61071284849c6535,test
三段炉温,steel_reheating_furnace,furnace_zone3_temp,required,controlled,degC,template,e99cb23a9c735b83,test
三段炉温[degC],steel_reheating_furnace,furnace_zone3_temp,required,controlled,degC,unit_bracket,e99cb23a9c735b83,test
三段炉温_01,steel_reheating_furnace,furnace_zone3_temp,required,controlled,degC,channel_suffix,e99cb23a9c735b83,test
三段炉温_PV,steel_reheating_furnace,furnace_zone3_temp,required,controlled,degC,control_suffix,e99cb23a9c735b83,test
三段炉温_degC,steel_reheating_furnace,furnace_zone3_temp,required,controlled,degC,unit_suffix,e99cb23a9c735b83,test
均热段炉温,steel_reheating_furnace,furnace_zone3_temp,required,controlled,degC,template,61071284849c6535,test
均热段炉温[degC],steel_reheating_furnace,furnace_zone3_temp,required,controlled,degC,unit_bracket,61071284849c6535,test
均热段炉温_01,steel_reheating_furnace,furnace_zone3_temp,required,controlled,degC,channel_suffix,61071284849c6535,test
均热段炉温_PV,steel_reheating_furnace,furnace_zone3_temp,required,controlled,degC,control_suffix,61071284849c6535,test
均热段炉温_degC,steel_reheating_furnace,furnace_zone3_temp,required,controlled,degC,unit_suffix,61071284849c6535,test
装置5-三段炉温-CH30-VALUE,steel_reheating_furnace,furnace_zone3_temp,required,controlled,degC,vendor_channel_tag,e99cb23a9c735b83,test
装置5-均热段炉温-CH30-VALUE,steel_reheating_furnace,furnace_zone3_temp,required,controlled,degC,vendor_channel_tag,61071284849c6535,test
1号gas_flow,steel_reheating_furnace,gas_flow,required,manipulated,Nm3/h,equipment_prefix,fd7fc840afba2859,test
1号煤气瞬时流量,steel_reheating_furnace,gas_flow,required,manipulated,Nm3/h,equipment_prefix,df691dacad80d4fc,test
A线_gas_flow,steel_reheating_furnace,gas_flow,required,manipulated,Nm3/h,line_prefix,fd7fc840afba2859,test
A线_煤气瞬时流量,steel_reheating_furnace,gas_flow,required,manipulated,Nm3/h,line_prefix,df691dacad80d4fc,test
B线#gas_flow#测点42,steel_reheating_furnace,gas_flow,required,manipulated,Nm3/h,line_point_tag,fd7fc840afba2859,test
B线#煤气瞬时流量#测点42,steel_reheating_furnace,gas_flow,required,manipulated,Nm3/h,line_point_tag,df691dacad80d4fc,test
DCS_03_gas_flow_PV_17,steel_reheating_furnace,gas_flow,required,manipulated,Nm3/h,vendor_dcs_tag,fd7fc840afba2859,test
DCS_03_煤气瞬时流量_PV_17,steel_reheating_furnace,gas_flow,required,manipulated,Nm3/h,vendor_dcs_tag,df691dacad80d4fc,test
HMI.22.gas_flow.AI,steel_reheating_furnace,gas_flow,required,manipulated,Nm3/h,vendor_hmi_tag,fd7fc840afba2859,test
HMI.22.煤气瞬时流量.AI,steel_reheating_furnace,gas_flow,required,manipulated,Nm3/h,vendor_hmi_tag,df691dacad80d4fc,test
gas_flow,steel_reheating_furnace,gas_flow,required,manipulated,Nm3/h,template,fd7fc840afba2859,test
gas_flow[Nm3/h],steel_reheating_furnace,gas_flow,required,manipulated,Nm3/h,unit_bracket,fd7fc840afba2859,test
gas_flow_01,steel_reheating_furnace,gas_flow,required,manipulated,Nm3/h,channel_suffix,fd7fc840afba2859,test
gas_flow_Nm3/h,steel_reheating_furnace,gas_flow,required,manipulated,Nm3/h,unit_suffix,fd7fc840afba2859,test
gas_flow_SP,steel_reheating_furnace,gas_flow,required,manipulated,Nm3/h,control_suffix,fd7fc840afba2859,test
gasflow,steel_reheating_furnace,gas_flow,required,manipulated,Nm3/h,compact,fd7fc840afba2859,test
煤气瞬时流量,steel_reheating_furnace,gas_flow,required,manipulated,Nm3/h,template,df691dacad80d4fc,test
煤气瞬时流量[Nm3/h],steel_reheating_furnace,gas_flow,required,manipulated,Nm3/h,unit_bracket,df691dacad80d4fc,test
煤气瞬时流量_01,steel_reheating_furnace,gas_flow,required,manipulated,Nm3/h,channel_suffix,df691dacad80d4fc,test
煤气瞬时流量_Nm3/h,steel_reheating_furnace,gas_flow,required,manipulated,Nm3/h,unit_suffix,df691dacad80d4fc,test
煤气瞬时流量_SP,steel_reheating_furnace,gas_flow,required,manipulated,Nm3/h,control_suffix,df691dacad80d4fc,test
装置5-gas_flow-CH30-VALUE,steel_reheating_furnace,gas_flow,required,manipulated,Nm3/h,vendor_channel_tag,fd7fc840afba2859,test
装置5-煤气瞬时流量-CH30-VALUE,steel_reheating_furnace,gas_flow,required,manipulated,Nm3/h,vendor_channel_tag,df691dacad80d4fc,test
1号BATCH_ID,steel_reheating_furnace,heat_id,useful,identifier,string,equipment_prefix,3bc4f512823951a5,test
A线_BATCH_ID,steel_reheating_furnace,heat_id,useful,identifier,string,line_prefix,3bc4f512823951a5,test
BATCHID,steel_reheating_furnace,heat_id,useful,identifier,string,compact,3bc4f512823951a5,test
BATCH_ID,steel_reheating_furnace,heat_id,useful,identifier,string,template,3bc4f512823951a5,test
BATCH_ID_01,steel_reheating_furnace,heat_id,useful,identifier,string,channel_suffix,3bc4f512823951a5,test
BATCH_ID_PV,steel_reheating_furnace,heat_id,useful,identifier,string,control_suffix,3bc4f512823951a5,test
B线#BATCH_ID#测点42,steel_reheating_furnace,heat_id,useful,identifier,string,line_point_tag,3bc4f512823951a5,test
DCS_03_BATCH_ID_PV_17,steel_reheating_furnace,heat_id,useful,identifier,string,vendor_dcs_tag,3bc4f512823951a5,test
HMI.22.BATCH_ID.AI,steel_reheating_furnace,heat_id,useful,identifier,string,vendor_hmi_tag,3bc4f512823951a5,test
装置5-BATCH_ID-CH30-VALUE,steel_reheating_furnace,heat_id,useful,identifier,string,vendor_channel_tag,3bc4f512823951a5,test
1号production_rate,steel_reheating_furnace,production_rate,useful,disturbance,t/h,equipment_prefix,2cb09bbbda0f4c9e,test
1号生产率,steel_reheating_furnace,production_rate,useful,disturbance,t/h,equipment_prefix,f90ed2626f671f4c,test
A线_production_rate,steel_reheating_furnace,production_rate,useful,disturbance,t/h,line_prefix,2cb09bbbda0f4c9e,test
A线_生产率,steel_reheating_furnace,production_rate,useful,disturbance,t/h,line_prefix,f90ed2626f671f4c,test
B线#production_rate#测点42,steel_reheating_furnace,production_rate,useful,disturbance,t/h,line_point_tag,2cb09bbbda0f4c9e,test
B线#生产率#测点42,steel_reheating_furnace,production_rate,useful,disturbance,t/h,line_point_tag,f90ed2626f671f4c,test
DCS_03_production_rate_PV_17,steel_reheating_furnace,production_rate,useful,disturbance,t/h,vendor_dcs_tag,2cb09bbbda0f4c9e,test
DCS_03_生产率_PV_17,steel_reheating_furnace,production_rate,useful,disturbance,t/h,vendor_dcs_tag,f90ed2626f671f4c,test
HMI.22.production_rate.AI,steel_reheating_furnace,production_rate,useful,disturbance,t/h,vendor_hmi_tag,2cb09bbbda0f4c9e,test
HMI.22.生产率.AI,steel_reheating_furnace,production_rate,useful,disturbance,t/h,vendor_hmi_tag,f90ed2626f671f4c,test
production_rate,steel_reheating_furnace,production_rate,useful,disturbance,t/h,template,2cb09bbbda0f4c9e,test
production_rate[t/h],steel_reheating_furnace,production_rate,useful,disturbance,t/h,unit_bracket,2cb09bbbda0f4c9e,test
production_rate_01,steel_reheating_furnace,production_rate,useful,disturbance,t/h,channel_suffix,2cb09bbbda0f4c9e,test
production_rate_PV,steel_reheating_furnace,production_rate,useful,disturbance,t/h,control_suffix,2cb09bbbda0f4c9e,test
production_rate_t/h,steel_reheating_furnace,production_rate,useful,disturbance,t/h,unit_suffix,2cb09bbbda0f4c9e,test
productionrate,steel_reheating_furnace,production_rate,useful,disturbance,t/h,compact,2cb09bbbda0f4c9e,test
生产率,steel_reheating_furnace,production_rate,useful,disturbance,t/h,template,f90ed2626f671f4c,test
生产率[t/h],steel_reheating_furnace,production_rate,useful,disturbance,t/h,unit_bracket,f90ed2626f671f4c,test
生产率_01,steel_reheating_furnace,production_rate,useful,disturbance,t/h,channel_suffix,f90ed2626f671f4c,test
生产率_PV,steel_reheating_furnace,production_rate,useful,disturbance,t/h,control_suffix,f90ed2626f671f4c,test
生产率_t/h,steel_reheating_furnace,production_rate,useful,disturbance,t/h,unit_suffix,f90ed2626f671f4c,test
装置5-production_rate-CH30-VALUE,steel_reheating_furnace,production_rate,useful,disturbance,t/h,vendor_channel_tag,2cb09bbbda0f4c9e,test
装置5-生产率-CH30-VALUE,steel_reheating_furnace,production_rate,useful,disturbance,t/h,vendor_channel_tag,f90ed2626f671f4c,test
1号SLAB_THICKNESS,steel_reheating_furnace,slab_thickness,useful,disturbance,mm,equipment_prefix,711677baa45e09c6,test
1号THICKNESS,steel_reheating_furnace,slab_thickness,useful,disturbance,mm,equipment_prefix,03b432a2137f5070,test
A线_SLAB_THICKNESS,steel_reheating_furnace,slab_thickness,useful,disturbance,mm,line_prefix,711677baa45e09c6,test
A线_THICKNESS,steel_reheating_furnace,slab_thickness,useful,disturbance,mm,line_prefix,03b432a2137f5070,test
B线#SLAB_THICKNESS#测点42,steel_reheating_furnace,slab_thickness,useful,disturbance,mm,line_point_tag,711677baa45e09c6,test
B线#THICKNESS#测点42,steel_reheating_furnace,slab_thickness,useful,disturbance,mm,line_point_tag,03b432a2137f5070,test
DCS_03_SLAB_THICKNESS_PV_17,steel_reheating_furnace,slab_thickness,useful,disturbance,mm,vendor_dcs_tag,711677baa45e09c6,test
DCS_03_THICKNESS_PV_17,steel_reheating_furnace,slab_thickness,useful,disturbance,mm,vendor_dcs_tag,03b432a2137f5070,test
HMI.22.SLAB_THICKNESS.AI,steel_reheating_furnace,slab_thickness,useful,disturbance,mm,vendor_hmi_tag,711677baa45e09c6,test
HMI.22.THICKNESS.AI,steel_reheating_furnace,slab_thickness,useful,disturbance,mm,vendor_hmi_tag,03b432a2137f5070,test
SLABTHICKNESS,steel_reheating_furnace,slab_thickness,useful,disturbance,mm,compact,711677baa45e09c6,test
SLAB_THICKNESS,steel_reheating_furnace,slab_thickness,useful,disturbance,mm,template,711677baa45e09c6,test
SLAB_THICKNESS[mm],steel_reheating_furnace,slab_thickness,useful,disturbance,mm,unit_bracket,711677baa45e09c6,test
SLAB_THICKNESS_01,steel_reheating_furnace,slab_thickness,useful,disturbance,mm,channel_suffix,711677baa45e09c6,test
SLAB_THICKNESS_PV,steel_reheating_furnace,slab_thickness,useful,disturbance,mm,control_suffix,711677baa45e09c6,test
SLAB_THICKNESS_mm,steel_reheating_furnace,slab_thickness,useful,disturbance,mm,unit_suffix,711677baa45e09c6,test
THICKNESS,steel_reheating_furnace,slab_thickness,useful,disturbance,mm,template,03b432a2137f5070,test
THICKNESS[mm],steel_reheating_furnace,slab_thickness,useful,disturbance,mm,unit_bracket,03b432a2137f5070,test
THICKNESS_01,steel_reheating_furnace,slab_thickness,useful,disturbance,mm,channel_suffix,03b432a2137f5070,test
THICKNESS_PV,steel_reheating_furnace,slab_thickness,useful,disturbance,mm,control_suffix,03b432a2137f5070,test
THICKNESS_mm,steel_reheating_furnace,slab_thickness,useful,disturbance,mm,unit_suffix,03b432a2137f5070,test
装置5-SLAB_THICKNESS-CH30-VALUE,steel_reheating_furnace,slab_thickness,useful,disturbance,mm,vendor_channel_tag,711677baa45e09c6,test
装置5-THICKNESS-CH30-VALUE,steel_reheating_furnace,slab_thickness,useful,disturbance,mm,vendor_channel_tag,03b432a2137f5070,test
1号SLAB_WIDTH,steel_reheating_furnace,slab_width,useful,disturbance,mm,equipment_prefix,c37f80f7e9085972,test
A线_SLAB_WIDTH,steel_reheating_furnace,slab_width,useful,disturbance,mm,line_prefix,c37f80f7e9085972,test
B线#SLAB_WIDTH#测点42,steel_reheating_furnace,slab_width,useful,disturbance,mm,line_point_tag,c37f80f7e9085972,test
DCS_03_SLAB_WIDTH_PV_17,steel_reheating_furnace,slab_width,useful,disturbance,mm,vendor_dcs_tag,c37f80f7e9085972,test
HMI.22.SLAB_WIDTH.AI,steel_reheating_furnace,slab_width,useful,disturbance,mm,vendor_hmi_tag,c37f80f7e9085972,test
SLABWIDTH,steel_reheating_furnace,slab_width,useful,disturbance,mm,compact,c37f80f7e9085972,test
SLAB_WIDTH,steel_reheating_furnace,slab_width,useful,disturbance,mm,template,c37f80f7e9085972,test
SLAB_WIDTH[mm],steel_reheating_furnace,slab_width,useful,disturbance,mm,unit_bracket,c37f80f7e9085972,test
SLAB_WIDTH_01,steel_reheating_furnace,slab_width,useful,disturbance,mm,channel_suffix,c37f80f7e9085972,test
SLAB_WIDTH_PV,steel_reheating_furnace,slab_width,useful,disturbance,mm,control_suffix,c37f80f7e9085972,test
SLAB_WIDTH_mm,steel_reheating_furnace,slab_width,useful,disturbance,mm,unit_suffix,c37f80f7e9085972,test
装置5-SLAB_WIDTH-CH30-VALUE,steel_reheating_furnace,slab_width,useful,disturbance,mm,vendor_channel_tag,c37f80f7e9085972,test
1号TIME,steel_reheating_furnace,timestamp,required,time,datetime,equipment_prefix,1be7b4aeade1cae6,test
1号timestamp,steel_reheating_furnace,timestamp,required,time,datetime,equipment_prefix,1758a7db001e0f01,test
1号时间,steel_reheating_furnace,timestamp,required,time,datetime,equipment_prefix,271668656a119357,test
1号记录时间,steel_reheating_furnace,timestamp,required,time,datetime,equipment_prefix,a6bf66f1ad9193f3,test
A线_TIME,steel_reheating_furnace,timestamp,required,time,datetime,line_prefix,1be7b4aeade1cae6,test
A线_timestamp,steel_reheating_furnace,timestamp,required,time,datetime,line_prefix,1758a7db001e0f01,test
A线_时间,steel_reheating_furnace,timestamp,required,time,datetime,line_prefix,271668656a119357,test
A线_记录时间,steel_reheating_furnace,timestamp,required,time,datetime,line_prefix,a6bf66f1ad9193f3,test
B线#TIME#测点42,steel_reheating_furnace,timestamp,required,time,datetime,line_point_tag,1be7b4aeade1cae6,test
B线#timestamp#测点42,steel_reheating_furnace,timestamp,required,time,datetime,line_point_tag,1758a7db001e0f01,test
B线#时间#测点42,steel_reheating_furnace,timestamp,required,time,datetime,line_point_tag,271668656a119357,test
B线#记录时间#测点42,steel_reheating_furnace,timestamp,required,time,datetime,line_point_tag,a6bf66f1ad9193f3,test
DCS_03_TIME_PV_17,steel_reheating_furnace,timestamp,required,time,datetime,vendor_dcs_tag,1be7b4aeade1cae6,test
DCS_03_timestamp_PV_17,steel_reheating_furnace,timestamp,required,time,datetime,vendor_dcs_tag,1758a7db001e0f01,test
DCS_03_时间_PV_17,steel_reheating_furnace,timestamp,required,time,datetime,vendor_dcs_tag,271668656a119357,test
DCS_03_记录时间_PV_17,steel_reheating_furnace,timestamp,required,time,datetime,vendor_dcs_tag,a6bf66f1ad9193f3,test
HMI.22.TIME.AI,steel_reheating_furnace,timestamp,required,time,datetime,vendor_hmi_tag,1be7b4aeade1cae6,test
HMI.22.timestamp.AI,steel_reheating_furnace,timestamp,required,time,datetime,vendor_hmi_tag,1758a7db001e0f01,test
HMI.22.时间.AI,steel_reheating_furnace,timestamp,required,time,datetime,vendor_hmi_tag,271668656a119357,test
HMI.22.记录时间.AI,steel_reheating_furnace,timestamp,required,time,datetime,vendor_hmi_tag,a6bf66f1ad9193f3,test
TIME,steel_reheating_furnace,timestamp,required,time,datetime,template,1be7b4aeade1cae6,test
TIMESTAMP,steel_reheating_furnace,timestamp,required,time,datetime,uppercase,1758a7db001e0f01,test
TIME_01,steel_reheating_furnace,timestamp,required,time,datetime,channel_suffix,1be7b4aeade1cae6,test
TIME_PV,steel_reheating_furnace,timestamp,required,time,datetime,control_suffix,1be7b4aeade1cae6,test
timestamp,steel_reheating_furnace,timestamp,required,time,datetime,template,1758a7db001e0f01,test
timestamp_01,steel_reheating_furnace,timestamp,required,time,datetime,channel_suffix,1758a7db001e0f01,test
timestamp_PV,steel_reheating_furnace,timestamp,required,time,datetime,control_suffix,1758a7db001e0f01,test
时间,steel_reheating_furnace,timestamp,required,time,datetime,template,271668656a119357,test
时间_01,steel_reheating_furnace,timestamp,required,time,datetime,channel_suffix,271668656a119357,test
时间_PV,steel_reheating_furnace,timestamp,required,time,datetime,control_suffix,271668656a119357,test
装置5-TIME-CH30-VALUE,steel_reheating_furnace,timestamp,required,time,datetime,vendor_channel_tag,1be7b4aeade1cae6,test
装置5-timestamp-CH30-VALUE,steel_reheating_furnace,timestamp,required,time,datetime,vendor_channel_tag,1758a7db001e0f01,test
装置5-时间-CH30-VALUE,steel_reheating_furnace,timestamp,required,time,datetime,vendor_channel_tag,271668656a119357,test
装置5-记录时间-CH30-VALUE,steel_reheating_furnace,timestamp,required,time,datetime,vendor_channel_tag,a6bf66f1ad9193f3,test
记录时间,steel_reheating_furnace,timestamp,required,time,datetime,template,a6bf66f1ad9193f3,test
记录时间_01,steel_reheating_furnace,timestamp,required,time,datetime,channel_suffix,a6bf66f1ad9193f3,test
记录时间_PV,steel_reheating_furnace,timestamp,required,time,datetime,control_suffix,a6bf66f1ad9193f3,test
1号步进梁速度,steel_reheating_furnace,walking_beam_speed,required,manipulated,m/min,equipment_prefix,f3b8b78b889c8162,test
A线_步进梁速度,steel_reheating_furnace,walking_beam_speed,required,manipulated,m/min,line_prefix,f3b8b78b889c8162,test
B线#步进梁速度#测点42,steel_reheating_furnace,walking_beam_speed,required,manipulated,m/min,line_point_tag,f3b8b78b889c8162,test
DCS_03_步进梁速度_PV_17,steel_reheating_furnace,walking_beam_speed,required,manipulated,m/min,vendor_dcs_tag,f3b8b78b889c8162,test
HMI.22.步进梁速度.AI,steel_reheating_furnace,walking_beam_speed,required,manipulated,m/min,vendor_hmi_tag,f3b8b78b889c8162,test
步进梁速度,steel_reheating_furnace,walking_beam_speed,required,manipulated,m/min,template,f3b8b78b889c8162,test
步进梁速度[m/min],steel_reheating_furnace,walking_beam_speed,required,manipulated,m/min,unit_bracket,f3b8b78b889c8162,test
步进梁速度_01,steel_reheating_furnace,walking_beam_speed,required,manipulated,m/min,channel_suffix,f3b8b78b889c8162,test
步进梁速度_SP,steel_reheating_furnace,walking_beam_speed,required,manipulated,m/min,control_suffix,f3b8b78b889c8162,test
步进梁速度_m/min,steel_reheating_furnace,walking_beam_speed,required,manipulated,m/min,unit_suffix,f3b8b78b889c8162,test
装置5-步进梁速度-CH30-VALUE,steel_reheating_furnace,walking_beam_speed,required,manipulated,m/min,vendor_channel_tag,f3b8b78b889c8162,test
DCS_交换机端口状态_25,thermal_power_boiler,__irrelevant__,irrelevant,none,,negative_vendor,0ebbae0b130f4749,test
DCS_厂商备用测点_25,thermal_power_boiler,__irrelevant__,irrelevant,none,,negative_vendor,30676c9f4a1e9ea0,test
DCS_工单审批人_25,thermal_power_boiler,__irrelevant__,irrelevant,none,,negative_vendor,bba2a8ad8948a707,test
DCS_报表模板编号_25,thermal_power_boiler,__irrelevant__,irrelevant,none,,negative_vendor,6540459944f496ad,test
DCS_操作员姓名_25,thermal_power_boiler,__irrelevant__,irrelevant,none,,negative_vendor,083971ee6cb284ed,test
DCS_日报打印次数_25,thermal_power_boiler,__irrelevant__,irrelevant,none,,negative_vendor,2002ca983e1e5a03,test
DCS_班组备注_25,thermal_power_boiler,__irrelevant__,irrelevant,none,,negative_vendor,5961ddbcce7c7880,test
DCS_网络往返时延_25,thermal_power_boiler,__irrelevant__,irrelevant,none,,negative_vendor,3bc87f1683e42084,test
DCS_视频码率_25,thermal_power_boiler,__irrelevant__,irrelevant,none,,negative_vendor,b022e5ee0bdc5160,test
DCS_鼠标点击计数_25,thermal_power_boiler,__irrelevant__,irrelevant,none,,negative_vendor,66410288b084aac6,test
HMI.60.交换机端口状态.RAW,thermal_power_boiler,__irrelevant__,irrelevant,none,,negative_vendor,0ebbae0b130f4749,test
HMI.60.厂商备用测点.RAW,thermal_power_boiler,__irrelevant__,irrelevant,none,,negative_vendor,30676c9f4a1e9ea0,test
HMI.60.工单审批人.RAW,thermal_power_boiler,__irrelevant__,irrelevant,none,,negative_vendor,bba2a8ad8948a707,test
HMI.60.报表模板编号.RAW,thermal_power_boiler,__irrelevant__,irrelevant,none,,negative_vendor,6540459944f496ad,test
HMI.60.操作员姓名.RAW,thermal_power_boiler,__irrelevant__,irrelevant,none,,negative_vendor,083971ee6cb284ed,test
HMI.60.日报打印次数.RAW,thermal_power_boiler,__irrelevant__,irrelevant,none,,negative_vendor,2002ca983e1e5a03,test
HMI.60.班组备注.RAW,thermal_power_boiler,__irrelevant__,irrelevant,none,,negative_vendor,5961ddbcce7c7880,test
HMI.60.网络往返时延.RAW,thermal_power_boiler,__irrelevant__,irrelevant,none,,negative_vendor,3bc87f1683e42084,test
HMI.60.视频码率.RAW,thermal_power_boiler,__irrelevant__,irrelevant,none,,negative_vendor,b022e5ee0bdc5160,test
HMI.60.鼠标点击计数.RAW,thermal_power_boiler,__irrelevant__,irrelevant,none,,negative_vendor,66410288b084aac6,test
交换机端口状态,thermal_power_boiler,__irrelevant__,irrelevant,none,,negative,0ebbae0b130f4749,test
厂商备用测点,thermal_power_boiler,__irrelevant__,irrelevant,none,,negative,30676c9f4a1e9ea0,test
工单审批人,thermal_power_boiler,__irrelevant__,irrelevant,none,,negative,bba2a8ad8948a707,test
报表模板编号,thermal_power_boiler,__irrelevant__,irrelevant,none,,negative,6540459944f496ad,test
操作员姓名,thermal_power_boiler,__irrelevant__,irrelevant,none,,negative,083971ee6cb284ed,test
日报打印次数,thermal_power_boiler,__irrelevant__,irrelevant,none,,negative,2002ca983e1e5a03,test
班组备注,thermal_power_boiler,__irrelevant__,irrelevant,none,,negative,5961ddbcce7c7880,test
网络往返时延,thermal_power_boiler,__irrelevant__,irrelevant,none,,negative,3bc87f1683e42084,test
视频码率,thermal_power_boiler,__irrelevant__,irrelevant,none,,negative,b022e5ee0bdc5160,test
鼠标点击计数,thermal_power_boiler,__irrelevant__,irrelevant,none,,negative,66410288b084aac6,test
1号COAL_FLOW,thermal_power_boiler,coal_flow,required,manipulated,t/h,equipment_prefix,9ad7f640ad35010e,test
1号给煤量,thermal_power_boiler,coal_flow,required,manipulated,t/h,equipment_prefix,336314aaa6fc44a1,test
A线_COAL_FLOW,thermal_power_boiler,coal_flow,required,manipulated,t/h,line_prefix,9ad7f640ad35010e,test
A线_给煤量,thermal_power_boiler,coal_flow,required,manipulated,t/h,line_prefix,336314aaa6fc44a1,test
B线#COAL_FLOW#测点42,thermal_power_boiler,coal_flow,required,manipulated,t/h,line_point_tag,9ad7f640ad35010e,test
B线#给煤量#测点42,thermal_power_boiler,coal_flow,required,manipulated,t/h,line_point_tag,336314aaa6fc44a1,test
COALFLOW,thermal_power_boiler,coal_flow,required,manipulated,t/h,compact,9ad7f640ad35010e,test
COAL_FLOW,thermal_power_boiler,coal_flow,required,manipulated,t/h,template,9ad7f640ad35010e,test
COAL_FLOW[t/h],thermal_power_boiler,coal_flow,required,manipulated,t/h,unit_bracket,9ad7f640ad35010e,test
COAL_FLOW_01,thermal_power_boiler,coal_flow,required,manipulated,t/h,channel_suffix,9ad7f640ad35010e,test
COAL_FLOW_SP,thermal_power_boiler,coal_flow,required,manipulated,t/h,control_suffix,9ad7f640ad35010e,test
COAL_FLOW_t/h,thermal_power_boiler,coal_flow,required,manipulated,t/h,unit_suffix,9ad7f640ad35010e,test
DCS_03_COAL_FLOW_PV_17,thermal_power_boiler,coal_flow,required,manipulated,t/h,vendor_dcs_tag,9ad7f640ad35010e,test
DCS_03_给煤量_PV_17,thermal_power_boiler,coal_flow,required,manipulated,t/h,vendor_dcs_tag,336314aaa6fc44a1,test
HMI.22.COAL_FLOW.AI,thermal_power_boiler,coal_flow,required,manipulated,t/h,vendor_hmi_tag,9ad7f640ad35010e,test
HMI.22.给煤量.AI,thermal_power_boiler,coal_flow,required,manipulated,t/h,vendor_hmi_tag,336314aaa6fc44a1,test
给煤量,thermal_power_boiler,coal_flow,required,manipulated,t/h,template,336314aaa6fc44a1,test
给煤量[t/h],thermal_power_boiler,coal_flow,required,manipulated,t/h,unit_bracket,336314aaa6fc44a1,test
给煤量_01,thermal_power_boiler,coal_flow,required,manipulated,t/h,channel_suffix,336314aaa6fc44a1,test
给煤量_SP,thermal_power_boiler,coal_flow,required,manipulated,t/h,control_suffix,336314aaa6fc44a1,test
给煤量_t/h,thermal_power_boiler,coal_flow,required,manipulated,t/h,unit_suffix,336314aaa6fc44a1,test
装置5-COAL_FLOW-CH30-VALUE,thermal_power_boiler,coal_flow,required,manipulated,t/h,vendor_channel_tag,9ad7f640ad35010e,test
装置5-给煤量-CH30-VALUE,thermal_power_boiler,coal_flow,required,manipulated,t/h,vendor_channel_tag,336314aaa6fc44a1,test
1号DRUM_LEVEL,thermal_power_boiler,drum_level,useful,controlled,mm,equipment_prefix,41c7ad58e4075e0c,test
A线_DRUM_LEVEL,thermal_power_boiler,drum_level,useful,controlled,mm,line_prefix,41c7ad58e4075e0c,test
B线#DRUM_LEVEL#测点42,thermal_power_boiler,drum_level,useful,controlled,mm,line_point_tag,41c7ad58e4075e0c,test
DCS_03_DRUM_LEVEL_PV_17,thermal_power_boiler,drum_level,useful,controlled,mm,vendor_dcs_tag,41c7ad58e4075e0c,test
DRUMLEVEL,thermal_power_boiler,drum_level,useful,controlled,mm,compact,41c7ad58e4075e0c,test
DRUM_LEVEL,thermal_power_boiler,drum_level,useful,controlled,mm,template,41c7ad58e4075e0c,test
DRUM_LEVEL[mm],thermal_power_boiler,drum_level,useful,controlled,mm,unit_bracket,41c7ad58e4075e0c,test
DRUM_LEVEL_01,thermal_power_boiler,drum_level,useful,controlled,mm,channel_suffix,41c7ad58e4075e0c,test
DRUM_LEVEL_PV,thermal_power_boiler,drum_level,useful,controlled,mm,control_suffix,41c7ad58e4075e0c,test
DRUM_LEVEL_mm,thermal_power_boiler,drum_level,useful,controlled,mm,unit_suffix,41c7ad58e4075e0c,test
HMI.22.DRUM_LEVEL.AI,thermal_power_boiler,drum_level,useful,controlled,mm,vendor_hmi_tag,41c7ad58e4075e0c,test
装置5-DRUM_LEVEL-CH30-VALUE,thermal_power_boiler,drum_level,useful,controlled,mm,vendor_channel_tag,41c7ad58e4075e0c,test
1号feedwater_flow,thermal_power_boiler,feedwater_flow,required,manipulated,t/h,equipment_prefix,d1df8d267782041a,test
A线_feedwater_flow,thermal_power_boiler,feedwater_flow,required,manipulated,t/h,line_prefix,d1df8d267782041a,test
B线#feedwater_flow#测点42,thermal_power_boiler,feedwater_flow,required,manipulated,t/h,line_point_tag,d1df8d267782041a,test
DCS_03_feedwater_flow_PV_17,thermal_power_boiler,feedwater_flow,required,manipulated,t/h,vendor_dcs_tag,d1df8d267782041a,test
HMI.22.feedwater_flow.AI,thermal_power_boiler,feedwater_flow,required,manipulated,t/h,vendor_hmi_tag,d1df8d267782041a,test
feedwater_flow,thermal_power_boiler,feedwater_flow,required,manipulated,t/h,template,d1df8d267782041a,test
feedwater_flow[t/h],thermal_power_boiler,feedwater_flow,required,manipulated,t/h,unit_bracket,d1df8d267782041a,test
feedwater_flow_01,thermal_power_boiler,feedwater_flow,required,manipulated,t/h,channel_suffix,d1df8d267782041a,test
feedwater_flow_SP,thermal_power_boiler,feedwater_flow,required,manipulated,t/h,control_suffix,d1df8d267782041a,test
feedwater_flow_t/h,thermal_power_boiler,feedwater_flow,required,manipulated,t/h,unit_suffix,d1df8d267782041a,test
feedwaterflow,thermal_power_boiler,feedwater_flow,required,manipulated,t/h,compact,d1df8d267782041a,test
装置5-feedwater_flow-CH30-VALUE,thermal_power_boiler,feedwater_flow,required,manipulated,t/h,vendor_channel_tag,d1df8d267782041a,test
1号MS_PRESSURE,thermal_power_boiler,main_steam_pressure,required,controlled,Pa,equipment_prefix,83cf9747da88f35e,test
1号主汽压力,thermal_power_boiler,main_steam_pressure,required,controlled,Pa,equipment_prefix,127d096a7f8f8d53,test
A线_MS_PRESSURE,thermal_power_boiler,main_steam_pressure,required,controlled,Pa,line_prefix,83cf9747da88f35e,test
A线_主汽压力,thermal_power_boiler,main_steam_pressure,required,controlled,Pa,line_prefix,127d096a7f8f8d53,test
B线#MS_PRESSURE#测点42,thermal_power_boiler,main_steam_pressure,required,controlled,Pa,line_point_tag,83cf9747da88f35e,test
B线#主汽压力#测点42,thermal_power_boiler,main_steam_pressure,required,controlled,Pa,line_point_tag,127d096a7f8f8d53,test
DCS_03_MS_PRESSURE_PV_17,thermal_power_boiler,main_steam_pressure,required,controlled,Pa,vendor_dcs_tag,83cf9747da88f35e,test
DCS_03_主汽压力_PV_17,thermal_power_boiler,main_steam_pressure,required,controlled,Pa,vendor_dcs_tag,127d096a7f8f8d53,test
HMI.22.MS_PRESSURE.AI,thermal_power_boiler,main_steam_pressure,required,controlled,Pa,vendor_hmi_tag,83cf9747da88f35e,test
HMI.22.主汽压力.AI,thermal_power_boiler,main_steam_pressure,required,controlled,Pa,vendor_hmi_tag,127d096a7f8f8d53,test
MSPRESSURE,thermal_power_boiler,main_steam_pressure,required,controlled,Pa,compact,83cf9747da88f35e,test
MS_PRESSURE,thermal_power_boiler,main_steam_pressure,required,controlled,Pa,template,83cf9747da88f35e,test
MS_PRESSURE[Pa],thermal_power_boiler,main_steam_pressure,required,controlled,Pa,unit_bracket,83cf9747da88f35e,test
MS_PRESSURE_01,thermal_power_boiler,main_steam_pressure,required,controlled,Pa,channel_suffix,83cf9747da88f35e,test
MS_PRESSURE_PV,thermal_power_boiler,main_steam_pressure,required,controlled,Pa,control_suffix,83cf9747da88f35e,test
MS_PRESSURE_Pa,thermal_power_boiler,main_steam_pressure,required,controlled,Pa,unit_suffix,83cf9747da88f35e,test
主汽压力,thermal_power_boiler,main_steam_pressure,required,controlled,Pa,template,127d096a7f8f8d53,test
主汽压力[Pa],thermal_power_boiler,main_steam_pressure,required,controlled,Pa,unit_bracket,127d096a7f8f8d53,test
主汽压力_01,thermal_power_boiler,main_steam_pressure,required,controlled,Pa,channel_suffix,127d096a7f8f8d53,test
主汽压力_PV,thermal_power_boiler,main_steam_pressure,required,controlled,Pa,control_suffix,127d096a7f8f8d53,test
主汽压力_Pa,thermal_power_boiler,main_steam_pressure,required,controlled,Pa,unit_suffix,127d096a7f8f8d53,test
装置5-MS_PRESSURE-CH30-VALUE,thermal_power_boiler,main_steam_pressure,required,controlled,Pa,vendor_channel_tag,83cf9747da88f35e,test
装置5-主汽压力-CH30-VALUE,thermal_power_boiler,main_steam_pressure,required,controlled,Pa,vendor_channel_tag,127d096a7f8f8d53,test
1号MS_TEMP,thermal_power_boiler,main_steam_temperature,required,controlled,degC,equipment_prefix,3ada1b90fa02ebc8,test
A线_MS_TEMP,thermal_power_boiler,main_steam_temperature,required,controlled,degC,line_prefix,3ada1b90fa02ebc8,test
B线#MS_TEMP#测点42,thermal_power_boiler,main_steam_temperature,required,controlled,degC,line_point_tag,3ada1b90fa02ebc8,test
DCS_03_MS_TEMP_PV_17,thermal_power_boiler,main_steam_temperature,required,controlled,degC,vendor_dcs_tag,3ada1b90fa02ebc8,test
HMI.22.MS_TEMP.AI,thermal_power_boiler,main_steam_temperature,required,controlled,degC,vendor_hmi_tag,3ada1b90fa02ebc8,test
MSTEMP,thermal_power_boiler,main_steam_temperature,required,controlled,degC,compact,3ada1b90fa02ebc8,test
MS_TEMP,thermal_power_boiler,main_steam_temperature,required,controlled,degC,template,3ada1b90fa02ebc8,test
MS_TEMP[degC],thermal_power_boiler,main_steam_temperature,required,controlled,degC,unit_bracket,3ada1b90fa02ebc8,test
MS_TEMP_01,thermal_power_boiler,main_steam_temperature,required,controlled,degC,channel_suffix,3ada1b90fa02ebc8,test
MS_TEMP_PV,thermal_power_boiler,main_steam_temperature,required,controlled,degC,control_suffix,3ada1b90fa02ebc8,test
MS_TEMP_degC,thermal_power_boiler,main_steam_temperature,required,controlled,degC,unit_suffix,3ada1b90fa02ebc8,test
装置5-MS_TEMP-CH30-VALUE,thermal_power_boiler,main_steam_temperature,required,controlled,degC,vendor_channel_tag,3ada1b90fa02ebc8,test
1号一次风量,thermal_power_boiler,primary_air_flow,useful,manipulated,Nm3/h,equipment_prefix,204c9bbe1ada010c,test
A线_一次风量,thermal_power_boiler,primary_air_flow,useful,manipulated,Nm3/h,line_prefix,204c9bbe1ada010c,test
B线#一次风量#测点42,thermal_power_boiler,primary_air_flow,useful,manipulated,Nm3/h,line_point_tag,204c9bbe1ada010c,test
DCS_03_一次风量_PV_17,thermal_power_boiler,primary_air_flow,useful,manipulated,Nm3/h,vendor_dcs_tag,204c9bbe1ada010c,test
HMI.22.一次风量.AI,thermal_power_boiler,primary_air_flow,useful,manipulated,Nm3/h,vendor_hmi_tag,204c9bbe1ada010c,test
一次风量,thermal_power_boiler,primary_air_flow,useful,manipulated,Nm3/h,template,204c9bbe1ada010c,test
一次风量[Nm3/h],thermal_power_boiler,primary_air_flow,useful,manipulated,Nm3/h,unit_bracket,204c9bbe1ada010c,test
一次风量_01,thermal_power_boiler,primary_air_flow,useful,manipulated,Nm3/h,channel_suffix,204c9bbe1ada010c,test
一次风量_Nm3/h,thermal_power_boiler,primary_air_flow,useful,manipulated,Nm3/h,unit_suffix,204c9bbe1ada010c,test
一次风量_SP,thermal_power_boiler,primary_air_flow,useful,manipulated,Nm3/h,control_suffix,204c9bbe1ada010c,test
装置5-一次风量-CH30-VALUE,thermal_power_boiler,primary_air_flow,useful,manipulated,Nm3/h,vendor_channel_tag,204c9bbe1ada010c,test
1号SA_FLOW,thermal_power_boiler,secondary_air_flow,useful,manipulated,Nm3/h,equipment_prefix,c0ece8507608c450,test
1号二次风流量,thermal_power_boiler,secondary_air_flow,useful,manipulated,Nm3/h,equipment_prefix,cac95abf456b768b,test
A线_SA_FLOW,thermal_power_boiler,secondary_air_flow,useful,manipulated,Nm3/h,line_prefix,c0ece8507608c450,test
A线_二次风流量,thermal_power_boiler,secondary_air_flow,useful,manipulated,Nm3/h,line_prefix,cac95abf456b768b,test
B线#SA_FLOW#测点42,thermal_power_boiler,secondary_air_flow,useful,manipulated,Nm3/h,line_point_tag,c0ece8507608c450,test
B线#二次风流量#测点42,thermal_power_boiler,secondary_air_flow,useful,manipulated,Nm3/h,line_point_tag,cac95abf456b768b,test
DCS_03_SA_FLOW_PV_17,thermal_power_boiler,secondary_air_flow,useful,manipulated,Nm3/h,vendor_dcs_tag,c0ece8507608c450,test
DCS_03_二次风流量_PV_17,thermal_power_boiler,secondary_air_flow,useful,manipulated,Nm3/h,vendor_dcs_tag,cac95abf456b768b,test
HMI.22.SA_FLOW.AI,thermal_power_boiler,secondary_air_flow,useful,manipulated,Nm3/h,vendor_hmi_tag,c0ece8507608c450,test
HMI.22.二次风流量.AI,thermal_power_boiler,secondary_air_flow,useful,manipulated,Nm3/h,vendor_hmi_tag,cac95abf456b768b,test
SAFLOW,thermal_power_boiler,secondary_air_flow,useful,manipulated,Nm3/h,compact,c0ece8507608c450,test
SA_FLOW,thermal_power_boiler,secondary_air_flow,useful,manipulated,Nm3/h,template,c0ece8507608c450,test
SA_FLOW[Nm3/h],thermal_power_boiler,secondary_air_flow,useful,manipulated,Nm3/h,unit_bracket,c0ece8507608c450,test
SA_FLOW_01,thermal_power_boiler,secondary_air_flow,useful,manipulated,Nm3/h,channel_suffix,c0ece8507608c450,test
SA_FLOW_Nm3/h,thermal_power_boiler,secondary_air_flow,useful,manipulated,Nm3/h,unit_suffix,c0ece8507608c450,test
SA_FLOW_SP,thermal_power_boiler,secondary_air_flow,useful,manipulated,Nm3/h,control_suffix,c0ece8507608c450,test
二次风流量,thermal_power_boiler,secondary_air_flow,useful,manipulated,Nm3/h,template,cac95abf456b768b,test
二次风流量[Nm3/h],thermal_power_boiler,secondary_air_flow,useful,manipulated,Nm3/h,unit_bracket,cac95abf456b768b,test
二次风流量_01,thermal_power_boiler,secondary_air_flow,useful,manipulated,Nm3/h,channel_suffix,cac95abf456b768b,test
二次风流量_Nm3/h,thermal_power_boiler,secondary_air_flow,useful,manipulated,Nm3/h,unit_suffix,cac95abf456b768b,test
二次风流量_SP,thermal_power_boiler,secondary_air_flow,useful,manipulated,Nm3/h,control_suffix,cac95abf456b768b,test
装置5-SA_FLOW-CH30-VALUE,thermal_power_boiler,secondary_air_flow,useful,manipulated,Nm3/h,vendor_channel_tag,c0ece8507608c450,test
装置5-二次风流量-CH30-VALUE,thermal_power_boiler,secondary_air_flow,useful,manipulated,Nm3/h,vendor_channel_tag,cac95abf456b768b,test
1号unit_load,thermal_power_boiler,unit_load,required,disturbance,MW,equipment_prefix,dbd69d9ae1216f92,test
1号有功功率,thermal_power_boiler,unit_load,required,disturbance,MW,equipment_prefix,4df0ed812c3a75c8,test
1号机组负荷,thermal_power_boiler,unit_load,required,disturbance,MW,equipment_prefix,9caebc4f8ffade9a,test
A线_unit_load,thermal_power_boiler,unit_load,required,disturbance,MW,line_prefix,dbd69d9ae1216f92,test
A线_有功功率,thermal_power_boiler,unit_load,required,disturbance,MW,line_prefix,4df0ed812c3a75c8,test
A线_机组负荷,thermal_power_boiler,unit_load,required,disturbance,MW,line_prefix,9caebc4f8ffade9a,test
B线#unit_load#测点42,thermal_power_boiler,unit_load,required,disturbance,MW,line_point_tag,dbd69d9ae1216f92,test
B线#有功功率#测点42,thermal_power_boiler,unit_load,required,disturbance,MW,line_point_tag,4df0ed812c3a75c8,test
B线#机组负荷#测点42,thermal_power_boiler,unit_load,required,disturbance,MW,line_point_tag,9caebc4f8ffade9a,test
DCS_03_unit_load_PV_17,thermal_power_boiler,unit_load,required,disturbance,MW,vendor_dcs_tag,dbd69d9ae1216f92,test
DCS_03_有功功率_PV_17,thermal_power_boiler,unit_load,required,disturbance,MW,vendor_dcs_tag,4df0ed812c3a75c8,test
DCS_03_机组负荷_PV_17,thermal_power_boiler,unit_load,required,disturbance,MW,vendor_dcs_tag,9caebc4f8ffade9a,test
HMI.22.unit_load.AI,thermal_power_boiler,unit_load,required,disturbance,MW,vendor_hmi_tag,dbd69d9ae1216f92,test
HMI.22.有功功率.AI,thermal_power_boiler,unit_load,required,disturbance,MW,vendor_hmi_tag,4df0ed812c3a75c8,test
HMI.22.机组负荷.AI,thermal_power_boiler,unit_load,required,disturbance,MW,vendor_hmi_tag,9caebc4f8ffade9a,test
unit_load,thermal_power_boiler,unit_load,required,disturbance,MW,template,dbd69d9ae1216f92,test
unit_load[MW],thermal_power_boiler,unit_load,required,disturbance,MW,unit_bracket,dbd69d9ae1216f92,test
unit_load_01,thermal_power_boiler,unit_load,required,disturbance,MW,channel_suffix,dbd69d9ae1216f92,test
unit_load_MW,thermal_power_boiler,unit_load,required,disturbance,MW,unit_suffix,dbd69d9ae1216f92,test
unit_load_PV,thermal_power_boiler,unit_load,required,disturbance,MW,control_suffix,dbd69d9ae1216f92,test
unitload,thermal_power_boiler,unit_load,required,disturbance,MW,compact,dbd69d9ae1216f92,test
有功功率,thermal_power_boiler,unit_load,required,disturbance,MW,template,4df0ed812c3a75c8,test
有功功率[MW],thermal_power_boiler,unit_load,required,disturbance,MW,unit_bracket,4df0ed812c3a75c8,test
有功功率_01,thermal_power_boiler,unit_load,required,disturbance,MW,channel_suffix,4df0ed812c3a75c8,test
有功功率_MW,thermal_power_boiler,unit_load,required,disturbance,MW,unit_suffix,4df0ed812c3a75c8,test
有功功率_PV,thermal_power_boiler,unit_load,required,disturbance,MW,control_suffix,4df0ed812c3a75c8,test
机组负荷,thermal_power_boiler,unit_load,required,disturbance,MW,template,9caebc4f8ffade9a,test
机组负荷[MW],thermal_power_boiler,unit_load,required,disturbance,MW,unit_bracket,9caebc4f8ffade9a,test
机组负荷_01,thermal_power_boiler,unit_load,required,disturbance,MW,channel_suffix,9caebc4f8ffade9a,test
机组负荷_MW,thermal_power_boiler,unit_load,required,disturbance,MW,unit_suffix,9caebc4f8ffade9a,test
机组负荷_PV,thermal_power_boiler,unit_load,required,disturbance,MW,control_suffix,9caebc4f8ffade9a,test
装置5-unit_load-CH30-VALUE,thermal_power_boiler,unit_load,required,disturbance,MW,vendor_channel_tag,dbd69d9ae1216f92,test
装置5-有功功率-CH30-VALUE,thermal_power_boiler,unit_load,required,disturbance,MW,vendor_channel_tag,4df0ed812c3a75c8,test
装置5-机组负荷-CH30-VALUE,thermal_power_boiler,unit_load,required,disturbance,MW,vendor_channel_tag,9caebc4f8ffade9a,test
DCS_数据库备份状态_25,wastewater_aeration,__irrelevant__,irrelevant,none,,negative_vendor,50985052a901197c,test
DCS_网络往返时延_25,wastewater_aeration,__irrelevant__,irrelevant,none,,negative_vendor,c479a45e1fcc5560,test
DCS_鼠标点击计数_25,wastewater_aeration,__irrelevant__,irrelevant,none,,negative_vendor,ff9d3f07ac5d3ae6,test
HMI.60.数据库备份状态.RAW,wastewater_aeration,__irrelevant__,irrelevant,none,,negative_vendor,50985052a901197c,test
HMI.60.网络往返时延.RAW,wastewater_aeration,__irrelevant__,irrelevant,none,,negative_vendor,c479a45e1fcc5560,test
HMI.60.鼠标点击计数.RAW,wastewater_aeration,__irrelevant__,irrelevant,none,,negative_vendor,ff9d3f07ac5d3ae6,test
数据库备份状态,wastewater_aeration,__irrelevant__,irrelevant,none,,negative,50985052a901197c,test
网络往返时延,wastewater_aeration,__irrelevant__,irrelevant,none,,negative,c479a45e1fcc5560,test
鼠标点击计数,wastewater_aeration,__irrelevant__,irrelevant,none,,negative,ff9d3f07ac5d3ae6,test
1号鼓风量,wastewater_aeration,aeration_air_flow,required,manipulated,Nm3/h,equipment_prefix,89d37ac5009a7154,test
A线_鼓风量,wastewater_aeration,aeration_air_flow,required,manipulated,Nm3/h,line_prefix,89d37ac5009a7154,test
B线#鼓风量#测点42,wastewater_aeration,aeration_air_flow,required,manipulated,Nm3/h,line_point_tag,89d37ac5009a7154,test
DCS_03_鼓风量_PV_17,wastewater_aeration,aeration_air_flow,required,manipulated,Nm3/h,vendor_dcs_tag,89d37ac5009a7154,test
HMI.22.鼓风量.AI,wastewater_aeration,aeration_air_flow,required,manipulated,Nm3/h,vendor_hmi_tag,89d37ac5009a7154,test
装置5-鼓风量-CH30-VALUE,wastewater_aeration,aeration_air_flow,required,manipulated,Nm3/h,vendor_channel_tag,89d37ac5009a7154,test
鼓风量,wastewater_aeration,aeration_air_flow,required,manipulated,Nm3/h,template,89d37ac5009a7154,test
鼓风量[Nm3/h],wastewater_aeration,aeration_air_flow,required,manipulated,Nm3/h,unit_bracket,89d37ac5009a7154,test
鼓风量_01,wastewater_aeration,aeration_air_flow,required,manipulated,Nm3/h,channel_suffix,89d37ac5009a7154,test
鼓风量_Nm3/h,wastewater_aeration,aeration_air_flow,required,manipulated,Nm3/h,unit_suffix,89d37ac5009a7154,test
鼓风量_SP,wastewater_aeration,aeration_air_flow,required,manipulated,Nm3/h,control_suffix,89d37ac5009a7154,test
1号blower_frequency,wastewater_aeration,blower_frequency,useful,manipulated,Hz,equipment_prefix,207326d9b2ab12dd,test
A线_blower_frequency,wastewater_aeration,blower_frequency,useful,manipulated,Hz,line_prefix,207326d9b2ab12dd,test
BLOWER_FREQUENCY,wastewater_aeration,blower_frequency,useful,manipulated,Hz,uppercase,207326d9b2ab12dd,test
B线#blower_frequency#测点42,wastewater_aeration,blower_frequency,useful,manipulated,Hz,line_point_tag,207326d9b2ab12dd,test
DCS_03_blower_frequency_PV_17,wastewater_aeration,blower_frequency,useful,manipulated,Hz,vendor_dcs_tag,207326d9b2ab12dd,test
HMI.22.blower_frequency.AI,wastewater_aeration,blower_frequency,useful,manipulated,Hz,vendor_hmi_tag,207326d9b2ab12dd,test
blower_frequency,wastewater_aeration,blower_frequency,useful,manipulated,Hz,template,207326d9b2ab12dd,test
blower_frequency[Hz],wastewater_aeration,blower_frequency,useful,manipulated,Hz,unit_bracket,207326d9b2ab12dd,test
blower_frequency_01,wastewater_aeration,blower_frequency,useful,manipulated,Hz,channel_suffix,207326d9b2ab12dd,test
blower_frequency_Hz,wastewater_aeration,blower_frequency,useful,manipulated,Hz,unit_suffix,207326d9b2ab12dd,test
blower_frequency_SP,wastewater_aeration,blower_frequency,useful,manipulated,Hz,control_suffix,207326d9b2ab12dd,test
blowerfrequency,wastewater_aeration,blower_frequency,useful,manipulated,Hz,compact,207326d9b2ab12dd,test
装置5-blower_frequency-CH30-VALUE,wastewater_aeration,blower_frequency,useful,manipulated,Hz,vendor_channel_tag,207326d9b2ab12dd,test
1号DISSOLVED_OXYGEN,wastewater_aeration,dissolved_oxygen,required,controlled,mg/L,equipment_prefix,b081d5468d50663f,test
A线_DISSOLVED_OXYGEN,wastewater_aeration,dissolved_oxygen,required,controlled,mg/L,line_prefix,b081d5468d50663f,test
B线#DISSOLVED_OXYGEN#测点42,wastewater_aeration,dissolved_oxygen,required,controlled,mg/L,line_point_tag,b081d5468d50663f,test
DCS_03_DISSOLVED_OXYGEN_PV_17,wastewater_aeration,dissolved_oxygen,required,controlled,mg/L,vendor_dcs_tag,b081d5468d50663f,test
DISSOLVEDOXYGEN,wastewater_aeration,dissolved_oxygen,required,controlled,mg/L,compact,b081d5468d50663f,test
DISSOLVED_OXYGEN,wastewater_aeration,dissolved_oxygen,required,controlled,mg/L,template,b081d5468d50663f,test
DISSOLVED_OXYGEN[mg/L],wastewater_aeration,dissolved_oxygen,required,controlled,mg/L,unit_bracket,b081d5468d50663f,test
DISSOLVED_OXYGEN_01,wastewater_aeration,dissolved_oxygen,required,controlled,mg/L,channel_suffix,b081d5468d50663f,test
DISSOLVED_OXYGEN_PV,wastewater_aeration,dissolved_oxygen,required,controlled,mg/L,control_suffix,b081d5468d50663f,test
DISSOLVED_OXYGEN_mg/L,wastewater_aeration,dissolved_oxygen,required,controlled,mg/L,unit_suffix,b081d5468d50663f,test
HMI.22.DISSOLVED_OXYGEN.AI,wastewater_aeration,dissolved_oxygen,required,controlled,mg/L,vendor_hmi_tag,b081d5468d50663f,test
装置5-DISSOLVED_OXYGEN-CH30-VALUE,wastewater_aeration,dissolved_oxygen,required,controlled,mg/L,vendor_channel_tag,b081d5468d50663f,test
1号出水NH3-N,wastewater_aeration,effluent_ammonia,required,controlled,mg/L,equipment_prefix,366f9ea0d3770a68,test
A线_出水NH3-N,wastewater_aeration,effluent_ammonia,required,controlled,mg/L,line_prefix,366f9ea0d3770a68,test
B线#出水NH3-N#测点42,wastewater_aeration,effluent_ammonia,required,controlled,mg/L,line_point_tag,366f9ea0d3770a68,test
DCS_03_出水NH3_N_PV_17,wastewater_aeration,effluent_ammonia,required,controlled,mg/L,vendor_dcs_tag,366f9ea0d3770a68,test
HMI.22.出水NH3_N.AI,wastewater_aeration,effluent_ammonia,required,controlled,mg/L,vendor_hmi_tag,366f9ea0d3770a68,test
出水NH3-N,wastewater_aeration,effluent_ammonia,required,controlled,mg/L,template,366f9ea0d3770a68,test
出水NH3-N[mg/L],wastewater_aeration,effluent_ammonia,required,controlled,mg/L,unit_bracket,366f9ea0d3770a68,test
出水NH3N,wastewater_aeration,effluent_ammonia,required,controlled,mg/L,compact,366f9ea0d3770a68,test
出水NH3_N,wastewater_aeration,effluent_ammonia,required,controlled,mg/L,normalized,366f9ea0d3770a68,test
出水NH3_N_01,wastewater_aeration,effluent_ammonia,required,controlled,mg/L,channel_suffix,366f9ea0d3770a68,test
出水NH3_N_PV,wastewater_aeration,effluent_ammonia,required,controlled,mg/L,control_suffix,366f9ea0d3770a68,test
出水NH3_N_mg/L,wastewater_aeration,effluent_ammonia,required,controlled,mg/L,unit_suffix,366f9ea0d3770a68,test
装置5-出水NH3_N-CH30-VALUE,wastewater_aeration,effluent_ammonia,required,controlled,mg/L,vendor_channel_tag,366f9ea0d3770a68,test
1号EFFLUENT_COD,wastewater_aeration,effluent_cod,required,controlled,mg/L,equipment_prefix,c705ec285d60f4f5,test
1号出水COD,wastewater_aeration,effluent_cod,required,controlled,mg/L,equipment_prefix,daf1721e4b863d0a,test
A线_EFFLUENT_COD,wastewater_aeration,effluent_cod,required,controlled,mg/L,line_prefix,c705ec285d60f4f5,test
A线_出水COD,wastewater_aeration,effluent_cod,required,controlled,mg/L,line_prefix,daf1721e4b863d0a,test
B线#EFFLUENT_COD#测点42,wastewater_aeration,effluent_cod,required,controlled,mg/L,line_point_tag,c705ec285d60f4f5,test
B线#出水COD#测点42,wastewater_aeration,effluent_cod,required,controlled,mg/L,line_point_tag,daf1721e4b863d0a,test
DCS_03_EFFLUENT_COD_PV_17,wastewater_aeration,effluent_cod,required,controlled,mg/L,vendor_dcs_tag,c705ec285d60f4f5,test
DCS_03_出水COD_PV_17,wastewater_aeration,effluent_cod,required,controlled,mg/L,vendor_dcs_tag,daf1721e4b863d0a,test
EFFLUENTCOD,wastewater_aeration,effluent_cod,required,controlled,mg/L,compact,c705ec285d60f4f5,test
EFFLUENT_COD,wastewater_aeration,effluent_cod,required,controlled,mg/L,template,c705ec285d60f4f5,test
EFFLUENT_COD[mg/L],wastewater_aeration,effluent_cod,required,controlled,mg/L,unit_bracket,c705ec285d60f4f5,test
EFFLUENT_COD_01,wastewater_aeration,effluent_cod,required,controlled,mg/L,channel_suffix,c705ec285d60f4f5,test
EFFLUENT_COD_PV,wastewater_aeration,effluent_cod,required,controlled,mg/L,control_suffix,c705ec285d60f4f5,test
EFFLUENT_COD_mg/L,wastewater_aeration,effluent_cod,required,controlled,mg/L,unit_suffix,c705ec285d60f4f5,test
HMI.22.EFFLUENT_COD.AI,wastewater_aeration,effluent_cod,required,controlled,mg/L,vendor_hmi_tag,c705ec285d60f4f5,test
HMI.22.出水COD.AI,wastewater_aeration,effluent_cod,required,controlled,mg/L,vendor_hmi_tag,daf1721e4b863d0a,test
出水COD,wastewater_aeration,effluent_cod,required,controlled,mg/L,template,daf1721e4b863d0a,test
出水COD[mg/L],wastewater_aeration,effluent_cod,required,controlled,mg/L,unit_bracket,daf1721e4b863d0a,test
出水COD_01,wastewater_aeration,effluent_cod,required,controlled,mg/L,channel_suffix,daf1721e4b863d0a,test
出水COD_PV,wastewater_aeration,effluent_cod,required,controlled,mg/L,control_suffix,daf1721e4b863d0a,test
出水COD_mg/L,wastewater_aeration,effluent_cod,required,controlled,mg/L,unit_suffix,daf1721e4b863d0a,test
装置5-EFFLUENT_COD-CH30-VALUE,wastewater_aeration,effluent_cod,required,controlled,mg/L,vendor_channel_tag,c705ec285d60f4f5,test
装置5-出水COD-CH30-VALUE,wastewater_aeration,effluent_cod,required,controlled,mg/L,vendor_channel_tag,daf1721e4b863d0a,test
1号INFLUENT_NH3N,wastewater_aeration,influent_ammonia,useful,disturbance,mg/L,equipment_prefix,03d3d5b08afbe3bd,test
1号influent_ammonia,wastewater_aeration,influent_ammonia,useful,disturbance,mg/L,equipment_prefix,1b60528db3b731ad,test
A线_INFLUENT_NH3N,wastewater_aeration,influent_ammonia,useful,disturbance,mg/L,line_prefix,03d3d5b08afbe3bd,test
A线_influent_ammonia,wastewater_aeration,influent_ammonia,useful,disturbance,mg/L,line_prefix,1b60528db3b731ad,test
B线#INFLUENT_NH3N#测点42,wastewater_aeration,influent_ammonia,useful,disturbance,mg/L,line_point_tag,03d3d5b08afbe3bd,test
B线#influent_ammonia#测点42,wastewater_aeration,influent_ammonia,useful,disturbance,mg/L,line_point_tag,1b60528db3b731ad,test
DCS_03_INFLUENT_NH3N_PV_17,wastewater_aeration,influent_ammonia,useful,disturbance,mg/L,vendor_dcs_tag,03d3d5b08afbe3bd,test
DCS_03_influent_ammonia_PV_17,wastewater_aeration,influent_ammonia,useful,disturbance,mg/L,vendor_dcs_tag,1b60528db3b731ad,test
HMI.22.INFLUENT_NH3N.AI,wastewater_aeration,influent_ammonia,useful,disturbance,mg/L,vendor_hmi_tag,03d3d5b08afbe3bd,test
HMI.22.influent_ammonia.AI,wastewater_aeration,influent_ammonia,useful,disturbance,mg/L,vendor_hmi_tag,1b60528db3b731ad,test
INFLUENTNH3N,wastewater_aeration,influent_ammonia,useful,disturbance,mg/L,compact,03d3d5b08afbe3bd,test
INFLUENT_AMMONIA,wastewater_aeration,influent_ammonia,useful,disturbance,mg/L,uppercase,1b60528db3b731ad,test
INFLUENT_NH3N,wastewater_aeration,influent_ammonia,useful,disturbance,mg/L,template,03d3d5b08afbe3bd,test
INFLUENT_NH3N[mg/L],wastewater_aeration,influent_ammonia,useful,disturbance,mg/L,unit_bracket,03d3d5b08afbe3bd,test
INFLUENT_NH3N_01,wastewater_aeration,influent_ammonia,useful,disturbance,mg/L,channel_suffix,03d3d5b08afbe3bd,test
INFLUENT_NH3N_PV,wastewater_aeration,influent_ammonia,useful,disturbance,mg/L,control_suffix,03d3d5b08afbe3bd,test
INFLUENT_NH3N_mg/L,wastewater_aeration,influent_ammonia,useful,disturbance,mg/L,unit_suffix,03d3d5b08afbe3bd,test
influent_ammonia,wastewater_aeration,influent_ammonia,useful,disturbance,mg/L,template,1b60528db3b731ad,test
influent_ammonia[mg/L],wastewater_aeration,influent_ammonia,useful,disturbance,mg/L,unit_bracket,1b60528db3b731ad,test
influent_ammonia_01,wastewater_aeration,influent_ammonia,useful,disturbance,mg/L,channel_suffix,1b60528db3b731ad,test
influent_ammonia_PV,wastewater_aeration,influent_ammonia,useful,disturbance,mg/L,control_suffix,1b60528db3b731ad,test
influent_ammonia_mg/L,wastewater_aeration,influent_ammonia,useful,disturbance,mg/L,unit_suffix,1b60528db3b731ad,test
influentammonia,wastewater_aeration,influent_ammonia,useful,disturbance,mg/L,compact,1b60528db3b731ad,test
装置5-INFLUENT_NH3N-CH30-VALUE,wastewater_aeration,influent_ammonia,useful,disturbance,mg/L,vendor_channel_tag,03d3d5b08afbe3bd,test
装置5-influent_ammonia-CH30-VALUE,wastewater_aeration,influent_ammonia,useful,disturbance,mg/L,vendor_channel_tag,1b60528db3b731ad,test
1号INFLUENT_COD,wastewater_aeration,influent_cod,required,disturbance,mg/L,equipment_prefix,da743f902fdc31d9,test
A线_INFLUENT_COD,wastewater_aeration,influent_cod,required,disturbance,mg/L,line_prefix,da743f902fdc31d9,test
B线#INFLUENT_COD#测点42,wastewater_aeration,influent_cod,required,disturbance,mg/L,line_point_tag,da743f902fdc31d9,test
DCS_03_INFLUENT_COD_PV_17,wastewater_aeration,influent_cod,required,disturbance,mg/L,vendor_dcs_tag,da743f902fdc31d9,test
HMI.22.INFLUENT_COD.AI,wastewater_aeration,influent_cod,required,disturbance,mg/L,vendor_hmi_tag,da743f902fdc31d9,test
INFLUENTCOD,wastewater_aeration,influent_cod,required,disturbance,mg/L,compact,da743f902fdc31d9,test
INFLUENT_COD,wastewater_aeration,influent_cod,required,disturbance,mg/L,template,da743f902fdc31d9,test
INFLUENT_COD[mg/L],wastewater_aeration,influent_cod,required,disturbance,mg/L,unit_bracket,da743f902fdc31d9,test
INFLUENT_COD_01,wastewater_aeration,influent_cod,required,disturbance,mg/L,channel_suffix,da743f902fdc31d9,test
INFLUENT_COD_PV,wastewater_aeration,influent_cod,required,disturbance,mg/L,control_suffix,da743f902fdc31d9,test
INFLUENT_COD_mg/L,wastewater_aeration,influent_cod,required,disturbance,mg/L,unit_suffix,da743f902fdc31d9,test
装置5-INFLUENT_COD-CH30-VALUE,wastewater_aeration,influent_cod,required,disturbance,mg/L,vendor_channel_tag,da743f902fdc31d9,test
1号IN_FLOW,wastewater_aeration,influent_flow,required,disturbance,m3/h,equipment_prefix,77a16678bac4539e,test
A线_IN_FLOW,wastewater_aeration,influent_flow,required,disturbance,m3/h,line_prefix,77a16678bac4539e,test
B线#IN_FLOW#测点42,wastewater_aeration,influent_flow,required,disturbance,m3/h,line_point_tag,77a16678bac4539e,test
DCS_03_IN_FLOW_PV_17,wastewater_aeration,influent_flow,required,disturbance,m3/h,vendor_dcs_tag,77a16678bac4539e,test
HMI.22.IN_FLOW.AI,wastewater_aeration,influent_flow,required,disturbance,m3/h,vendor_hmi_tag,77a16678bac4539e,test
INFLOW,wastewater_aeration,influent_flow,required,disturbance,m3/h,compact,77a16678bac4539e,test
IN_FLOW,wastewater_aeration,influent_flow,required,disturbance,m3/h,template,77a16678bac4539e,test
IN_FLOW[m3/h],wastewater_aeration,influent_flow,required,disturbance,m3/h,unit_bracket,77a16678bac4539e,test
IN_FLOW_01,wastewater_aeration,influent_flow,required,disturbance,m3/h,channel_suffix,77a16678bac4539e,test
IN_FLOW_PV,wastewater_aeration,influent_flow,required,disturbance,m3/h,control_suffix,77a16678bac4539e,test
IN_FLOW_m3/h,wastewater_aeration,influent_flow,required,disturbance,m3/h,unit_suffix,77a16678bac4539e,test
装置5-IN_FLOW-CH30-VALUE,wastewater_aeration,influent_flow,required,disturbance,m3/h,vendor_channel_tag,77a16678bac4539e,test
1号回流污泥量,wastewater_aeration,return_sludge_flow,useful,manipulated,m3/h,equipment_prefix,21358db51d095ec3,test
A线_回流污泥量,wastewater_aeration,return_sludge_flow,useful,manipulated,m3/h,line_prefix,21358db51d095ec3,test
B线#回流污泥量#测点42,wastewater_aeration,return_sludge_flow,useful,manipulated,m3/h,line_point_tag,21358db51d095ec3,test
DCS_03_回流污泥量_PV_17,wastewater_aeration,return_sludge_flow,useful,manipulated,m3/h,vendor_dcs_tag,21358db51d095ec3,test
HMI.22.回流污泥量.AI,wastewater_aeration,return_sludge_flow,useful,manipulated,m3/h,vendor_hmi_tag,21358db51d095ec3,test
回流污泥量,wastewater_aeration,return_sludge_flow,useful,manipulated,m3/h,template,21358db51d095ec3,test
回流污泥量[m3/h],wastewater_aeration,return_sludge_flow,useful,manipulated,m3/h,unit_bracket,21358db51d095ec3,test
回流污泥量_01,wastewater_aeration,return_sludge_flow,useful,manipulated,m3/h,channel_suffix,21358db51d095ec3,test
回流污泥量_SP,wastewater_aeration,return_sludge_flow,useful,manipulated,m3/h,control_suffix,21358db51d095ec3,test
回流污泥量_m3/h,wastewater_aeration,return_sludge_flow,useful,manipulated,m3/h,unit_suffix,21358db51d095ec3,test
装置5-回流污泥量-CH30-VALUE,wastewater_aeration,return_sludge_flow,useful,manipulated,m3/h,vendor_channel_tag,21358db51d095ec3,test
1号记录时间,wastewater_aeration,timestamp,required,time,datetime,equipment_prefix,6b78002d349935c4,test
A线_记录时间,wastewater_aeration,timestamp,required,time,datetime,line_prefix,6b78002d349935c4,test
B线#记录时间#测点42,wastewater_aeration,timestamp,required,time,datetime,line_point_tag,6b78002d349935c4,test
DCS_03_记录时间_PV_17,wastewater_aeration,timestamp,required,time,datetime,vendor_dcs_tag,6b78002d349935c4,test
HMI.22.记录时间.AI,wastewater_aeration,timestamp,required,time,datetime,vendor_hmi_tag,6b78002d349935c4,test
装置5-记录时间-CH30-VALUE,wastewater_aeration,timestamp,required,time,datetime,vendor_channel_tag,6b78002d349935c4,test
记录时间,wastewater_aeration,timestamp,required,time,datetime,template,6b78002d349935c4,test
记录时间_01,wastewater_aeration,timestamp,required,time,datetime,channel_suffix,6b78002d349935c4,test
记录时间_PV,wastewater_aeration,timestamp,required,time,datetime,control_suffix,6b78002d349935c4,test
DCS_会议室预约状态_25,cement_rotary_kiln,__irrelevant__,irrelevant,none,,negative_vendor,73c9379740d84bdf,train
DCS_值班员电子签名_25,cement_rotary_kiln,__irrelevant__,irrelevant,none,,negative_vendor,2fec3e920c5b5af1,train
DCS_办公室温度_25,cement_rotary_kiln,__irrelevant__,irrelevant,none,,negative_vendor,86e8ea8c304934c0,train
DCS_厂商备用测点_25,cement_rotary_kiln,__irrelevant__,irrelevant,none,,negative_vendor,9d3a2d3fec209c82,train
DCS_巡检照片地址_25,cement_rotary_kiln,__irrelevant__,irrelevant,none,,negative_vendor,0e8fb0406b5766fe,train
DCS_工单审批人_25,cement_rotary_kiln,__irrelevant__,irrelevant,none,,negative_vendor,74f91c512a5ec6d9,train
DCS_报表模板编号_25,cement_rotary_kiln,__irrelevant__,irrelevant,none,,negative_vendor,4a5193ec2b743b3b,train
DCS_报警文本_25,cement_rotary_kiln,__irrelevant__,irrelevant,none,,negative_vendor,786dd9060859f72c,train
DCS_摄像头在线标志_25,cement_rotary_kiln,__irrelevant__,irrelevant,none,,negative_vendor,875f46f9d8c3e42e,train
DCS_操作员姓名_25,cement_rotary_kiln,__irrelevant__,irrelevant,none,,negative_vendor,704910fef5a58362,train
DCS_日报打印次数_25,cement_rotary_kiln,__irrelevant__,irrelevant,none,,negative_vendor,c9cf8d69f6e8641b,train
DCS_检修记录_25,cement_rotary_kiln,__irrelevant__,irrelevant,none,,negative_vendor,5671459f6fc43006,train
DCS_班车到站时间_25,cement_rotary_kiln,__irrelevant__,irrelevant,none,,negative_vendor,b6ab6e4f94d46dcb,train
DCS_画面刷新周期_25,cement_rotary_kiln,__irrelevant__,irrelevant,none,,negative_vendor,7c14cc465b4d7172,train
DCS_网络往返时延_25,cement_rotary_kiln,__irrelevant__,irrelevant,none,,negative_vendor,c864a55cd9d14c71,train
DCS_视频码率_25,cement_rotary_kiln,__irrelevant__,irrelevant,none,,negative_vendor,ef2bf80ee50e3c16,train
DCS_账户登录次数_25,cement_rotary_kiln,__irrelevant__,irrelevant,none,,negative_vendor,3d9ccb4408f0bc83,train
DCS_通讯状态字_25,cement_rotary_kiln,__irrelevant__,irrelevant,none,,negative_vendor,d601bec1de0b1066,train
HMI.60.会议室预约状态.RAW,cement_rotary_kiln,__irrelevant__,irrelevant,none,,negative_vendor,73c9379740d84bdf,train
HMI.60.值班员电子签名.RAW,cement_rotary_kiln,__irrelevant__,irrelevant,none,,negative_vendor,2fec3e920c5b5af1,train
HMI.60.办公室温度.RAW,cement_rotary_kiln,__irrelevant__,irrelevant,none,,negative_vendor,86e8ea8c304934c0,train
HMI.60.厂商备用测点.RAW,cement_rotary_kiln,__irrelevant__,irrelevant,none,,negative_vendor,9d3a2d3fec209c82,train
HMI.60.巡检照片地址.RAW,cement_rotary_kiln,__irrelevant__,irrelevant,none,,negative_vendor,0e8fb0406b5766fe,train
HMI.60.工单审批人.RAW,cement_rotary_kiln,__irrelevant__,irrelevant,none,,negative_vendor,74f91c512a5ec6d9,train
HMI.60.报表模板编号.RAW,cement_rotary_kiln,__irrelevant__,irrelevant,none,,negative_vendor,4a5193ec2b743b3b,train
HMI.60.报警文本.RAW,cement_rotary_kiln,__irrelevant__,irrelevant,none,,negative_vendor,786dd9060859f72c,train
HMI.60.摄像头在线标志.RAW,cement_rotary_kiln,__irrelevant__,irrelevant,none,,negative_vendor,875f46f9d8c3e42e,train
HMI.60.操作员姓名.RAW,cement_rotary_kiln,__irrelevant__,irrelevant,none,,negative_vendor,704910fef5a58362,train
HMI.60.日报打印次数.RAW,cement_rotary_kiln,__irrelevant__,irrelevant,none,,negative_vendor,c9cf8d69f6e8641b,train
HMI.60.检修记录.RAW,cement_rotary_kiln,__irrelevant__,irrelevant,none,,negative_vendor,5671459f6fc43006,train
HMI.60.班车到站时间.RAW,cement_rotary_kiln,__irrelevant__,irrelevant,none,,negative_vendor,b6ab6e4f94d46dcb,train
HMI.60.画面刷新周期.RAW,cement_rotary_kiln,__irrelevant__,irrelevant,none,,negative_vendor,7c14cc465b4d7172,train
HMI.60.网络往返时延.RAW,cement_rotary_kiln,__irrelevant__,irrelevant,none,,negative_vendor,c864a55cd9d14c71,train
HMI.60.视频码率.RAW,cement_rotary_kiln,__irrelevant__,irrelevant,none,,negative_vendor,ef2bf80ee50e3c16,train
HMI.60.账户登录次数.RAW,cement_rotary_kiln,__irrelevant__,irrelevant,none,,negative_vendor,3d9ccb4408f0bc83,train
HMI.60.通讯状态字.RAW,cement_rotary_kiln,__irrelevant__,irrelevant,none,,negative_vendor,d601bec1de0b1066,train
会议室预约状态,cement_rotary_kiln,__irrelevant__,irrelevant,none,,negative,73c9379740d84bdf,train
值班员电子签名,cement_rotary_kiln,__irrelevant__,irrelevant,none,,negative,2fec3e920c5b5af1,train
办公室温度,cement_rotary_kiln,__irrelevant__,irrelevant,none,,negative,86e8ea8c304934c0,train
厂商备用测点,cement_rotary_kiln,__irrelevant__,irrelevant,none,,negative,9d3a2d3fec209c82,train
巡检照片地址,cement_rotary_kiln,__irrelevant__,irrelevant,none,,negative,0e8fb0406b5766fe,train
工单审批人,cement_rotary_kiln,__irrelevant__,irrelevant,none,,negative,74f91c512a5ec6d9,train
报表模板编号,cement_rotary_kiln,__irrelevant__,irrelevant,none,,negative,4a5193ec2b743b3b,train
报警文本,cement_rotary_kiln,__irrelevant__,irrelevant,none,,negative,786dd9060859f72c,train
摄像头在线标志,cement_rotary_kiln,__irrelevant__,irrelevant,none,,negative,875f46f9d8c3e42e,train
操作员姓名,cement_rotary_kiln,__irrelevant__,irrelevant,none,,negative,704910fef5a58362,train
日报打印次数,cement_rotary_kiln,__irrelevant__,irrelevant,none,,negative,c9cf8d69f6e8641b,train
检修记录,cement_rotary_kiln,__irrelevant__,irrelevant,none,,negative,5671459f6fc43006,train
班车到站时间,cement_rotary_kiln,__irrelevant__,irrelevant,none,,negative,b6ab6e4f94d46dcb,train
画面刷新周期,cement_rotary_kiln,__irrelevant__,irrelevant,none,,negative,7c14cc465b4d7172,train
网络往返时延,cement_rotary_kiln,__irrelevant__,irrelevant,none,,negative,c864a55cd9d14c71,train
视频码率,cement_rotary_kiln,__irrelevant__,irrelevant,none,,negative,ef2bf80ee50e3c16,train
账户登录次数,cement_rotary_kiln,__irrelevant__,irrelevant,none,,negative,3d9ccb4408f0bc83,train
通讯状态字,cement_rotary_kiln,__irrelevant__,irrelevant,none,,negative,d601bec1de0b1066,train
1号CALCINER_COAL,cement_rotary_kiln,calciner_coal_feed,useful,manipulated,t/h,equipment_prefix,349243e25dfca627,train
1号calciner_coal_feed,cement_rotary_kiln,calciner_coal_feed,useful,manipulated,t/h,equipment_prefix,c2ad75482a1d70d9,train
1号分解炉喂煤量,cement_rotary_kiln,calciner_coal_feed,useful,manipulated,t/h,equipment_prefix,17f95dede5d8a325,train
1号分解炉煤量,cement_rotary_kiln,calciner_coal_feed,useful,manipulated,t/h,equipment_prefix,26f33f2e638c7e69,train
A线_CALCINER_COAL,cement_rotary_kiln,calciner_coal_feed,useful,manipulated,t/h,line_prefix,349243e25dfca627,train
A线_calciner_coal_feed,cement_rotary_kiln,calciner_coal_feed,useful,manipulated,t/h,line_prefix,c2ad75482a1d70d9,train
A线_分解炉喂煤量,cement_rotary_kiln,calciner_coal_feed,useful,manipulated,t/h,line_prefix,17f95dede5d8a325,train
A线_分解炉煤量,cement_rotary_kiln,calciner_coal_feed,useful,manipulated,t/h,line_prefix,26f33f2e638c7e69,train
B线#CALCINER_COAL#测点42,cement_rotary_kiln,calciner_coal_feed,useful,manipulated,t/h,line_point_tag,349243e25dfca627,train
B线#calciner_coal_feed#测点42,cement_rotary_kiln,calciner_coal_feed,useful,manipulated,t/h,line_point_tag,c2ad75482a1d70d9,train
B线#分解炉喂煤量#测点42,cement_rotary_kiln,calciner_coal_feed,useful,manipulated,t/h,line_point_tag,17f95dede5d8a325,train
B线#分解炉煤量#测点42,cement_rotary_kiln,calciner_coal_feed,useful,manipulated,t/h,line_point_tag,26f33f2e638c7e69,train
CALCINERCOAL,cement_rotary_kiln,calciner_coal_feed,useful,manipulated,t/h,compact,349243e25dfca627,train
CALCINER_COAL,cement_rotary_kiln,calciner_coal_feed,useful,manipulated,t/h,template,349243e25dfca627,train
CALCINER_COAL[t/h],cement_rotary_kiln,calciner_coal_feed,useful,manipulated,t/h,unit_bracket,349243e25dfca627,train
CALCINER_COAL_01,cement_rotary_kiln,calciner_coal_feed,useful,manipulated,t/h,channel_suffix,349243e25dfca627,train
CALCINER_COAL_FEED,cement_rotary_kiln,calciner_coal_feed,useful,manipulated,t/h,uppercase,c2ad75482a1d70d9,train
CALCINER_COAL_SP,cement_rotary_kiln,calciner_coal_feed,useful,manipulated,t/h,control_suffix,349243e25dfca627,train
CALCINER_COAL_t/h,cement_rotary_kiln,calciner_coal_feed,useful,manipulated,t/h,unit_suffix,349243e25dfca627,train
DCS_03_CALCINER_COAL_PV_17,cement_rotary_kiln,calciner_coal_feed,useful,manipulated,t/h,vendor_dcs_tag,349243e25dfca627,train
DCS_03_calciner_coal_feed_PV_17,cement_rotary_kiln,calciner_coal_feed,useful,manipulated,t/h,vendor_dcs_tag,c2ad75482a1d70d9,train
DCS_03_分解炉喂煤量_PV_17,cement_rotary_kiln,calciner_coal_feed,useful,manipulated,t/h,vendor_dcs_tag,17f95dede5d8a325,train
DCS_03_分解炉煤量_PV_17,cement_rotary_kiln,calciner_coal_feed,useful,manipulated,t/h,vendor_dcs_tag,26f33f2e638c7e69,train
HMI.22.CALCINER_COAL.AI,cement_rotary_kiln,calciner_coal_feed,useful,manipulated,t/h,vendor_hmi_tag,349243e25dfca627,train
HMI.22.calciner_coal_feed.AI,cement_rotary_kiln,calciner_coal_feed,useful,manipulated,t/h,vendor_hmi_tag,c2ad75482a1d70d9,train
HMI.22.分解炉喂煤量.AI,cement_rotary_kiln,calciner_coal_feed,useful,manipulated,t/h,vendor_hmi_tag,17f95dede5d8a325,train
HMI.22.分解炉煤量.AI,cement_rotary_kiln,calciner_coal_feed,useful,manipulated,t/h,vendor_hmi_tag,26f33f2e638c7e69,train
calciner_coal_feed,cement_rotary_kiln,calciner_coal_feed,useful,manipulated,t/h,template,c2ad75482a1d70d9,train
calciner_coal_feed[t/h],cement_rotary_kiln,calciner_coal_feed,useful,manipulated,t/h,unit_bracket,c2ad75482a1d70d9,train
calciner_coal_feed_01,cement_rotary_kiln,calciner_coal_feed,useful,manipulated,t/h,channel_suffix,c2ad75482a1d70d9,train
calciner_coal_feed_SP,cement_rotary_kiln,calciner_coal_feed,useful,manipulated,t/h,control_suffix,c2ad75482a1d70d9,train
calciner_coal_feed_t/h,cement_rotary_kiln,calciner_coal_feed,useful,manipulated,t/h,unit_suffix,c2ad75482a1d70d9,train
calcinercoalfeed,cement_rotary_kiln,calciner_coal_feed,useful,manipulated,t/h,compact,c2ad75482a1d70d9,train
分解炉喂煤量,cement_rotary_kiln,calciner_coal_feed,useful,manipulated,t/h,template,17f95dede5d8a325,train
分解炉喂煤量[t/h],cement_rotary_kiln,calciner_coal_feed,useful,manipulated,t/h,unit_bracket,17f95dede5d8a325,train
分解炉喂煤量_01,cement_rotary_kiln,calciner_coal_feed,useful,manipulated,t/h,channel_suffix,17f95dede5d8a325,train
分解炉喂煤量_SP,cement_rotary_kiln,calciner_coal_feed,useful,manipulated,t/h,control_suffix,17f95dede5d8a325,train
分解炉喂煤量_t/h,cement_rotary_kiln,calciner_coal_feed,useful,manipulated,t/h,unit_suffix,17f95dede5d8a325,train
分解炉煤量,cement_rotary_kiln,calciner_coal_feed,useful,manipulated,t/h,template,26f33f2e638c7e69,train
分解炉煤量[t/h],cement_rotary_kiln,calciner_coal_feed,useful,manipulated,t/h,unit_bracket,26f33f2e638c7e69,train
分解炉煤量_01,cement_rotary_kiln,calciner_coal_feed,useful,manipulated,t/h,channel_suffix,26f33f2e638c7e69,train
分解炉煤量_SP,cement_rotary_kiln,calciner_coal_feed,useful,manipulated,t/h,control_suffix,26f33f2e638c7e69,train
分解炉煤量_t/h,cement_rotary_kiln,calciner_coal_feed,useful,manipulated,t/h,unit_suffix,26f33f2e638c7e69,train
装置5-CALCINER_COAL-CH30-VALUE,cement_rotary_kiln,calciner_coal_feed,useful,manipulated,t/h,vendor_channel_tag,349243e25dfca627,train
装置5-calciner_coal_feed-CH30-VALUE,cement_rotary_kiln,calciner_coal_feed,useful,manipulated,t/h,vendor_channel_tag,c2ad75482a1d70d9,train
装置5-分解炉喂煤量-CH30-VALUE,cement_rotary_kiln,calciner_coal_feed,useful,manipulated,t/h,vendor_channel_tag,17f95dede5d8a325,train
装置5-分解炉煤量-CH30-VALUE,cement_rotary_kiln,calciner_coal_feed,useful,manipulated,t/h,vendor_channel_tag,26f33f2e638c7e69,train
1号CLINKER_FCAO,cement_rotary_kiln,clinker_free_lime,required,controlled,percent,equipment_prefix,88a2f23cc3c4f38f,train
1号FREE_LIME,cement_rotary_kiln,clinker_free_lime,required,controlled,percent,equipment_prefix,dfe3411fa108ff67,train
1号clinker_free_lime,cement_rotary_kiln,clinker_free_lime,required,controlled,percent,equipment_prefix,c294b1e163208828,train
1号游离钙,cement_rotary_kiln,clinker_free_lime,required,controlled,percent,equipment_prefix,9774a088f51702ec,train
1号熟料游离钙,cement_rotary_kiln,clinker_free_lime,required,controlled,percent,equipment_prefix,e6415a6283c76235,train
A线_CLINKER_FCAO,cement_rotary_kiln,clinker_free_lime,required,controlled,percent,line_prefix,88a2f23cc3c4f38f,train
A线_FREE_LIME,cement_rotary_kiln,clinker_free_lime,required,controlled,percent,line_prefix,dfe3411fa108ff67,train
A线_clinker_free_lime,cement_rotary_kiln,clinker_free_lime,required,controlled,percent,line_prefix,c294b1e163208828,train
A线_游离钙,cement_rotary_kiln,clinker_free_lime,required,controlled,percent,line_prefix,9774a088f51702ec,train
A线_熟料游离钙,cement_rotary_kiln,clinker_free_lime,required,controlled,percent,line_prefix,e6415a6283c76235,train
B线#CLINKER_FCAO#测点42,cement_rotary_kiln,clinker_free_lime,required,controlled,percent,line_point_tag,88a2f23cc3c4f38f,train
B线#FREE_LIME#测点42,cement_rotary_kiln,clinker_free_lime,required,controlled,percent,line_point_tag,dfe3411fa108ff67,train
B线#clinker_free_lime#测点42,cement_rotary_kiln,clinker_free_lime,required,controlled,percent,line_point_tag,c294b1e163208828,train
B线#游离钙#测点42,cement_rotary_kiln,clinker_free_lime,required,controlled,percent,line_point_tag,9774a088f51702ec,train
B线#熟料游离钙#测点42,cement_rotary_kiln,clinker_free_lime,required,controlled,percent,line_point_tag,e6415a6283c76235,train
CLINKERFCAO,cement_rotary_kiln,clinker_free_lime,required,controlled,percent,compact,88a2f23cc3c4f38f,train
CLINKER_FCAO,cement_rotary_kiln,clinker_free_lime,required,controlled,percent,template,88a2f23cc3c4f38f,train
CLINKER_FCAO[percent],cement_rotary_kiln,clinker_free_lime,required,controlled,percent,unit_bracket,88a2f23cc3c4f38f,train
CLINKER_FCAO_01,cement_rotary_kiln,clinker_free_lime,required,controlled,percent,channel_suffix,88a2f23cc3c4f38f,train
CLINKER_FCAO_PV,cement_rotary_kiln,clinker_free_lime,required,controlled,percent,control_suffix,88a2f23cc3c4f38f,train
CLINKER_FCAO_percent,cement_rotary_kiln,clinker_free_lime,required,controlled,percent,unit_suffix,88a2f23cc3c4f38f,train
CLINKER_FREE_LIME,cement_rotary_kiln,clinker_free_lime,required,controlled,percent,uppercase,c294b1e163208828,train
DCS_03_CLINKER_FCAO_PV_17,cement_rotary_kiln,clinker_free_lime,required,controlled,percent,vendor_dcs_tag,88a2f23cc3c4f38f,train
DCS_03_FREE_LIME_PV_17,cement_rotary_kiln,clinker_free_lime,required,controlled,percent,vendor_dcs_tag,dfe3411fa108ff67,train
DCS_03_clinker_free_lime_PV_17,cement_rotary_kiln,clinker_free_lime,required,controlled,percent,vendor_dcs_tag,c294b1e163208828,train
DCS_03_游离钙_PV_17,cement_rotary_kiln,clinker_free_lime,required,controlled,percent,vendor_dcs_tag,9774a088f51702ec,train
DCS_03_熟料游离钙_PV_17,cement_rotary_kiln,clinker_free_lime,required,controlled,percent,vendor_dcs_tag,e6415a6283c76235,train
FREELIME,cement_rotary_kiln,clinker_free_lime,required,controlled,percent,compact,dfe3411fa108ff67,train
FREE_LIME,cement_rotary_kiln,clinker_free_lime,required,controlled,percent,template,dfe3411fa108ff67,train
FREE_LIME[percent],cement_rotary_kiln,clinker_free_lime,required,controlled,percent,unit_bracket,dfe3411fa108ff67,train
FREE_LIME_01,cement_rotary_kiln,clinker_free_lime,required,controlled,percent,channel_suffix,dfe3411fa108ff67,train
FREE_LIME_PV,cement_rotary_kiln,clinker_free_lime,required,controlled,percent,control_suffix,dfe3411fa108ff67,train
FREE_LIME_percent,cement_rotary_kiln,clinker_free_lime,required,controlled,percent,unit_suffix,dfe3411fa108ff67,train
HMI.22.CLINKER_FCAO.AI,cement_rotary_kiln,clinker_free_lime,required,controlled,percent,vendor_hmi_tag,88a2f23cc3c4f38f,train
HMI.22.FREE_LIME.AI,cement_rotary_kiln,clinker_free_lime,required,controlled,percent,vendor_hmi_tag,dfe3411fa108ff67,train
HMI.22.clinker_free_lime.AI,cement_rotary_kiln,clinker_free_lime,required,controlled,percent,vendor_hmi_tag,c294b1e163208828,train
HMI.22.游离钙.AI,cement_rotary_kiln,clinker_free_lime,required,controlled,percent,vendor_hmi_tag,9774a088f51702ec,train
HMI.22.熟料游离钙.AI,cement_rotary_kiln,clinker_free_lime,required,controlled,percent,vendor_hmi_tag,e6415a6283c76235,train
clinker_free_lime,cement_rotary_kiln,clinker_free_lime,required,controlled,percent,template,c294b1e163208828,train
clinker_free_lime[percent],cement_rotary_kiln,clinker_free_lime,required,controlled,percent,unit_bracket,c294b1e163208828,train
clinker_free_lime_01,cement_rotary_kiln,clinker_free_lime,required,controlled,percent,channel_suffix,c294b1e163208828,train
clinker_free_lime_PV,cement_rotary_kiln,clinker_free_lime,required,controlled,percent,control_suffix,c294b1e163208828,train
clinker_free_lime_percent,cement_rotary_kiln,clinker_free_lime,required,controlled,percent,unit_suffix,c294b1e163208828,train
clinkerfreelime,cement_rotary_kiln,clinker_free_lime,required,controlled,percent,compact,c294b1e163208828,train
游离钙,cement_rotary_kiln,clinker_free_lime,required,controlled,percent,template,9774a088f51702ec,train
游离钙[percent],cement_rotary_kiln,clinker_free_lime,required,controlled,percent,unit_bracket,9774a088f51702ec,train
游离钙_01,cement_rotary_kiln,clinker_free_lime,required,controlled,percent,channel_suffix,9774a088f51702ec,train
游离钙_PV,cement_rotary_kiln,clinker_free_lime,required,controlled,percent,control_suffix,9774a088f51702ec,train
游离钙_percent,cement_rotary_kiln,clinker_free_lime,required,controlled,percent,unit_suffix,9774a088f51702ec,train
熟料游离钙,cement_rotary_kiln,clinker_free_lime,required,controlled,percent,template,e6415a6283c76235,train
熟料游离钙[percent],cement_rotary_kiln,clinker_free_lime,required,controlled,percent,unit_bracket,e6415a6283c76235,train
熟料游离钙_01,cement_rotary_kiln,clinker_free_lime,required,controlled,percent,channel_suffix,e6415a6283c76235,train
熟料游离钙_PV,cement_rotary_kiln,clinker_free_lime,required,controlled,percent,control_suffix,e6415a6283c76235,train
熟料游离钙_percent,cement_rotary_kiln,clinker_free_lime,required,controlled,percent,unit_suffix,e6415a6283c76235,train
装置5-CLINKER_FCAO-CH30-VALUE,cement_rotary_kiln,clinker_free_lime,required,controlled,percent,vendor_channel_tag,88a2f23cc3c4f38f,train
装置5-FREE_LIME-CH30-VALUE,cement_rotary_kiln,clinker_free_lime,required,controlled,percent,vendor_channel_tag,dfe3411fa108ff67,train
装置5-clinker_free_lime-CH30-VALUE,cement_rotary_kiln,clinker_free_lime,required,controlled,percent,vendor_channel_tag,c294b1e163208828,train
装置5-游离钙-CH30-VALUE,cement_rotary_kiln,clinker_free_lime,required,controlled,percent,vendor_channel_tag,9774a088f51702ec,train
装置5-熟料游离钙-CH30-VALUE,cement_rotary_kiln,clinker_free_lime,required,controlled,percent,vendor_channel_tag,e6415a6283c76235,train
1号出窑熟料温度,cement_rotary_kiln,clinker_temperature,useful,state,degC,equipment_prefix,880f52085c8a02a2,train
1号熟料温度,cement_rotary_kiln,clinker_temperature,useful,state,degC,equipment_prefix,a6334b56970502eb,train
A线_出窑熟料温度,cement_rotary_kiln,clinker_temperature,useful,state,degC,line_prefix,880f52085c8a02a2,train
A线_熟料温度,cement_rotary_kiln,clinker_temperature,useful,state,degC,line_prefix,a6334b56970502eb,train
B线#出窑熟料温度#测点42,cement_rotary_kiln,clinker_temperature,useful,state,degC,line_point_tag,880f52085c8a02a2,train
B线#熟料温度#测点42,cement_rotary_kiln,clinker_temperature,useful,state,degC,line_point_tag,a6334b56970502eb,train
DCS_03_出窑熟料温度_PV_17,cement_rotary_kiln,clinker_temperature,useful,state,degC,vendor_dcs_tag,880f52085c8a02a2,train
DCS_03_熟料温度_PV_17,cement_rotary_kiln,clinker_temperature,useful,state,degC,vendor_dcs_tag,a6334b56970502eb,train
HMI.22.出窑熟料温度.AI,cement_rotary_kiln,clinker_temperature,useful,state,degC,vendor_hmi_tag,880f52085c8a02a2,train
HMI.22.熟料温度.AI,cement_rotary_kiln,clinker_temperature,useful,state,degC,vendor_hmi_tag,a6334b56970502eb,train
出窑熟料温度,cement_rotary_kiln,clinker_temperature,useful,state,degC,template,880f52085c8a02a2,train
出窑熟料温度[degC],cement_rotary_kiln,clinker_temperature,useful,state,degC,unit_bracket,880f52085c8a02a2,train
出窑熟料温度_01,cement_rotary_kiln,clinker_temperature,useful,state,degC,channel_suffix,880f52085c8a02a2,train
出窑熟料温度_PV,cement_rotary_kiln,clinker_temperature,useful,state,degC,control_suffix,880f52085c8a02a2,train
出窑熟料温度_degC,cement_rotary_kiln,clinker_temperature,useful,state,degC,unit_suffix,880f52085c8a02a2,train
熟料温度,cement_rotary_kiln,clinker_temperature,useful,state,degC,template,a6334b56970502eb,train
熟料温度[degC],cement_rotary_kiln,clinker_temperature,useful,state,degC,unit_bracket,a6334b56970502eb,train
熟料温度_01,cement_rotary_kiln,clinker_temperature,useful,state,degC,channel_suffix,a6334b56970502eb,train
熟料温度_PV,cement_rotary_kiln,clinker_temperature,useful,state,degC,control_suffix,a6334b56970502eb,train
熟料温度_degC,cement_rotary_kiln,clinker_temperature,useful,state,degC,unit_suffix,a6334b56970502eb,train
装置5-出窑熟料温度-CH30-VALUE,cement_rotary_kiln,clinker_temperature,useful,state,degC,vendor_channel_tag,880f52085c8a02a2,train
装置5-熟料温度-CH30-VALUE,cement_rotary_kiln,clinker_temperature,useful,state,degC,vendor_channel_tag,a6334b56970502eb,train
1号COAL_FEED,cement_rotary_kiln,coal_feed,required,manipulated,t/h,equipment_prefix,36f87be132dae8b6,train
1号KILN_COAL_FEED,cement_rotary_kiln,coal_feed,required,manipulated,t/h,equipment_prefix,ce0c787ef556ef28,train
1号coal_feed,cement_rotary_kiln,coal_feed,required,manipulated,t/h,equipment_prefix,85f43750d063c6be,train
1号喂煤量,cement_rotary_kiln,coal_feed,required,manipulated,t/h,equipment_prefix,a7d4b887e5b28856,train
1号窑头煤量,cement_rotary_kiln,coal_feed,required,manipulated,t/h,equipment_prefix,30bba3cbaf19b45c,train
A线_COAL_FEED,cement_rotary_kiln,coal_feed,required,manipulated,t/h,line_prefix,36f87be132dae8b6,train
A线_KILN_COAL_FEED,cement_rotary_kiln,coal_feed,required,manipulated,t/h,line_prefix,ce0c787ef556ef28,train
A线_coal_feed,cement_rotary_kiln,coal_feed,required,manipulated,t/h,line_prefix,85f43750d063c6be,train
A线_喂煤量,cement_rotary_kiln,coal_feed,required,manipulated,t/h,line_prefix,a7d4b887e5b28856,train
A线_窑头煤量,cement_rotary_kiln,coal_feed,required,manipulated,t/h,line_prefix,30bba3cbaf19b45c,train
B线#COAL_FEED#测点42,cement_rotary_kiln,coal_feed,required,manipulated,t/h,line_point_tag,36f87be132dae8b6,train
B线#KILN_COAL_FEED#测点42,cement_rotary_kiln,coal_feed,required,manipulated,t/h,line_point_tag,ce0c787ef556ef28,train
B线#coal_feed#测点42,cement_rotary_kiln,coal_feed,required,manipulated,t/h,line_point_tag,85f43750d063c6be,train
B线#喂煤量#测点42,cement_rotary_kiln,coal_feed,required,manipulated,t/h,line_point_tag,a7d4b887e5b28856,train
B线#窑头煤量#测点42,cement_rotary_kiln,coal_feed,required,manipulated,t/h,line_point_tag,30bba3cbaf19b45c,train
COALFEED,cement_rotary_kiln,coal_feed,required,manipulated,t/h,compact,36f87be132dae8b6,train
COAL_FEED,cement_rotary_kiln,coal_feed,required,manipulated,t/h,template,36f87be132dae8b6,train
COAL_FEED[t/h],cement_rotary_kiln,coal_feed,required,manipulated,t/h,unit_bracket,36f87be132dae8b6,train
COAL_FEED_01,cement_rotary_kiln,coal_feed,required,manipulated,t/h,channel_suffix,36f87be132dae8b6,train
COAL_FEED_SP,cement_rotary_kiln,coal_feed,required,manipulated,t/h,control_suffix,36f87be132dae8b6,train
COAL_FEED_t/h,cement_rotary_kiln,coal_feed,required,manipulated,t/h,unit_suffix,36f87be132dae8b6,train
DCS_03_COAL_FEED_PV_17,cement_rotary_kiln,coal_feed,required,manipulated,t/h,vendor_dcs_tag,36f87be132dae8b6,train
DCS_03_KILN_COAL_FEED_PV_17,cement_rotary_kiln,coal_feed,required,manipulated,t/h,vendor_dcs_tag,ce0c787ef556ef28,train
DCS_03_coal_feed_PV_17,cement_rotary_kiln,coal_feed,required,manipulated,t/h,vendor_dcs_tag,85f43750d063c6be,train
DCS_03_喂煤量_PV_17,cement_rotary_kiln,coal_feed,required,manipulated,t/h,vendor_dcs_tag,a7d4b887e5b28856,train
DCS_03_窑头煤量_PV_17,cement_rotary_kiln,coal_feed,required,manipulated,t/h,vendor_dcs_tag,30bba3cbaf19b45c,train
HMI.22.COAL_FEED.AI,cement_rotary_kiln,coal_feed,required,manipulated,t/h,vendor_hmi_tag,36f87be132dae8b6,train
HMI.22.KILN_COAL_FEED.AI,cement_rotary_kiln,coal_feed,required,manipulated,t/h,vendor_hmi_tag,ce0c787ef556ef28,train
HMI.22.coal_feed.AI,cement_rotary_kiln,coal_feed,required,manipulated,t/h,vendor_hmi_tag,85f43750d063c6be,train
HMI.22.喂煤量.AI,cement_rotary_kiln,coal_feed,required,manipulated,t/h,vendor_hmi_tag,a7d4b887e5b28856,train
HMI.22.窑头煤量.AI,cement_rotary_kiln,coal_feed,required,manipulated,t/h,vendor_hmi_tag,30bba3cbaf19b45c,train
KILNCOALFEED,cement_rotary_kiln,coal_feed,required,manipulated,t/h,compact,ce0c787ef556ef28,train
KILN_COAL_FEED,cement_rotary_kiln,coal_feed,required,manipulated,t/h,template,ce0c787ef556ef28,train
KILN_COAL_FEED[t/h],cement_rotary_kiln,coal_feed,required,manipulated,t/h,unit_bracket,ce0c787ef556ef28,train
KILN_COAL_FEED_01,cement_rotary_kiln,coal_feed,required,manipulated,t/h,channel_suffix,ce0c787ef556ef28,train
KILN_COAL_FEED_SP,cement_rotary_kiln,coal_feed,required,manipulated,t/h,control_suffix,ce0c787ef556ef28,train
KILN_COAL_FEED_t/h,cement_rotary_kiln,coal_feed,required,manipulated,t/h,unit_suffix,ce0c787ef556ef28,train
coal_feed,cement_rotary_kiln,coal_feed,required,manipulated,t/h,template,85f43750d063c6be,train
coal_feed[t/h],cement_rotary_kiln,coal_feed,required,manipulated,t/h,unit_bracket,85f43750d063c6be,train
coal_feed_01,cement_rotary_kiln,coal_feed,required,manipulated,t/h,channel_suffix,85f43750d063c6be,train
coal_feed_SP,cement_rotary_kiln,coal_feed,required,manipulated,t/h,control_suffix,85f43750d063c6be,train
coal_feed_t/h,cement_rotary_kiln,coal_feed,required,manipulated,t/h,unit_suffix,85f43750d063c6be,train
coalfeed,cement_rotary_kiln,coal_feed,required,manipulated,t/h,compact,85f43750d063c6be,train
喂煤量,cement_rotary_kiln,coal_feed,required,manipulated,t/h,template,a7d4b887e5b28856,train
喂煤量[t/h],cement_rotary_kiln,coal_feed,required,manipulated,t/h,unit_bracket,a7d4b887e5b28856,train
喂煤量_01,cement_rotary_kiln,coal_feed,required,manipulated,t/h,channel_suffix,a7d4b887e5b28856,train
喂煤量_SP,cement_rotary_kiln,coal_feed,required,manipulated,t/h,control_suffix,a7d4b887e5b28856,train
喂煤量_t/h,cement_rotary_kiln,coal_feed,required,manipulated,t/h,unit_suffix,a7d4b887e5b28856,train
窑头煤量,cement_rotary_kiln,coal_feed,required,manipulated,t/h,template,30bba3cbaf19b45c,train
窑头煤量[t/h],cement_rotary_kiln,coal_feed,required,manipulated,t/h,unit_bracket,30bba3cbaf19b45c,train
窑头煤量_01,cement_rotary_kiln,coal_feed,required,manipulated,t/h,channel_suffix,30bba3cbaf19b45c,train
窑头煤量_SP,cement_rotary_kiln,coal_feed,required,manipulated,t/h,control_suffix,30bba3cbaf19b45c,train
窑头煤量_t/h,cement_rotary_kiln,coal_feed,required,manipulated,t/h,unit_suffix,30bba3cbaf19b45c,train
装置5-COAL_FEED-CH30-VALUE,cement_rotary_kiln,coal_feed,required,manipulated,t/h,vendor_channel_tag,36f87be132dae8b6,train
装置5-KILN_COAL_FEED-CH30-VALUE,cement_rotary_kiln,coal_feed,required,manipulated,t/h,vendor_channel_tag,ce0c787ef556ef28,train
装置5-coal_feed-CH30-VALUE,cement_rotary_kiln,coal_feed,required,manipulated,t/h,vendor_channel_tag,85f43750d063c6be,train
装置5-喂煤量-CH30-VALUE,cement_rotary_kiln,coal_feed,required,manipulated,t/h,vendor_channel_tag,a7d4b887e5b28856,train
装置5-窑头煤量-CH30-VALUE,cement_rotary_kiln,coal_feed,required,manipulated,t/h,vendor_channel_tag,30bba3cbaf19b45c,train
1号ID_FAN_SPEED,cement_rotary_kiln,id_fan_speed,useful,manipulated,rpm,equipment_prefix,1c65b1315b760079,train
1号id_fan_speed,cement_rotary_kiln,id_fan_speed,useful,manipulated,rpm,equipment_prefix,45b7b46700e1a908,train
1号高温风机转速,cement_rotary_kiln,id_fan_speed,useful,manipulated,rpm,equipment_prefix,5ee720f22950ec10,train
A线_ID_FAN_SPEED,cement_rotary_kiln,id_fan_speed,useful,manipulated,rpm,line_prefix,1c65b1315b760079,train
A线_id_fan_speed,cement_rotary_kiln,id_fan_speed,useful,manipulated,rpm,line_prefix,45b7b46700e1a908,train
A线_高温风机转速,cement_rotary_kiln,id_fan_speed,useful,manipulated,rpm,line_prefix,5ee720f22950ec10,train
B线#ID_FAN_SPEED#测点42,cement_rotary_kiln,id_fan_speed,useful,manipulated,rpm,line_point_tag,1c65b1315b760079,train
B线#id_fan_speed#测点42,cement_rotary_kiln,id_fan_speed,useful,manipulated,rpm,line_point_tag,45b7b46700e1a908,train
B线#高温风机转速#测点42,cement_rotary_kiln,id_fan_speed,useful,manipulated,rpm,line_point_tag,5ee720f22950ec10,train
DCS_03_ID_FAN_SPEED_PV_17,cement_rotary_kiln,id_fan_speed,useful,manipulated,rpm,vendor_dcs_tag,1c65b1315b760079,train
DCS_03_id_fan_speed_PV_17,cement_rotary_kiln,id_fan_speed,useful,manipulated,rpm,vendor_dcs_tag,45b7b46700e1a908,train
DCS_03_高温风机转速_PV_17,cement_rotary_kiln,id_fan_speed,useful,manipulated,rpm,vendor_dcs_tag,5ee720f22950ec10,train
HMI.22.ID_FAN_SPEED.AI,cement_rotary_kiln,id_fan_speed,useful,manipulated,rpm,vendor_hmi_tag,1c65b1315b760079,train
HMI.22.id_fan_speed.AI,cement_rotary_kiln,id_fan_speed,useful,manipulated,rpm,vendor_hmi_tag,45b7b46700e1a908,train
HMI.22.高温风机转速.AI,cement_rotary_kiln,id_fan_speed,useful,manipulated,rpm,vendor_hmi_tag,5ee720f22950ec10,train
IDFANSPEED,cement_rotary_kiln,id_fan_speed,useful,manipulated,rpm,compact,1c65b1315b760079,train
ID_FAN_SPEED,cement_rotary_kiln,id_fan_speed,useful,manipulated,rpm,template,1c65b1315b760079,train
ID_FAN_SPEED[rpm],cement_rotary_kiln,id_fan_speed,useful,manipulated,rpm,unit_bracket,1c65b1315b760079,train
ID_FAN_SPEED_01,cement_rotary_kiln,id_fan_speed,useful,manipulated,rpm,channel_suffix,1c65b1315b760079,train
ID_FAN_SPEED_SP,cement_rotary_kiln,id_fan_speed,useful,manipulated,rpm,control_suffix,1c65b1315b760079,train
ID_FAN_SPEED_rpm,cement_rotary_kiln,id_fan_speed,useful,manipulated,rpm,unit_suffix,1c65b1315b760079,train
id_fan_speed,cement_rotary_kiln,id_fan_speed,useful,manipulated,rpm,template,45b7b46700e1a908,train
id_fan_speed[rpm],cement_rotary_kiln,id_fan_speed,useful,manipulated,rpm,unit_bracket,45b7b46700e1a908,train
id_fan_speed_01,cement_rotary_kiln,id_fan_speed,useful,manipulated,rpm,channel_suffix,45b7b46700e1a908,train
id_fan_speed_SP,cement_rotary_kiln,id_fan_speed,useful,manipulated,rpm,control_suffix,45b7b46700e1a908,train
id_fan_speed_rpm,cement_rotary_kiln,id_fan_speed,useful,manipulated,rpm,unit_suffix,45b7b46700e1a908,train
idfanspeed,cement_rotary_kiln,id_fan_speed,useful,manipulated,rpm,compact,45b7b46700e1a908,train
装置5-ID_FAN_SPEED-CH30-VALUE,cement_rotary_kiln,id_fan_speed,useful,manipulated,rpm,vendor_channel_tag,1c65b1315b760079,train
装置5-id_fan_speed-CH30-VALUE,cement_rotary_kiln,id_fan_speed,useful,manipulated,rpm,vendor_channel_tag,45b7b46700e1a908,train
装置5-高温风机转速-CH30-VALUE,cement_rotary_kiln,id_fan_speed,useful,manipulated,rpm,vendor_channel_tag,5ee720f22950ec10,train
高温风机转速,cement_rotary_kiln,id_fan_speed,useful,manipulated,rpm,template,5ee720f22950ec10,train
高温风机转速[rpm],cement_rotary_kiln,id_fan_speed,useful,manipulated,rpm,unit_bracket,5ee720f22950ec10,train
高温风机转速_01,cement_rotary_kiln,id_fan_speed,useful,manipulated,rpm,channel_suffix,5ee720f22950ec10,train
高温风机转速_SP,cement_rotary_kiln,id_fan_speed,useful,manipulated,rpm,control_suffix,5ee720f22950ec10,train
高温风机转速_rpm,cement_rotary_kiln,id_fan_speed,useful,manipulated,rpm,unit_suffix,5ee720f22950ec10,train
1号KILN_CURRENT,cement_rotary_kiln,kiln_current,useful,state,A,equipment_prefix,e97c81ed5110fc2c,train
1号kiln_current,cement_rotary_kiln,kiln_current,useful,state,A,equipment_prefix,fd8fdd75223fd26a,train
1号主传电流,cement_rotary_kiln,kiln_current,useful,state,A,equipment_prefix,51207c808dbcf43e,train
1号窑主电机电流,cement_rotary_kiln,kiln_current,useful,state,A,equipment_prefix,571ea93bd0577bfb,train
A线_KILN_CURRENT,cement_rotary_kiln,kiln_current,useful,state,A,line_prefix,e97c81ed5110fc2c,train
A线_kiln_current,cement_rotary_kiln,kiln_current,useful,state,A,line_prefix,fd8fdd75223fd26a,train
A线_主传电流,cement_rotary_kiln,kiln_current,useful,state,A,line_prefix,51207c808dbcf43e,train
A线_窑主电机电流,cement_rotary_kiln,kiln_current,useful,state,A,line_prefix,571ea93bd0577bfb,train
B线#KILN_CURRENT#测点42,cement_rotary_kiln,kiln_current,useful,state,A,line_point_tag,e97c81ed5110fc2c,train
B线#kiln_current#测点42,cement_rotary_kiln,kiln_current,useful,state,A,line_point_tag,fd8fdd75223fd26a,train
B线#主传电流#测点42,cement_rotary_kiln,kiln_current,useful,state,A,line_point_tag,51207c808dbcf43e,train
B线#窑主电机电流#测点42,cement_rotary_kiln,kiln_current,useful,state,A,line_point_tag,571ea93bd0577bfb,train
DCS_03_KILN_CURRENT_PV_17,cement_rotary_kiln,kiln_current,useful,state,A,vendor_dcs_tag,e97c81ed5110fc2c,train
DCS_03_kiln_current_PV_17,cement_rotary_kiln,kiln_current,useful,state,A,vendor_dcs_tag,fd8fdd75223fd26a,train
DCS_03_主传电流_PV_17,cement_rotary_kiln,kiln_current,useful,state,A,vendor_dcs_tag,51207c808dbcf43e,train
DCS_03_窑主电机电流_PV_17,cement_rotary_kiln,kiln_current,useful,state,A,vendor_dcs_tag,571ea93bd0577bfb,train
HMI.22.KILN_CURRENT.AI,cement_rotary_kiln,kiln_current,useful,state,A,vendor_hmi_tag,e97c81ed5110fc2c,train
HMI.22.kiln_current.AI,cement_rotary_kiln,kiln_current,useful,state,A,vendor_hmi_tag,fd8fdd75223fd26a,train
HMI.22.主传电流.AI,cement_rotary_kiln,kiln_current,useful,state,A,vendor_hmi_tag,51207c808dbcf43e,train
HMI.22.窑主电机电流.AI,cement_rotary_kiln,kiln_current,useful,state,A,vendor_hmi_tag,571ea93bd0577bfb,train
KILNCURRENT,cement_rotary_kiln,kiln_current,useful,state,A,compact,e97c81ed5110fc2c,train
KILN_CURRENT,cement_rotary_kiln,kiln_current,useful,state,A,template,e97c81ed5110fc2c,train
KILN_CURRENT[A],cement_rotary_kiln,kiln_current,useful,state,A,unit_bracket,e97c81ed5110fc2c,train
KILN_CURRENT_01,cement_rotary_kiln,kiln_current,useful,state,A,channel_suffix,e97c81ed5110fc2c,train
KILN_CURRENT_A,cement_rotary_kiln,kiln_current,useful,state,A,unit_suffix,e97c81ed5110fc2c,train
KILN_CURRENT_PV,cement_rotary_kiln,kiln_current,useful,state,A,control_suffix,e97c81ed5110fc2c,train
kiln_current,cement_rotary_kiln,kiln_current,useful,state,A,template,fd8fdd75223fd26a,train
kiln_current[A],cement_rotary_kiln,kiln_current,useful,state,A,unit_bracket,fd8fdd75223fd26a,train
kiln_current_01,cement_rotary_kiln,kiln_current,useful,state,A,channel_suffix,fd8fdd75223fd26a,train
kiln_current_A,cement_rotary_kiln,kiln_current,useful,state,A,unit_suffix,fd8fdd75223fd26a,train
kiln_current_PV,cement_rotary_kiln,kiln_current,useful,state,A,control_suffix,fd8fdd75223fd26a,train
kilncurrent,cement_rotary_kiln,kiln_current,useful,state,A,compact,fd8fdd75223fd26a,train
主传电流,cement_rotary_kiln,kiln_current,useful,state,A,template,51207c808dbcf43e,train
主传电流[A],cement_rotary_kiln,kiln_current,useful,state,A,unit_bracket,51207c808dbcf43e,train
主传电流_01,cement_rotary_kiln,kiln_current,useful,state,A,channel_suffix,51207c808dbcf43e,train
主传电流_A,cement_rotary_kiln,kiln_current,useful,state,A,unit_suffix,51207c808dbcf43e,train
主传电流_PV,cement_rotary_kiln,kiln_current,useful,state,A,control_suffix,51207c808dbcf43e,train
窑主电机电流,cement_rotary_kiln,kiln_current,useful,state,A,template,571ea93bd0577bfb,train
窑主电机电流[A],cement_rotary_kiln,kiln_current,useful,state,A,unit_bracket,571ea93bd0577bfb,train
窑主电机电流_01,cement_rotary_kiln,kiln_current,useful,state,A,channel_suffix,571ea93bd0577bfb,train
窑主电机电流_A,cement_rotary_kiln,kiln_current,useful,state,A,unit_suffix,571ea93bd0577bfb,train
窑主电机电流_PV,cement_rotary_kiln,kiln_current,useful,state,A,control_suffix,571ea93bd0577bfb,train
装置5-KILN_CURRENT-CH30-VALUE,cement_rotary_kiln,kiln_current,useful,state,A,vendor_channel_tag,e97c81ed5110fc2c,train
装置5-kiln_current-CH30-VALUE,cement_rotary_kiln,kiln_current,useful,state,A,vendor_channel_tag,fd8fdd75223fd26a,train
装置5-主传电流-CH30-VALUE,cement_rotary_kiln,kiln_current,useful,state,A,vendor_channel_tag,51207c808dbcf43e,train
装置5-窑主电机电流-CH30-VALUE,cement_rotary_kiln,kiln_current,useful,state,A,vendor_channel_tag,571ea93bd0577bfb,train
1号kiln_inlet_o2,cement_rotary_kiln,kiln_inlet_o2,useful,state,percent,equipment_prefix,955914aefa45144c,train
1号窑尾含氧量,cement_rotary_kiln,kiln_inlet_o2,useful,state,percent,equipment_prefix,dbaf4527262fd93c,train
1号窑尾氧量,cement_rotary_kiln,kiln_inlet_o2,useful,state,percent,equipment_prefix,57d0f25128cdb09e,train
A线_kiln_inlet_o2,cement_rotary_kiln,kiln_inlet_o2,useful,state,percent,line_prefix,955914aefa45144c,train
A线_窑尾含氧量,cement_rotary_kiln,kiln_inlet_o2,useful,state,percent,line_prefix,dbaf4527262fd93c,train
A线_窑尾氧量,cement_rotary_kiln,kiln_inlet_o2,useful,state,percent,line_prefix,57d0f25128cdb09e,train
B线#kiln_inlet_o2#测点42,cement_rotary_kiln,kiln_inlet_o2,useful,state,percent,line_point_tag,955914aefa45144c,train
B线#窑尾含氧量#测点42,cement_rotary_kiln,kiln_inlet_o2,useful,state,percent,line_point_tag,dbaf4527262fd93c,train
B线#窑尾氧量#测点42,cement_rotary_kiln,kiln_inlet_o2,useful,state,percent,line_point_tag,57d0f25128cdb09e,train
DCS_03_kiln_inlet_o2_PV_17,cement_rotary_kiln,kiln_inlet_o2,useful,state,percent,vendor_dcs_tag,955914aefa45144c,train
DCS_03_窑尾含氧量_PV_17,cement_rotary_kiln,kiln_inlet_o2,useful,state,percent,vendor_dcs_tag,dbaf4527262fd93c,train
DCS_03_窑尾氧量_PV_17,cement_rotary_kiln,kiln_inlet_o2,useful,state,percent,vendor_dcs_tag,57d0f25128cdb09e,train
HMI.22.kiln_inlet_o2.AI,cement_rotary_kiln,kiln_inlet_o2,useful,state,percent,vendor_hmi_tag,955914aefa45144c,train
HMI.22.窑尾含氧量.AI,cement_rotary_kiln,kiln_inlet_o2,useful,state,percent,vendor_hmi_tag,dbaf4527262fd93c,train
HMI.22.窑尾氧量.AI,cement_rotary_kiln,kiln_inlet_o2,useful,state,percent,vendor_hmi_tag,57d0f25128cdb09e,train
kiln_inlet_o2,cement_rotary_kiln,kiln_inlet_o2,useful,state,percent,template,955914aefa45144c,train
kiln_inlet_o2[percent],cement_rotary_kiln,kiln_inlet_o2,useful,state,percent,unit_bracket,955914aefa45144c,train
kiln_inlet_o2_01,cement_rotary_kiln,kiln_inlet_o2,useful,state,percent,channel_suffix,955914aefa45144c,train
kiln_inlet_o2_PV,cement_rotary_kiln,kiln_inlet_o2,useful,state,percent,control_suffix,955914aefa45144c,train
kiln_inlet_o2_percent,cement_rotary_kiln,kiln_inlet_o2,useful,state,percent,unit_suffix,955914aefa45144c,train
kilninleto2,cement_rotary_kiln,kiln_inlet_o2,useful,state,percent,compact,955914aefa45144c,train
窑尾含氧量,cement_rotary_kiln,kiln_inlet_o2,useful,state,percent,template,dbaf4527262fd93c,train
窑尾含氧量[percent],cement_rotary_kiln,kiln_inlet_o2,useful,state,percent,unit_bracket,dbaf4527262fd93c,train
窑尾含氧量_01,cement_rotary_kiln,kiln_inlet_o2,useful,state,percent,channel_suffix,dbaf4527262fd93c,train
窑尾含氧量_PV,cement_rotary_kiln,kiln_inlet_o2,useful,state,percent,control_suffix,dbaf4527262fd93c,train
窑尾含氧量_percent,cement_rotary_kiln,kiln_inlet_o2,useful,state,percent,unit_suffix,dbaf4527262fd93c,train
窑尾氧量,cement_rotary_kiln,kiln_inlet_o2,useful,state,percent,template,57d0f25128cdb09e,train
窑尾氧量[percent],cement_rotary_kiln,kiln_inlet_o2,useful,state,percent,unit_bracket,57d0f25128cdb09e,train
窑尾氧量_01,cement_rotary_kiln,kiln_inlet_o2,useful,state,percent,channel_suffix,57d0f25128cdb09e,train
窑尾氧量_PV,cement_rotary_kiln,kiln_inlet_o2,useful,state,percent,control_suffix,57d0f25128cdb09e,train
窑尾氧量_percent,cement_rotary_kiln,kiln_inlet_o2,useful,state,percent,unit_suffix,57d0f25128cdb09e,train
装置5-kiln_inlet_o2-CH30-VALUE,cement_rotary_kiln,kiln_inlet_o2,useful,state,percent,vendor_channel_tag,955914aefa45144c,train
装置5-窑尾含氧量-CH30-VALUE,cement_rotary_kiln,kiln_inlet_o2,useful,state,percent,vendor_channel_tag,dbaf4527262fd93c,train
装置5-窑尾氧量-CH30-VALUE,cement_rotary_kiln,kiln_inlet_o2,useful,state,percent,vendor_channel_tag,57d0f25128cdb09e,train
1号窑入口温度,cement_rotary_kiln,kiln_inlet_temperature,required,state,degC,equipment_prefix,32cea38ff4122142,train
1号窑尾温度,cement_rotary_kiln,kiln_inlet_temperature,required,state,degC,equipment_prefix,b8dbc79a50732a3b,train
1号窑尾烟室温度,cement_rotary_kiln,kiln_inlet_temperature,required,state,degC,equipment_prefix,556c5cf5d85b9462,train
A线_窑入口温度,cement_rotary_kiln,kiln_inlet_temperature,required,state,degC,line_prefix,32cea38ff4122142,train
A线_窑尾温度,cement_rotary_kiln,kiln_inlet_temperature,required,state,degC,line_prefix,b8dbc79a50732a3b,train
A线_窑尾烟室温度,cement_rotary_kiln,kiln_inlet_temperature,required,state,degC,line_prefix,556c5cf5d85b9462,train
B线#窑入口温度#测点42,cement_rotary_kiln,kiln_inlet_temperature,required,state,degC,line_point_tag,32cea38ff4122142,train
B线#窑尾温度#测点42,cement_rotary_kiln,kiln_inlet_temperature,required,state,degC,line_point_tag,b8dbc79a50732a3b,train
B线#窑尾烟室温度#测点42,cement_rotary_kiln,kiln_inlet_temperature,required,state,degC,line_point_tag,556c5cf5d85b9462,train
DCS_03_窑入口温度_PV_17,cement_rotary_kiln,kiln_inlet_temperature,required,state,degC,vendor_dcs_tag,32cea38ff4122142,train
DCS_03_窑尾温度_PV_17,cement_rotary_kiln,kiln_inlet_temperature,required,state,degC,vendor_dcs_tag,b8dbc79a50732a3b,train
DCS_03_窑尾烟室温度_PV_17,cement_rotary_kiln,kiln_inlet_temperature,required,state,degC,vendor_dcs_tag,556c5cf5d85b9462,train
HMI.22.窑入口温度.AI,cement_rotary_kiln,kiln_inlet_temperature,required,state,degC,vendor_hmi_tag,32cea38ff4122142,train
HMI.22.窑尾温度.AI,cement_rotary_kiln,kiln_inlet_temperature,required,state,degC,vendor_hmi_tag,b8dbc79a50732a3b,train
HMI.22.窑尾烟室温度.AI,cement_rotary_kiln,kiln_inlet_temperature,required,state,degC,vendor_hmi_tag,556c5cf5d85b9462,train
窑入口温度,cement_rotary_kiln,kiln_inlet_temperature,required,state,degC,template,32cea38ff4122142,train
窑入口温度[degC],cement_rotary_kiln,kiln_inlet_temperature,required,state,degC,unit_bracket,32cea38ff4122142,train
窑入口温度_01,cement_rotary_kiln,kiln_inlet_temperature,required,state,degC,channel_suffix,32cea38ff4122142,train
窑入口温度_PV,cement_rotary_kiln,kiln_inlet_temperature,required,state,degC,control_suffix,32cea38ff4122142,train
窑入口温度_degC,cement_rotary_kiln,kiln_inlet_temperature,required,state,degC,unit_suffix,32cea38ff4122142,train
窑尾温度,cement_rotary_kiln,kiln_inlet_temperature,required,state,degC,template,b8dbc79a50732a3b,train
窑尾温度[degC],cement_rotary_kiln,kiln_inlet_temperature,required,state,degC,unit_bracket,b8dbc79a50732a3b,train
窑尾温度_01,cement_rotary_kiln,kiln_inlet_temperature,required,state,degC,channel_suffix,b8dbc79a50732a3b,train
窑尾温度_PV,cement_rotary_kiln,kiln_inlet_temperature,required,state,degC,control_suffix,b8dbc79a50732a3b,train
窑尾温度_degC,cement_rotary_kiln,kiln_inlet_temperature,required,state,degC,unit_suffix,b8dbc79a50732a3b,train
窑尾烟室温度,cement_rotary_kiln,kiln_inlet_temperature,required,state,degC,template,556c5cf5d85b9462,train
窑尾烟室温度[degC],cement_rotary_kiln,kiln_inlet_temperature,required,state,degC,unit_bracket,556c5cf5d85b9462,train
窑尾烟室温度_01,cement_rotary_kiln,kiln_inlet_temperature,required,state,degC,channel_suffix,556c5cf5d85b9462,train
窑尾烟室温度_PV,cement_rotary_kiln,kiln_inlet_temperature,required,state,degC,control_suffix,556c5cf5d85b9462,train
窑尾烟室温度_degC,cement_rotary_kiln,kiln_inlet_temperature,required,state,degC,unit_suffix,556c5cf5d85b9462,train
装置5-窑入口温度-CH30-VALUE,cement_rotary_kiln,kiln_inlet_temperature,required,state,degC,vendor_channel_tag,32cea38ff4122142,train
装置5-窑尾温度-CH30-VALUE,cement_rotary_kiln,kiln_inlet_temperature,required,state,degC,vendor_channel_tag,b8dbc79a50732a3b,train
装置5-窑尾烟室温度-CH30-VALUE,cement_rotary_kiln,kiln_inlet_temperature,required,state,degC,vendor_channel_tag,556c5cf5d85b9462,train
1号窑出口温度,cement_rotary_kiln,kiln_outlet_temperature,required,controlled,degC,equipment_prefix,e3cb2b53e52621bd,train
1号窑头温度,cement_rotary_kiln,kiln_outlet_temperature,required,controlled,degC,equipment_prefix,b87a60ca085d2f24,train
1号窑头罩温度,cement_rotary_kiln,kiln_outlet_temperature,required,controlled,degC,equipment_prefix,660a394236da9f4f,train
A线_窑出口温度,cement_rotary_kiln,kiln_outlet_temperature,required,controlled,degC,line_prefix,e3cb2b53e52621bd,train
A线_窑头温度,cement_rotary_kiln,kiln_outlet_temperature,required,controlled,degC,line_prefix,b87a60ca085d2f24,train
A线_窑头罩温度,cement_rotary_kiln,kiln_outlet_temperature,required,controlled,degC,line_prefix,660a394236da9f4f,train
B线#窑出口温度#测点42,cement_rotary_kiln,kiln_outlet_temperature,required,controlled,degC,line_point_tag,e3cb2b53e52621bd,train
B线#窑头温度#测点42,cement_rotary_kiln,kiln_outlet_temperature,required,controlled,degC,line_point_tag,b87a60ca085d2f24,train
B线#窑头罩温度#测点42,cement_rotary_kiln,kiln_outlet_temperature,required,controlled,degC,line_point_tag,660a394236da9f4f,train
DCS_03_窑出口温度_PV_17,cement_rotary_kiln,kiln_outlet_temperature,required,controlled,degC,vendor_dcs_tag,e3cb2b53e52621bd,train
DCS_03_窑头温度_PV_17,cement_rotary_kiln,kiln_outlet_temperature,required,controlled,degC,vendor_dcs_tag,b87a60ca085d2f24,train
DCS_03_窑头罩温度_PV_17,cement_rotary_kiln,kiln_outlet_temperature,required,controlled,degC,vendor_dcs_tag,660a394236da9f4f,train
HMI.22.窑出口温度.AI,cement_rotary_kiln,kiln_outlet_temperature,required,controlled,degC,vendor_hmi_tag,e3cb2b53e52621bd,train
HMI.22.窑头温度.AI,cement_rotary_kiln,kiln_outlet_temperature,required,controlled,degC,vendor_hmi_tag,b87a60ca085d2f24,train
HMI.22.窑头罩温度.AI,cement_rotary_kiln,kiln_outlet_temperature,required,controlled,degC,vendor_hmi_tag,660a394236da9f4f,train
窑出口温度,cement_rotary_kiln,kiln_outlet_temperature,required,controlled,degC,template,e3cb2b53e52621bd,train
窑出口温度[degC],cement_rotary_kiln,kiln_outlet_temperature,required,controlled,degC,unit_bracket,e3cb2b53e52621bd,train
窑出口温度_01,cement_rotary_kiln,kiln_outlet_temperature,required,controlled,degC,channel_suffix,e3cb2b53e52621bd,train
窑出口温度_PV,cement_rotary_kiln,kiln_outlet_temperature,required,controlled,degC,control_suffix,e3cb2b53e52621bd,train
窑出口温度_degC,cement_rotary_kiln,kiln_outlet_temperature,required,controlled,degC,unit_suffix,e3cb2b53e52621bd,train
窑头温度,cement_rotary_kiln,kiln_outlet_temperature,required,controlled,degC,template,b87a60ca085d2f24,train
窑头温度[degC],cement_rotary_kiln,kiln_outlet_temperature,required,controlled,degC,unit_bracket,b87a60ca085d2f24,train
窑头温度_01,cement_rotary_kiln,kiln_outlet_temperature,required,controlled,degC,channel_suffix,b87a60ca085d2f24,train
窑头温度_PV,cement_rotary_kiln,kiln_outlet_temperature,required,controlled,degC,control_suffix,b87a60ca085d2f24,train
窑头温度_degC,cement_rotary_kiln,kiln_outlet_temperature,required,controlled,degC,unit_suffix,b87a60ca085d2f24,train
窑头罩温度,cement_rotary_kiln,kiln_outlet_temperature,required,controlled,degC,template,660a394236da9f4f,train
窑头罩温度[degC],cement_rotary_kiln,kiln_outlet_temperature,required,controlled,degC,unit_bracket,660a394236da9f4f,train
窑头罩温度_01,cement_rotary_kiln,kiln_outlet_temperature,required,controlled,degC,channel_suffix,660a394236da9f4f,train
窑头罩温度_PV,cement_rotary_kiln,kiln_outlet_temperature,required,controlled,degC,control_suffix,660a394236da9f4f,train
窑头罩温度_degC,cement_rotary_kiln,kiln_outlet_temperature,required,controlled,degC,unit_suffix,660a394236da9f4f,train
装置5-窑出口温度-CH30-VALUE,cement_rotary_kiln,kiln_outlet_temperature,required,controlled,degC,vendor_channel_tag,e3cb2b53e52621bd,train
装置5-窑头温度-CH30-VALUE,cement_rotary_kiln,kiln_outlet_temperature,required,controlled,degC,vendor_channel_tag,b87a60ca085d2f24,train
装置5-窑头罩温度-CH30-VALUE,cement_rotary_kiln,kiln_outlet_temperature,required,controlled,degC,vendor_channel_tag,660a394236da9f4f,train
1号KILN_SPEED,cement_rotary_kiln,kiln_speed,required,manipulated,rpm,equipment_prefix,2668f7be62b69fbe,train
1号kiln_speed,cement_rotary_kiln,kiln_speed,required,manipulated,rpm,equipment_prefix,efd3711009bde761,train
1号回转窑转速,cement_rotary_kiln,kiln_speed,required,manipulated,rpm,equipment_prefix,bbfffc72c0b3fa80,train
1号窑转速,cement_rotary_kiln,kiln_speed,required,manipulated,rpm,equipment_prefix,b01ae9aa08c2e72b,train
A线_KILN_SPEED,cement_rotary_kiln,kiln_speed,required,manipulated,rpm,line_prefix,2668f7be62b69fbe,train
A线_kiln_speed,cement_rotary_kiln,kiln_speed,required,manipulated,rpm,line_prefix,efd3711009bde761,train
A线_回转窑转速,cement_rotary_kiln,kiln_speed,required,manipulated,rpm,line_prefix,bbfffc72c0b3fa80,train
A线_窑转速,cement_rotary_kiln,kiln_speed,required,manipulated,rpm,line_prefix,b01ae9aa08c2e72b,train
B线#KILN_SPEED#测点42,cement_rotary_kiln,kiln_speed,required,manipulated,rpm,line_point_tag,2668f7be62b69fbe,train
B线#kiln_speed#测点42,cement_rotary_kiln,kiln_speed,required,manipulated,rpm,line_point_tag,efd3711009bde761,train
B线#回转窑转速#测点42,cement_rotary_kiln,kiln_speed,required,manipulated,rpm,line_point_tag,bbfffc72c0b3fa80,train
B线#窑转速#测点42,cement_rotary_kiln,kiln_speed,required,manipulated,rpm,line_point_tag,b01ae9aa08c2e72b,train
DCS_03_KILN_SPEED_PV_17,cement_rotary_kiln,kiln_speed,required,manipulated,rpm,vendor_dcs_tag,2668f7be62b69fbe,train
DCS_03_kiln_speed_PV_17,cement_rotary_kiln,kiln_speed,required,manipulated,rpm,vendor_dcs_tag,efd3711009bde761,train
DCS_03_回转窑转速_PV_17,cement_rotary_kiln,kiln_speed,required,manipulated,rpm,vendor_dcs_tag,bbfffc72c0b3fa80,train
DCS_03_窑转速_PV_17,cement_rotary_kiln,kiln_speed,required,manipulated,rpm,vendor_dcs_tag,b01ae9aa08c2e72b,train
HMI.22.KILN_SPEED.AI,cement_rotary_kiln,kiln_speed,required,manipulated,rpm,vendor_hmi_tag,2668f7be62b69fbe,train
HMI.22.kiln_speed.AI,cement_rotary_kiln,kiln_speed,required,manipulated,rpm,vendor_hmi_tag,efd3711009bde761,train
HMI.22.回转窑转速.AI,cement_rotary_kiln,kiln_speed,required,manipulated,rpm,vendor_hmi_tag,bbfffc72c0b3fa80,train
HMI.22.窑转速.AI,cement_rotary_kiln,kiln_speed,required,manipulated,rpm,vendor_hmi_tag,b01ae9aa08c2e72b,train
KILNSPEED,cement_rotary_kiln,kiln_speed,required,manipulated,rpm,compact,2668f7be62b69fbe,train
KILN_SPEED,cement_rotary_kiln,kiln_speed,required,manipulated,rpm,template,2668f7be62b69fbe,train
KILN_SPEED[rpm],cement_rotary_kiln,kiln_speed,required,manipulated,rpm,unit_bracket,2668f7be62b69fbe,train
KILN_SPEED_01,cement_rotary_kiln,kiln_speed,required,manipulated,rpm,channel_suffix,2668f7be62b69fbe,train
KILN_SPEED_SP,cement_rotary_kiln,kiln_speed,required,manipulated,rpm,control_suffix,2668f7be62b69fbe,train
KILN_SPEED_rpm,cement_rotary_kiln,kiln_speed,required,manipulated,rpm,unit_suffix,2668f7be62b69fbe,train
kiln_speed,cement_rotary_kiln,kiln_speed,required,manipulated,rpm,template,efd3711009bde761,train
kiln_speed[rpm],cement_rotary_kiln,kiln_speed,required,manipulated,rpm,unit_bracket,efd3711009bde761,train
kiln_speed_01,cement_rotary_kiln,kiln_speed,required,manipulated,rpm,channel_suffix,efd3711009bde761,train
kiln_speed_SP,cement_rotary_kiln,kiln_speed,required,manipulated,rpm,control_suffix,efd3711009bde761,train
kiln_speed_rpm,cement_rotary_kiln,kiln_speed,required,manipulated,rpm,unit_suffix,efd3711009bde761,train
kilnspeed,cement_rotary_kiln,kiln_speed,required,manipulated,rpm,compact,efd3711009bde761,train
回转窑转速,cement_rotary_kiln,kiln_speed,required,manipulated,rpm,template,bbfffc72c0b3fa80,train
回转窑转速[rpm],cement_rotary_kiln,kiln_speed,required,manipulated,rpm,unit_bracket,bbfffc72c0b3fa80,train
回转窑转速_01,cement_rotary_kiln,kiln_speed,required,manipulated,rpm,channel_suffix,bbfffc72c0b3fa80,train
回转窑转速_SP,cement_rotary_kiln,kiln_speed,required,manipulated,rpm,control_suffix,bbfffc72c0b3fa80,train
回转窑转速_rpm,cement_rotary_kiln,kiln_speed,required,manipulated,rpm,unit_suffix,bbfffc72c0b3fa80,train
窑转速,cement_rotary_kiln,kiln_speed,required,manipulated,rpm,template,b01ae9aa08c2e72b,train
窑转速[rpm],cement_rotary_kiln,kiln_speed,required,manipulated,rpm,unit_bracket,b01ae9aa08c2e72b,train
窑转速_01,cement_rotary_kiln,kiln_speed,required,manipulated,rpm,channel_suffix,b01ae9aa08c2e72b,train
窑转速_SP,cement_rotary_kiln,kiln_speed,required,manipulated,rpm,control_suffix,b01ae9aa08c2e72b,train
窑转速_rpm,cement_rotary_kiln,kiln_speed,required,manipulated,rpm,unit_suffix,b01ae9aa08c2e72b,train
装置5-KILN_SPEED-CH30-VALUE,cement_rotary_kiln,kiln_speed,required,manipulated,rpm,vendor_channel_tag,2668f7be62b69fbe,train
装置5-kiln_speed-CH30-VALUE,cement_rotary_kiln,kiln_speed,required,manipulated,rpm,vendor_channel_tag,efd3711009bde761,train
装置5-回转窑转速-CH30-VALUE,cement_rotary_kiln,kiln_speed,required,manipulated,rpm,vendor_channel_tag,bbfffc72c0b3fa80,train
装置5-窑转速-CH30-VALUE,cement_rotary_kiln,kiln_speed,required,manipulated,rpm,vendor_channel_tag,b01ae9aa08c2e72b,train
1号C1出口温度,cement_rotary_kiln,preheater_exit_temperature,useful,state,degC,equipment_prefix,2c9dba3f88f5e96f,train
1号PREHEATER_EXIT_TEMP,cement_rotary_kiln,preheater_exit_temperature,useful,state,degC,equipment_prefix,9089fb2084e30c11,train
1号预热器出口温度,cement_rotary_kiln,preheater_exit_temperature,useful,state,degC,equipment_prefix,761c8c5a3ef1e43b,train
A线_C1出口温度,cement_rotary_kiln,preheater_exit_temperature,useful,state,degC,line_prefix,2c9dba3f88f5e96f,train
A线_PREHEATER_EXIT_TEMP,cement_rotary_kiln,preheater_exit_temperature,useful,state,degC,line_prefix,9089fb2084e30c11,train
A线_预热器出口温度,cement_rotary_kiln,preheater_exit_temperature,useful,state,degC,line_prefix,761c8c5a3ef1e43b,train
B线#C1出口温度#测点42,cement_rotary_kiln,preheater_exit_temperature,useful,state,degC,line_point_tag,2c9dba3f88f5e96f,train
B线#PREHEATER_EXIT_TEMP#测点42,cement_rotary_kiln,preheater_exit_temperature,useful,state,degC,line_point_tag,9089fb2084e30c11,train
B线#预热器出口温度#测点42,cement_rotary_kiln,preheater_exit_temperature,useful,state,degC,line_point_tag,761c8c5a3ef1e43b,train
C1出口温度,cement_rotary_kiln,preheater_exit_temperature,useful,state,degC,template,2c9dba3f88f5e96f,train
C1出口温度[degC],cement_rotary_kiln,preheater_exit_temperature,useful,state,degC,unit_bracket,2c9dba3f88f5e96f,train
C1出口温度_01,cement_rotary_kiln,preheater_exit_temperature,useful,state,degC,channel_suffix,2c9dba3f88f5e96f,train
C1出口温度_PV,cement_rotary_kiln,preheater_exit_temperature,useful,state,degC,control_suffix,2c9dba3f88f5e96f,train
C1出口温度_degC,cement_rotary_kiln,preheater_exit_temperature,useful,state,degC,unit_suffix,2c9dba3f88f5e96f,train
DCS_03_C1出口温度_PV_17,cement_rotary_kiln,preheater_exit_temperature,useful,state,degC,vendor_dcs_tag,2c9dba3f88f5e96f,train
DCS_03_PREHEATER_EXIT_TEMP_PV_17,cement_rotary_kiln,preheater_exit_temperature,useful,state,degC,vendor_dcs_tag,9089fb2084e30c11,train
DCS_03_预热器出口温度_PV_17,cement_rotary_kiln,preheater_exit_temperature,useful,state,degC,vendor_dcs_tag,761c8c5a3ef1e43b,train
HMI.22.C1出口温度.AI,cement_rotary_kiln,preheater_exit_temperature,useful,state,degC,vendor_hmi_tag,2c9dba3f88f5e96f,train
HMI.22.PREHEATER_EXIT_TEMP.AI,cement_rotary_kiln,preheater_exit_temperature,useful,state,degC,vendor_hmi_tag,9089fb2084e30c11,train
HMI.22.预热器出口温度.AI,cement_rotary_kiln,preheater_exit_temperature,useful,state,degC,vendor_hmi_tag,761c8c5a3ef1e43b,train
PREHEATEREXITTEMP,cement_rotary_kiln,preheater_exit_temperature,useful,state,degC,compact,9089fb2084e30c11,train
PREHEATER_EXIT_TEMP,cement_rotary_kiln,preheater_exit_temperature,useful,state,degC,template,9089fb2084e30c11,train
PREHEATER_EXIT_TEMP[degC],cement_rotary_kiln,preheater_exit_temperature,useful,state,degC,unit_bracket,9089fb2084e30c11,train
PREHEATER_EXIT_TEMP_01,cement_rotary_kiln,preheater_exit_temperature,useful,state,degC,channel_suffix,9089fb2084e30c11,train
PREHEATER_EXIT_TEMP_PV,cement_rotary_kiln,preheater_exit_temperature,useful,state,degC,control_suffix,9089fb2084e30c11,train
PREHEATER_EXIT_TEMP_degC,cement_rotary_kiln,preheater_exit_temperature,useful,state,degC,unit_suffix,9089fb2084e30c11,train
装置5-C1出口温度-CH30-VALUE,cement_rotary_kiln,preheater_exit_temperature,useful,state,degC,vendor_channel_tag,2c9dba3f88f5e96f,train
装置5-PREHEATER_EXIT_TEMP-CH30-VALUE,cement_rotary_kiln,preheater_exit_temperature,useful,state,degC,vendor_channel_tag,9089fb2084e30c11,train
装置5-预热器出口温度-CH30-VALUE,cement_rotary_kiln,preheater_exit_temperature,useful,state,degC,vendor_channel_tag,761c8c5a3ef1e43b,train
预热器出口温度,cement_rotary_kiln,preheater_exit_temperature,useful,state,degC,template,761c8c5a3ef1e43b,train
预热器出口温度[degC],cement_rotary_kiln,preheater_exit_temperature,useful,state,degC,unit_bracket,761c8c5a3ef1e43b,train
预热器出口温度_01,cement_rotary_kiln,preheater_exit_temperature,useful,state,degC,channel_suffix,761c8c5a3ef1e43b,train
预热器出口温度_PV,cement_rotary_kiln,preheater_exit_temperature,useful,state,degC,control_suffix,761c8c5a3ef1e43b,train
预热器出口温度_degC,cement_rotary_kiln,preheater_exit_temperature,useful,state,degC,unit_suffix,761c8c5a3ef1e43b,train
1号raw_meal_feed,cement_rotary_kiln,raw_meal_feed,required,manipulated,t/h,equipment_prefix,3b9773938ac15040,train
1号喂料量,cement_rotary_kiln,raw_meal_feed,required,manipulated,t/h,equipment_prefix,6ed841940c79cffb,train
1号生料喂料量,cement_rotary_kiln,raw_meal_feed,required,manipulated,t/h,equipment_prefix,57f6a7d4156aa332,train
1号生料量,cement_rotary_kiln,raw_meal_feed,required,manipulated,t/h,equipment_prefix,bd1484ff857f8de4,train
A线_raw_meal_feed,cement_rotary_kiln,raw_meal_feed,required,manipulated,t/h,line_prefix,3b9773938ac15040,train
A线_喂料量,cement_rotary_kiln,raw_meal_feed,required,manipulated,t/h,line_prefix,6ed841940c79cffb,train
A线_生料喂料量,cement_rotary_kiln,raw_meal_feed,required,manipulated,t/h,line_prefix,57f6a7d4156aa332,train
A线_生料量,cement_rotary_kiln,raw_meal_feed,required,manipulated,t/h,line_prefix,bd1484ff857f8de4,train
B线#raw_meal_feed#测点42,cement_rotary_kiln,raw_meal_feed,required,manipulated,t/h,line_point_tag,3b9773938ac15040,train
B线#喂料量#测点42,cement_rotary_kiln,raw_meal_feed,required,manipulated,t/h,line_point_tag,6ed841940c79cffb,train
B线#生料喂料量#测点42,cement_rotary_kiln,raw_meal_feed,required,manipulated,t/h,line_point_tag,57f6a7d4156aa332,train
B线#生料量#测点42,cement_rotary_kiln,raw_meal_feed,required,manipulated,t/h,line_point_tag,bd1484ff857f8de4,train
DCS_03_raw_meal_feed_PV_17,cement_rotary_kiln,raw_meal_feed,required,manipulated,t/h,vendor_dcs_tag,3b9773938ac15040,train
DCS_03_喂料量_PV_17,cement_rotary_kiln,raw_meal_feed,required,manipulated,t/h,vendor_dcs_tag,6ed841940c79cffb,train
DCS_03_生料喂料量_PV_17,cement_rotary_kiln,raw_meal_feed,required,manipulated,t/h,vendor_dcs_tag,57f6a7d4156aa332,train
DCS_03_生料量_PV_17,cement_rotary_kiln,raw_meal_feed,required,manipulated,t/h,vendor_dcs_tag,bd1484ff857f8de4,train
HMI.22.raw_meal_feed.AI,cement_rotary_kiln,raw_meal_feed,required,manipulated,t/h,vendor_hmi_tag,3b9773938ac15040,train
HMI.22.喂料量.AI,cement_rotary_kiln,raw_meal_feed,required,manipulated,t/h,vendor_hmi_tag,6ed841940c79cffb,train
HMI.22.生料喂料量.AI,cement_rotary_kiln,raw_meal_feed,required,manipulated,t/h,vendor_hmi_tag,57f6a7d4156aa332,train
HMI.22.生料量.AI,cement_rotary_kiln,raw_meal_feed,required,manipulated,t/h,vendor_hmi_tag,bd1484ff857f8de4,train
raw_meal_feed,cement_rotary_kiln,raw_meal_feed,required,manipulated,t/h,template,3b9773938ac15040,train
raw_meal_feed[t/h],cement_rotary_kiln,raw_meal_feed,required,manipulated,t/h,unit_bracket,3b9773938ac15040,train
raw_meal_feed_01,cement_rotary_kiln,raw_meal_feed,required,manipulated,t/h,channel_suffix,3b9773938ac15040,train
raw_meal_feed_SP,cement_rotary_kiln,raw_meal_feed,required,manipulated,t/h,control_suffix,3b9773938ac15040,train
raw_meal_feed_t/h,cement_rotary_kiln,raw_meal_feed,required,manipulated,t/h,unit_suffix,3b9773938ac15040,train
rawmealfeed,cement_rotary_kiln,raw_meal_feed,required,manipulated,t/h,compact,3b9773938ac15040,train
喂料量,cement_rotary_kiln,raw_meal_feed,required,manipulated,t/h,template,6ed841940c79cffb,train
喂料量[t/h],cement_rotary_kiln,raw_meal_feed,required,manipulated,t/h,unit_bracket,6ed841940c79cffb,train
喂料量_01,cement_rotary_kiln,raw_meal_feed,required,manipulated,t/h,channel_suffix,6ed841940c79cffb,train
喂料量_SP,cement_rotary_kiln,raw_meal_feed,required,manipulated,t/h,control_suffix,6ed841940c79cffb,train
喂料量_t/h,cement_rotary_kiln,raw_meal_feed,required,manipulated,t/h,unit_suffix,6ed841940c79cffb,train
生料喂料量,cement_rotary_kiln,raw_meal_feed,required,manipulated,t/h,template,57f6a7d4156aa332,train
生料喂料量[t/h],cement_rotary_kiln,raw_meal_feed,required,manipulated,t/h,unit_bracket,57f6a7d4156aa332,train
生料喂料量_01,cement_rotary_kiln,raw_meal_feed,required,manipulated,t/h,channel_suffix,57f6a7d4156aa332,train
生料喂料量_SP,cement_rotary_kiln,raw_meal_feed,required,manipulated,t/h,control_suffix,57f6a7d4156aa332,train
生料喂料量_t/h,cement_rotary_kiln,raw_meal_feed,required,manipulated,t/h,unit_suffix,57f6a7d4156aa332,train
生料量,cement_rotary_kiln,raw_meal_feed,required,manipulated,t/h,template,bd1484ff857f8de4,train
生料量[t/h],cement_rotary_kiln,raw_meal_feed,required,manipulated,t/h,unit_bracket,bd1484ff857f8de4,train
生料量_01,cement_rotary_kiln,raw_meal_feed,required,manipulated,t/h,channel_suffix,bd1484ff857f8de4,train
生料量_SP,cement_rotary_kiln,raw_meal_feed,required,manipulated,t/h,control_suffix,bd1484ff857f8de4,train
生料量_t/h,cement_rotary_kiln,raw_meal_feed,required,manipulated,t/h,unit_suffix,bd1484ff857f8de4,train
装置5-raw_meal_feed-CH30-VALUE,cement_rotary_kiln,raw_meal_feed,required,manipulated,t/h,vendor_channel_tag,3b9773938ac15040,train
装置5-喂料量-CH30-VALUE,cement_rotary_kiln,raw_meal_feed,required,manipulated,t/h,vendor_channel_tag,6ed841940c79cffb,train
装置5-生料喂料量-CH30-VALUE,cement_rotary_kiln,raw_meal_feed,required,manipulated,t/h,vendor_channel_tag,57f6a7d4156aa332,train
装置5-生料量-CH30-VALUE,cement_rotary_kiln,raw_meal_feed,required,manipulated,t/h,vendor_channel_tag,bd1484ff857f8de4,train
1号DATETIME,cement_rotary_kiln,timestamp,required,time,datetime,equipment_prefix,57f8760d35ae97ed,train
1号TIME,cement_rotary_kiln,timestamp,required,time,datetime,equipment_prefix,8ee1d2f9a56bd2ef,train
1号timestamp,cement_rotary_kiln,timestamp,required,time,datetime,equipment_prefix,09bd6eaf04825e43,train
1号时间,cement_rotary_kiln,timestamp,required,time,datetime,equipment_prefix,760adb160fe9358d,train
1号时间戳,cement_rotary_kiln,timestamp,required,time,datetime,equipment_prefix,459178d51c8d01f0,train
1号记录时间,cement_rotary_kiln,timestamp,required,time,datetime,equipment_prefix,9eb44eab9aeb553a,train
1号采集时间,cement_rotary_kiln,timestamp,required,time,datetime,equipment_prefix,c16f1debd878263d,train
A线_DATETIME,cement_rotary_kiln,timestamp,required,time,datetime,line_prefix,57f8760d35ae97ed,train
A线_TIME,cement_rotary_kiln,timestamp,required,time,datetime,line_prefix,8ee1d2f9a56bd2ef,train
A线_timestamp,cement_rotary_kiln,timestamp,required,time,datetime,line_prefix,09bd6eaf04825e43,train
A线_时间,cement_rotary_kiln,timestamp,required,time,datetime,line_prefix,760adb160fe9358d,train
A线_时间戳,cement_rotary_kiln,timestamp,required,time,datetime,line_prefix,459178d51c8d01f0,train
A线_记录时间,cement_rotary_kiln,timestamp,required,time,datetime,line_prefix,9eb44eab9aeb553a,train
A线_采集时间,cement_rotary_kiln,timestamp,required,time,datetime,line_prefix,c16f1debd878263d,train
B线#DATETIME#测点42,cement_rotary_kiln,timestamp,required,time,datetime,line_point_tag,57f8760d35ae97ed,train
B线#TIME#测点42,cement_rotary_kiln,timestamp,required,time,datetime,line_point_tag,8ee1d2f9a56bd2ef,train
B线#timestamp#测点42,cement_rotary_kiln,timestamp,required,time,datetime,line_point_tag,09bd6eaf04825e43,train
B线#时间#测点42,cement_rotary_kiln,timestamp,required,time,datetime,line_point_tag,760adb160fe9358d,train
B线#时间戳#测点42,cement_rotary_kiln,timestamp,required,time,datetime,line_point_tag,459178d51c8d01f0,train
B线#记录时间#测点42,cement_rotary_kiln,timestamp,required,time,datetime,line_point_tag,9eb44eab9aeb553a,train
B线#采集时间#测点42,cement_rotary_kiln,timestamp,required,time,datetime,line_point_tag,c16f1debd878263d,train
DATETIME,cement_rotary_kiln,timestamp,required,time,datetime,template,57f8760d35ae97ed,train
DATETIME_01,cement_rotary_kiln,timestamp,required,time,datetime,channel_suffix,57f8760d35ae97ed,train
DATETIME_PV,cement_rotary_kiln,timestamp,required,time,datetime,control_suffix,57f8760d35ae97ed,train
DCS_03_DATETIME_PV_17,cement_rotary_kiln,timestamp,required,time,datetime,vendor_dcs_tag,57f8760d35ae97ed,train
DCS_03_TIME_PV_17,cement_rotary_kiln,timestamp,required,time,datetime,vendor_dcs_tag,8ee1d2f9a56bd2ef,train
DCS_03_timestamp_PV_17,cement_rotary_kiln,timestamp,required,time,datetime,vendor_dcs_tag,09bd6eaf04825e43,train
DCS_03_时间_PV_17,cement_rotary_kiln,timestamp,required,time,datetime,vendor_dcs_tag,760adb160fe9358d,train
DCS_03_时间戳_PV_17,cement_rotary_kiln,timestamp,required,time,datetime,vendor_dcs_tag,459178d51c8d01f0,train
DCS_03_记录时间_PV_17,cement_rotary_kiln,timestamp,required,time,datetime,vendor_dcs_tag,9eb44eab9aeb553a,train
DCS_03_采集时间_PV_17,cement_rotary_kiln,timestamp,required,time,datetime,vendor_dcs_tag,c16f1debd878263d,train
HMI.22.DATETIME.AI,cement_rotary_kiln,timestamp,required,time,datetime,vendor_hmi_tag,57f8760d35ae97ed,train
HMI.22.TIME.AI,cement_rotary_kiln,timestamp,required,time,datetime,vendor_hmi_tag,8ee1d2f9a56bd2ef,train
HMI.22.timestamp.AI,cement_rotary_kiln,timestamp,required,time,datetime,vendor_hmi_tag,09bd6eaf04825e43,train
HMI.22.时间.AI,cement_rotary_kiln,timestamp,required,time,datetime,vendor_hmi_tag,760adb160fe9358d,train
HMI.22.时间戳.AI,cement_rotary_kiln,timestamp,required,time,datetime,vendor_hmi_tag,459178d51c8d01f0,train
HMI.22.记录时间.AI,cement_rotary_kiln,timestamp,required,time,datetime,vendor_hmi_tag,9eb44eab9aeb553a,train
HMI.22.采集时间.AI,cement_rotary_kiln,timestamp,required,time,datetime,vendor_hmi_tag,c16f1debd878263d,train
TIME,cement_rotary_kiln,timestamp,required,time,datetime,template,8ee1d2f9a56bd2ef,train
TIMESTAMP,cement_rotary_kiln,timestamp,required,time,datetime,uppercase,09bd6eaf04825e43,train
TIME_01,cement_rotary_kiln,timestamp,required,time,datetime,channel_suffix,8ee1d2f9a56bd2ef,train
TIME_PV,cement_rotary_kiln,timestamp,required,time,datetime,control_suffix,8ee1d2f9a56bd2ef,train
timestamp,cement_rotary_kiln,timestamp,required,time,datetime,template,09bd6eaf04825e43,train
timestamp_01,cement_rotary_kiln,timestamp,required,time,datetime,channel_suffix,09bd6eaf04825e43,train
timestamp_PV,cement_rotary_kiln,timestamp,required,time,datetime,control_suffix,09bd6eaf04825e43,train
时间,cement_rotary_kiln,timestamp,required,time,datetime,template,760adb160fe9358d,train
时间_01,cement_rotary_kiln,timestamp,required,time,datetime,channel_suffix,760adb160fe9358d,train
时间_PV,cement_rotary_kiln,timestamp,required,time,datetime,control_suffix,760adb160fe9358d,train
时间戳,cement_rotary_kiln,timestamp,required,time,datetime,template,459178d51c8d01f0,train
时间戳_01,cement_rotary_kiln,timestamp,required,time,datetime,channel_suffix,459178d51c8d01f0,train
时间戳_PV,cement_rotary_kiln,timestamp,required,time,datetime,control_suffix,459178d51c8d01f0,train
装置5-DATETIME-CH30-VALUE,cement_rotary_kiln,timestamp,required,time,datetime,vendor_channel_tag,57f8760d35ae97ed,train
装置5-TIME-CH30-VALUE,cement_rotary_kiln,timestamp,required,time,datetime,vendor_channel_tag,8ee1d2f9a56bd2ef,train
装置5-timestamp-CH30-VALUE,cement_rotary_kiln,timestamp,required,time,datetime,vendor_channel_tag,09bd6eaf04825e43,train
装置5-时间-CH30-VALUE,cement_rotary_kiln,timestamp,required,time,datetime,vendor_channel_tag,760adb160fe9358d,train
装置5-时间戳-CH30-VALUE,cement_rotary_kiln,timestamp,required,time,datetime,vendor_channel_tag,459178d51c8d01f0,train
装置5-记录时间-CH30-VALUE,cement_rotary_kiln,timestamp,required,time,datetime,vendor_channel_tag,9eb44eab9aeb553a,train
装置5-采集时间-CH30-VALUE,cement_rotary_kiln,timestamp,required,time,datetime,vendor_channel_tag,c16f1debd878263d,train
记录时间,cement_rotary_kiln,timestamp,required,time,datetime,template,9eb44eab9aeb553a,train
记录时间_01,cement_rotary_kiln,timestamp,required,time,datetime,channel_suffix,9eb44eab9aeb553a,train
记录时间_PV,cement_rotary_kiln,timestamp,required,time,datetime,control_suffix,9eb44eab9aeb553a,train
采集时间,cement_rotary_kiln,timestamp,required,time,datetime,template,c16f1debd878263d,train
采集时间_01,cement_rotary_kiln,timestamp,required,time,datetime,channel_suffix,c16f1debd878263d,train
采集时间_PV,cement_rotary_kiln,timestamp,required,time,datetime,control_suffix,c16f1debd878263d,train
DCS_交换机端口状态_25,debutanizer_column,__irrelevant__,irrelevant,none,,negative_vendor,17d584d7ee4edca2,train
DCS_会议室预约状态_25,debutanizer_column,__irrelevant__,irrelevant,none,,negative_vendor,541197076421146c,train
DCS_值班员电子签名_25,debutanizer_column,__irrelevant__,irrelevant,none,,negative_vendor,1d4170b7c3de4f86,train
DCS_办公室温度_25,debutanizer_column,__irrelevant__,irrelevant,none,,negative_vendor,7ce16f7fd2a49f6d,train
DCS_厂区门禁记录_25,debutanizer_column,__irrelevant__,irrelevant,none,,negative_vendor,dbe924320f3c70b6,train
DCS_厂商备用测点_25,debutanizer_column,__irrelevant__,irrelevant,none,,negative_vendor,880d58d38a1e9bff,train
DCS_巡检照片地址_25,debutanizer_column,__irrelevant__,irrelevant,none,,negative_vendor,a47e2ca39deb0c5b,train
DCS_工单审批人_25,debutanizer_column,__irrelevant__,irrelevant,none,,negative_vendor,3ae81357ca340b91,train
DCS_打印机墨粉余量_25,debutanizer_column,__irrelevant__,irrelevant,none,,negative_vendor,68bab66dfd539668,train
DCS_报警文本_25,debutanizer_column,__irrelevant__,irrelevant,none,,negative_vendor,f767dc450e07051d,train
DCS_摄像头在线标志_25,debutanizer_column,__irrelevant__,irrelevant,none,,negative_vendor,78dcc6cfaa5d3567,train
DCS_操作员姓名_25,debutanizer_column,__irrelevant__,irrelevant,none,,negative_vendor,e38c846fed41edc5,train
DCS_数据库备份状态_25,debutanizer_column,__irrelevant__,irrelevant,none,,negative_vendor,08989fd2686536f6,train
DCS_文件上传时间_25,debutanizer_column,__irrelevant__,irrelevant,none,,negative_vendor,bb421cdba09d5865,train
DCS_日报打印次数_25,debutanizer_column,__irrelevant__,irrelevant,none,,negative_vendor,007e34100a68e1b0,train
DCS_检修记录_25,debutanizer_column,__irrelevant__,irrelevant,none,,negative_vendor,bcbdc3acf5fb487b,train
DCS_班组备注_25,debutanizer_column,__irrelevant__,irrelevant,none,,negative_vendor,be242c420528dc61,train
DCS_班车到站时间_25,debutanizer_column,__irrelevant__,irrelevant,none,,negative_vendor,01dce56983d3e58f,train
DCS_画面刷新周期_25,debutanizer_column,__irrelevant__,irrelevant,none,,negative_vendor,3868c40054ed20d0,train
DCS_画面颜色_25,debutanizer_column,__irrelevant__,irrelevant,none,,negative_vendor,2d83b8295211248c,train
DCS_视频码率_25,debutanizer_column,__irrelevant__,irrelevant,none,,negative_vendor,ac1b250668dac075,train
DCS_设备描述_25,debutanizer_column,__irrelevant__,irrelevant,none,,negative_vendor,7f7e11fd8948ea04,train
DCS_账户登录次数_25,debutanizer_column,__irrelevant__,irrelevant,none,,negative_vendor,84f3408d43da28b6,train
DCS_软件版本说明_25,debutanizer_column,__irrelevant__,irrelevant,none,,negative_vendor,565dc75dc58ba6b3,train
DCS_通讯状态字_25,debutanizer_column,__irrelevant__,irrelevant,none,,negative_vendor,a01ce2ddf4d0c555,train
DCS_鼠标点击计数_25,debutanizer_column,__irrelevant__,irrelevant,none,,negative_vendor,345074e37e025651,train
HMI.60.交换机端口状态.RAW,debutanizer_column,__irrelevant__,irrelevant,none,,negative_vendor,17d584d7ee4edca2,train
HMI.60.会议室预约状态.RAW,debutanizer_column,__irrelevant__,irrelevant,none,,negative_vendor,541197076421146c,train
HMI.60.值班员电子签名.RAW,debutanizer_column,__irrelevant__,irrelevant,none,,negative_vendor,1d4170b7c3de4f86,train
HMI.60.办公室温度.RAW,debutanizer_column,__irrelevant__,irrelevant,none,,negative_vendor,7ce16f7fd2a49f6d,train
HMI.60.厂区门禁记录.RAW,debutanizer_column,__irrelevant__,irrelevant,none,,negative_vendor,dbe924320f3c70b6,train
HMI.60.厂商备用测点.RAW,debutanizer_column,__irrelevant__,irrelevant,none,,negative_vendor,880d58d38a1e9bff,train
HMI.60.巡检照片地址.RAW,debutanizer_column,__irrelevant__,irrelevant,none,,negative_vendor,a47e2ca39deb0c5b,train
HMI.60.工单审批人.RAW,debutanizer_column,__irrelevant__,irrelevant,none,,negative_vendor,3ae81357ca340b91,train
HMI.60.打印机墨粉余量.RAW,debutanizer_column,__irrelevant__,irrelevant,none,,negative_vendor,68bab66dfd539668,train
HMI.60.报警文本.RAW,debutanizer_column,__irrelevant__,irrelevant,none,,negative_vendor,f767dc450e07051d,train
HMI.60.摄像头在线标志.RAW,debutanizer_column,__irrelevant__,irrelevant,none,,negative_vendor,78dcc6cfaa5d3567,train
HMI.60.操作员姓名.RAW,debutanizer_column,__irrelevant__,irrelevant,none,,negative_vendor,e38c846fed41edc5,train
HMI.60.数据库备份状态.RAW,debutanizer_column,__irrelevant__,irrelevant,none,,negative_vendor,08989fd2686536f6,train
HMI.60.文件上传时间.RAW,debutanizer_column,__irrelevant__,irrelevant,none,,negative_vendor,bb421cdba09d5865,train
HMI.60.日报打印次数.RAW,debutanizer_column,__irrelevant__,irrelevant,none,,negative_vendor,007e34100a68e1b0,train
HMI.60.检修记录.RAW,debutanizer_column,__irrelevant__,irrelevant,none,,negative_vendor,bcbdc3acf5fb487b,train
HMI.60.班组备注.RAW,debutanizer_column,__irrelevant__,irrelevant,none,,negative_vendor,be242c420528dc61,train
HMI.60.班车到站时间.RAW,debutanizer_column,__irrelevant__,irrelevant,none,,negative_vendor,01dce56983d3e58f,train
HMI.60.画面刷新周期.RAW,debutanizer_column,__irrelevant__,irrelevant,none,,negative_vendor,3868c40054ed20d0,train
HMI.60.画面颜色.RAW,debutanizer_column,__irrelevant__,irrelevant,none,,negative_vendor,2d83b8295211248c,train
HMI.60.视频码率.RAW,debutanizer_column,__irrelevant__,irrelevant,none,,negative_vendor,ac1b250668dac075,train
HMI.60.设备描述.RAW,debutanizer_column,__irrelevant__,irrelevant,none,,negative_vendor,7f7e11fd8948ea04,train
HMI.60.账户登录次数.RAW,debutanizer_column,__irrelevant__,irrelevant,none,,negative_vendor,84f3408d43da28b6,train
HMI.60.软件版本说明.RAW,debutanizer_column,__irrelevant__,irrelevant,none,,negative_vendor,565dc75dc58ba6b3,train
HMI.60.通讯状态字.RAW,debutanizer_column,__irrelevant__,irrelevant,none,,negative_vendor,a01ce2ddf4d0c555,train
HMI.60.鼠标点击计数.RAW,debutanizer_column,__irrelevant__,irrelevant,none,,negative_vendor,345074e37e025651,train
交换机端口状态,debutanizer_column,__irrelevant__,irrelevant,none,,negative,17d584d7ee4edca2,train
会议室预约状态,debutanizer_column,__irrelevant__,irrelevant,none,,negative,541197076421146c,train
值班员电子签名,debutanizer_column,__irrelevant__,irrelevant,none,,negative,1d4170b7c3de4f86,train
办公室温度,debutanizer_column,__irrelevant__,irrelevant,none,,negative,7ce16f7fd2a49f6d,train
厂区门禁记录,debutanizer_column,__irrelevant__,irrelevant,none,,negative,dbe924320f3c70b6,train
厂商备用测点,debutanizer_column,__irrelevant__,irrelevant,none,,negative,880d58d38a1e9bff,train
巡检照片地址,debutanizer_column,__irrelevant__,irrelevant,none,,negative,a47e2ca39deb0c5b,train
工单审批人,debutanizer_column,__irrelevant__,irrelevant,none,,negative,3ae81357ca340b91,train
打印机墨粉余量,debutanizer_column,__irrelevant__,irrelevant,none,,negative,68bab66dfd539668,train
报警文本,debutanizer_column,__irrelevant__,irrelevant,none,,negative,f767dc450e07051d,train
摄像头在线标志,debutanizer_column,__irrelevant__,irrelevant,none,,negative,78dcc6cfaa5d3567,train
操作员姓名,debutanizer_column,__irrelevant__,irrelevant,none,,negative,e38c846fed41edc5,train
数据库备份状态,debutanizer_column,__irrelevant__,irrelevant,none,,negative,08989fd2686536f6,train
文件上传时间,debutanizer_column,__irrelevant__,irrelevant,none,,negative,bb421cdba09d5865,train
日报打印次数,debutanizer_column,__irrelevant__,irrelevant,none,,negative,007e34100a68e1b0,train
检修记录,debutanizer_column,__irrelevant__,irrelevant,none,,negative,bcbdc3acf5fb487b,train
班组备注,debutanizer_column,__irrelevant__,irrelevant,none,,negative,be242c420528dc61,train
班车到站时间,debutanizer_column,__irrelevant__,irrelevant,none,,negative,01dce56983d3e58f,train
画面刷新周期,debutanizer_column,__irrelevant__,irrelevant,none,,negative,3868c40054ed20d0,train
画面颜色,debutanizer_column,__irrelevant__,irrelevant,none,,negative,2d83b8295211248c,train
视频码率,debutanizer_column,__irrelevant__,irrelevant,none,,negative,ac1b250668dac075,train
设备描述,debutanizer_column,__irrelevant__,irrelevant,none,,negative,7f7e11fd8948ea04,train
账户登录次数,debutanizer_column,__irrelevant__,irrelevant,none,,negative,84f3408d43da28b6,train
软件版本说明,debutanizer_column,__irrelevant__,irrelevant,none,,negative,565dc75dc58ba6b3,train
通讯状态字,debutanizer_column,__irrelevant__,irrelevant,none,,negative,a01ce2ddf4d0c555,train
鼠标点击计数,debutanizer_column,__irrelevant__,irrelevant,none,,negative,345074e37e025651,train
1号bottom_butane_content,debutanizer_column,bottom_butane_content,required,controlled,ratio,equipment_prefix,3b16eaa6e0aa6e0f,train
1号butane content,debutanizer_column,bottom_butane_content,required,controlled,ratio,equipment_prefix,9f545b365e87780b,train
1号u8,debutanizer_column,bottom_butane_content,required,controlled,ratio,equipment_prefix,91ffe511e47c0888,train
1号塔底丁烷含量,debutanizer_column,bottom_butane_content,required,controlled,ratio,equipment_prefix,1e1ced227bda0f4c,train
A线_bottom_butane_content,debutanizer_column,bottom_butane_content,required,controlled,ratio,line_prefix,3b16eaa6e0aa6e0f,train
A线_butane content,debutanizer_column,bottom_butane_content,required,controlled,ratio,line_prefix,9f545b365e87780b,train
A线_u8,debutanizer_column,bottom_butane_content,required,controlled,ratio,line_prefix,91ffe511e47c0888,train
A线_塔底丁烷含量,debutanizer_column,bottom_butane_content,required,controlled,ratio,line_prefix,1e1ced227bda0f4c,train
BOTTOM_BUTANE_CONTENT,debutanizer_column,bottom_butane_content,required,controlled,ratio,uppercase,3b16eaa6e0aa6e0f,train
BUTANE_CONTENT,debutanizer_column,bottom_butane_content,required,controlled,ratio,uppercase,9f545b365e87780b,train
B线#bottom_butane_content#测点42,debutanizer_column,bottom_butane_content,required,controlled,ratio,line_point_tag,3b16eaa6e0aa6e0f,train
B线#butane content#测点42,debutanizer_column,bottom_butane_content,required,controlled,ratio,line_point_tag,9f545b365e87780b,train
B线#u8#测点42,debutanizer_column,bottom_butane_content,required,controlled,ratio,line_point_tag,91ffe511e47c0888,train
B线#塔底丁烷含量#测点42,debutanizer_column,bottom_butane_content,required,controlled,ratio,line_point_tag,1e1ced227bda0f4c,train
DCS_03_bottom_butane_content_PV_17,debutanizer_column,bottom_butane_content,required,controlled,ratio,vendor_dcs_tag,3b16eaa6e0aa6e0f,train
DCS_03_butane_content_PV_17,debutanizer_column,bottom_butane_content,required,controlled,ratio,vendor_dcs_tag,9f545b365e87780b,train
DCS_03_u8_PV_17,debutanizer_column,bottom_butane_content,required,controlled,ratio,vendor_dcs_tag,91ffe511e47c0888,train
DCS_03_塔底丁烷含量_PV_17,debutanizer_column,bottom_butane_content,required,controlled,ratio,vendor_dcs_tag,1e1ced227bda0f4c,train
HMI.22.bottom_butane_content.AI,debutanizer_column,bottom_butane_content,required,controlled,ratio,vendor_hmi_tag,3b16eaa6e0aa6e0f,train
HMI.22.butane_content.AI,debutanizer_column,bottom_butane_content,required,controlled,ratio,vendor_hmi_tag,9f545b365e87780b,train
HMI.22.u8.AI,debutanizer_column,bottom_butane_content,required,controlled,ratio,vendor_hmi_tag,91ffe511e47c0888,train
HMI.22.塔底丁烷含量.AI,debutanizer_column,bottom_butane_content,required,controlled,ratio,vendor_hmi_tag,1e1ced227bda0f4c,train
U8,debutanizer_column,bottom_butane_content,required,controlled,ratio,uppercase,91ffe511e47c0888,train
bottom_butane_content,debutanizer_column,bottom_butane_content,required,controlled,ratio,template,3b16eaa6e0aa6e0f,train
bottom_butane_content[ratio],debutanizer_column,bottom_butane_content,required,controlled,ratio,unit_bracket,3b16eaa6e0aa6e0f,train
bottom_butane_content_01,debutanizer_column,bottom_butane_content,required,controlled,ratio,channel_suffix,3b16eaa6e0aa6e0f,train
bottom_butane_content_PV,debutanizer_column,bottom_butane_content,required,controlled,ratio,control_suffix,3b16eaa6e0aa6e0f,train
bottom_butane_content_ratio,debutanizer_column,bottom_butane_content,required,controlled,ratio,unit_suffix,3b16eaa6e0aa6e0f,train
bottombutanecontent,debutanizer_column,bottom_butane_content,required,controlled,ratio,compact,3b16eaa6e0aa6e0f,train
butane content,debutanizer_column,bottom_butane_content,required,controlled,ratio,template,9f545b365e87780b,train
butane content[ratio],debutanizer_column,bottom_butane_content,required,controlled,ratio,unit_bracket,9f545b365e87780b,train
butane_content,debutanizer_column,bottom_butane_content,required,controlled,ratio,normalized,9f545b365e87780b,train
butane_content_01,debutanizer_column,bottom_butane_content,required,controlled,ratio,channel_suffix,9f545b365e87780b,train
butane_content_PV,debutanizer_column,bottom_butane_content,required,controlled,ratio,control_suffix,9f545b365e87780b,train
butane_content_ratio,debutanizer_column,bottom_butane_content,required,controlled,ratio,unit_suffix,9f545b365e87780b,train
butanecontent,debutanizer_column,bottom_butane_content,required,controlled,ratio,compact,9f545b365e87780b,train
u8,debutanizer_column,bottom_butane_content,required,controlled,ratio,template,91ffe511e47c0888,train
u8[ratio],debutanizer_column,bottom_butane_content,required,controlled,ratio,unit_bracket,91ffe511e47c0888,train
u8_01,debutanizer_column,bottom_butane_content,required,controlled,ratio,channel_suffix,91ffe511e47c0888,train
u8_PV,debutanizer_column,bottom_butane_content,required,controlled,ratio,control_suffix,91ffe511e47c0888,train
u8_ratio,debutanizer_column,bottom_butane_content,required,controlled,ratio,unit_suffix,91ffe511e47c0888,train
塔底丁烷含量,debutanizer_column,bottom_butane_content,required,controlled,ratio,template,1e1ced227bda0f4c,train
塔底丁烷含量[ratio],debutanizer_column,bottom_butane_content,required,controlled,ratio,unit_bracket,1e1ced227bda0f4c,train
塔底丁烷含量_01,debutanizer_column,bottom_butane_content,required,controlled,ratio,channel_suffix,1e1ced227bda0f4c,train
塔底丁烷含量_PV,debutanizer_column,bottom_butane_content,required,controlled,ratio,control_suffix,1e1ced227bda0f4c,train
塔底丁烷含量_ratio,debutanizer_column,bottom_butane_content,required,controlled,ratio,unit_suffix,1e1ced227bda0f4c,train
装置5-bottom_butane_content-CH30-VALUE,debutanizer_column,bottom_butane_content,required,controlled,ratio,vendor_channel_tag,3b16eaa6e0aa6e0f,train
装置5-butane_content-CH30-VALUE,debutanizer_column,bottom_butane_content,required,controlled,ratio,vendor_channel_tag,9f545b365e87780b,train
装置5-u8-CH30-VALUE,debutanizer_column,bottom_butane_content,required,controlled,ratio,vendor_channel_tag,91ffe511e47c0888,train
装置5-塔底丁烷含量-CH30-VALUE,debutanizer_column,bottom_butane_content,required,controlled,ratio,vendor_channel_tag,1e1ced227bda0f4c,train
1号Bottom_Temperature_A,debutanizer_column,bottom_temperature_a,required,state,ratio,equipment_prefix,46ae17fecca3ccfb,train
1号U6,debutanizer_column,bottom_temperature_a,required,state,ratio,equipment_prefix,b9fc2554d157e47a,train
1号bottom temperature a,debutanizer_column,bottom_temperature_a,required,state,ratio,equipment_prefix,28d95af8b7c95a6f,train
1号塔底温度A,debutanizer_column,bottom_temperature_a,required,state,ratio,equipment_prefix,38189863ee5f8176,train
A线_Bottom_Temperature_A,debutanizer_column,bottom_temperature_a,required,state,ratio,line_prefix,46ae17fecca3ccfb,train
A线_U6,debutanizer_column,bottom_temperature_a,required,state,ratio,line_prefix,b9fc2554d157e47a,train
A线_bottom temperature a,debutanizer_column,bottom_temperature_a,required,state,ratio,line_prefix,28d95af8b7c95a6f,train
A线_塔底温度A,debutanizer_column,bottom_temperature_a,required,state,ratio,line_prefix,38189863ee5f8176,train
BOTTOM_TEMPERATURE_A,debutanizer_column,bottom_temperature_a,required,state,ratio,uppercase,28d95af8b7c95a6f,train
BottomTemperatureA,debutanizer_column,bottom_temperature_a,required,state,ratio,compact,46ae17fecca3ccfb,train
Bottom_Temperature_A,debutanizer_column,bottom_temperature_a,required,state,ratio,template,46ae17fecca3ccfb,train
Bottom_Temperature_A[ratio],debutanizer_column,bottom_temperature_a,required,state,ratio,unit_bracket,46ae17fecca3ccfb,train
Bottom_Temperature_A_01,debutanizer_column,bottom_temperature_a,required,state,ratio,channel_suffix,46ae17fecca3ccfb,train
Bottom_Temperature_A_PV,debutanizer_column,bottom_temperature_a,required,state,ratio,control_suffix,46ae17fecca3ccfb,train
Bottom_Temperature_A_ratio,debutanizer_column,bottom_temperature_a,required,state,ratio,unit_suffix,46ae17fecca3ccfb,train
B线#Bottom_Temperature_A#测点42,debutanizer_column,bottom_temperature_a,required,state,ratio,line_point_tag,46ae17fecca3ccfb,train
B线#U6#测点42,debutanizer_column,bottom_temperature_a,required,state,ratio,line_point_tag,b9fc2554d157e47a,train
B线#bottom temperature a#测点42,debutanizer_column,bottom_temperature_a,required,state,ratio,line_point_tag,28d95af8b7c95a6f,train
B线#塔底温度A#测点42,debutanizer_column,bottom_temperature_a,required,state,ratio,line_point_tag,38189863ee5f8176,train
DCS_03_Bottom_Temperature_A_PV_17,debutanizer_column,bottom_temperature_a,required,state,ratio,vendor_dcs_tag,46ae17fecca3ccfb,train
DCS_03_U6_PV_17,debutanizer_column,bottom_temperature_a,required,state,ratio,vendor_dcs_tag,b9fc2554d157e47a,train
DCS_03_bottom_temperature_a_PV_17,debutanizer_column,bottom_temperature_a,required,state,ratio,vendor_dcs_tag,28d95af8b7c95a6f,train
DCS_03_塔底温度A_PV_17,debutanizer_column,bottom_temperature_a,required,state,ratio,vendor_dcs_tag,38189863ee5f8176,train
HMI.22.Bottom_Temperature_A.AI,debutanizer_column,bottom_temperature_a,required,state,ratio,vendor_hmi_tag,46ae17fecca3ccfb,train
HMI.22.U6.AI,debutanizer_column,bottom_temperature_a,required,state,ratio,vendor_hmi_tag,b9fc2554d157e47a,train
HMI.22.bottom_temperature_a.AI,debutanizer_column,bottom_temperature_a,required,state,ratio,vendor_hmi_tag,28d95af8b7c95a6f,train
HMI.22.塔底温度A.AI,debutanizer_column,bottom_temperature_a,required,state,ratio,vendor_hmi_tag,38189863ee5f8176,train
U6[ratio],debutanizer_column,bottom_temperature_a,required,state,ratio,unit_bracket,b9fc2554d157e47a,train
U6_01,debutanizer_column,bottom_temperature_a,required,state,ratio,channel_suffix,b9fc2554d157e47a,train
U6_PV,debutanizer_column,bottom_temperature_a,required,state,ratio,control_suffix,b9fc2554d157e47a,train
U6_ratio,debutanizer_column,bottom_temperature_a,required,state,ratio,unit_suffix,b9fc2554d157e47a,train
bottom temperature a,debutanizer_column,bottom_temperature_a,required,state,ratio,template,28d95af8b7c95a6f,train
bottom temperature a[ratio],debutanizer_column,bottom_temperature_a,required,state,ratio,unit_bracket,28d95af8b7c95a6f,train
bottom_temperature_a,debutanizer_column,bottom_temperature_a,required,state,ratio,normalized,28d95af8b7c95a6f,train
bottom_temperature_a_01,debutanizer_column,bottom_temperature_a,required,state,ratio,channel_suffix,28d95af8b7c95a6f,train
bottom_temperature_a_PV,debutanizer_column,bottom_temperature_a,required,state,ratio,control_suffix,28d95af8b7c95a6f,train
bottom_temperature_a_ratio,debutanizer_column,bottom_temperature_a,required,state,ratio,unit_suffix,28d95af8b7c95a6f,train
bottomtemperaturea,debutanizer_column,bottom_temperature_a,required,state,ratio,compact,28d95af8b7c95a6f,train
塔底温度A,debutanizer_column,bottom_temperature_a,required,state,ratio,template,38189863ee5f8176,train
塔底温度A[ratio],debutanizer_column,bottom_temperature_a,required,state,ratio,unit_bracket,38189863ee5f8176,train
塔底温度A_01,debutanizer_column,bottom_temperature_a,required,state,ratio,channel_suffix,38189863ee5f8176,train
塔底温度A_PV,debutanizer_column,bottom_temperature_a,required,state,ratio,control_suffix,38189863ee5f8176,train
塔底温度A_ratio,debutanizer_column,bottom_temperature_a,required,state,ratio,unit_suffix,38189863ee5f8176,train
装置5-Bottom_Temperature_A-CH30-VALUE,debutanizer_column,bottom_temperature_a,required,state,ratio,vendor_channel_tag,46ae17fecca3ccfb,train
装置5-U6-CH30-VALUE,debutanizer_column,bottom_temperature_a,required,state,ratio,vendor_channel_tag,b9fc2554d157e47a,train
装置5-bottom_temperature_a-CH30-VALUE,debutanizer_column,bottom_temperature_a,required,state,ratio,vendor_channel_tag,28d95af8b7c95a6f,train
装置5-塔底温度A-CH30-VALUE,debutanizer_column,bottom_temperature_a,required,state,ratio,vendor_channel_tag,38189863ee5f8176,train
1号U7,debutanizer_column,bottom_temperature_b,required,state,ratio,equipment_prefix,7990428aef1acc00,train
1号bottom temperature b,debutanizer_column,bottom_temperature_b,required,state,ratio,equipment_prefix,0833c0d512d2e88b,train
1号bottom_temperature_b,debutanizer_column,bottom_temperature_b,required,state,ratio,equipment_prefix,add7a34f9dce48bd,train
1号塔底温度B,debutanizer_column,bottom_temperature_b,required,state,ratio,equipment_prefix,ce93661eb6f1d978,train
A线_U7,debutanizer_column,bottom_temperature_b,required,state,ratio,line_prefix,7990428aef1acc00,train
A线_bottom temperature b,debutanizer_column,bottom_temperature_b,required,state,ratio,line_prefix,0833c0d512d2e88b,train
A线_bottom_temperature_b,debutanizer_column,bottom_temperature_b,required,state,ratio,line_prefix,add7a34f9dce48bd,train
A线_塔底温度B,debutanizer_column,bottom_temperature_b,required,state,ratio,line_prefix,ce93661eb6f1d978,train
BOTTOM_TEMPERATURE_B,debutanizer_column,bottom_temperature_b,required,state,ratio,uppercase,0833c0d512d2e88b,train
B线#U7#测点42,debutanizer_column,bottom_temperature_b,required,state,ratio,line_point_tag,7990428aef1acc00,train
B线#bottom temperature b#测点42,debutanizer_column,bottom_temperature_b,required,state,ratio,line_point_tag,0833c0d512d2e88b,train
B线#bottom_temperature_b#测点42,debutanizer_column,bottom_temperature_b,required,state,ratio,line_point_tag,add7a34f9dce48bd,train
B线#塔底温度B#测点42,debutanizer_column,bottom_temperature_b,required,state,ratio,line_point_tag,ce93661eb6f1d978,train
DCS_03_U7_PV_17,debutanizer_column,bottom_temperature_b,required,state,ratio,vendor_dcs_tag,7990428aef1acc00,train
DCS_03_bottom_temperature_b_PV_17,debutanizer_column,bottom_temperature_b,required,state,ratio,vendor_dcs_tag,0833c0d512d2e88b,train
DCS_03_塔底温度B_PV_17,debutanizer_column,bottom_temperature_b,required,state,ratio,vendor_dcs_tag,ce93661eb6f1d978,train
HMI.22.U7.AI,debutanizer_column,bottom_temperature_b,required,state,ratio,vendor_hmi_tag,7990428aef1acc00,train
HMI.22.bottom_temperature_b.AI,debutanizer_column,bottom_temperature_b,required,state,ratio,vendor_hmi_tag,0833c0d512d2e88b,train
HMI.22.塔底温度B.AI,debutanizer_column,bottom_temperature_b,required,state,ratio,vendor_hmi_tag,ce93661eb6f1d978,train
U7[ratio],debutanizer_column,bottom_temperature_b,required,state,ratio,unit_bracket,7990428aef1acc00,train
U7_01,debutanizer_column,bottom_temperature_b,required,state,ratio,channel_suffix,7990428aef1acc00,train
U7_PV,debutanizer_column,bottom_temperature_b,required,state,ratio,control_suffix,7990428aef1acc00,train
U7_ratio,debutanizer_column,bottom_temperature_b,required,state,ratio,unit_suffix,7990428aef1acc00,train
bottom temperature b,debutanizer_column,bottom_temperature_b,required,state,ratio,template,0833c0d512d2e88b,train
bottom temperature b[ratio],debutanizer_column,bottom_temperature_b,required,state,ratio,unit_bracket,0833c0d512d2e88b,train
bottom_temperature_b,debutanizer_column,bottom_temperature_b,required,state,ratio,normalized,0833c0d512d2e88b,train
bottom_temperature_b[ratio],debutanizer_column,bottom_temperature_b,required,state,ratio,unit_bracket,add7a34f9dce48bd,train
bottom_temperature_b_01,debutanizer_column,bottom_temperature_b,required,state,ratio,channel_suffix,0833c0d512d2e88b,train
bottom_temperature_b_PV,debutanizer_column,bottom_temperature_b,required,state,ratio,control_suffix,0833c0d512d2e88b,train
bottom_temperature_b_ratio,debutanizer_column,bottom_temperature_b,required,state,ratio,unit_suffix,0833c0d512d2e88b,train
bottomtemperatureb,debutanizer_column,bottom_temperature_b,required,state,ratio,compact,0833c0d512d2e88b,train
塔底温度B,debutanizer_column,bottom_temperature_b,required,state,ratio,template,ce93661eb6f1d978,train
塔底温度B[ratio],debutanizer_column,bottom_temperature_b,required,state,ratio,unit_bracket,ce93661eb6f1d978,train
塔底温度B_01,debutanizer_column,bottom_temperature_b,required,state,ratio,channel_suffix,ce93661eb6f1d978,train
塔底温度B_PV,debutanizer_column,bottom_temperature_b,required,state,ratio,control_suffix,ce93661eb6f1d978,train
塔底温度B_ratio,debutanizer_column,bottom_temperature_b,required,state,ratio,unit_suffix,ce93661eb6f1d978,train
装置5-U7-CH30-VALUE,debutanizer_column,bottom_temperature_b,required,state,ratio,vendor_channel_tag,7990428aef1acc00,train
装置5-bottom_temperature_b-CH30-VALUE,debutanizer_column,bottom_temperature_b,required,state,ratio,vendor_channel_tag,0833c0d512d2e88b,train
装置5-塔底温度B-CH30-VALUE,debutanizer_column,bottom_temperature_b,required,state,ratio,vendor_channel_tag,ce93661eb6f1d978,train
1号Flow_To_Next_Process,debutanizer_column,next_process_flow,required,manipulated,ratio,equipment_prefix,a4013b7f28758c00,train
1号U4,debutanizer_column,next_process_flow,required,manipulated,ratio,equipment_prefix,0e4c9faac6428063,train
1号flow to next process,debutanizer_column,next_process_flow,required,manipulated,ratio,equipment_prefix,dd8dd3e3fbe5a2eb,train
1号u4,debutanizer_column,next_process_flow,required,manipulated,ratio,equipment_prefix,1dbe999fcea7e528,train
1号后续流程流量,debutanizer_column,next_process_flow,required,manipulated,ratio,equipment_prefix,8daa7927acc9f867,train
A线_Flow_To_Next_Process,debutanizer_column,next_process_flow,required,manipulated,ratio,line_prefix,a4013b7f28758c00,train
A线_U4,debutanizer_column,next_process_flow,required,manipulated,ratio,line_prefix,0e4c9faac6428063,train
A线_flow to next process,debutanizer_column,next_process_flow,required,manipulated,ratio,line_prefix,dd8dd3e3fbe5a2eb,train
A线_u4,debutanizer_column,next_process_flow,required,manipulated,ratio,line_prefix,1dbe999fcea7e528,train
A线_后续流程流量,debutanizer_column,next_process_flow,required,manipulated,ratio,line_prefix,8daa7927acc9f867,train
B线#Flow_To_Next_Process#测点42,debutanizer_column,next_process_flow,required,manipulated,ratio,line_point_tag,a4013b7f28758c00,train
B线#U4#测点42,debutanizer_column,next_process_flow,required,manipulated,ratio,line_point_tag,0e4c9faac6428063,train
B线#flow to next process#测点42,debutanizer_column,next_process_flow,required,manipulated,ratio,line_point_tag,dd8dd3e3fbe5a2eb,train
B线#u4#测点42,debutanizer_column,next_process_flow,required,manipulated,ratio,line_point_tag,1dbe999fcea7e528,train
B线#后续流程流量#测点42,debutanizer_column,next_process_flow,required,manipulated,ratio,line_point_tag,8daa7927acc9f867,train
DCS_03_Flow_To_Next_Process_PV_17,debutanizer_column,next_process_flow,required,manipulated,ratio,vendor_dcs_tag,a4013b7f28758c00,train
DCS_03_U4_PV_17,debutanizer_column,next_process_flow,required,manipulated,ratio,vendor_dcs_tag,0e4c9faac6428063,train
DCS_03_flow_to_next_process_PV_17,debutanizer_column,next_process_flow,required,manipulated,ratio,vendor_dcs_tag,dd8dd3e3fbe5a2eb,train
DCS_03_u4_PV_17,debutanizer_column,next_process_flow,required,manipulated,ratio,vendor_dcs_tag,1dbe999fcea7e528,train
DCS_03_后续流程流量_PV_17,debutanizer_column,next_process_flow,required,manipulated,ratio,vendor_dcs_tag,8daa7927acc9f867,train
FLOW_TO_NEXT_PROCESS,debutanizer_column,next_process_flow,required,manipulated,ratio,uppercase,dd8dd3e3fbe5a2eb,train
FlowToNextProcess,debutanizer_column,next_process_flow,required,manipulated,ratio,compact,a4013b7f28758c00,train
Flow_To_Next_Process,debutanizer_column,next_process_flow,required,manipulated,ratio,template,a4013b7f28758c00,train
Flow_To_Next_Process[ratio],debutanizer_column,next_process_flow,required,manipulated,ratio,unit_bracket,a4013b7f28758c00,train
Flow_To_Next_Process_01,debutanizer_column,next_process_flow,required,manipulated,ratio,channel_suffix,a4013b7f28758c00,train
Flow_To_Next_Process_SP,debutanizer_column,next_process_flow,required,manipulated,ratio,control_suffix,a4013b7f28758c00,train
Flow_To_Next_Process_ratio,debutanizer_column,next_process_flow,required,manipulated,ratio,unit_suffix,a4013b7f28758c00,train
HMI.22.Flow_To_Next_Process.AI,debutanizer_column,next_process_flow,required,manipulated,ratio,vendor_hmi_tag,a4013b7f28758c00,train
HMI.22.U4.AI,debutanizer_column,next_process_flow,required,manipulated,ratio,vendor_hmi_tag,0e4c9faac6428063,train
HMI.22.flow_to_next_process.AI,debutanizer_column,next_process_flow,required,manipulated,ratio,vendor_hmi_tag,dd8dd3e3fbe5a2eb,train
HMI.22.u4.AI,debutanizer_column,next_process_flow,required,manipulated,ratio,vendor_hmi_tag,1dbe999fcea7e528,train
HMI.22.后续流程流量.AI,debutanizer_column,next_process_flow,required,manipulated,ratio,vendor_hmi_tag,8daa7927acc9f867,train
U4,debutanizer_column,next_process_flow,required,manipulated,ratio,uppercase,1dbe999fcea7e528,train
U4[ratio],debutanizer_column,next_process_flow,required,manipulated,ratio,unit_bracket,0e4c9faac6428063,train
U4_01,debutanizer_column,next_process_flow,required,manipulated,ratio,channel_suffix,0e4c9faac6428063,train
U4_SP,debutanizer_column,next_process_flow,required,manipulated,ratio,control_suffix,0e4c9faac6428063,train
U4_ratio,debutanizer_column,next_process_flow,required,manipulated,ratio,unit_suffix,0e4c9faac6428063,train
flow to next process,debutanizer_column,next_process_flow,required,manipulated,ratio,template,dd8dd3e3fbe5a2eb,train
flow to next process[ratio],debutanizer_column,next_process_flow,required,manipulated,ratio,unit_bracket,dd8dd3e3fbe5a2eb,train
flow_to_next_process,debutanizer_column,next_process_flow,required,manipulated,ratio,normalized,dd8dd3e3fbe5a2eb,train
flow_to_next_process_01,debutanizer_column,next_process_flow,required,manipulated,ratio,channel_suffix,dd8dd3e3fbe5a2eb,train
flow_to_next_process_SP,debutanizer_column,next_process_flow,required,manipulated,ratio,control_suffix,dd8dd3e3fbe5a2eb,train
flow_to_next_process_ratio,debutanizer_column,next_process_flow,required,manipulated,ratio,unit_suffix,dd8dd3e3fbe5a2eb,train
flowtonextprocess,debutanizer_column,next_process_flow,required,manipulated,ratio,compact,dd8dd3e3fbe5a2eb,train
u4,debutanizer_column,next_process_flow,required,manipulated,ratio,template,1dbe999fcea7e528,train
u4[ratio],debutanizer_column,next_process_flow,required,manipulated,ratio,unit_bracket,1dbe999fcea7e528,train
u4_01,debutanizer_column,next_process_flow,required,manipulated,ratio,channel_suffix,1dbe999fcea7e528,train
u4_SP,debutanizer_column,next_process_flow,required,manipulated,ratio,control_suffix,1dbe999fcea7e528,train
u4_ratio,debutanizer_column,next_process_flow,required,manipulated,ratio,unit_suffix,1dbe999fcea7e528,train
后续流程流量,debutanizer_column,next_process_flow,required,manipulated,ratio,template,8daa7927acc9f867,train
后续流程流量[ratio],debutanizer_column,next_process_flow,required,manipulated,ratio,unit_bracket,8daa7927acc9f867,train
后续流程流量_01,debutanizer_column,next_process_flow,required,manipulated,ratio,channel_suffix,8daa7927acc9f867,train
后续流程流量_SP,debutanizer_column,next_process_flow,required,manipulated,ratio,control_suffix,8daa7927acc9f867,train
后续流程流量_ratio,debutanizer_column,next_process_flow,required,manipulated,ratio,unit_suffix,8daa7927acc9f867,train
装置5-Flow_To_Next_Process-CH30-VALUE,debutanizer_column,next_process_flow,required,manipulated,ratio,vendor_channel_tag,a4013b7f28758c00,train
装置5-U4-CH30-VALUE,debutanizer_column,next_process_flow,required,manipulated,ratio,vendor_channel_tag,0e4c9faac6428063,train
装置5-flow_to_next_process-CH30-VALUE,debutanizer_column,next_process_flow,required,manipulated,ratio,vendor_channel_tag,dd8dd3e3fbe5a2eb,train
装置5-u4-CH30-VALUE,debutanizer_column,next_process_flow,required,manipulated,ratio,vendor_channel_tag,1dbe999fcea7e528,train
装置5-后续流程流量-CH30-VALUE,debutanizer_column,next_process_flow,required,manipulated,ratio,vendor_channel_tag,8daa7927acc9f867,train
1号Reflux_Flow,debutanizer_column,reflux_flow,required,manipulated,ratio,equipment_prefix,a648944689ebb53f,train
1号U3,debutanizer_column,reflux_flow,required,manipulated,ratio,equipment_prefix,1e3db98d74b22695,train
1号u3,debutanizer_column,reflux_flow,required,manipulated,ratio,equipment_prefix,90d2ddbf05d5267f,train
1号回流流量,debutanizer_column,reflux_flow,required,manipulated,ratio,equipment_prefix,fc4afd7e8a588897,train
A线_Reflux_Flow,debutanizer_column,reflux_flow,required,manipulated,ratio,line_prefix,a648944689ebb53f,train
A线_U3,debutanizer_column,reflux_flow,required,manipulated,ratio,line_prefix,1e3db98d74b22695,train
A线_u3,debutanizer_column,reflux_flow,required,manipulated,ratio,line_prefix,90d2ddbf05d5267f,train
A线_回流流量,debutanizer_column,reflux_flow,required,manipulated,ratio,line_prefix,fc4afd7e8a588897,train
B线#Reflux_Flow#测点42,debutanizer_column,reflux_flow,required,manipulated,ratio,line_point_tag,a648944689ebb53f,train
B线#U3#测点42,debutanizer_column,reflux_flow,required,manipulated,ratio,line_point_tag,1e3db98d74b22695,train
B线#u3#测点42,debutanizer_column,reflux_flow,required,manipulated,ratio,line_point_tag,90d2ddbf05d5267f,train
B线#回流流量#测点42,debutanizer_column,reflux_flow,required,manipulated,ratio,line_point_tag,fc4afd7e8a588897,train
DCS_03_Reflux_Flow_PV_17,debutanizer_column,reflux_flow,required,manipulated,ratio,vendor_dcs_tag,a648944689ebb53f,train
DCS_03_U3_PV_17,debutanizer_column,reflux_flow,required,manipulated,ratio,vendor_dcs_tag,1e3db98d74b22695,train
DCS_03_u3_PV_17,debutanizer_column,reflux_flow,required,manipulated,ratio,vendor_dcs_tag,90d2ddbf05d5267f,train
DCS_03_回流流量_PV_17,debutanizer_column,reflux_flow,required,manipulated,ratio,vendor_dcs_tag,fc4afd7e8a588897,train
HMI.22.Reflux_Flow.AI,debutanizer_column,reflux_flow,required,manipulated,ratio,vendor_hmi_tag,a648944689ebb53f,train
HMI.22.U3.AI,debutanizer_column,reflux_flow,required,manipulated,ratio,vendor_hmi_tag,1e3db98d74b22695,train
HMI.22.u3.AI,debutanizer_column,reflux_flow,required,manipulated,ratio,vendor_hmi_tag,90d2ddbf05d5267f,train
HMI.22.回流流量.AI,debutanizer_column,reflux_flow,required,manipulated,ratio,vendor_hmi_tag,fc4afd7e8a588897,train
RefluxFlow,debutanizer_column,reflux_flow,required,manipulated,ratio,compact,a648944689ebb53f,train
Reflux_Flow,debutanizer_column,reflux_flow,required,manipulated,ratio,template,a648944689ebb53f,train
Reflux_Flow[ratio],debutanizer_column,reflux_flow,required,manipulated,ratio,unit_bracket,a648944689ebb53f,train
Reflux_Flow_01,debutanizer_column,reflux_flow,required,manipulated,ratio,channel_suffix,a648944689ebb53f,train
Reflux_Flow_SP,debutanizer_column,reflux_flow,required,manipulated,ratio,control_suffix,a648944689ebb53f,train
Reflux_Flow_ratio,debutanizer_column,reflux_flow,required,manipulated,ratio,unit_suffix,a648944689ebb53f,train
U3,debutanizer_column,reflux_flow,required,manipulated,ratio,uppercase,90d2ddbf05d5267f,train
U3[ratio],debutanizer_column,reflux_flow,required,manipulated,ratio,unit_bracket,1e3db98d74b22695,train
U3_01,debutanizer_column,reflux_flow,required,manipulated,ratio,channel_suffix,1e3db98d74b22695,train
U3_SP,debutanizer_column,reflux_flow,required,manipulated,ratio,control_suffix,1e3db98d74b22695,train
U3_ratio,debutanizer_column,reflux_flow,required,manipulated,ratio,unit_suffix,1e3db98d74b22695,train
u3,debutanizer_column,reflux_flow,required,manipulated,ratio,template,90d2ddbf05d5267f,train
u3[ratio],debutanizer_column,reflux_flow,required,manipulated,ratio,unit_bracket,90d2ddbf05d5267f,train
u3_01,debutanizer_column,reflux_flow,required,manipulated,ratio,channel_suffix,90d2ddbf05d5267f,train
u3_SP,debutanizer_column,reflux_flow,required,manipulated,ratio,control_suffix,90d2ddbf05d5267f,train
u3_ratio,debutanizer_column,reflux_flow,required,manipulated,ratio,unit_suffix,90d2ddbf05d5267f,train
回流流量,debutanizer_column,reflux_flow,required,manipulated,ratio,template,fc4afd7e8a588897,train
回流流量[ratio],debutanizer_column,reflux_flow,required,manipulated,ratio,unit_bracket,fc4afd7e8a588897,train
回流流量_01,debutanizer_column,reflux_flow,required,manipulated,ratio,channel_suffix,fc4afd7e8a588897,train
回流流量_SP,debutanizer_column,reflux_flow,required,manipulated,ratio,control_suffix,fc4afd7e8a588897,train
回流流量_ratio,debutanizer_column,reflux_flow,required,manipulated,ratio,unit_suffix,fc4afd7e8a588897,train
装置5-Reflux_Flow-CH30-VALUE,debutanizer_column,reflux_flow,required,manipulated,ratio,vendor_channel_tag,a648944689ebb53f,train
装置5-U3-CH30-VALUE,debutanizer_column,reflux_flow,required,manipulated,ratio,vendor_channel_tag,1e3db98d74b22695,train
装置5-u3-CH30-VALUE,debutanizer_column,reflux_flow,required,manipulated,ratio,vendor_channel_tag,90d2ddbf05d5267f,train
装置5-回流流量-CH30-VALUE,debutanizer_column,reflux_flow,required,manipulated,ratio,vendor_channel_tag,fc4afd7e8a588897,train
1号row_number,debutanizer_column,sample_index,useful,identifier,string,equipment_prefix,582b1cfab8b037d1,train
1号sample,debutanizer_column,sample_index,useful,identifier,string,equipment_prefix,5b252f5f612e2059,train
1号sample_index,debutanizer_column,sample_index,useful,identifier,string,equipment_prefix,59921377548de244,train
1号样本序号,debutanizer_column,sample_index,useful,identifier,string,equipment_prefix,7efe3537e6ca05e0,train
A线_row_number,debutanizer_column,sample_index,useful,identifier,string,line_prefix,582b1cfab8b037d1,train
A线_sample,debutanizer_column,sample_index,useful,identifier,string,line_prefix,5b252f5f612e2059,train
A线_sample_index,debutanizer_column,sample_index,useful,identifier,string,line_prefix,59921377548de244,train
A线_样本序号,debutanizer_column,sample_index,useful,identifier,string,line_prefix,7efe3537e6ca05e0,train
B线#row_number#测点42,debutanizer_column,sample_index,useful,identifier,string,line_point_tag,582b1cfab8b037d1,train
B线#sample#测点42,debutanizer_column,sample_index,useful,identifier,string,line_point_tag,5b252f5f612e2059,train
B线#sample_index#测点42,debutanizer_column,sample_index,useful,identifier,string,line_point_tag,59921377548de244,train
B线#样本序号#测点42,debutanizer_column,sample_index,useful,identifier,string,line_point_tag,7efe3537e6ca05e0,train
DCS_03_row_number_PV_17,debutanizer_column,sample_index,useful,identifier,string,vendor_dcs_tag,582b1cfab8b037d1,train
DCS_03_sample_PV_17,debutanizer_column,sample_index,useful,identifier,string,vendor_dcs_tag,5b252f5f612e2059,train
DCS_03_sample_index_PV_17,debutanizer_column,sample_index,useful,identifier,string,vendor_dcs_tag,59921377548de244,train
DCS_03_样本序号_PV_17,debutanizer_column,sample_index,useful,identifier,string,vendor_dcs_tag,7efe3537e6ca05e0,train
HMI.22.row_number.AI,debutanizer_column,sample_index,useful,identifier,string,vendor_hmi_tag,582b1cfab8b037d1,train
HMI.22.sample.AI,debutanizer_column,sample_index,useful,identifier,string,vendor_hmi_tag,5b252f5f612e2059,train
HMI.22.sample_index.AI,debutanizer_column,sample_index,useful,identifier,string,vendor_hmi_tag,59921377548de244,train
HMI.22.样本序号.AI,debutanizer_column,sample_index,useful,identifier,string,vendor_hmi_tag,7efe3537e6ca05e0,train
ROW_NUMBER,debutanizer_column,sample_index,useful,identifier,string,uppercase,582b1cfab8b037d1,train
SAMPLE,debutanizer_column,sample_index,useful,identifier,string,uppercase,5b252f5f612e2059,train
SAMPLE_INDEX,debutanizer_column,sample_index,useful,identifier,string,uppercase,59921377548de244,train
row_number,debutanizer_column,sample_index,useful,identifier,string,template,582b1cfab8b037d1,train
row_number_01,debutanizer_column,sample_index,useful,identifier,string,channel_suffix,582b1cfab8b037d1,train
row_number_PV,debutanizer_column,sample_index,useful,identifier,string,control_suffix,582b1cfab8b037d1,train
rownumber,debutanizer_column,sample_index,useful,identifier,string,compact,582b1cfab8b037d1,train
sample,debutanizer_column,sample_index,useful,identifier,string,template,5b252f5f612e2059,train
sample_01,debutanizer_column,sample_index,useful,identifier,string,channel_suffix,5b252f5f612e2059,train
sample_PV,debutanizer_column,sample_index,useful,identifier,string,control_suffix,5b252f5f612e2059,train
sample_index,debutanizer_column,sample_index,useful,identifier,string,template,59921377548de244,train
sample_index_01,debutanizer_column,sample_index,useful,identifier,string,channel_suffix,59921377548de244,train
sample_index_PV,debutanizer_column,sample_index,useful,identifier,string,control_suffix,59921377548de244,train
sampleindex,debutanizer_column,sample_index,useful,identifier,string,compact,59921377548de244,train
样本序号,debutanizer_column,sample_index,useful,identifier,string,template,7efe3537e6ca05e0,train
样本序号_01,debutanizer_column,sample_index,useful,identifier,string,channel_suffix,7efe3537e6ca05e0,train
样本序号_PV,debutanizer_column,sample_index,useful,identifier,string,control_suffix,7efe3537e6ca05e0,train
装置5-row_number-CH30-VALUE,debutanizer_column,sample_index,useful,identifier,string,vendor_channel_tag,582b1cfab8b037d1,train
装置5-sample-CH30-VALUE,debutanizer_column,sample_index,useful,identifier,string,vendor_channel_tag,5b252f5f612e2059,train
装置5-sample_index-CH30-VALUE,debutanizer_column,sample_index,useful,identifier,string,vendor_channel_tag,59921377548de244,train
装置5-样本序号-CH30-VALUE,debutanizer_column,sample_index,useful,identifier,string,vendor_channel_tag,7efe3537e6ca05e0,train
1号sample_timestamp,debutanizer_column,timestamp,required,time,datetime,equipment_prefix,6e7627bb8a7edfc0,train
1号sequence_time,debutanizer_column,timestamp,required,time,datetime,equipment_prefix,46f73fc82b553caa,train
1号time,debutanizer_column,timestamp,required,time,datetime,equipment_prefix,1b5a4d36b699726e,train
1号timestamp,debutanizer_column,timestamp,required,time,datetime,equipment_prefix,de1273b8913154af,train
A线_sample_timestamp,debutanizer_column,timestamp,required,time,datetime,line_prefix,6e7627bb8a7edfc0,train
A线_sequence_time,debutanizer_column,timestamp,required,time,datetime,line_prefix,46f73fc82b553caa,train
A线_time,debutanizer_column,timestamp,required,time,datetime,line_prefix,1b5a4d36b699726e,train
A线_timestamp,debutanizer_column,timestamp,required,time,datetime,line_prefix,de1273b8913154af,train
B线#sample_timestamp#测点42,debutanizer_column,timestamp,required,time,datetime,line_point_tag,6e7627bb8a7edfc0,train
B线#sequence_time#测点42,debutanizer_column,timestamp,required,time,datetime,line_point_tag,46f73fc82b553caa,train
B线#time#测点42,debutanizer_column,timestamp,required,time,datetime,line_point_tag,1b5a4d36b699726e,train
B线#timestamp#测点42,debutanizer_column,timestamp,required,time,datetime,line_point_tag,de1273b8913154af,train
DCS_03_sample_timestamp_PV_17,debutanizer_column,timestamp,required,time,datetime,vendor_dcs_tag,6e7627bb8a7edfc0,train
DCS_03_sequence_time_PV_17,debutanizer_column,timestamp,required,time,datetime,vendor_dcs_tag,46f73fc82b553caa,train
DCS_03_time_PV_17,debutanizer_column,timestamp,required,time,datetime,vendor_dcs_tag,1b5a4d36b699726e,train
DCS_03_timestamp_PV_17,debutanizer_column,timestamp,required,time,datetime,vendor_dcs_tag,de1273b8913154af,train
HMI.22.sample_timestamp.AI,debutanizer_column,timestamp,required,time,datetime,vendor_hmi_tag,6e7627bb8a7edfc0,train
HMI.22.sequence_time.AI,debutanizer_column,timestamp,required,time,datetime,vendor_hmi_tag,46f73fc82b553caa,train
HMI.22.time.AI,debutanizer_column,timestamp,required,time,datetime,vendor_hmi_tag,1b5a4d36b699726e,train
HMI.22.timestamp.AI,debutanizer_column,timestamp,required,time,datetime,vendor_hmi_tag,de1273b8913154af,train
SAMPLE_TIMESTAMP,debutanizer_column,timestamp,required,time,datetime,uppercase,6e7627bb8a7edfc0,train
SEQUENCE_TIME,debutanizer_column,timestamp,required,time,datetime,uppercase,46f73fc82b553caa,train
TIME,debutanizer_column,timestamp,required,time,datetime,uppercase,1b5a4d36b699726e,train
TIMESTAMP,debutanizer_column,timestamp,required,time,datetime,uppercase,de1273b8913154af,train
sample_timestamp,debutanizer_column,timestamp,required,time,datetime,template,6e7627bb8a7edfc0,train
sample_timestamp_01,debutanizer_column,timestamp,required,time,datetime,channel_suffix,6e7627bb8a7edfc0,train
sample_timestamp_PV,debutanizer_column,timestamp,required,time,datetime,control_suffix,6e7627bb8a7edfc0,train
sampletimestamp,debutanizer_column,timestamp,required,time,datetime,compact,6e7627bb8a7edfc0,train
sequence_time,debutanizer_column,timestamp,required,time,datetime,template,46f73fc82b553caa,train
sequence_time_01,debutanizer_column,timestamp,required,time,datetime,channel_suffix,46f73fc82b553caa,train
sequence_time_PV,debutanizer_column,timestamp,required,time,datetime,control_suffix,46f73fc82b553caa,train
sequencetime,debutanizer_column,timestamp,required,time,datetime,compact,46f73fc82b553caa,train
time,debutanizer_column,timestamp,required,time,datetime,template,1b5a4d36b699726e,train
time_01,debutanizer_column,timestamp,required,time,datetime,channel_suffix,1b5a4d36b699726e,train
time_PV,debutanizer_column,timestamp,required,time,datetime,control_suffix,1b5a4d36b699726e,train
timestamp,debutanizer_column,timestamp,required,time,datetime,template,de1273b8913154af,train
timestamp_01,debutanizer_column,timestamp,required,time,datetime,channel_suffix,de1273b8913154af,train
timestamp_PV,debutanizer_column,timestamp,required,time,datetime,control_suffix,de1273b8913154af,train
装置5-sample_timestamp-CH30-VALUE,debutanizer_column,timestamp,required,time,datetime,vendor_channel_tag,6e7627bb8a7edfc0,train
装置5-sequence_time-CH30-VALUE,debutanizer_column,timestamp,required,time,datetime,vendor_channel_tag,46f73fc82b553caa,train
装置5-time-CH30-VALUE,debutanizer_column,timestamp,required,time,datetime,vendor_channel_tag,1b5a4d36b699726e,train
装置5-timestamp-CH30-VALUE,debutanizer_column,timestamp,required,time,datetime,vendor_channel_tag,de1273b8913154af,train
1号U2,debutanizer_column,top_pressure,required,state,ratio,equipment_prefix,3e33769c78213a1c,train
1号u2,debutanizer_column,top_pressure,required,state,ratio,equipment_prefix,7b52f4e35210a730,train
1号塔顶压力,debutanizer_column,top_pressure,required,state,ratio,equipment_prefix,1ae6aadb25847fe9,train
A线_U2,debutanizer_column,top_pressure,required,state,ratio,line_prefix,3e33769c78213a1c,train
A线_u2,debutanizer_column,top_pressure,required,state,ratio,line_prefix,7b52f4e35210a730,train
A线_塔顶压力,debutanizer_column,top_pressure,required,state,ratio,line_prefix,1ae6aadb25847fe9,train
B线#U2#测点42,debutanizer_column,top_pressure,required,state,ratio,line_point_tag,3e33769c78213a1c,train
B线#u2#测点42,debutanizer_column,top_pressure,required,state,ratio,line_point_tag,7b52f4e35210a730,train
B线#塔顶压力#测点42,debutanizer_column,top_pressure,required,state,ratio,line_point_tag,1ae6aadb25847fe9,train
DCS_03_U2_PV_17,debutanizer_column,top_pressure,required,state,ratio,vendor_dcs_tag,3e33769c78213a1c,train
DCS_03_u2_PV_17,debutanizer_column,top_pressure,required,state,ratio,vendor_dcs_tag,7b52f4e35210a730,train
DCS_03_塔顶压力_PV_17,debutanizer_column,top_pressure,required,state,ratio,vendor_dcs_tag,1ae6aadb25847fe9,train
HMI.22.U2.AI,debutanizer_column,top_pressure,required,state,ratio,vendor_hmi_tag,3e33769c78213a1c,train
HMI.22.u2.AI,debutanizer_column,top_pressure,required,state,ratio,vendor_hmi_tag,7b52f4e35210a730,train
HMI.22.塔顶压力.AI,debutanizer_column,top_pressure,required,state,ratio,vendor_hmi_tag,1ae6aadb25847fe9,train
U2,debutanizer_column,top_pressure,required,state,ratio,uppercase,7b52f4e35210a730,train
U2[ratio],debutanizer_column,top_pressure,required,state,ratio,unit_bracket,3e33769c78213a1c,train
U2_01,debutanizer_column,top_pressure,required,state,ratio,channel_suffix,3e33769c78213a1c,train
U2_PV,debutanizer_column,top_pressure,required,state,ratio,control_suffix,3e33769c78213a1c,train
U2_ratio,debutanizer_column,top_pressure,required,state,ratio,unit_suffix,3e33769c78213a1c,train
u2,debutanizer_column,top_pressure,required,state,ratio,template,7b52f4e35210a730,train
u2[ratio],debutanizer_column,top_pressure,required,state,ratio,unit_bracket,7b52f4e35210a730,train
u2_01,debutanizer_column,top_pressure,required,state,ratio,channel_suffix,7b52f4e35210a730,train
u2_PV,debutanizer_column,top_pressure,required,state,ratio,control_suffix,7b52f4e35210a730,train
u2_ratio,debutanizer_column,top_pressure,required,state,ratio,unit_suffix,7b52f4e35210a730,train
塔顶压力,debutanizer_column,top_pressure,required,state,ratio,template,1ae6aadb25847fe9,train
塔顶压力[ratio],debutanizer_column,top_pressure,required,state,ratio,unit_bracket,1ae6aadb25847fe9,train
塔顶压力_01,debutanizer_column,top_pressure,required,state,ratio,channel_suffix,1ae6aadb25847fe9,train
塔顶压力_PV,debutanizer_column,top_pressure,required,state,ratio,control_suffix,1ae6aadb25847fe9,train
塔顶压力_ratio,debutanizer_column,top_pressure,required,state,ratio,unit_suffix,1ae6aadb25847fe9,train
装置5-U2-CH30-VALUE,debutanizer_column,top_pressure,required,state,ratio,vendor_channel_tag,3e33769c78213a1c,train
装置5-u2-CH30-VALUE,debutanizer_column,top_pressure,required,state,ratio,vendor_channel_tag,7b52f4e35210a730,train
装置5-塔顶压力-CH30-VALUE,debutanizer_column,top_pressure,required,state,ratio,vendor_channel_tag,1ae6aadb25847fe9,train
1号Top_Temperature,debutanizer_column,top_temperature,required,state,ratio,equipment_prefix,b845a7211809ccb9,train
1号U1,debutanizer_column,top_temperature,required,state,ratio,equipment_prefix,7ac41a0d3e4c172a,train
1号top temperature,debutanizer_column,top_temperature,required,state,ratio,equipment_prefix,a99a7dc8d0d3ebb1,train
1号top_temperature,debutanizer_column,top_temperature,required,state,ratio,equipment_prefix,e1f8d485d8809f91,train
1号u1,debutanizer_column,top_temperature,required,state,ratio,equipment_prefix,9c71b249d9401c2a,train
A线_Top_Temperature,debutanizer_column,top_temperature,required,state,ratio,line_prefix,b845a7211809ccb9,train
A线_U1,debutanizer_column,top_temperature,required,state,ratio,line_prefix,7ac41a0d3e4c172a,train
A线_top temperature,debutanizer_column,top_temperature,required,state,ratio,line_prefix,a99a7dc8d0d3ebb1,train
A线_top_temperature,debutanizer_column,top_temperature,required,state,ratio,line_prefix,e1f8d485d8809f91,train
A线_u1,debutanizer_column,top_temperature,required,state,ratio,line_prefix,9c71b249d9401c2a,train
B线#Top_Temperature#测点42,debutanizer_column,top_temperature,required,state,ratio,line_point_tag,b845a7211809ccb9,train
B线#U1#测点42,debutanizer_column,top_temperature,required,state,ratio,line_point_tag,7ac41a0d3e4c172a,train
B线#top temperature#测点42,debutanizer_column,top_temperature,required,state,ratio,line_point_tag,a99a7dc8d0d3ebb1,train
B线#top_temperature#测点42,debutanizer_column,top_temperature,required,state,ratio,line_point_tag,e1f8d485d8809f91,train
B线#u1#测点42,debutanizer_column,top_temperature,required,state,ratio,line_point_tag,9c71b249d9401c2a,train
DCS_03_Top_Temperature_PV_17,debutanizer_column,top_temperature,required,state,ratio,vendor_dcs_tag,b845a7211809ccb9,train
DCS_03_U1_PV_17,debutanizer_column,top_temperature,required,state,ratio,vendor_dcs_tag,7ac41a0d3e4c172a,train
DCS_03_top_temperature_PV_17,debutanizer_column,top_temperature,required,state,ratio,vendor_dcs_tag,a99a7dc8d0d3ebb1,train
DCS_03_u1_PV_17,debutanizer_column,top_temperature,required,state,ratio,vendor_dcs_tag,9c71b249d9401c2a,train
HMI.22.Top_Temperature.AI,debutanizer_column,top_temperature,required,state,ratio,vendor_hmi_tag,b845a7211809ccb9,train
HMI.22.U1.AI,debutanizer_column,top_temperature,required,state,ratio,vendor_hmi_tag,7ac41a0d3e4c172a,train
HMI.22.top_temperature.AI,debutanizer_column,top_temperature,required,state,ratio,vendor_hmi_tag,a99a7dc8d0d3ebb1,train
HMI.22.u1.AI,debutanizer_column,top_temperature,required,state,ratio,vendor_hmi_tag,9c71b249d9401c2a,train
TOP_TEMPERATURE,debutanizer_column,top_temperature,required,state,ratio,uppercase,a99a7dc8d0d3ebb1,train
TopTemperature,debutanizer_column,top_temperature,required,state,ratio,compact,b845a7211809ccb9,train
Top_Temperature,debutanizer_column,top_temperature,required,state,ratio,template,b845a7211809ccb9,train
Top_Temperature[ratio],debutanizer_column,top_temperature,required,state,ratio,unit_bracket,b845a7211809ccb9,train
Top_Temperature_01,debutanizer_column,top_temperature,required,state,ratio,channel_suffix,b845a7211809ccb9,train
Top_Temperature_PV,debutanizer_column,top_temperature,required,state,ratio,control_suffix,b845a7211809ccb9,train
Top_Temperature_ratio,debutanizer_column,top_temperature,required,state,ratio,unit_suffix,b845a7211809ccb9,train
U1,debutanizer_column,top_temperature,required,state,ratio,uppercase,9c71b249d9401c2a,train
U1[ratio],debutanizer_column,top_temperature,required,state,ratio,unit_bracket,7ac41a0d3e4c172a,train
U1_01,debutanizer_column,top_temperature,required,state,ratio,channel_suffix,7ac41a0d3e4c172a,train
U1_PV,debutanizer_column,top_temperature,required,state,ratio,control_suffix,7ac41a0d3e4c172a,train
U1_ratio,debutanizer_column,top_temperature,required,state,ratio,unit_suffix,7ac41a0d3e4c172a,train
top temperature,debutanizer_column,top_temperature,required,state,ratio,template,a99a7dc8d0d3ebb1,train
top temperature[ratio],debutanizer_column,top_temperature,required,state,ratio,unit_bracket,a99a7dc8d0d3ebb1,train
top_temperature,debutanizer_column,top_temperature,required,state,ratio,normalized,a99a7dc8d0d3ebb1,train
top_temperature[ratio],debutanizer_column,top_temperature,required,state,ratio,unit_bracket,e1f8d485d8809f91,train
top_temperature_01,debutanizer_column,top_temperature,required,state,ratio,channel_suffix,a99a7dc8d0d3ebb1,train
top_temperature_PV,debutanizer_column,top_temperature,required,state,ratio,control_suffix,a99a7dc8d0d3ebb1,train
top_temperature_ratio,debutanizer_column,top_temperature,required,state,ratio,unit_suffix,a99a7dc8d0d3ebb1,train
toptemperature,debutanizer_column,top_temperature,required,state,ratio,compact,a99a7dc8d0d3ebb1,train
u1,debutanizer_column,top_temperature,required,state,ratio,template,9c71b249d9401c2a,train
u1[ratio],debutanizer_column,top_temperature,required,state,ratio,unit_bracket,9c71b249d9401c2a,train
u1_01,debutanizer_column,top_temperature,required,state,ratio,channel_suffix,9c71b249d9401c2a,train
u1_PV,debutanizer_column,top_temperature,required,state,ratio,control_suffix,9c71b249d9401c2a,train
u1_ratio,debutanizer_column,top_temperature,required,state,ratio,unit_suffix,9c71b249d9401c2a,train
装置5-Top_Temperature-CH30-VALUE,debutanizer_column,top_temperature,required,state,ratio,vendor_channel_tag,b845a7211809ccb9,train
装置5-U1-CH30-VALUE,debutanizer_column,top_temperature,required,state,ratio,vendor_channel_tag,7ac41a0d3e4c172a,train
装置5-top_temperature-CH30-VALUE,debutanizer_column,top_temperature,required,state,ratio,vendor_channel_tag,a99a7dc8d0d3ebb1,train
装置5-u1-CH30-VALUE,debutanizer_column,top_temperature,required,state,ratio,vendor_channel_tag,9c71b249d9401c2a,train
1号Tray6_Temperature,debutanizer_column,tray6_temperature,required,state,ratio,equipment_prefix,c02c89085913bbb5,train
1号U5,debutanizer_column,tray6_temperature,required,state,ratio,equipment_prefix,9926170921c226af,train
1号sixth tray temperature,debutanizer_column,tray6_temperature,required,state,ratio,equipment_prefix,ed413068629a8d7f,train
1号tray6_temperature,debutanizer_column,tray6_temperature,required,state,ratio,equipment_prefix,87545216a94cadb1,train
1号u5,debutanizer_column,tray6_temperature,required,state,ratio,equipment_prefix,faf42d4328df764a,train
A线_Tray6_Temperature,debutanizer_column,tray6_temperature,required,state,ratio,line_prefix,c02c89085913bbb5,train
A线_U5,debutanizer_column,tray6_temperature,required,state,ratio,line_prefix,9926170921c226af,train
A线_sixth tray temperature,debutanizer_column,tray6_temperature,required,state,ratio,line_prefix,ed413068629a8d7f,train
A线_tray6_temperature,debutanizer_column,tray6_temperature,required,state,ratio,line_prefix,87545216a94cadb1,train
A线_u5,debutanizer_column,tray6_temperature,required,state,ratio,line_prefix,faf42d4328df764a,train
B线#Tray6_Temperature#测点42,debutanizer_column,tray6_temperature,required,state,ratio,line_point_tag,c02c89085913bbb5,train
B线#U5#测点42,debutanizer_column,tray6_temperature,required,state,ratio,line_point_tag,9926170921c226af,train
B线#sixth tray temperature#测点42,debutanizer_column,tray6_temperature,required,state,ratio,line_point_tag,ed413068629a8d7f,train
B线#tray6_temperature#测点42,debutanizer_column,tray6_temperature,required,state,ratio,line_point_tag,87545216a94cadb1,train
B线#u5#测点42,debutanizer_column,tray6_temperature,required,state,ratio,line_point_tag,faf42d4328df764a,train
DCS_03_Tray6_Temperature_PV_17,debutanizer_column,tray6_temperature,required,state,ratio,vendor_dcs_tag,c02c89085913bbb5,train
DCS_03_U5_PV_17,debutanizer_column,tray6_temperature,required,state,ratio,vendor_dcs_tag,9926170921c226af,train
DCS_03_sixth_tray_temperature_PV_17,debutanizer_column,tray6_temperature,required,state,ratio,vendor_dcs_tag,ed413068629a8d7f,train
DCS_03_tray6_temperature_PV_17,debutanizer_column,tray6_temperature,required,state,ratio,vendor_dcs_tag,87545216a94cadb1,train
DCS_03_u5_PV_17,debutanizer_column,tray6_temperature,required,state,ratio,vendor_dcs_tag,faf42d4328df764a,train
HMI.22.Tray6_Temperature.AI,debutanizer_column,tray6_temperature,required,state,ratio,vendor_hmi_tag,c02c89085913bbb5,train
HMI.22.U5.AI,debutanizer_column,tray6_temperature,required,state,ratio,vendor_hmi_tag,9926170921c226af,train
HMI.22.sixth_tray_temperature.AI,debutanizer_column,tray6_temperature,required,state,ratio,vendor_hmi_tag,ed413068629a8d7f,train
HMI.22.tray6_temperature.AI,debutanizer_column,tray6_temperature,required,state,ratio,vendor_hmi_tag,87545216a94cadb1,train
HMI.22.u5.AI,debutanizer_column,tray6_temperature,required,state,ratio,vendor_hmi_tag,faf42d4328df764a,train
SIXTH_TRAY_TEMPERATURE,debutanizer_column,tray6_temperature,required,state,ratio,uppercase,ed413068629a8d7f,train
TRAY6_TEMPERATURE,debutanizer_column,tray6_temperature,required,state,ratio,uppercase,c02c89085913bbb5,train
Tray6Temperature,debutanizer_column,tray6_temperature,required,state,ratio,compact,c02c89085913bbb5,train
Tray6_Temperature,debutanizer_column,tray6_temperature,required,state,ratio,template,c02c89085913bbb5,train
Tray6_Temperature[ratio],debutanizer_column,tray6_temperature,required,state,ratio,unit_bracket,c02c89085913bbb5,train
Tray6_Temperature_01,debutanizer_column,tray6_temperature,required,state,ratio,channel_suffix,c02c89085913bbb5,train
Tray6_Temperature_PV,debutanizer_column,tray6_temperature,required,state,ratio,control_suffix,c02c89085913bbb5,train
Tray6_Temperature_ratio,debutanizer_column,tray6_temperature,required,state,ratio,unit_suffix,c02c89085913bbb5,train
U5,debutanizer_column,tray6_temperature,required,state,ratio,uppercase,faf42d4328df764a,train
U5[ratio],debutanizer_column,tray6_temperature,required,state,ratio,unit_bracket,9926170921c226af,train
U5_01,debutanizer_column,tray6_temperature,required,state,ratio,channel_suffix,9926170921c226af,train
U5_PV,debutanizer_column,tray6_temperature,required,state,ratio,control_suffix,9926170921c226af,train
U5_ratio,debutanizer_column,tray6_temperature,required,state,ratio,unit_suffix,9926170921c226af,train
sixth tray temperature,debutanizer_column,tray6_temperature,required,state,ratio,template,ed413068629a8d7f,train
sixth tray temperature[ratio],debutanizer_column,tray6_temperature,required,state,ratio,unit_bracket,ed413068629a8d7f,train
sixth_tray_temperature,debutanizer_column,tray6_temperature,required,state,ratio,normalized,ed413068629a8d7f,train
sixth_tray_temperature_01,debutanizer_column,tray6_temperature,required,state,ratio,channel_suffix,ed413068629a8d7f,train
sixth_tray_temperature_PV,debutanizer_column,tray6_temperature,required,state,ratio,control_suffix,ed413068629a8d7f,train
sixth_tray_temperature_ratio,debutanizer_column,tray6_temperature,required,state,ratio,unit_suffix,ed413068629a8d7f,train
sixthtraytemperature,debutanizer_column,tray6_temperature,required,state,ratio,compact,ed413068629a8d7f,train
tray6_temperature,debutanizer_column,tray6_temperature,required,state,ratio,template,87545216a94cadb1,train
tray6_temperature[ratio],debutanizer_column,tray6_temperature,required,state,ratio,unit_bracket,87545216a94cadb1,train
tray6_temperature_01,debutanizer_column,tray6_temperature,required,state,ratio,channel_suffix,87545216a94cadb1,train
tray6_temperature_PV,debutanizer_column,tray6_temperature,required,state,ratio,control_suffix,87545216a94cadb1,train
tray6_temperature_ratio,debutanizer_column,tray6_temperature,required,state,ratio,unit_suffix,87545216a94cadb1,train
tray6temperature,debutanizer_column,tray6_temperature,required,state,ratio,compact,87545216a94cadb1,train
u5,debutanizer_column,tray6_temperature,required,state,ratio,template,faf42d4328df764a,train
u5[ratio],debutanizer_column,tray6_temperature,required,state,ratio,unit_bracket,faf42d4328df764a,train
u5_01,debutanizer_column,tray6_temperature,required,state,ratio,channel_suffix,faf42d4328df764a,train
u5_PV,debutanizer_column,tray6_temperature,required,state,ratio,control_suffix,faf42d4328df764a,train
u5_ratio,debutanizer_column,tray6_temperature,required,state,ratio,unit_suffix,faf42d4328df764a,train
装置5-Tray6_Temperature-CH30-VALUE,debutanizer_column,tray6_temperature,required,state,ratio,vendor_channel_tag,c02c89085913bbb5,train
装置5-U5-CH30-VALUE,debutanizer_column,tray6_temperature,required,state,ratio,vendor_channel_tag,9926170921c226af,train
装置5-sixth_tray_temperature-CH30-VALUE,debutanizer_column,tray6_temperature,required,state,ratio,vendor_channel_tag,ed413068629a8d7f,train
装置5-tray6_temperature-CH30-VALUE,debutanizer_column,tray6_temperature,required,state,ratio,vendor_channel_tag,87545216a94cadb1,train
装置5-u5-CH30-VALUE,debutanizer_column,tray6_temperature,required,state,ratio,vendor_channel_tag,faf42d4328df764a,train
DCS_交换机端口状态_25,distillation_column,__irrelevant__,irrelevant,none,,negative_vendor,9af47661d457d4dd,train
DCS_会议室预约状态_25,distillation_column,__irrelevant__,irrelevant,none,,negative_vendor,69e904a740b8c200,train
DCS_值班员电子签名_25,distillation_column,__irrelevant__,irrelevant,none,,negative_vendor,cdc8e71e60bf0fbf,train
DCS_办公室温度_25,distillation_column,__irrelevant__,irrelevant,none,,negative_vendor,36a0815c7f9baf1d,train
DCS_厂区门禁记录_25,distillation_column,__irrelevant__,irrelevant,none,,negative_vendor,75fff4140e752029,train
DCS_打印机墨粉余量_25,distillation_column,__irrelevant__,irrelevant,none,,negative_vendor,34a90daccf4faf98,train
DCS_报表模板编号_25,distillation_column,__irrelevant__,irrelevant,none,,negative_vendor,d70087899b24b4d0,train
DCS_报警文本_25,distillation_column,__irrelevant__,irrelevant,none,,negative_vendor,213b6e0ff2f1d3a0,train
DCS_操作员姓名_25,distillation_column,__irrelevant__,irrelevant,none,,negative_vendor,254ccb55e9fdf199,train
DCS_数据库备份状态_25,distillation_column,__irrelevant__,irrelevant,none,,negative_vendor,3a1288e45776a85f,train
DCS_文件上传时间_25,distillation_column,__irrelevant__,irrelevant,none,,negative_vendor,7323c4b2b9403619,train
DCS_日报打印次数_25,distillation_column,__irrelevant__,irrelevant,none,,negative_vendor,8d81d4af1a79b2e4,train
DCS_检修记录_25,distillation_column,__irrelevant__,irrelevant,none,,negative_vendor,38c5137a6503808f,train
DCS_班组备注_25,distillation_column,__irrelevant__,irrelevant,none,,negative_vendor,bce04ebfa1ff876a,train
DCS_视频码率_25,distillation_column,__irrelevant__,irrelevant,none,,negative_vendor,be01144fa1a17cd1,train
DCS_软件版本说明_25,distillation_column,__irrelevant__,irrelevant,none,,negative_vendor,a57c72851140415b,train
DCS_鼠标点击计数_25,distillation_column,__irrelevant__,irrelevant,none,,negative_vendor,79f800d64654229c,train
HMI.60.交换机端口状态.RAW,distillation_column,__irrelevant__,irrelevant,none,,negative_vendor,9af47661d457d4dd,train
HMI.60.会议室预约状态.RAW,distillation_column,__irrelevant__,irrelevant,none,,negative_vendor,69e904a740b8c200,train
HMI.60.值班员电子签名.RAW,distillation_column,__irrelevant__,irrelevant,none,,negative_vendor,cdc8e71e60bf0fbf,train
HMI.60.办公室温度.RAW,distillation_column,__irrelevant__,irrelevant,none,,negative_vendor,36a0815c7f9baf1d,train
HMI.60.厂区门禁记录.RAW,distillation_column,__irrelevant__,irrelevant,none,,negative_vendor,75fff4140e752029,train
HMI.60.打印机墨粉余量.RAW,distillation_column,__irrelevant__,irrelevant,none,,negative_vendor,34a90daccf4faf98,train
HMI.60.报表模板编号.RAW,distillation_column,__irrelevant__,irrelevant,none,,negative_vendor,d70087899b24b4d0,train
HMI.60.报警文本.RAW,distillation_column,__irrelevant__,irrelevant,none,,negative_vendor,213b6e0ff2f1d3a0,train
HMI.60.操作员姓名.RAW,distillation_column,__irrelevant__,irrelevant,none,,negative_vendor,254ccb55e9fdf199,train
HMI.60.数据库备份状态.RAW,distillation_column,__irrelevant__,irrelevant,none,,negative_vendor,3a1288e45776a85f,train
HMI.60.文件上传时间.RAW,distillation_column,__irrelevant__,irrelevant,none,,negative_vendor,7323c4b2b9403619,train
HMI.60.日报打印次数.RAW,distillation_column,__irrelevant__,irrelevant,none,,negative_vendor,8d81d4af1a79b2e4,train
HMI.60.检修记录.RAW,distillation_column,__irrelevant__,irrelevant,none,,negative_vendor,38c5137a6503808f,train
HMI.60.班组备注.RAW,distillation_column,__irrelevant__,irrelevant,none,,negative_vendor,bce04ebfa1ff876a,train
HMI.60.视频码率.RAW,distillation_column,__irrelevant__,irrelevant,none,,negative_vendor,be01144fa1a17cd1,train
HMI.60.软件版本说明.RAW,distillation_column,__irrelevant__,irrelevant,none,,negative_vendor,a57c72851140415b,train
HMI.60.鼠标点击计数.RAW,distillation_column,__irrelevant__,irrelevant,none,,negative_vendor,79f800d64654229c,train
交换机端口状态,distillation_column,__irrelevant__,irrelevant,none,,negative,9af47661d457d4dd,train
会议室预约状态,distillation_column,__irrelevant__,irrelevant,none,,negative,69e904a740b8c200,train
值班员电子签名,distillation_column,__irrelevant__,irrelevant,none,,negative,cdc8e71e60bf0fbf,train
办公室温度,distillation_column,__irrelevant__,irrelevant,none,,negative,36a0815c7f9baf1d,train
厂区门禁记录,distillation_column,__irrelevant__,irrelevant,none,,negative,75fff4140e752029,train
打印机墨粉余量,distillation_column,__irrelevant__,irrelevant,none,,negative,34a90daccf4faf98,train
报表模板编号,distillation_column,__irrelevant__,irrelevant,none,,negative,d70087899b24b4d0,train
报警文本,distillation_column,__irrelevant__,irrelevant,none,,negative,213b6e0ff2f1d3a0,train
操作员姓名,distillation_column,__irrelevant__,irrelevant,none,,negative,254ccb55e9fdf199,train
数据库备份状态,distillation_column,__irrelevant__,irrelevant,none,,negative,3a1288e45776a85f,train
文件上传时间,distillation_column,__irrelevant__,irrelevant,none,,negative,7323c4b2b9403619,train
日报打印次数,distillation_column,__irrelevant__,irrelevant,none,,negative,8d81d4af1a79b2e4,train
检修记录,distillation_column,__irrelevant__,irrelevant,none,,negative,38c5137a6503808f,train
班组备注,distillation_column,__irrelevant__,irrelevant,none,,negative,bce04ebfa1ff876a,train
视频码率,distillation_column,__irrelevant__,irrelevant,none,,negative,be01144fa1a17cd1,train
软件版本说明,distillation_column,__irrelevant__,irrelevant,none,,negative,a57c72851140415b,train
鼠标点击计数,distillation_column,__irrelevant__,irrelevant,none,,negative,79f800d64654229c,train
1号塔底液位,distillation_column,bottom_level,useful,state,percent,equipment_prefix,f88ffe07028baca5,train
1号釜液位,distillation_column,bottom_level,useful,state,percent,equipment_prefix,b61b6d2e9ec21b07,train
A线_塔底液位,distillation_column,bottom_level,useful,state,percent,line_prefix,f88ffe07028baca5,train
A线_釜液位,distillation_column,bottom_level,useful,state,percent,line_prefix,b61b6d2e9ec21b07,train
B线#塔底液位#测点42,distillation_column,bottom_level,useful,state,percent,line_point_tag,f88ffe07028baca5,train
B线#釜液位#测点42,distillation_column,bottom_level,useful,state,percent,line_point_tag,b61b6d2e9ec21b07,train
DCS_03_塔底液位_PV_17,distillation_column,bottom_level,useful,state,percent,vendor_dcs_tag,f88ffe07028baca5,train
DCS_03_釜液位_PV_17,distillation_column,bottom_level,useful,state,percent,vendor_dcs_tag,b61b6d2e9ec21b07,train
HMI.22.塔底液位.AI,distillation_column,bottom_level,useful,state,percent,vendor_hmi_tag,f88ffe07028baca5,train
HMI.22.釜液位.AI,distillation_column,bottom_level,useful,state,percent,vendor_hmi_tag,b61b6d2e9ec21b07,train
塔底液位,distillation_column,bottom_level,useful,state,percent,template,f88ffe07028baca5,train
塔底液位[percent],distillation_column,bottom_level,useful,state,percent,unit_bracket,f88ffe07028baca5,train
塔底液位_01,distillation_column,bottom_level,useful,state,percent,channel_suffix,f88ffe07028baca5,train
塔底液位_PV,distillation_column,bottom_level,useful,state,percent,control_suffix,f88ffe07028baca5,train
塔底液位_percent,distillation_column,bottom_level,useful,state,percent,unit_suffix,f88ffe07028baca5,train
装置5-塔底液位-CH30-VALUE,distillation_column,bottom_level,useful,state,percent,vendor_channel_tag,f88ffe07028baca5,train
装置5-釜液位-CH30-VALUE,distillation_column,bottom_level,useful,state,percent,vendor_channel_tag,b61b6d2e9ec21b07,train
釜液位,distillation_column,bottom_level,useful,state,percent,template,b61b6d2e9ec21b07,train
釜液位[percent],distillation_column,bottom_level,useful,state,percent,unit_bracket,b61b6d2e9ec21b07,train
釜液位_01,distillation_column,bottom_level,useful,state,percent,channel_suffix,b61b6d2e9ec21b07,train
釜液位_PV,distillation_column,bottom_level,useful,state,percent,control_suffix,b61b6d2e9ec21b07,train
釜液位_percent,distillation_column,bottom_level,useful,state,percent,unit_suffix,b61b6d2e9ec21b07,train
1号BOTTOM_TEMP,distillation_column,bottom_temperature,required,state,degC,equipment_prefix,4496cf82edc5c9d5,train
1号bottom_temperature,distillation_column,bottom_temperature,required,state,degC,equipment_prefix,bf2b149fdab66a9a,train
1号塔底温度,distillation_column,bottom_temperature,required,state,degC,equipment_prefix,cbdd934fc984d072,train
1号塔釜温度,distillation_column,bottom_temperature,required,state,degC,equipment_prefix,68ac90049e06cfdb,train
A线_BOTTOM_TEMP,distillation_column,bottom_temperature,required,state,degC,line_prefix,4496cf82edc5c9d5,train
A线_bottom_temperature,distillation_column,bottom_temperature,required,state,degC,line_prefix,bf2b149fdab66a9a,train
A线_塔底温度,distillation_column,bottom_temperature,required,state,degC,line_prefix,cbdd934fc984d072,train
A线_塔釜温度,distillation_column,bottom_temperature,required,state,degC,line_prefix,68ac90049e06cfdb,train
BOTTOMTEMP,distillation_column,bottom_temperature,required,state,degC,compact,4496cf82edc5c9d5,train
BOTTOM_TEMP,distillation_column,bottom_temperature,required,state,degC,template,4496cf82edc5c9d5,train
BOTTOM_TEMPERATURE,distillation_column,bottom_temperature,required,state,degC,uppercase,bf2b149fdab66a9a,train
BOTTOM_TEMP[degC],distillation_column,bottom_temperature,required,state,degC,unit_bracket,4496cf82edc5c9d5,train
BOTTOM_TEMP_01,distillation_column,bottom_temperature,required,state,degC,channel_suffix,4496cf82edc5c9d5,train
BOTTOM_TEMP_PV,distillation_column,bottom_temperature,required,state,degC,control_suffix,4496cf82edc5c9d5,train
BOTTOM_TEMP_degC,distillation_column,bottom_temperature,required,state,degC,unit_suffix,4496cf82edc5c9d5,train
B线#BOTTOM_TEMP#测点42,distillation_column,bottom_temperature,required,state,degC,line_point_tag,4496cf82edc5c9d5,train
B线#bottom_temperature#测点42,distillation_column,bottom_temperature,required,state,degC,line_point_tag,bf2b149fdab66a9a,train
B线#塔底温度#测点42,distillation_column,bottom_temperature,required,state,degC,line_point_tag,cbdd934fc984d072,train
B线#塔釜温度#测点42,distillation_column,bottom_temperature,required,state,degC,line_point_tag,68ac90049e06cfdb,train
DCS_03_BOTTOM_TEMP_PV_17,distillation_column,bottom_temperature,required,state,degC,vendor_dcs_tag,4496cf82edc5c9d5,train
DCS_03_bottom_temperature_PV_17,distillation_column,bottom_temperature,required,state,degC,vendor_dcs_tag,bf2b149fdab66a9a,train
DCS_03_塔底温度_PV_17,distillation_column,bottom_temperature,required,state,degC,vendor_dcs_tag,cbdd934fc984d072,train
DCS_03_塔釜温度_PV_17,distillation_column,bottom_temperature,required,state,degC,vendor_dcs_tag,68ac90049e06cfdb,train
HMI.22.BOTTOM_TEMP.AI,distillation_column,bottom_temperature,required,state,degC,vendor_hmi_tag,4496cf82edc5c9d5,train
HMI.22.bottom_temperature.AI,distillation_column,bottom_temperature,required,state,degC,vendor_hmi_tag,bf2b149fdab66a9a,train
HMI.22.塔底温度.AI,distillation_column,bottom_temperature,required,state,degC,vendor_hmi_tag,cbdd934fc984d072,train
HMI.22.塔釜温度.AI,distillation_column,bottom_temperature,required,state,degC,vendor_hmi_tag,68ac90049e06cfdb,train
bottom_temperature,distillation_column,bottom_temperature,required,state,degC,template,bf2b149fdab66a9a,train
bottom_temperature[degC],distillation_column,bottom_temperature,required,state,degC,unit_bracket,bf2b149fdab66a9a,train
bottom_temperature_01,distillation_column,bottom_temperature,required,state,degC,channel_suffix,bf2b149fdab66a9a,train
bottom_temperature_PV,distillation_column,bottom_temperature,required,state,degC,control_suffix,bf2b149fdab66a9a,train
bottom_temperature_degC,distillation_column,bottom_temperature,required,state,degC,unit_suffix,bf2b149fdab66a9a,train
bottomtemperature,distillation_column,bottom_temperature,required,state,degC,compact,bf2b149fdab66a9a,train
塔底温度,distillation_column,bottom_temperature,required,state,degC,template,cbdd934fc984d072,train
塔底温度[degC],distillation_column,bottom_temperature,required,state,degC,unit_bracket,cbdd934fc984d072,train
塔底温度_01,distillation_column,bottom_temperature,required,state,degC,channel_suffix,cbdd934fc984d072,train
塔底温度_PV,distillation_column,bottom_temperature,required,state,degC,control_suffix,cbdd934fc984d072,train
塔底温度_degC,distillation_column,bottom_temperature,required,state,degC,unit_suffix,cbdd934fc984d072,train
塔釜温度,distillation_column,bottom_temperature,required,state,degC,template,68ac90049e06cfdb,train
塔釜温度[degC],distillation_column,bottom_temperature,required,state,degC,unit_bracket,68ac90049e06cfdb,train
塔釜温度_01,distillation_column,bottom_temperature,required,state,degC,channel_suffix,68ac90049e06cfdb,train
塔釜温度_PV,distillation_column,bottom_temperature,required,state,degC,control_suffix,68ac90049e06cfdb,train
塔釜温度_degC,distillation_column,bottom_temperature,required,state,degC,unit_suffix,68ac90049e06cfdb,train
装置5-BOTTOM_TEMP-CH30-VALUE,distillation_column,bottom_temperature,required,state,degC,vendor_channel_tag,4496cf82edc5c9d5,train
装置5-bottom_temperature-CH30-VALUE,distillation_column,bottom_temperature,required,state,degC,vendor_channel_tag,bf2b149fdab66a9a,train
装置5-塔底温度-CH30-VALUE,distillation_column,bottom_temperature,required,state,degC,vendor_channel_tag,cbdd934fc984d072,train
装置5-塔釜温度-CH30-VALUE,distillation_column,bottom_temperature,required,state,degC,vendor_channel_tag,68ac90049e06cfdb,train
1号COLUMN_PRESSURE,distillation_column,column_pressure,useful,state,Pa,equipment_prefix,eeea1771d9f904bd,train
1号column_pressure,distillation_column,column_pressure,useful,state,Pa,equipment_prefix,51411d087676c137,train
1号塔内压力,distillation_column,column_pressure,useful,state,Pa,equipment_prefix,2d005f258671310d,train
1号塔压,distillation_column,column_pressure,useful,state,Pa,equipment_prefix,f531f6e11cf6aef4,train
A线_COLUMN_PRESSURE,distillation_column,column_pressure,useful,state,Pa,line_prefix,eeea1771d9f904bd,train
A线_column_pressure,distillation_column,column_pressure,useful,state,Pa,line_prefix,51411d087676c137,train
A线_塔内压力,distillation_column,column_pressure,useful,state,Pa,line_prefix,2d005f258671310d,train
A线_塔压,distillation_column,column_pressure,useful,state,Pa,line_prefix,f531f6e11cf6aef4,train
B线#COLUMN_PRESSURE#测点42,distillation_column,column_pressure,useful,state,Pa,line_point_tag,eeea1771d9f904bd,train
B线#column_pressure#测点42,distillation_column,column_pressure,useful,state,Pa,line_point_tag,51411d087676c137,train
B线#塔内压力#测点42,distillation_column,column_pressure,useful,state,Pa,line_point_tag,2d005f258671310d,train
B线#塔压#测点42,distillation_column,column_pressure,useful,state,Pa,line_point_tag,f531f6e11cf6aef4,train
COLUMNPRESSURE,distillation_column,column_pressure,useful,state,Pa,compact,eeea1771d9f904bd,train
COLUMN_PRESSURE,distillation_column,column_pressure,useful,state,Pa,template,eeea1771d9f904bd,train
COLUMN_PRESSURE[Pa],distillation_column,column_pressure,useful,state,Pa,unit_bracket,eeea1771d9f904bd,train
COLUMN_PRESSURE_01,distillation_column,column_pressure,useful,state,Pa,channel_suffix,eeea1771d9f904bd,train
COLUMN_PRESSURE_PV,distillation_column,column_pressure,useful,state,Pa,control_suffix,eeea1771d9f904bd,train
COLUMN_PRESSURE_Pa,distillation_column,column_pressure,useful,state,Pa,unit_suffix,eeea1771d9f904bd,train
DCS_03_COLUMN_PRESSURE_PV_17,distillation_column,column_pressure,useful,state,Pa,vendor_dcs_tag,eeea1771d9f904bd,train
DCS_03_column_pressure_PV_17,distillation_column,column_pressure,useful,state,Pa,vendor_dcs_tag,51411d087676c137,train
DCS_03_塔内压力_PV_17,distillation_column,column_pressure,useful,state,Pa,vendor_dcs_tag,2d005f258671310d,train
DCS_03_塔压_PV_17,distillation_column,column_pressure,useful,state,Pa,vendor_dcs_tag,f531f6e11cf6aef4,train
HMI.22.COLUMN_PRESSURE.AI,distillation_column,column_pressure,useful,state,Pa,vendor_hmi_tag,eeea1771d9f904bd,train
HMI.22.column_pressure.AI,distillation_column,column_pressure,useful,state,Pa,vendor_hmi_tag,51411d087676c137,train
HMI.22.塔内压力.AI,distillation_column,column_pressure,useful,state,Pa,vendor_hmi_tag,2d005f258671310d,train
HMI.22.塔压.AI,distillation_column,column_pressure,useful,state,Pa,vendor_hmi_tag,f531f6e11cf6aef4,train
column_pressure,distillation_column,column_pressure,useful,state,Pa,template,51411d087676c137,train
column_pressure[Pa],distillation_column,column_pressure,useful,state,Pa,unit_bracket,51411d087676c137,train
column_pressure_01,distillation_column,column_pressure,useful,state,Pa,channel_suffix,51411d087676c137,train
column_pressure_PV,distillation_column,column_pressure,useful,state,Pa,control_suffix,51411d087676c137,train
column_pressure_Pa,distillation_column,column_pressure,useful,state,Pa,unit_suffix,51411d087676c137,train
columnpressure,distillation_column,column_pressure,useful,state,Pa,compact,51411d087676c137,train
塔内压力,distillation_column,column_pressure,useful,state,Pa,template,2d005f258671310d,train
塔内压力[Pa],distillation_column,column_pressure,useful,state,Pa,unit_bracket,2d005f258671310d,train
塔内压力_01,distillation_column,column_pressure,useful,state,Pa,channel_suffix,2d005f258671310d,train
塔内压力_PV,distillation_column,column_pressure,useful,state,Pa,control_suffix,2d005f258671310d,train
塔内压力_Pa,distillation_column,column_pressure,useful,state,Pa,unit_suffix,2d005f258671310d,train
塔压,distillation_column,column_pressure,useful,state,Pa,template,f531f6e11cf6aef4,train
塔压[Pa],distillation_column,column_pressure,useful,state,Pa,unit_bracket,f531f6e11cf6aef4,train
塔压_01,distillation_column,column_pressure,useful,state,Pa,channel_suffix,f531f6e11cf6aef4,train
塔压_PV,distillation_column,column_pressure,useful,state,Pa,control_suffix,f531f6e11cf6aef4,train
塔压_Pa,distillation_column,column_pressure,useful,state,Pa,unit_suffix,f531f6e11cf6aef4,train
装置5-COLUMN_PRESSURE-CH30-VALUE,distillation_column,column_pressure,useful,state,Pa,vendor_channel_tag,eeea1771d9f904bd,train
装置5-column_pressure-CH30-VALUE,distillation_column,column_pressure,useful,state,Pa,vendor_channel_tag,51411d087676c137,train
装置5-塔内压力-CH30-VALUE,distillation_column,column_pressure,useful,state,Pa,vendor_channel_tag,2d005f258671310d,train
装置5-塔压-CH30-VALUE,distillation_column,column_pressure,useful,state,Pa,vendor_channel_tag,f531f6e11cf6aef4,train
1号FEED_FLOW,distillation_column,feed_flow,required,disturbance,t/h,equipment_prefix,55734f99bb4949c6,train
1号原料流量,distillation_column,feed_flow,required,disturbance,t/h,equipment_prefix,8db20d67852ce05c,train
A线_FEED_FLOW,distillation_column,feed_flow,required,disturbance,t/h,line_prefix,55734f99bb4949c6,train
A线_原料流量,distillation_column,feed_flow,required,disturbance,t/h,line_prefix,8db20d67852ce05c,train
B线#FEED_FLOW#测点42,distillation_column,feed_flow,required,disturbance,t/h,line_point_tag,55734f99bb4949c6,train
B线#原料流量#测点42,distillation_column,feed_flow,required,disturbance,t/h,line_point_tag,8db20d67852ce05c,train
DCS_03_FEED_FLOW_PV_17,distillation_column,feed_flow,required,disturbance,t/h,vendor_dcs_tag,55734f99bb4949c6,train
DCS_03_原料流量_PV_17,distillation_column,feed_flow,required,disturbance,t/h,vendor_dcs_tag,8db20d67852ce05c,train
FEEDFLOW,distillation_column,feed_flow,required,disturbance,t/h,compact,55734f99bb4949c6,train
FEED_FLOW,distillation_column,feed_flow,required,disturbance,t/h,template,55734f99bb4949c6,train
FEED_FLOW[t/h],distillation_column,feed_flow,required,disturbance,t/h,unit_bracket,55734f99bb4949c6,train
FEED_FLOW_01,distillation_column,feed_flow,required,disturbance,t/h,channel_suffix,55734f99bb4949c6,train
FEED_FLOW_PV,distillation_column,feed_flow,required,disturbance,t/h,control_suffix,55734f99bb4949c6,train
FEED_FLOW_t/h,distillation_column,feed_flow,required,disturbance,t/h,unit_suffix,55734f99bb4949c6,train
HMI.22.FEED_FLOW.AI,distillation_column,feed_flow,required,disturbance,t/h,vendor_hmi_tag,55734f99bb4949c6,train
HMI.22.原料流量.AI,distillation_column,feed_flow,required,disturbance,t/h,vendor_hmi_tag,8db20d67852ce05c,train
原料流量,distillation_column,feed_flow,required,disturbance,t/h,template,8db20d67852ce05c,train
原料流量[t/h],distillation_column,feed_flow,required,disturbance,t/h,unit_bracket,8db20d67852ce05c,train
原料流量_01,distillation_column,feed_flow,required,disturbance,t/h,channel_suffix,8db20d67852ce05c,train
原料流量_PV,distillation_column,feed_flow,required,disturbance,t/h,control_suffix,8db20d67852ce05c,train
原料流量_t/h,distillation_column,feed_flow,required,disturbance,t/h,unit_suffix,8db20d67852ce05c,train
装置5-FEED_FLOW-CH30-VALUE,distillation_column,feed_flow,required,disturbance,t/h,vendor_channel_tag,55734f99bb4949c6,train
装置5-原料流量-CH30-VALUE,distillation_column,feed_flow,required,disturbance,t/h,vendor_channel_tag,8db20d67852ce05c,train
1号FEED_TEMP,distillation_column,feed_temperature,useful,disturbance,degC,equipment_prefix,75c3507940d483b7,train
1号进料温度,distillation_column,feed_temperature,useful,disturbance,degC,equipment_prefix,748de07e5dfa10ee,train
A线_FEED_TEMP,distillation_column,feed_temperature,useful,disturbance,degC,line_prefix,75c3507940d483b7,train
A线_进料温度,distillation_column,feed_temperature,useful,disturbance,degC,line_prefix,748de07e5dfa10ee,train
B线#FEED_TEMP#测点42,distillation_column,feed_temperature,useful,disturbance,degC,line_point_tag,75c3507940d483b7,train
B线#进料温度#测点42,distillation_column,feed_temperature,useful,disturbance,degC,line_point_tag,748de07e5dfa10ee,train
DCS_03_FEED_TEMP_PV_17,distillation_column,feed_temperature,useful,disturbance,degC,vendor_dcs_tag,75c3507940d483b7,train
DCS_03_进料温度_PV_17,distillation_column,feed_temperature,useful,disturbance,degC,vendor_dcs_tag,748de07e5dfa10ee,train
FEEDTEMP,distillation_column,feed_temperature,useful,disturbance,degC,compact,75c3507940d483b7,train
FEED_TEMP,distillation_column,feed_temperature,useful,disturbance,degC,template,75c3507940d483b7,train
FEED_TEMP[degC],distillation_column,feed_temperature,useful,disturbance,degC,unit_bracket,75c3507940d483b7,train
FEED_TEMP_01,distillation_column,feed_temperature,useful,disturbance,degC,channel_suffix,75c3507940d483b7,train
FEED_TEMP_PV,distillation_column,feed_temperature,useful,disturbance,degC,control_suffix,75c3507940d483b7,train
FEED_TEMP_degC,distillation_column,feed_temperature,useful,disturbance,degC,unit_suffix,75c3507940d483b7,train
HMI.22.FEED_TEMP.AI,distillation_column,feed_temperature,useful,disturbance,degC,vendor_hmi_tag,75c3507940d483b7,train
HMI.22.进料温度.AI,distillation_column,feed_temperature,useful,disturbance,degC,vendor_hmi_tag,748de07e5dfa10ee,train
装置5-FEED_TEMP-CH30-VALUE,distillation_column,feed_temperature,useful,disturbance,degC,vendor_channel_tag,75c3507940d483b7,train
装置5-进料温度-CH30-VALUE,distillation_column,feed_temperature,useful,disturbance,degC,vendor_channel_tag,748de07e5dfa10ee,train
进料温度,distillation_column,feed_temperature,useful,disturbance,degC,template,748de07e5dfa10ee,train
进料温度[degC],distillation_column,feed_temperature,useful,disturbance,degC,unit_bracket,748de07e5dfa10ee,train
进料温度_01,distillation_column,feed_temperature,useful,disturbance,degC,channel_suffix,748de07e5dfa10ee,train
进料温度_PV,distillation_column,feed_temperature,useful,disturbance,degC,control_suffix,748de07e5dfa10ee,train
进料温度_degC,distillation_column,feed_temperature,useful,disturbance,degC,unit_suffix,748de07e5dfa10ee,train
1号REFLUX_FLOW,distillation_column,reflux_flow,required,manipulated,t/h,equipment_prefix,92d7489ca5e682de,train
1号回流量,distillation_column,reflux_flow,required,manipulated,t/h,equipment_prefix,0e9ae25bb4a5a2ca,train
A线_REFLUX_FLOW,distillation_column,reflux_flow,required,manipulated,t/h,line_prefix,92d7489ca5e682de,train
A线_回流量,distillation_column,reflux_flow,required,manipulated,t/h,line_prefix,0e9ae25bb4a5a2ca,train
B线#REFLUX_FLOW#测点42,distillation_column,reflux_flow,required,manipulated,t/h,line_point_tag,92d7489ca5e682de,train
B线#回流量#测点42,distillation_column,reflux_flow,required,manipulated,t/h,line_point_tag,0e9ae25bb4a5a2ca,train
DCS_03_REFLUX_FLOW_PV_17,distillation_column,reflux_flow,required,manipulated,t/h,vendor_dcs_tag,92d7489ca5e682de,train
DCS_03_回流量_PV_17,distillation_column,reflux_flow,required,manipulated,t/h,vendor_dcs_tag,0e9ae25bb4a5a2ca,train
HMI.22.REFLUX_FLOW.AI,distillation_column,reflux_flow,required,manipulated,t/h,vendor_hmi_tag,92d7489ca5e682de,train
HMI.22.回流量.AI,distillation_column,reflux_flow,required,manipulated,t/h,vendor_hmi_tag,0e9ae25bb4a5a2ca,train
REFLUXFLOW,distillation_column,reflux_flow,required,manipulated,t/h,compact,92d7489ca5e682de,train
REFLUX_FLOW,distillation_column,reflux_flow,required,manipulated,t/h,template,92d7489ca5e682de,train
REFLUX_FLOW[t/h],distillation_column,reflux_flow,required,manipulated,t/h,unit_bracket,92d7489ca5e682de,train
REFLUX_FLOW_01,distillation_column,reflux_flow,required,manipulated,t/h,channel_suffix,92d7489ca5e682de,train
REFLUX_FLOW_SP,distillation_column,reflux_flow,required,manipulated,t/h,control_suffix,92d7489ca5e682de,train
REFLUX_FLOW_t/h,distillation_column,reflux_flow,required,manipulated,t/h,unit_suffix,92d7489ca5e682de,train
回流量,distillation_column,reflux_flow,required,manipulated,t/h,template,0e9ae25bb4a5a2ca,train
回流量[t/h],distillation_column,reflux_flow,required,manipulated,t/h,unit_bracket,0e9ae25bb4a5a2ca,train
回流量_01,distillation_column,reflux_flow,required,manipulated,t/h,channel_suffix,0e9ae25bb4a5a2ca,train
回流量_SP,distillation_column,reflux_flow,required,manipulated,t/h,control_suffix,0e9ae25bb4a5a2ca,train
回流量_t/h,distillation_column,reflux_flow,required,manipulated,t/h,unit_suffix,0e9ae25bb4a5a2ca,train
装置5-REFLUX_FLOW-CH30-VALUE,distillation_column,reflux_flow,required,manipulated,t/h,vendor_channel_tag,92d7489ca5e682de,train
装置5-回流量-CH30-VALUE,distillation_column,reflux_flow,required,manipulated,t/h,vendor_channel_tag,0e9ae25bb4a5a2ca,train
1号再沸器蒸汽,distillation_column,steam_flow,required,manipulated,t/h,equipment_prefix,51588b642bb95cd4,train
1号再沸蒸汽流量,distillation_column,steam_flow,required,manipulated,t/h,equipment_prefix,c8282446f1f407c5,train
A线_再沸器蒸汽,distillation_column,steam_flow,required,manipulated,t/h,line_prefix,51588b642bb95cd4,train
A线_再沸蒸汽流量,distillation_column,steam_flow,required,manipulated,t/h,line_prefix,c8282446f1f407c5,train
B线#再沸器蒸汽#测点42,distillation_column,steam_flow,required,manipulated,t/h,line_point_tag,51588b642bb95cd4,train
B线#再沸蒸汽流量#测点42,distillation_column,steam_flow,required,manipulated,t/h,line_point_tag,c8282446f1f407c5,train
DCS_03_再沸器蒸汽_PV_17,distillation_column,steam_flow,required,manipulated,t/h,vendor_dcs_tag,51588b642bb95cd4,train
DCS_03_再沸蒸汽流量_PV_17,distillation_column,steam_flow,required,manipulated,t/h,vendor_dcs_tag,c8282446f1f407c5,train
HMI.22.再沸器蒸汽.AI,distillation_column,steam_flow,required,manipulated,t/h,vendor_hmi_tag,51588b642bb95cd4,train
HMI.22.再沸蒸汽流量.AI,distillation_column,steam_flow,required,manipulated,t/h,vendor_hmi_tag,c8282446f1f407c5,train
再沸器蒸汽,distillation_column,steam_flow,required,manipulated,t/h,template,51588b642bb95cd4,train
再沸器蒸汽[t/h],distillation_column,steam_flow,required,manipulated,t/h,unit_bracket,51588b642bb95cd4,train
再沸器蒸汽_01,distillation_column,steam_flow,required,manipulated,t/h,channel_suffix,51588b642bb95cd4,train
再沸器蒸汽_SP,distillation_column,steam_flow,required,manipulated,t/h,control_suffix,51588b642bb95cd4,train
再沸器蒸汽_t/h,distillation_column,steam_flow,required,manipulated,t/h,unit_suffix,51588b642bb95cd4,train
再沸蒸汽流量,distillation_column,steam_flow,required,manipulated,t/h,template,c8282446f1f407c5,train
再沸蒸汽流量[t/h],distillation_column,steam_flow,required,manipulated,t/h,unit_bracket,c8282446f1f407c5,train
再沸蒸汽流量_01,distillation_column,steam_flow,required,manipulated,t/h,channel_suffix,c8282446f1f407c5,train
再沸蒸汽流量_SP,distillation_column,steam_flow,required,manipulated,t/h,control_suffix,c8282446f1f407c5,train
再沸蒸汽流量_t/h,distillation_column,steam_flow,required,manipulated,t/h,unit_suffix,c8282446f1f407c5,train
装置5-再沸器蒸汽-CH30-VALUE,distillation_column,steam_flow,required,manipulated,t/h,vendor_channel_tag,51588b642bb95cd4,train
装置5-再沸蒸汽流量-CH30-VALUE,distillation_column,steam_flow,required,manipulated,t/h,vendor_channel_tag,c8282446f1f407c5,train
1号TS,distillation_column,timestamp,required,time,datetime,equipment_prefix,25039e0e8229b6c2,train
1号timestamp,distillation_column,timestamp,required,time,datetime,equipment_prefix,bd5c4380469c8db2,train
1号时间,distillation_column,timestamp,required,time,datetime,equipment_prefix,61626f276ba3012c,train
1号记录时间,distillation_column,timestamp,required,time,datetime,equipment_prefix,63a12946767dfd79,train
1号采集时间,distillation_column,timestamp,required,time,datetime,equipment_prefix,08ee481291f4f634,train
A线_TS,distillation_column,timestamp,required,time,datetime,line_prefix,25039e0e8229b6c2,train
A线_timestamp,distillation_column,timestamp,required,time,datetime,line_prefix,bd5c4380469c8db2,train
A线_时间,distillation_column,timestamp,required,time,datetime,line_prefix,61626f276ba3012c,train
A线_记录时间,distillation_column,timestamp,required,time,datetime,line_prefix,63a12946767dfd79,train
A线_采集时间,distillation_column,timestamp,required,time,datetime,line_prefix,08ee481291f4f634,train
B线#TS#测点42,distillation_column,timestamp,required,time,datetime,line_point_tag,25039e0e8229b6c2,train
B线#timestamp#测点42,distillation_column,timestamp,required,time,datetime,line_point_tag,bd5c4380469c8db2,train
B线#时间#测点42,distillation_column,timestamp,required,time,datetime,line_point_tag,61626f276ba3012c,train
B线#记录时间#测点42,distillation_column,timestamp,required,time,datetime,line_point_tag,63a12946767dfd79,train
B线#采集时间#测点42,distillation_column,timestamp,required,time,datetime,line_point_tag,08ee481291f4f634,train
DCS_03_TS_PV_17,distillation_column,timestamp,required,time,datetime,vendor_dcs_tag,25039e0e8229b6c2,train
DCS_03_timestamp_PV_17,distillation_column,timestamp,required,time,datetime,vendor_dcs_tag,bd5c4380469c8db2,train
DCS_03_时间_PV_17,distillation_column,timestamp,required,time,datetime,vendor_dcs_tag,61626f276ba3012c,train
DCS_03_记录时间_PV_17,distillation_column,timestamp,required,time,datetime,vendor_dcs_tag,63a12946767dfd79,train
DCS_03_采集时间_PV_17,distillation_column,timestamp,required,time,datetime,vendor_dcs_tag,08ee481291f4f634,train
HMI.22.TS.AI,distillation_column,timestamp,required,time,datetime,vendor_hmi_tag,25039e0e8229b6c2,train
HMI.22.timestamp.AI,distillation_column,timestamp,required,time,datetime,vendor_hmi_tag,bd5c4380469c8db2,train
HMI.22.时间.AI,distillation_column,timestamp,required,time,datetime,vendor_hmi_tag,61626f276ba3012c,train
HMI.22.记录时间.AI,distillation_column,timestamp,required,time,datetime,vendor_hmi_tag,63a12946767dfd79,train
HMI.22.采集时间.AI,distillation_column,timestamp,required,time,datetime,vendor_hmi_tag,08ee481291f4f634,train
TIMESTAMP,distillation_column,timestamp,required,time,datetime,uppercase,bd5c4380469c8db2,train
TS,distillation_column,timestamp,required,time,datetime,template,25039e0e8229b6c2,train
TS_01,distillation_column,timestamp,required,time,datetime,channel_suffix,25039e0e8229b6c2,train
TS_PV,distillation_column,timestamp,required,time,datetime,control_suffix,25039e0e8229b6c2,train
timestamp,distillation_column,timestamp,required,time,datetime,template,bd5c4380469c8db2,train
timestamp_01,distillation_column,timestamp,required,time,datetime,channel_suffix,bd5c4380469c8db2,train
timestamp_PV,distillation_column,timestamp,required,time,datetime,control_suffix,bd5c4380469c8db2,train
时间,distillation_column,timestamp,required,time,datetime,template,61626f276ba3012c,train
时间_01,distillation_column,timestamp,required,time,datetime,channel_suffix,61626f276ba3012c,train
时间_PV,distillation_column,timestamp,required,time,datetime,control_suffix,61626f276ba3012c,train
装置5-TS-CH30-VALUE,distillation_column,timestamp,required,time,datetime,vendor_channel_tag,25039e0e8229b6c2,train
装置5-timestamp-CH30-VALUE,distillation_column,timestamp,required,time,datetime,vendor_channel_tag,bd5c4380469c8db2,train
装置5-时间-CH30-VALUE,distillation_column,timestamp,required,time,datetime,vendor_channel_tag,61626f276ba3012c,train
装置5-记录时间-CH30-VALUE,distillation_column,timestamp,required,time,datetime,vendor_channel_tag,63a12946767dfd79,train
装置5-采集时间-CH30-VALUE,distillation_column,timestamp,required,time,datetime,vendor_channel_tag,08ee481291f4f634,train
记录时间,distillation_column,timestamp,required,time,datetime,template,63a12946767dfd79,train
记录时间_01,distillation_column,timestamp,required,time,datetime,channel_suffix,63a12946767dfd79,train
记录时间_PV,distillation_column,timestamp,required,time,datetime,control_suffix,63a12946767dfd79,train
采集时间,distillation_column,timestamp,required,time,datetime,template,08ee481291f4f634,train
采集时间_01,distillation_column,timestamp,required,time,datetime,channel_suffix,08ee481291f4f634,train
采集时间_PV,distillation_column,timestamp,required,time,datetime,control_suffix,08ee481291f4f634,train
1号top_product_purity,distillation_column,top_product_purity,required,controlled,percent,equipment_prefix,67a170ef9af7c6ee,train
1号产品纯度,distillation_column,top_product_purity,required,controlled,percent,equipment_prefix,8c2f3eb490814693,train
1号塔顶产品纯度,distillation_column,top_product_purity,required,controlled,percent,equipment_prefix,0abed3e4dac90c19,train
1号塔顶纯度,distillation_column,top_product_purity,required,controlled,percent,equipment_prefix,37b28ef87bb52a13,train
A线_top_product_purity,distillation_column,top_product_purity,required,controlled,percent,line_prefix,67a170ef9af7c6ee,train
A线_产品纯度,distillation_column,top_product_purity,required,controlled,percent,line_prefix,8c2f3eb490814693,train
A线_塔顶产品纯度,distillation_column,top_product_purity,required,controlled,percent,line_prefix,0abed3e4dac90c19,train
A线_塔顶纯度,distillation_column,top_product_purity,required,controlled,percent,line_prefix,37b28ef87bb52a13,train
B线#top_product_purity#测点42,distillation_column,top_product_purity,required,controlled,percent,line_point_tag,67a170ef9af7c6ee,train
B线#产品纯度#测点42,distillation_column,top_product_purity,required,controlled,percent,line_point_tag,8c2f3eb490814693,train
B线#塔顶产品纯度#测点42,distillation_column,top_product_purity,required,controlled,percent,line_point_tag,0abed3e4dac90c19,train
B线#塔顶纯度#测点42,distillation_column,top_product_purity,required,controlled,percent,line_point_tag,37b28ef87bb52a13,train
DCS_03_top_product_purity_PV_17,distillation_column,top_product_purity,required,controlled,percent,vendor_dcs_tag,67a170ef9af7c6ee,train
DCS_03_产品纯度_PV_17,distillation_column,top_product_purity,required,controlled,percent,vendor_dcs_tag,8c2f3eb490814693,train
DCS_03_塔顶产品纯度_PV_17,distillation_column,top_product_purity,required,controlled,percent,vendor_dcs_tag,0abed3e4dac90c19,train
DCS_03_塔顶纯度_PV_17,distillation_column,top_product_purity,required,controlled,percent,vendor_dcs_tag,37b28ef87bb52a13,train
HMI.22.top_product_purity.AI,distillation_column,top_product_purity,required,controlled,percent,vendor_hmi_tag,67a170ef9af7c6ee,train
HMI.22.产品纯度.AI,distillation_column,top_product_purity,required,controlled,percent,vendor_hmi_tag,8c2f3eb490814693,train
HMI.22.塔顶产品纯度.AI,distillation_column,top_product_purity,required,controlled,percent,vendor_hmi_tag,0abed3e4dac90c19,train
HMI.22.塔顶纯度.AI,distillation_column,top_product_purity,required,controlled,percent,vendor_hmi_tag,37b28ef87bb52a13,train
TOP_PRODUCT_PURITY,distillation_column,top_product_purity,required,controlled,percent,uppercase,67a170ef9af7c6ee,train
top_product_purity,distillation_column,top_product_purity,required,controlled,percent,template,67a170ef9af7c6ee,train
top_product_purity[percent],distillation_column,top_product_purity,required,controlled,percent,unit_bracket,67a170ef9af7c6ee,train
top_product_purity_01,distillation_column,top_product_purity,required,controlled,percent,channel_suffix,67a170ef9af7c6ee,train
top_product_purity_PV,distillation_column,top_product_purity,required,controlled,percent,control_suffix,67a170ef9af7c6ee,train
top_product_purity_percent,distillation_column,top_product_purity,required,controlled,percent,unit_suffix,67a170ef9af7c6ee,train
topproductpurity,distillation_column,top_product_purity,required,controlled,percent,compact,67a170ef9af7c6ee,train
产品纯度,distillation_column,top_product_purity,required,controlled,percent,template,8c2f3eb490814693,train
产品纯度[percent],distillation_column,top_product_purity,required,controlled,percent,unit_bracket,8c2f3eb490814693,train
产品纯度_01,distillation_column,top_product_purity,required,controlled,percent,channel_suffix,8c2f3eb490814693,train
产品纯度_PV,distillation_column,top_product_purity,required,controlled,percent,control_suffix,8c2f3eb490814693,train
产品纯度_percent,distillation_column,top_product_purity,required,controlled,percent,unit_suffix,8c2f3eb490814693,train
塔顶产品纯度,distillation_column,top_product_purity,required,controlled,percent,template,0abed3e4dac90c19,train
塔顶产品纯度[percent],distillation_column,top_product_purity,required,controlled,percent,unit_bracket,0abed3e4dac90c19,train
塔顶产品纯度_01,distillation_column,top_product_purity,required,controlled,percent,channel_suffix,0abed3e4dac90c19,train
塔顶产品纯度_PV,distillation_column,top_product_purity,required,controlled,percent,control_suffix,0abed3e4dac90c19,train
塔顶产品纯度_percent,distillation_column,top_product_purity,required,controlled,percent,unit_suffix,0abed3e4dac90c19,train
塔顶纯度,distillation_column,top_product_purity,required,controlled,percent,template,37b28ef87bb52a13,train
塔顶纯度[percent],distillation_column,top_product_purity,required,controlled,percent,unit_bracket,37b28ef87bb52a13,train
塔顶纯度_01,distillation_column,top_product_purity,required,controlled,percent,channel_suffix,37b28ef87bb52a13,train
塔顶纯度_PV,distillation_column,top_product_purity,required,controlled,percent,control_suffix,37b28ef87bb52a13,train
塔顶纯度_percent,distillation_column,top_product_purity,required,controlled,percent,unit_suffix,37b28ef87bb52a13,train
装置5-top_product_purity-CH30-VALUE,distillation_column,top_product_purity,required,controlled,percent,vendor_channel_tag,67a170ef9af7c6ee,train
装置5-产品纯度-CH30-VALUE,distillation_column,top_product_purity,required,controlled,percent,vendor_channel_tag,8c2f3eb490814693,train
装置5-塔顶产品纯度-CH30-VALUE,distillation_column,top_product_purity,required,controlled,percent,vendor_channel_tag,0abed3e4dac90c19,train
装置5-塔顶纯度-CH30-VALUE,distillation_column,top_product_purity,required,controlled,percent,vendor_channel_tag,37b28ef87bb52a13,train
1号TOP_TEMP,distillation_column,top_temperature,required,controlled,degC,equipment_prefix,ce85290ee9a59695,train
1号塔顶温度,distillation_column,top_temperature,required,controlled,degC,equipment_prefix,3054bd52d9ef3c76,train
A线_TOP_TEMP,distillation_column,top_temperature,required,controlled,degC,line_prefix,ce85290ee9a59695,train
A线_塔顶温度,distillation_column,top_temperature,required,controlled,degC,line_prefix,3054bd52d9ef3c76,train
B线#TOP_TEMP#测点42,distillation_column,top_temperature,required,controlled,degC,line_point_tag,ce85290ee9a59695,train
B线#塔顶温度#测点42,distillation_column,top_temperature,required,controlled,degC,line_point_tag,3054bd52d9ef3c76,train
DCS_03_TOP_TEMP_PV_17,distillation_column,top_temperature,required,controlled,degC,vendor_dcs_tag,ce85290ee9a59695,train
DCS_03_塔顶温度_PV_17,distillation_column,top_temperature,required,controlled,degC,vendor_dcs_tag,3054bd52d9ef3c76,train
HMI.22.TOP_TEMP.AI,distillation_column,top_temperature,required,controlled,degC,vendor_hmi_tag,ce85290ee9a59695,train
HMI.22.塔顶温度.AI,distillation_column,top_temperature,required,controlled,degC,vendor_hmi_tag,3054bd52d9ef3c76,train
TOPTEMP,distillation_column,top_temperature,required,controlled,degC,compact,ce85290ee9a59695,train
TOP_TEMP,distillation_column,top_temperature,required,controlled,degC,template,ce85290ee9a59695,train
TOP_TEMP[degC],distillation_column,top_temperature,required,controlled,degC,unit_bracket,ce85290ee9a59695,train
TOP_TEMP_01,distillation_column,top_temperature,required,controlled,degC,channel_suffix,ce85290ee9a59695,train
TOP_TEMP_PV,distillation_column,top_temperature,required,controlled,degC,control_suffix,ce85290ee9a59695,train
TOP_TEMP_degC,distillation_column,top_temperature,required,controlled,degC,unit_suffix,ce85290ee9a59695,train
塔顶温度,distillation_column,top_temperature,required,controlled,degC,template,3054bd52d9ef3c76,train
塔顶温度[degC],distillation_column,top_temperature,required,controlled,degC,unit_bracket,3054bd52d9ef3c76,train
塔顶温度_01,distillation_column,top_temperature,required,controlled,degC,channel_suffix,3054bd52d9ef3c76,train
塔顶温度_PV,distillation_column,top_temperature,required,controlled,degC,control_suffix,3054bd52d9ef3c76,train
塔顶温度_degC,distillation_column,top_temperature,required,controlled,degC,unit_suffix,3054bd52d9ef3c76,train
装置5-TOP_TEMP-CH30-VALUE,distillation_column,top_temperature,required,controlled,degC,vendor_channel_tag,ce85290ee9a59695,train
装置5-塔顶温度-CH30-VALUE,distillation_column,top_temperature,required,controlled,degC,vendor_channel_tag,3054bd52d9ef3c76,train
DCS_交换机端口状态_25,steel_industry_energy,__irrelevant__,irrelevant,none,,negative_vendor,9cef41891e6725c6,train
DCS_会议室预约状态_25,steel_industry_energy,__irrelevant__,irrelevant,none,,negative_vendor,a505eece9c1c808b,train
DCS_值班员电子签名_25,steel_industry_energy,__irrelevant__,irrelevant,none,,negative_vendor,a5bd697894722160,train
DCS_办公室温度_25,steel_industry_energy,__irrelevant__,irrelevant,none,,negative_vendor,22f1a5135bb28858,train
DCS_厂商备用测点_25,steel_industry_energy,__irrelevant__,irrelevant,none,,negative_vendor,e3e5a8cd04947b71,train
DCS_工单审批人_25,steel_industry_energy,__irrelevant__,irrelevant,none,,negative_vendor,27ba855964b517a6,train
DCS_打印机墨粉余量_25,steel_industry_energy,__irrelevant__,irrelevant,none,,negative_vendor,3f7f14eac4e86985,train
DCS_报表序号_25,steel_industry_energy,__irrelevant__,irrelevant,none,,negative_vendor,65fd6e95bb806d4f,train
DCS_报表模板编号_25,steel_industry_energy,__irrelevant__,irrelevant,none,,negative_vendor,03b63021d21a9da4,train
DCS_摄像头在线标志_25,steel_industry_energy,__irrelevant__,irrelevant,none,,negative_vendor,0ca1a00a4eac9160,train
DCS_数据库备份状态_25,steel_industry_energy,__irrelevant__,irrelevant,none,,negative_vendor,2e4c7172740a5504,train
DCS_日报打印次数_25,steel_industry_energy,__irrelevant__,irrelevant,none,,negative_vendor,7c5c32fcd69b26a5,train
DCS_检修记录_25,steel_industry_energy,__irrelevant__,irrelevant,none,,negative_vendor,ba6b46ba39344b55,train
DCS_班组备注_25,steel_industry_energy,__irrelevant__,irrelevant,none,,negative_vendor,bc9a5bcbfc17f04f,train
DCS_班车到站时间_25,steel_industry_energy,__irrelevant__,irrelevant,none,,negative_vendor,ae3da1ae40419d8e,train
DCS_画面刷新周期_25,steel_industry_energy,__irrelevant__,irrelevant,none,,negative_vendor,7b2b5fe8bb198e13,train
DCS_网络往返时延_25,steel_industry_energy,__irrelevant__,irrelevant,none,,negative_vendor,781572bf03c4c069,train
DCS_视频码率_25,steel_industry_energy,__irrelevant__,irrelevant,none,,negative_vendor,d8a81c2404da0faa,train
DCS_通讯状态字_25,steel_industry_energy,__irrelevant__,irrelevant,none,,negative_vendor,bdff99c876a336de,train
DCS_鼠标点击计数_25,steel_industry_energy,__irrelevant__,irrelevant,none,,negative_vendor,f9ccc3d2e067272a,train
HMI.60.交换机端口状态.RAW,steel_industry_energy,__irrelevant__,irrelevant,none,,negative_vendor,9cef41891e6725c6,train
HMI.60.会议室预约状态.RAW,steel_industry_energy,__irrelevant__,irrelevant,none,,negative_vendor,a505eece9c1c808b,train
HMI.60.值班员电子签名.RAW,steel_industry_energy,__irrelevant__,irrelevant,none,,negative_vendor,a5bd697894722160,train
HMI.60.办公室温度.RAW,steel_industry_energy,__irrelevant__,irrelevant,none,,negative_vendor,22f1a5135bb28858,train
HMI.60.厂商备用测点.RAW,steel_industry_energy,__irrelevant__,irrelevant,none,,negative_vendor,e3e5a8cd04947b71,train
HMI.60.工单审批人.RAW,steel_industry_energy,__irrelevant__,irrelevant,none,,negative_vendor,27ba855964b517a6,train
HMI.60.打印机墨粉余量.RAW,steel_industry_energy,__irrelevant__,irrelevant,none,,negative_vendor,3f7f14eac4e86985,train
HMI.60.报表序号.RAW,steel_industry_energy,__irrelevant__,irrelevant,none,,negative_vendor,65fd6e95bb806d4f,train
HMI.60.报表模板编号.RAW,steel_industry_energy,__irrelevant__,irrelevant,none,,negative_vendor,03b63021d21a9da4,train
HMI.60.摄像头在线标志.RAW,steel_industry_energy,__irrelevant__,irrelevant,none,,negative_vendor,0ca1a00a4eac9160,train
HMI.60.数据库备份状态.RAW,steel_industry_energy,__irrelevant__,irrelevant,none,,negative_vendor,2e4c7172740a5504,train
HMI.60.日报打印次数.RAW,steel_industry_energy,__irrelevant__,irrelevant,none,,negative_vendor,7c5c32fcd69b26a5,train
HMI.60.检修记录.RAW,steel_industry_energy,__irrelevant__,irrelevant,none,,negative_vendor,ba6b46ba39344b55,train
HMI.60.班组备注.RAW,steel_industry_energy,__irrelevant__,irrelevant,none,,negative_vendor,bc9a5bcbfc17f04f,train
HMI.60.班车到站时间.RAW,steel_industry_energy,__irrelevant__,irrelevant,none,,negative_vendor,ae3da1ae40419d8e,train
HMI.60.画面刷新周期.RAW,steel_industry_energy,__irrelevant__,irrelevant,none,,negative_vendor,7b2b5fe8bb198e13,train
HMI.60.网络往返时延.RAW,steel_industry_energy,__irrelevant__,irrelevant,none,,negative_vendor,781572bf03c4c069,train
HMI.60.视频码率.RAW,steel_industry_energy,__irrelevant__,irrelevant,none,,negative_vendor,d8a81c2404da0faa,train
HMI.60.通讯状态字.RAW,steel_industry_energy,__irrelevant__,irrelevant,none,,negative_vendor,bdff99c876a336de,train
HMI.60.鼠标点击计数.RAW,steel_industry_energy,__irrelevant__,irrelevant,none,,negative_vendor,f9ccc3d2e067272a,train
交换机端口状态,steel_industry_energy,__irrelevant__,irrelevant,none,,negative,9cef41891e6725c6,train
会议室预约状态,steel_industry_energy,__irrelevant__,irrelevant,none,,negative,a505eece9c1c808b,train
值班员电子签名,steel_industry_energy,__irrelevant__,irrelevant,none,,negative,a5bd697894722160,train
办公室温度,steel_industry_energy,__irrelevant__,irrelevant,none,,negative,22f1a5135bb28858,train
厂商备用测点,steel_industry_energy,__irrelevant__,irrelevant,none,,negative,e3e5a8cd04947b71,train
工单审批人,steel_industry_energy,__irrelevant__,irrelevant,none,,negative,27ba855964b517a6,train
打印机墨粉余量,steel_industry_energy,__irrelevant__,irrelevant,none,,negative,3f7f14eac4e86985,train
报表序号,steel_industry_energy,__irrelevant__,irrelevant,none,,negative,65fd6e95bb806d4f,train
报表模板编号,steel_industry_energy,__irrelevant__,irrelevant,none,,negative,03b63021d21a9da4,train
摄像头在线标志,steel_industry_energy,__irrelevant__,irrelevant,none,,negative,0ca1a00a4eac9160,train
数据库备份状态,steel_industry_energy,__irrelevant__,irrelevant,none,,negative,2e4c7172740a5504,train
日报打印次数,steel_industry_energy,__irrelevant__,irrelevant,none,,negative,7c5c32fcd69b26a5,train
检修记录,steel_industry_energy,__irrelevant__,irrelevant,none,,negative,ba6b46ba39344b55,train
班组备注,steel_industry_energy,__irrelevant__,irrelevant,none,,negative,bc9a5bcbfc17f04f,train
班车到站时间,steel_industry_energy,__irrelevant__,irrelevant,none,,negative,ae3da1ae40419d8e,train
画面刷新周期,steel_industry_energy,__irrelevant__,irrelevant,none,,negative,7b2b5fe8bb198e13,train
网络往返时延,steel_industry_energy,__irrelevant__,irrelevant,none,,negative,781572bf03c4c069,train
视频码率,steel_industry_energy,__irrelevant__,irrelevant,none,,negative,d8a81c2404da0faa,train
通讯状态字,steel_industry_energy,__irrelevant__,irrelevant,none,,negative,bdff99c876a336de,train
鼠标点击计数,steel_industry_energy,__irrelevant__,irrelevant,none,,negative,f9ccc3d2e067272a,train
1号CO2,steel_industry_energy,co2_emission,useful,state,tCO2,equipment_prefix,c213fd609a4cd1b2,train
1号CO2(tCO2),steel_industry_energy,co2_emission,useful,state,tCO2,equipment_prefix,cdeecbe5ed1e0874,train
1号carbon emission,steel_industry_energy,co2_emission,useful,state,tCO2,equipment_prefix,59d8104c9aaedb7c,train
1号co2_emission,steel_industry_energy,co2_emission,useful,state,tCO2,equipment_prefix,ad2db931410afaeb,train
1号二氧化碳排放,steel_industry_energy,co2_emission,useful,state,tCO2,equipment_prefix,2ec8f6298e292e3c,train
A线_CO2,steel_industry_energy,co2_emission,useful,state,tCO2,line_prefix,c213fd609a4cd1b2,train
A线_CO2(tCO2),steel_industry_energy,co2_emission,useful,state,tCO2,line_prefix,cdeecbe5ed1e0874,train
A线_carbon emission,steel_industry_energy,co2_emission,useful,state,tCO2,line_prefix,59d8104c9aaedb7c,train
A线_co2_emission,steel_industry_energy,co2_emission,useful,state,tCO2,line_prefix,ad2db931410afaeb,train
A线_二氧化碳排放,steel_industry_energy,co2_emission,useful,state,tCO2,line_prefix,2ec8f6298e292e3c,train
B线#CO2#测点42,steel_industry_energy,co2_emission,useful,state,tCO2,line_point_tag,c213fd609a4cd1b2,train
B线#CO2(tCO2)#测点42,steel_industry_energy,co2_emission,useful,state,tCO2,line_point_tag,cdeecbe5ed1e0874,train
B线#carbon emission#测点42,steel_industry_energy,co2_emission,useful,state,tCO2,line_point_tag,59d8104c9aaedb7c,train
B线#co2_emission#测点42,steel_industry_energy,co2_emission,useful,state,tCO2,line_point_tag,ad2db931410afaeb,train
B线#二氧化碳排放#测点42,steel_industry_energy,co2_emission,useful,state,tCO2,line_point_tag,2ec8f6298e292e3c,train
CARBON_EMISSION,steel_industry_energy,co2_emission,useful,state,tCO2,uppercase,59d8104c9aaedb7c,train
CO2,steel_industry_energy,co2_emission,useful,state,tCO2,template,c213fd609a4cd1b2,train
CO2(tCO2),steel_industry_energy,co2_emission,useful,state,tCO2,template,cdeecbe5ed1e0874,train
CO2(tCO2)[tCO2],steel_industry_energy,co2_emission,useful,state,tCO2,unit_bracket,cdeecbe5ed1e0874,train
CO2[tCO2],steel_industry_energy,co2_emission,useful,state,tCO2,unit_bracket,c213fd609a4cd1b2,train
CO2_01,steel_industry_energy,co2_emission,useful,state,tCO2,channel_suffix,c213fd609a4cd1b2,train
CO2_EMISSION,steel_industry_energy,co2_emission,useful,state,tCO2,uppercase,ad2db931410afaeb,train
CO2_PV,steel_industry_energy,co2_emission,useful,state,tCO2,control_suffix,c213fd609a4cd1b2,train
CO2_TCO2,steel_industry_energy,co2_emission,useful,state,tCO2,uppercase,cdeecbe5ed1e0874,train
CO2_tCO2,steel_industry_energy,co2_emission,useful,state,tCO2,unit_suffix,c213fd609a4cd1b2,train
CO2_tCO2_01,steel_industry_energy,co2_emission,useful,state,tCO2,channel_suffix,cdeecbe5ed1e0874,train
CO2_tCO2_PV,steel_industry_energy,co2_emission,useful,state,tCO2,control_suffix,cdeecbe5ed1e0874,train
CO2_tCO2_tCO2,steel_industry_energy,co2_emission,useful,state,tCO2,unit_suffix,cdeecbe5ed1e0874,train
CO2tCO2,steel_industry_energy,co2_emission,useful,state,tCO2,compact,cdeecbe5ed1e0874,train
DCS_03_CO2_PV_17,steel_industry_energy,co2_emission,useful,state,tCO2,vendor_dcs_tag,c213fd609a4cd1b2,train
DCS_03_CO2_tCO2_PV_17,steel_industry_energy,co2_emission,useful,state,tCO2,vendor_dcs_tag,cdeecbe5ed1e0874,train
DCS_03_carbon_emission_PV_17,steel_industry_energy,co2_emission,useful,state,tCO2,vendor_dcs_tag,59d8104c9aaedb7c,train
DCS_03_co2_emission_PV_17,steel_industry_energy,co2_emission,useful,state,tCO2,vendor_dcs_tag,ad2db931410afaeb,train
DCS_03_二氧化碳排放_PV_17,steel_industry_energy,co2_emission,useful,state,tCO2,vendor_dcs_tag,2ec8f6298e292e3c,train
HMI.22.CO2.AI,steel_industry_energy,co2_emission,useful,state,tCO2,vendor_hmi_tag,c213fd609a4cd1b2,train
HMI.22.CO2_tCO2.AI,steel_industry_energy,co2_emission,useful,state,tCO2,vendor_hmi_tag,cdeecbe5ed1e0874,train
HMI.22.carbon_emission.AI,steel_industry_energy,co2_emission,useful,state,tCO2,vendor_hmi_tag,59d8104c9aaedb7c,train
HMI.22.co2_emission.AI,steel_industry_energy,co2_emission,useful,state,tCO2,vendor_hmi_tag,ad2db931410afaeb,train
HMI.22.二氧化碳排放.AI,steel_industry_energy,co2_emission,useful,state,tCO2,vendor_hmi_tag,2ec8f6298e292e3c,train
carbon emission,steel_industry_energy,co2_emission,useful,state,tCO2,template,59d8104c9aaedb7c,train
carbon emission[tCO2],steel_industry_energy,co2_emission,useful,state,tCO2,unit_bracket,59d8104c9aaedb7c,train
carbon_emission,steel_industry_energy,co2_emission,useful,state,tCO2,normalized,59d8104c9aaedb7c,train
carbon_emission_01,steel_industry_energy,co2_emission,useful,state,tCO2,channel_suffix,59d8104c9aaedb7c,train
carbon_emission_PV,steel_industry_energy,co2_emission,useful,state,tCO2,control_suffix,59d8104c9aaedb7c,train
carbon_emission_tCO2,steel_industry_energy,co2_emission,useful,state,tCO2,unit_suffix,59d8104c9aaedb7c,train
carbonemission,steel_industry_energy,co2_emission,useful,state,tCO2,compact,59d8104c9aaedb7c,train
co2_emission,steel_industry_energy,co2_emission,useful,state,tCO2,template,ad2db931410afaeb,train
co2_emission[tCO2],steel_industry_energy,co2_emission,useful,state,tCO2,unit_bracket,ad2db931410afaeb,train
co2_emission_01,steel_industry_energy,co2_emission,useful,state,tCO2,channel_suffix,ad2db931410afaeb,train
co2_emission_PV,steel_industry_energy,co2_emission,useful,state,tCO2,control_suffix,ad2db931410afaeb,train
co2_emission_tCO2,steel_industry_energy,co2_emission,useful,state,tCO2,unit_suffix,ad2db931410afaeb,train
co2emission,steel_industry_energy,co2_emission,useful,state,tCO2,compact,ad2db931410afaeb,train
二氧化碳排放,steel_industry_energy,co2_emission,useful,state,tCO2,template,2ec8f6298e292e3c,train
二氧化碳排放[tCO2],steel_industry_energy,co2_emission,useful,state,tCO2,unit_bracket,2ec8f6298e292e3c,train
二氧化碳排放_01,steel_industry_energy,co2_emission,useful,state,tCO2,channel_suffix,2ec8f6298e292e3c,train
二氧化碳排放_PV,steel_industry_energy,co2_emission,useful,state,tCO2,control_suffix,2ec8f6298e292e3c,train
二氧化碳排放_tCO2,steel_industry_energy,co2_emission,useful,state,tCO2,unit_suffix,2ec8f6298e292e3c,train
装置5-CO2-CH30-VALUE,steel_industry_energy,co2_emission,useful,state,tCO2,vendor_channel_tag,c213fd609a4cd1b2,train
装置5-CO2_tCO2-CH30-VALUE,steel_industry_energy,co2_emission,useful,state,tCO2,vendor_channel_tag,cdeecbe5ed1e0874,train
装置5-carbon_emission-CH30-VALUE,steel_industry_energy,co2_emission,useful,state,tCO2,vendor_channel_tag,59d8104c9aaedb7c,train
装置5-co2_emission-CH30-VALUE,steel_industry_energy,co2_emission,useful,state,tCO2,vendor_channel_tag,ad2db931410afaeb,train
装置5-二氧化碳排放-CH30-VALUE,steel_industry_energy,co2_emission,useful,state,tCO2,vendor_channel_tag,2ec8f6298e292e3c,train
1号Day_of_week,steel_industry_energy,day_of_week,useful,identifier,string,equipment_prefix,7baa213ee880c605,train
1号day_of_week,steel_industry_energy,day_of_week,useful,identifier,string,equipment_prefix,249c207255e3cf24,train
1号weekday,steel_industry_energy,day_of_week,useful,identifier,string,equipment_prefix,76fe1d45ddb99da5,train
A线_Day_of_week,steel_industry_energy,day_of_week,useful,identifier,string,line_prefix,7baa213ee880c605,train
A线_day_of_week,steel_industry_energy,day_of_week,useful,identifier,string,line_prefix,249c207255e3cf24,train
A线_weekday,steel_industry_energy,day_of_week,useful,identifier,string,line_prefix,76fe1d45ddb99da5,train
B线#Day_of_week#测点42,steel_industry_energy,day_of_week,useful,identifier,string,line_point_tag,7baa213ee880c605,train
B线#day_of_week#测点42,steel_industry_energy,day_of_week,useful,identifier,string,line_point_tag,249c207255e3cf24,train
B线#weekday#测点42,steel_industry_energy,day_of_week,useful,identifier,string,line_point_tag,76fe1d45ddb99da5,train
DCS_03_Day_of_week_PV_17,steel_industry_energy,day_of_week,useful,identifier,string,vendor_dcs_tag,7baa213ee880c605,train
DCS_03_weekday_PV_17,steel_industry_energy,day_of_week,useful,identifier,string,vendor_dcs_tag,76fe1d45ddb99da5,train
Day_of_week,steel_industry_energy,day_of_week,useful,identifier,string,template,7baa213ee880c605,train
Day_of_week_01,steel_industry_energy,day_of_week,useful,identifier,string,channel_suffix,7baa213ee880c605,train
Day_of_week_PV,steel_industry_energy,day_of_week,useful,identifier,string,control_suffix,7baa213ee880c605,train
Dayofweek,steel_industry_energy,day_of_week,useful,identifier,string,compact,7baa213ee880c605,train
HMI.22.Day_of_week.AI,steel_industry_energy,day_of_week,useful,identifier,string,vendor_hmi_tag,7baa213ee880c605,train
HMI.22.weekday.AI,steel_industry_energy,day_of_week,useful,identifier,string,vendor_hmi_tag,76fe1d45ddb99da5,train
WEEKDAY,steel_industry_energy,day_of_week,useful,identifier,string,uppercase,76fe1d45ddb99da5,train
weekday,steel_industry_energy,day_of_week,useful,identifier,string,template,76fe1d45ddb99da5,train
weekday_01,steel_industry_energy,day_of_week,useful,identifier,string,channel_suffix,76fe1d45ddb99da5,train
weekday_PV,steel_industry_energy,day_of_week,useful,identifier,string,control_suffix,76fe1d45ddb99da5,train
装置5-Day_of_week-CH30-VALUE,steel_industry_energy,day_of_week,useful,identifier,string,vendor_channel_tag,7baa213ee880c605,train
装置5-weekday-CH30-VALUE,steel_industry_energy,day_of_week,useful,identifier,string,vendor_channel_tag,76fe1d45ddb99da5,train
1号Usage_kWh,steel_industry_energy,energy_usage,required,controlled,kWh,equipment_prefix,c378e92c157519d3,train
1号energy_usage,steel_industry_energy,energy_usage,required,controlled,kWh,equipment_prefix,ad1278191beb7fb0,train
1号industry energy consumption,steel_industry_energy,energy_usage,required,controlled,kWh,equipment_prefix,b04a5aa32000330e,train
1号工业用电量,steel_industry_energy,energy_usage,required,controlled,kWh,equipment_prefix,3da543f99e58d6ea,train
1号用电量,steel_industry_energy,energy_usage,required,controlled,kWh,equipment_prefix,405c4e8e4f15f9c5,train
1号能耗,steel_industry_energy,energy_usage,required,controlled,kWh,equipment_prefix,a4a8ad22e4e73340,train
A线_Usage_kWh,steel_industry_energy,energy_usage,required,controlled,kWh,line_prefix,c378e92c157519d3,train
A线_energy_usage,steel_industry_energy,energy_usage,required,controlled,kWh,line_prefix,ad1278191beb7fb0,train
A线_industry energy consumption,steel_industry_energy,energy_usage,required,controlled,kWh,line_prefix,b04a5aa32000330e,train
A线_工业用电量,steel_industry_energy,energy_usage,required,controlled,kWh,line_prefix,3da543f99e58d6ea,train
A线_用电量,steel_industry_energy,energy_usage,required,controlled,kWh,line_prefix,405c4e8e4f15f9c5,train
A线_能耗,steel_industry_energy,energy_usage,required,controlled,kWh,line_prefix,a4a8ad22e4e73340,train
B线#Usage_kWh#测点42,steel_industry_energy,energy_usage,required,controlled,kWh,line_point_tag,c378e92c157519d3,train
B线#energy_usage#测点42,steel_industry_energy,energy_usage,required,controlled,kWh,line_point_tag,ad1278191beb7fb0,train
B线#industry energy consumption#测点42,steel_industry_energy,energy_usage,required,controlled,kWh,line_point_tag,b04a5aa32000330e,train
B线#工业用电量#测点42,steel_industry_energy,energy_usage,required,controlled,kWh,line_point_tag,3da543f99e58d6ea,train
B线#用电量#测点42,steel_industry_energy,energy_usage,required,controlled,kWh,line_point_tag,405c4e8e4f15f9c5,train
B线#能耗#测点42,steel_industry_energy,energy_usage,required,controlled,kWh,line_point_tag,a4a8ad22e4e73340,train
DCS_03_Usage_kWh_PV_17,steel_industry_energy,energy_usage,required,controlled,kWh,vendor_dcs_tag,c378e92c157519d3,train
DCS_03_energy_usage_PV_17,steel_industry_energy,energy_usage,required,controlled,kWh,vendor_dcs_tag,ad1278191beb7fb0,train
DCS_03_industry_energy_consumption_PV_17,steel_industry_energy,energy_usage,required,controlled,kWh,vendor_dcs_tag,b04a5aa32000330e,train
DCS_03_工业用电量_PV_17,steel_industry_energy,energy_usage,required,controlled,kWh,vendor_dcs_tag,3da543f99e58d6ea,train
DCS_03_用电量_PV_17,steel_industry_energy,energy_usage,required,controlled,kWh,vendor_dcs_tag,405c4e8e4f15f9c5,train
DCS_03_能耗_PV_17,steel_industry_energy,energy_usage,required,controlled,kWh,vendor_dcs_tag,a4a8ad22e4e73340,train
ENERGY_USAGE,steel_industry_energy,energy_usage,required,controlled,kWh,uppercase,ad1278191beb7fb0,train
HMI.22.Usage_kWh.AI,steel_industry_energy,energy_usage,required,controlled,kWh,vendor_hmi_tag,c378e92c157519d3,train
HMI.22.energy_usage.AI,steel_industry_energy,energy_usage,required,controlled,kWh,vendor_hmi_tag,ad1278191beb7fb0,train
HMI.22.industry_energy_consumption.AI,steel_industry_energy,energy_usage,required,controlled,kWh,vendor_hmi_tag,b04a5aa32000330e,train
HMI.22.工业用电量.AI,steel_industry_energy,energy_usage,required,controlled,kWh,vendor_hmi_tag,3da543f99e58d6ea,train
HMI.22.用电量.AI,steel_industry_energy,energy_usage,required,controlled,kWh,vendor_hmi_tag,405c4e8e4f15f9c5,train
HMI.22.能耗.AI,steel_industry_energy,energy_usage,required,controlled,kWh,vendor_hmi_tag,a4a8ad22e4e73340,train
INDUSTRY_ENERGY_CONSUMPTION,steel_industry_energy,energy_usage,required,controlled,kWh,uppercase,b04a5aa32000330e,train
Usage_kWh,steel_industry_energy,energy_usage,required,controlled,kWh,template,c378e92c157519d3,train
Usage_kWh[kWh],steel_industry_energy,energy_usage,required,controlled,kWh,unit_bracket,c378e92c157519d3,train
Usage_kWh_01,steel_industry_energy,energy_usage,required,controlled,kWh,channel_suffix,c378e92c157519d3,train
Usage_kWh_PV,steel_industry_energy,energy_usage,required,controlled,kWh,control_suffix,c378e92c157519d3,train
Usage_kWh_kWh,steel_industry_energy,energy_usage,required,controlled,kWh,unit_suffix,c378e92c157519d3,train
UsagekWh,steel_industry_energy,energy_usage,required,controlled,kWh,compact,c378e92c157519d3,train
energy_usage,steel_industry_energy,energy_usage,required,controlled,kWh,template,ad1278191beb7fb0,train
energy_usage[kWh],steel_industry_energy,energy_usage,required,controlled,kWh,unit_bracket,ad1278191beb7fb0,train
energy_usage_01,steel_industry_energy,energy_usage,required,controlled,kWh,channel_suffix,ad1278191beb7fb0,train
energy_usage_PV,steel_industry_energy,energy_usage,required,controlled,kWh,control_suffix,ad1278191beb7fb0,train
energy_usage_kWh,steel_industry_energy,energy_usage,required,controlled,kWh,unit_suffix,ad1278191beb7fb0,train
energyusage,steel_industry_energy,energy_usage,required,controlled,kWh,compact,ad1278191beb7fb0,train
industry energy consumption,steel_industry_energy,energy_usage,required,controlled,kWh,template,b04a5aa32000330e,train
industry energy consumption[kWh],steel_industry_energy,energy_usage,required,controlled,kWh,unit_bracket,b04a5aa32000330e,train
industry_energy_consumption,steel_industry_energy,energy_usage,required,controlled,kWh,normalized,b04a5aa32000330e,train
industry_energy_consumption_01,steel_industry_energy,energy_usage,required,controlled,kWh,channel_suffix,b04a5aa32000330e,train
industry_energy_consumption_PV,steel_industry_energy,energy_usage,required,controlled,kWh,control_suffix,b04a5aa32000330e,train
industry_energy_consumption_kWh,steel_industry_energy,energy_usage,required,controlled,kWh,unit_suffix,b04a5aa32000330e,train
industryenergyconsumption,steel_industry_energy,energy_usage,required,controlled,kWh,compact,b04a5aa32000330e,train
工业用电量,steel_industry_energy,energy_usage,required,controlled,kWh,template,3da543f99e58d6ea,train
工业用电量[kWh],steel_industry_energy,energy_usage,required,controlled,kWh,unit_bracket,3da543f99e58d6ea,train
工业用电量_01,steel_industry_energy,energy_usage,required,controlled,kWh,channel_suffix,3da543f99e58d6ea,train
工业用电量_PV,steel_industry_energy,energy_usage,required,controlled,kWh,control_suffix,3da543f99e58d6ea,train
工业用电量_kWh,steel_industry_energy,energy_usage,required,controlled,kWh,unit_suffix,3da543f99e58d6ea,train
用电量,steel_industry_energy,energy_usage,required,controlled,kWh,template,405c4e8e4f15f9c5,train
用电量[kWh],steel_industry_energy,energy_usage,required,controlled,kWh,unit_bracket,405c4e8e4f15f9c5,train
用电量_01,steel_industry_energy,energy_usage,required,controlled,kWh,channel_suffix,405c4e8e4f15f9c5,train
用电量_PV,steel_industry_energy,energy_usage,required,controlled,kWh,control_suffix,405c4e8e4f15f9c5,train
用电量_kWh,steel_industry_energy,energy_usage,required,controlled,kWh,unit_suffix,405c4e8e4f15f9c5,train
能耗,steel_industry_energy,energy_usage,required,controlled,kWh,template,a4a8ad22e4e73340,train
能耗[kWh],steel_industry_energy,energy_usage,required,controlled,kWh,unit_bracket,a4a8ad22e4e73340,train
能耗_01,steel_industry_energy,energy_usage,required,controlled,kWh,channel_suffix,a4a8ad22e4e73340,train
能耗_PV,steel_industry_energy,energy_usage,required,controlled,kWh,control_suffix,a4a8ad22e4e73340,train
能耗_kWh,steel_industry_energy,energy_usage,required,controlled,kWh,unit_suffix,a4a8ad22e4e73340,train
装置5-Usage_kWh-CH30-VALUE,steel_industry_energy,energy_usage,required,controlled,kWh,vendor_channel_tag,c378e92c157519d3,train
装置5-energy_usage-CH30-VALUE,steel_industry_energy,energy_usage,required,controlled,kWh,vendor_channel_tag,ad1278191beb7fb0,train
装置5-industry_energy_consumption-CH30-VALUE,steel_industry_energy,energy_usage,required,controlled,kWh,vendor_channel_tag,b04a5aa32000330e,train
装置5-工业用电量-CH30-VALUE,steel_industry_energy,energy_usage,required,controlled,kWh,vendor_channel_tag,3da543f99e58d6ea,train
装置5-用电量-CH30-VALUE,steel_industry_energy,energy_usage,required,controlled,kWh,vendor_channel_tag,405c4e8e4f15f9c5,train
装置5-能耗-CH30-VALUE,steel_industry_energy,energy_usage,required,controlled,kWh,vendor_channel_tag,a4a8ad22e4e73340,train
1号Lagging_Current_Power_Factor,steel_industry_energy,lagging_power_factor,useful,state,percent,equipment_prefix,11e70dbdbd5eeeab,train
A线_Lagging_Current_Power_Factor,steel_industry_energy,lagging_power_factor,useful,state,percent,line_prefix,11e70dbdbd5eeeab,train
B线#Lagging_Current_Power_Factor#测点42,steel_industry_energy,lagging_power_factor,useful,state,percent,line_point_tag,11e70dbdbd5eeeab,train
DCS_03_Lagging_Current_Power_Factor_PV_17,steel_industry_energy,lagging_power_factor,useful,state,percent,vendor_dcs_tag,11e70dbdbd5eeeab,train
HMI.22.Lagging_Current_Power_Factor.AI,steel_industry_energy,lagging_power_factor,useful,state,percent,vendor_hmi_tag,11e70dbdbd5eeeab,train
LAGGING_CURRENT_POWER_FACTOR,steel_industry_energy,lagging_power_factor,useful,state,percent,uppercase,11e70dbdbd5eeeab,train
LaggingCurrentPowerFactor,steel_industry_energy,lagging_power_factor,useful,state,percent,compact,11e70dbdbd5eeeab,train
Lagging_Current_Power_Factor,steel_industry_energy,lagging_power_factor,useful,state,percent,template,11e70dbdbd5eeeab,train
Lagging_Current_Power_Factor[percent],steel_industry_energy,lagging_power_factor,useful,state,percent,unit_bracket,11e70dbdbd5eeeab,train
Lagging_Current_Power_Factor_01,steel_industry_energy,lagging_power_factor,useful,state,percent,channel_suffix,11e70dbdbd5eeeab,train
Lagging_Current_Power_Factor_PV,steel_industry_energy,lagging_power_factor,useful,state,percent,control_suffix,11e70dbdbd5eeeab,train
Lagging_Current_Power_Factor_percent,steel_industry_energy,lagging_power_factor,useful,state,percent,unit_suffix,11e70dbdbd5eeeab,train
装置5-Lagging_Current_Power_Factor-CH30-VALUE,steel_industry_energy,lagging_power_factor,useful,state,percent,vendor_channel_tag,11e70dbdbd5eeeab,train
1号lagging current reactive power,steel_industry_energy,lagging_reactive_energy,required,disturbance,kVarh,equipment_prefix,938fda95a92cc1cd,train
1号lagging_reactive_energy,steel_industry_energy,lagging_reactive_energy,required,disturbance,kVarh,equipment_prefix,55bfc7a659b66a53,train
1号滞后无功电量,steel_industry_energy,lagging_reactive_energy,required,disturbance,kVarh,equipment_prefix,dc2fd82ea0178441,train
A线_lagging current reactive power,steel_industry_energy,lagging_reactive_energy,required,disturbance,kVarh,line_prefix,938fda95a92cc1cd,train
A线_lagging_reactive_energy,steel_industry_energy,lagging_reactive_energy,required,disturbance,kVarh,line_prefix,55bfc7a659b66a53,train
A线_滞后无功电量,steel_industry_energy,lagging_reactive_energy,required,disturbance,kVarh,line_prefix,dc2fd82ea0178441,train
B线#lagging current reactive power#测点42,steel_industry_energy,lagging_reactive_energy,required,disturbance,kVarh,line_point_tag,938fda95a92cc1cd,train
B线#lagging_reactive_energy#测点42,steel_industry_energy,lagging_reactive_energy,required,disturbance,kVarh,line_point_tag,55bfc7a659b66a53,train
B线#滞后无功电量#测点42,steel_industry_energy,lagging_reactive_energy,required,disturbance,kVarh,line_point_tag,dc2fd82ea0178441,train
DCS_03_lagging_current_reactive_power_PV_17,steel_industry_energy,lagging_reactive_energy,required,disturbance,kVarh,vendor_dcs_tag,938fda95a92cc1cd,train
DCS_03_lagging_reactive_energy_PV_17,steel_industry_energy,lagging_reactive_energy,required,disturbance,kVarh,vendor_dcs_tag,55bfc7a659b66a53,train
DCS_03_滞后无功电量_PV_17,steel_industry_energy,lagging_reactive_energy,required,disturbance,kVarh,vendor_dcs_tag,dc2fd82ea0178441,train
HMI.22.lagging_current_reactive_power.AI,steel_industry_energy,lagging_reactive_energy,required,disturbance,kVarh,vendor_hmi_tag,938fda95a92cc1cd,train
HMI.22.lagging_reactive_energy.AI,steel_industry_energy,lagging_reactive_energy,required,disturbance,kVarh,vendor_hmi_tag,55bfc7a659b66a53,train
HMI.22.滞后无功电量.AI,steel_industry_energy,lagging_reactive_energy,required,disturbance,kVarh,vendor_hmi_tag,dc2fd82ea0178441,train
LAGGING_CURRENT_REACTIVE_POWER,steel_industry_energy,lagging_reactive_energy,required,disturbance,kVarh,uppercase,938fda95a92cc1cd,train
LAGGING_REACTIVE_ENERGY,steel_industry_energy,lagging_reactive_energy,required,disturbance,kVarh,uppercase,55bfc7a659b66a53,train
lagging current reactive power,steel_industry_energy,lagging_reactive_energy,required,disturbance,kVarh,template,938fda95a92cc1cd,train
lagging current reactive power[kVarh],steel_industry_energy,lagging_reactive_energy,required,disturbance,kVarh,unit_bracket,938fda95a92cc1cd,train
lagging_current_reactive_power,steel_industry_energy,lagging_reactive_energy,required,disturbance,kVarh,normalized,938fda95a92cc1cd,train
lagging_current_reactive_power_01,steel_industry_energy,lagging_reactive_energy,required,disturbance,kVarh,channel_suffix,938fda95a92cc1cd,train
lagging_current_reactive_power_PV,steel_industry_energy,lagging_reactive_energy,required,disturbance,kVarh,control_suffix,938fda95a92cc1cd,train
lagging_current_reactive_power_kVarh,steel_industry_energy,lagging_reactive_energy,required,disturbance,kVarh,unit_suffix,938fda95a92cc1cd,train
lagging_reactive_energy,steel_industry_energy,lagging_reactive_energy,required,disturbance,kVarh,template,55bfc7a659b66a53,train
lagging_reactive_energy[kVarh],steel_industry_energy,lagging_reactive_energy,required,disturbance,kVarh,unit_bracket,55bfc7a659b66a53,train
lagging_reactive_energy_01,steel_industry_energy,lagging_reactive_energy,required,disturbance,kVarh,channel_suffix,55bfc7a659b66a53,train
lagging_reactive_energy_PV,steel_industry_energy,lagging_reactive_energy,required,disturbance,kVarh,control_suffix,55bfc7a659b66a53,train
lagging_reactive_energy_kVarh,steel_industry_energy,lagging_reactive_energy,required,disturbance,kVarh,unit_suffix,55bfc7a659b66a53,train
laggingcurrentreactivepower,steel_industry_energy,lagging_reactive_energy,required,disturbance,kVarh,compact,938fda95a92cc1cd,train
laggingreactiveenergy,steel_industry_energy,lagging_reactive_energy,required,disturbance,kVarh,compact,55bfc7a659b66a53,train
滞后无功电量,steel_industry_energy,lagging_reactive_energy,required,disturbance,kVarh,template,dc2fd82ea0178441,train
滞后无功电量[kVarh],steel_industry_energy,lagging_reactive_energy,required,disturbance,kVarh,unit_bracket,dc2fd82ea0178441,train
滞后无功电量_01,steel_industry_energy,lagging_reactive_energy,required,disturbance,kVarh,channel_suffix,dc2fd82ea0178441,train
滞后无功电量_PV,steel_industry_energy,lagging_reactive_energy,required,disturbance,kVarh,control_suffix,dc2fd82ea0178441,train
滞后无功电量_kVarh,steel_industry_energy,lagging_reactive_energy,required,disturbance,kVarh,unit_suffix,dc2fd82ea0178441,train
装置5-lagging_current_reactive_power-CH30-VALUE,steel_industry_energy,lagging_reactive_energy,required,disturbance,kVarh,vendor_channel_tag,938fda95a92cc1cd,train
装置5-lagging_reactive_energy-CH30-VALUE,steel_industry_energy,lagging_reactive_energy,required,disturbance,kVarh,vendor_channel_tag,55bfc7a659b66a53,train
装置5-滞后无功电量-CH30-VALUE,steel_industry_energy,lagging_reactive_energy,required,disturbance,kVarh,vendor_channel_tag,dc2fd82ea0178441,train
1号Leading_Current_Power_Factor,steel_industry_energy,leading_power_factor,useful,state,percent,equipment_prefix,58ffc7a7b063e7ca,train
1号leading power factor,steel_industry_energy,leading_power_factor,useful,state,percent,equipment_prefix,68b91a3b7534ddee,train
1号超前功率因数,steel_industry_energy,leading_power_factor,useful,state,percent,equipment_prefix,57560183ffd35c7b,train
A线_Leading_Current_Power_Factor,steel_industry_energy,leading_power_factor,useful,state,percent,line_prefix,58ffc7a7b063e7ca,train
A线_leading power factor,steel_industry_energy,leading_power_factor,useful,state,percent,line_prefix,68b91a3b7534ddee,train
A线_超前功率因数,steel_industry_energy,leading_power_factor,useful,state,percent,line_prefix,57560183ffd35c7b,train
B线#Leading_Current_Power_Factor#测点42,steel_industry_energy,leading_power_factor,useful,state,percent,line_point_tag,58ffc7a7b063e7ca,train
B线#leading power factor#测点42,steel_industry_energy,leading_power_factor,useful,state,percent,line_point_tag,68b91a3b7534ddee,train
B线#超前功率因数#测点42,steel_industry_energy,leading_power_factor,useful,state,percent,line_point_tag,57560183ffd35c7b,train
DCS_03_Leading_Current_Power_Factor_PV_17,steel_industry_energy,leading_power_factor,useful,state,percent,vendor_dcs_tag,58ffc7a7b063e7ca,train
DCS_03_leading_power_factor_PV_17,steel_industry_energy,leading_power_factor,useful,state,percent,vendor_dcs_tag,68b91a3b7534ddee,train
DCS_03_超前功率因数_PV_17,steel_industry_energy,leading_power_factor,useful,state,percent,vendor_dcs_tag,57560183ffd35c7b,train
HMI.22.Leading_Current_Power_Factor.AI,steel_industry_energy,leading_power_factor,useful,state,percent,vendor_hmi_tag,58ffc7a7b063e7ca,train
HMI.22.leading_power_factor.AI,steel_industry_energy,leading_power_factor,useful,state,percent,vendor_hmi_tag,68b91a3b7534ddee,train
HMI.22.超前功率因数.AI,steel_industry_energy,leading_power_factor,useful,state,percent,vendor_hmi_tag,57560183ffd35c7b,train
LEADING_CURRENT_POWER_FACTOR,steel_industry_energy,leading_power_factor,useful,state,percent,uppercase,58ffc7a7b063e7ca,train
LEADING_POWER_FACTOR,steel_industry_energy,leading_power_factor,useful,state,percent,uppercase,68b91a3b7534ddee,train
LeadingCurrentPowerFactor,steel_industry_energy,leading_power_factor,useful,state,percent,compact,58ffc7a7b063e7ca,train
Leading_Current_Power_Factor,steel_industry_energy,leading_power_factor,useful,state,percent,template,58ffc7a7b063e7ca,train
Leading_Current_Power_Factor[percent],steel_industry_energy,leading_power_factor,useful,state,percent,unit_bracket,58ffc7a7b063e7ca,train
Leading_Current_Power_Factor_01,steel_industry_energy,leading_power_factor,useful,state,percent,channel_suffix,58ffc7a7b063e7ca,train
Leading_Current_Power_Factor_PV,steel_industry_energy,leading_power_factor,useful,state,percent,control_suffix,58ffc7a7b063e7ca,train
Leading_Current_Power_Factor_percent,steel_industry_energy,leading_power_factor,useful,state,percent,unit_suffix,58ffc7a7b063e7ca,train
leading power factor,steel_industry_energy,leading_power_factor,useful,state,percent,template,68b91a3b7534ddee,train
leading power factor[percent],steel_industry_energy,leading_power_factor,useful,state,percent,unit_bracket,68b91a3b7534ddee,train
leading_power_factor,steel_industry_energy,leading_power_factor,useful,state,percent,normalized,68b91a3b7534ddee,train
leading_power_factor_01,steel_industry_energy,leading_power_factor,useful,state,percent,channel_suffix,68b91a3b7534ddee,train
leading_power_factor_PV,steel_industry_energy,leading_power_factor,useful,state,percent,control_suffix,68b91a3b7534ddee,train
leading_power_factor_percent,steel_industry_energy,leading_power_factor,useful,state,percent,unit_suffix,68b91a3b7534ddee,train
leadingpowerfactor,steel_industry_energy,leading_power_factor,useful,state,percent,compact,68b91a3b7534ddee,train
装置5-Leading_Current_Power_Factor-CH30-VALUE,steel_industry_energy,leading_power_factor,useful,state,percent,vendor_channel_tag,58ffc7a7b063e7ca,train
装置5-leading_power_factor-CH30-VALUE,steel_industry_energy,leading_power_factor,useful,state,percent,vendor_channel_tag,68b91a3b7534ddee,train
装置5-超前功率因数-CH30-VALUE,steel_industry_energy,leading_power_factor,useful,state,percent,vendor_channel_tag,57560183ffd35c7b,train
超前功率因数,steel_industry_energy,leading_power_factor,useful,state,percent,template,57560183ffd35c7b,train
超前功率因数[percent],steel_industry_energy,leading_power_factor,useful,state,percent,unit_bracket,57560183ffd35c7b,train
超前功率因数_01,steel_industry_energy,leading_power_factor,useful,state,percent,channel_suffix,57560183ffd35c7b,train
超前功率因数_PV,steel_industry_energy,leading_power_factor,useful,state,percent,control_suffix,57560183ffd35c7b,train
超前功率因数_percent,steel_industry_energy,leading_power_factor,useful,state,percent,unit_suffix,57560183ffd35c7b,train
1号Leading_Current_Reactive_Power_kVarh,steel_industry_energy,leading_reactive_energy,required,disturbance,kVarh,equipment_prefix,e80ec302eaa9404a,train
1号leading current reactive power,steel_industry_energy,leading_reactive_energy,required,disturbance,kVarh,equipment_prefix,c0e617d41399cc84,train
1号leading_reactive_energy,steel_industry_energy,leading_reactive_energy,required,disturbance,kVarh,equipment_prefix,02ae2218558ed4f9,train
1号超前无功电量,steel_industry_energy,leading_reactive_energy,required,disturbance,kVarh,equipment_prefix,d48f833dcb0616ef,train
A线_Leading_Current_Reactive_Power_kVarh,steel_industry_energy,leading_reactive_energy,required,disturbance,kVarh,line_prefix,e80ec302eaa9404a,train
A线_leading current reactive power,steel_industry_energy,leading_reactive_energy,required,disturbance,kVarh,line_prefix,c0e617d41399cc84,train
A线_leading_reactive_energy,steel_industry_energy,leading_reactive_energy,required,disturbance,kVarh,line_prefix,02ae2218558ed4f9,train
A线_超前无功电量,steel_industry_energy,leading_reactive_energy,required,disturbance,kVarh,line_prefix,d48f833dcb0616ef,train
B线#Leading_Current_Reactive_Power_kVarh#测点42,steel_industry_energy,leading_reactive_energy,required,disturbance,kVarh,line_point_tag,e80ec302eaa9404a,train
B线#leading current reactive power#测点42,steel_industry_energy,leading_reactive_energy,required,disturbance,kVarh,line_point_tag,c0e617d41399cc84,train
B线#leading_reactive_energy#测点42,steel_industry_energy,leading_reactive_energy,required,disturbance,kVarh,line_point_tag,02ae2218558ed4f9,train
B线#超前无功电量#测点42,steel_industry_energy,leading_reactive_energy,required,disturbance,kVarh,line_point_tag,d48f833dcb0616ef,train
DCS_03_Leading_Current_Reactive_Power_kVarh_PV_17,steel_industry_energy,leading_reactive_energy,required,disturbance,kVarh,vendor_dcs_tag,e80ec302eaa9404a,train
DCS_03_leading_current_reactive_power_PV_17,steel_industry_energy,leading_reactive_energy,required,disturbance,kVarh,vendor_dcs_tag,c0e617d41399cc84,train
DCS_03_leading_reactive_energy_PV_17,steel_industry_energy,leading_reactive_energy,required,disturbance,kVarh,vendor_dcs_tag,02ae2218558ed4f9,train
DCS_03_超前无功电量_PV_17,steel_industry_energy,leading_reactive_energy,required,disturbance,kVarh,vendor_dcs_tag,d48f833dcb0616ef,train
HMI.22.Leading_Current_Reactive_Power_kVarh.AI,steel_industry_energy,leading_reactive_energy,required,disturbance,kVarh,vendor_hmi_tag,e80ec302eaa9404a,train
HMI.22.leading_current_reactive_power.AI,steel_industry_energy,leading_reactive_energy,required,disturbance,kVarh,vendor_hmi_tag,c0e617d41399cc84,train
HMI.22.leading_reactive_energy.AI,steel_industry_energy,leading_reactive_energy,required,disturbance,kVarh,vendor_hmi_tag,02ae2218558ed4f9,train
HMI.22.超前无功电量.AI,steel_industry_energy,leading_reactive_energy,required,disturbance,kVarh,vendor_hmi_tag,d48f833dcb0616ef,train
LEADING_CURRENT_REACTIVE_POWER,steel_industry_energy,leading_reactive_energy,required,disturbance,kVarh,uppercase,c0e617d41399cc84,train
LEADING_CURRENT_REACTIVE_POWER_KVARH,steel_industry_energy,leading_reactive_energy,required,disturbance,kVarh,uppercase,e80ec302eaa9404a,train
LEADING_REACTIVE_ENERGY,steel_industry_energy,leading_reactive_energy,required,disturbance,kVarh,uppercase,02ae2218558ed4f9,train
LeadingCurrentReactivePowerkVarh,steel_industry_energy,leading_reactive_energy,required,disturbance,kVarh,compact,e80ec302eaa9404a,train
Leading_Current_Reactive_Power_kVarh,steel_industry_energy,leading_reactive_energy,required,disturbance,kVarh,template,e80ec302eaa9404a,train
Leading_Current_Reactive_Power_kVarh[kVarh],steel_industry_energy,leading_reactive_energy,required,disturbance,kVarh,unit_bracket,e80ec302eaa9404a,train
Leading_Current_Reactive_Power_kVarh_01,steel_industry_energy,leading_reactive_energy,required,disturbance,kVarh,channel_suffix,e80ec302eaa9404a,train
Leading_Current_Reactive_Power_kVarh_PV,steel_industry_energy,leading_reactive_energy,required,disturbance,kVarh,control_suffix,e80ec302eaa9404a,train
Leading_Current_Reactive_Power_kVarh_kVarh,steel_industry_energy,leading_reactive_energy,required,disturbance,kVarh,unit_suffix,e80ec302eaa9404a,train
leading current reactive power,steel_industry_energy,leading_reactive_energy,required,disturbance,kVarh,template,c0e617d41399cc84,train
leading current reactive power[kVarh],steel_industry_energy,leading_reactive_energy,required,disturbance,kVarh,unit_bracket,c0e617d41399cc84,train
leading_current_reactive_power,steel_industry_energy,leading_reactive_energy,required,disturbance,kVarh,normalized,c0e617d41399cc84,train
leading_current_reactive_power_01,steel_industry_energy,leading_reactive_energy,required,disturbance,kVarh,channel_suffix,c0e617d41399cc84,train
leading_current_reactive_power_PV,steel_industry_energy,leading_reactive_energy,required,disturbance,kVarh,control_suffix,c0e617d41399cc84,train
leading_current_reactive_power_kVarh,steel_industry_energy,leading_reactive_energy,required,disturbance,kVarh,unit_suffix,c0e617d41399cc84,train
leading_reactive_energy,steel_industry_energy,leading_reactive_energy,required,disturbance,kVarh,template,02ae2218558ed4f9,train
leading_reactive_energy[kVarh],steel_industry_energy,leading_reactive_energy,required,disturbance,kVarh,unit_bracket,02ae2218558ed4f9,train
leading_reactive_energy_01,steel_industry_energy,leading_reactive_energy,required,disturbance,kVarh,channel_suffix,02ae2218558ed4f9,train
leading_reactive_energy_PV,steel_industry_energy,leading_reactive_energy,required,disturbance,kVarh,control_suffix,02ae2218558ed4f9,train
leading_reactive_energy_kVarh,steel_industry_energy,leading_reactive_energy,required,disturbance,kVarh,unit_suffix,02ae2218558ed4f9,train
leadingcurrentreactivepower,steel_industry_energy,leading_reactive_energy,required,disturbance,kVarh,compact,c0e617d41399cc84,train
leadingreactiveenergy,steel_industry_energy,leading_reactive_energy,required,disturbance,kVarh,compact,02ae2218558ed4f9,train
装置5-Leading_Current_Reactive_Power_kVarh-CH30-VALUE,steel_industry_energy,leading_reactive_energy,required,disturbance,kVarh,vendor_channel_tag,e80ec302eaa9404a,train
装置5-leading_current_reactive_power-CH30-VALUE,steel_industry_energy,leading_reactive_energy,required,disturbance,kVarh,vendor_channel_tag,c0e617d41399cc84,train
装置5-leading_reactive_energy-CH30-VALUE,steel_industry_energy,leading_reactive_energy,required,disturbance,kVarh,vendor_channel_tag,02ae2218558ed4f9,train
装置5-超前无功电量-CH30-VALUE,steel_industry_energy,leading_reactive_energy,required,disturbance,kVarh,vendor_channel_tag,d48f833dcb0616ef,train
超前无功电量,steel_industry_energy,leading_reactive_energy,required,disturbance,kVarh,template,d48f833dcb0616ef,train
超前无功电量[kVarh],steel_industry_energy,leading_reactive_energy,required,disturbance,kVarh,unit_bracket,d48f833dcb0616ef,train
超前无功电量_01,steel_industry_energy,leading_reactive_energy,required,disturbance,kVarh,channel_suffix,d48f833dcb0616ef,train
超前无功电量_PV,steel_industry_energy,leading_reactive_energy,required,disturbance,kVarh,control_suffix,d48f833dcb0616ef,train
超前无功电量_kVarh,steel_industry_energy,leading_reactive_energy,required,disturbance,kVarh,unit_suffix,d48f833dcb0616ef,train
1号load category,steel_industry_energy,load_type,useful,state,string,equipment_prefix,72c05bad6809e906,train
1号load_type,steel_industry_energy,load_type,useful,state,string,equipment_prefix,135b61c36ac762ac,train
1号负荷等级,steel_industry_energy,load_type,useful,state,string,equipment_prefix,4f69cb2ad6eab74f,train
1号负荷类型,steel_industry_energy,load_type,useful,state,string,equipment_prefix,d80e759dbb24cef7,train
A线_load category,steel_industry_energy,load_type,useful,state,string,line_prefix,72c05bad6809e906,train
A线_load_type,steel_industry_energy,load_type,useful,state,string,line_prefix,135b61c36ac762ac,train
A线_负荷等级,steel_industry_energy,load_type,useful,state,string,line_prefix,4f69cb2ad6eab74f,train
A线_负荷类型,steel_industry_energy,load_type,useful,state,string,line_prefix,d80e759dbb24cef7,train
B线#load category#测点42,steel_industry_energy,load_type,useful,state,string,line_point_tag,72c05bad6809e906,train
B线#load_type#测点42,steel_industry_energy,load_type,useful,state,string,line_point_tag,135b61c36ac762ac,train
B线#负荷等级#测点42,steel_industry_energy,load_type,useful,state,string,line_point_tag,4f69cb2ad6eab74f,train
B线#负荷类型#测点42,steel_industry_energy,load_type,useful,state,string,line_point_tag,d80e759dbb24cef7,train
DCS_03_load_category_PV_17,steel_industry_energy,load_type,useful,state,string,vendor_dcs_tag,72c05bad6809e906,train
DCS_03_负荷等级_PV_17,steel_industry_energy,load_type,useful,state,string,vendor_dcs_tag,4f69cb2ad6eab74f,train
DCS_03_负荷类型_PV_17,steel_industry_energy,load_type,useful,state,string,vendor_dcs_tag,d80e759dbb24cef7,train
HMI.22.load_category.AI,steel_industry_energy,load_type,useful,state,string,vendor_hmi_tag,72c05bad6809e906,train
HMI.22.负荷等级.AI,steel_industry_energy,load_type,useful,state,string,vendor_hmi_tag,4f69cb2ad6eab74f,train
HMI.22.负荷类型.AI,steel_industry_energy,load_type,useful,state,string,vendor_hmi_tag,d80e759dbb24cef7,train
LOAD_CATEGORY,steel_industry_energy,load_type,useful,state,string,uppercase,72c05bad6809e906,train
load category,steel_industry_energy,load_type,useful,state,string,template,72c05bad6809e906,train
load_category,steel_industry_energy,load_type,useful,state,string,normalized,72c05bad6809e906,train
load_category_01,steel_industry_energy,load_type,useful,state,string,channel_suffix,72c05bad6809e906,train
load_category_PV,steel_industry_energy,load_type,useful,state,string,control_suffix,72c05bad6809e906,train
loadcategory,steel_industry_energy,load_type,useful,state,string,compact,72c05bad6809e906,train
装置5-load_category-CH30-VALUE,steel_industry_energy,load_type,useful,state,string,vendor_channel_tag,72c05bad6809e906,train
装置5-负荷等级-CH30-VALUE,steel_industry_energy,load_type,useful,state,string,vendor_channel_tag,4f69cb2ad6eab74f,train
装置5-负荷类型-CH30-VALUE,steel_industry_energy,load_type,useful,state,string,vendor_channel_tag,d80e759dbb24cef7,train
负荷等级,steel_industry_energy,load_type,useful,state,string,template,4f69cb2ad6eab74f,train
负荷等级_01,steel_industry_energy,load_type,useful,state,string,channel_suffix,4f69cb2ad6eab74f,train
负荷等级_PV,steel_industry_energy,load_type,useful,state,string,control_suffix,4f69cb2ad6eab74f,train
负荷类型,steel_industry_energy,load_type,useful,state,string,template,d80e759dbb24cef7,train
负荷类型_01,steel_industry_energy,load_type,useful,state,string,channel_suffix,d80e759dbb24cef7,train
负荷类型_PV,steel_industry_energy,load_type,useful,state,string,control_suffix,d80e759dbb24cef7,train
1号NSM,steel_industry_energy,seconds_from_midnight,useful,state,s,equipment_prefix,3a5aa7dceac546c0,train
1号seconds_from_midnight,steel_industry_energy,seconds_from_midnight,useful,state,s,equipment_prefix,069d784cfcd5d09f,train
1号午夜起秒数,steel_industry_energy,seconds_from_midnight,useful,state,s,equipment_prefix,5cca4d4829e8cd1d,train
A线_NSM,steel_industry_energy,seconds_from_midnight,useful,state,s,line_prefix,3a5aa7dceac546c0,train
A线_seconds_from_midnight,steel_industry_energy,seconds_from_midnight,useful,state,s,line_prefix,069d784cfcd5d09f,train
A线_午夜起秒数,steel_industry_energy,seconds_from_midnight,useful,state,s,line_prefix,5cca4d4829e8cd1d,train
B线#NSM#测点42,steel_industry_energy,seconds_from_midnight,useful,state,s,line_point_tag,3a5aa7dceac546c0,train
B线#seconds_from_midnight#测点42,steel_industry_energy,seconds_from_midnight,useful,state,s,line_point_tag,069d784cfcd5d09f,train
B线#午夜起秒数#测点42,steel_industry_energy,seconds_from_midnight,useful,state,s,line_point_tag,5cca4d4829e8cd1d,train
DCS_03_NSM_PV_17,steel_industry_energy,seconds_from_midnight,useful,state,s,vendor_dcs_tag,3a5aa7dceac546c0,train
DCS_03_seconds_from_midnight_PV_17,steel_industry_energy,seconds_from_midnight,useful,state,s,vendor_dcs_tag,069d784cfcd5d09f,train
DCS_03_午夜起秒数_PV_17,steel_industry_energy,seconds_from_midnight,useful,state,s,vendor_dcs_tag,5cca4d4829e8cd1d,train
HMI.22.NSM.AI,steel_industry_energy,seconds_from_midnight,useful,state,s,vendor_hmi_tag,3a5aa7dceac546c0,train
HMI.22.seconds_from_midnight.AI,steel_industry_energy,seconds_from_midnight,useful,state,s,vendor_hmi_tag,069d784cfcd5d09f,train
HMI.22.午夜起秒数.AI,steel_industry_energy,seconds_from_midnight,useful,state,s,vendor_hmi_tag,5cca4d4829e8cd1d,train
NSM,steel_industry_energy,seconds_from_midnight,useful,state,s,template,3a5aa7dceac546c0,train
NSM[s],steel_industry_energy,seconds_from_midnight,useful,state,s,unit_bracket,3a5aa7dceac546c0,train
NSM_01,steel_industry_energy,seconds_from_midnight,useful,state,s,channel_suffix,3a5aa7dceac546c0,train
NSM_PV,steel_industry_energy,seconds_from_midnight,useful,state,s,control_suffix,3a5aa7dceac546c0,train
NSM_s,steel_industry_energy,seconds_from_midnight,useful,state,s,unit_suffix,3a5aa7dceac546c0,train
SECONDS_FROM_MIDNIGHT,steel_industry_energy,seconds_from_midnight,useful,state,s,uppercase,069d784cfcd5d09f,train
seconds_from_midnight,steel_industry_energy,seconds_from_midnight,useful,state,s,template,069d784cfcd5d09f,train
seconds_from_midnight[s],steel_industry_energy,seconds_from_midnight,useful,state,s,unit_bracket,069d784cfcd5d09f,train
seconds_from_midnight_01,steel_industry_energy,seconds_from_midnight,useful,state,s,channel_suffix,069d784cfcd5d09f,train
seconds_from_midnight_PV,steel_industry_energy,seconds_from_midnight,useful,state,s,control_suffix,069d784cfcd5d09f,train
seconds_from_midnight_s,steel_industry_energy,seconds_from_midnight,useful,state,s,unit_suffix,069d784cfcd5d09f,train
secondsfrommidnight,steel_industry_energy,seconds_from_midnight,useful,state,s,compact,069d784cfcd5d09f,train
午夜起秒数,steel_industry_energy,seconds_from_midnight,useful,state,s,template,5cca4d4829e8cd1d,train
午夜起秒数[s],steel_industry_energy,seconds_from_midnight,useful,state,s,unit_bracket,5cca4d4829e8cd1d,train
午夜起秒数_01,steel_industry_energy,seconds_from_midnight,useful,state,s,channel_suffix,5cca4d4829e8cd1d,train
午夜起秒数_PV,steel_industry_energy,seconds_from_midnight,useful,state,s,control_suffix,5cca4d4829e8cd1d,train
午夜起秒数_s,steel_industry_energy,seconds_from_midnight,useful,state,s,unit_suffix,5cca4d4829e8cd1d,train
装置5-NSM-CH30-VALUE,steel_industry_energy,seconds_from_midnight,useful,state,s,vendor_channel_tag,3a5aa7dceac546c0,train
装置5-seconds_from_midnight-CH30-VALUE,steel_industry_energy,seconds_from_midnight,useful,state,s,vendor_channel_tag,069d784cfcd5d09f,train
装置5-午夜起秒数-CH30-VALUE,steel_industry_energy,seconds_from_midnight,useful,state,s,vendor_channel_tag,5cca4d4829e8cd1d,train
1号date,steel_industry_energy,timestamp,required,time,datetime,equipment_prefix,1f2a557abea2f9ee,train
1号datetime,steel_industry_energy,timestamp,required,time,datetime,equipment_prefix,ea090321f303b021,train
1号timestamp,steel_industry_energy,timestamp,required,time,datetime,equipment_prefix,f6037b3cc656554a,train
1号时间戳,steel_industry_energy,timestamp,required,time,datetime,equipment_prefix,e656b0f7de8726ca,train
1号记录时间,steel_industry_energy,timestamp,required,time,datetime,equipment_prefix,03eb6d6076131903,train
1号采集时间,steel_industry_energy,timestamp,required,time,datetime,equipment_prefix,11e0089dac01f4b0,train
A线_date,steel_industry_energy,timestamp,required,time,datetime,line_prefix,1f2a557abea2f9ee,train
A线_datetime,steel_industry_energy,timestamp,required,time,datetime,line_prefix,ea090321f303b021,train
A线_timestamp,steel_industry_energy,timestamp,required,time,datetime,line_prefix,f6037b3cc656554a,train
A线_时间戳,steel_industry_energy,timestamp,required,time,datetime,line_prefix,e656b0f7de8726ca,train
A线_记录时间,steel_industry_energy,timestamp,required,time,datetime,line_prefix,03eb6d6076131903,train
A线_采集时间,steel_industry_energy,timestamp,required,time,datetime,line_prefix,11e0089dac01f4b0,train
B线#date#测点42,steel_industry_energy,timestamp,required,time,datetime,line_point_tag,1f2a557abea2f9ee,train
B线#datetime#测点42,steel_industry_energy,timestamp,required,time,datetime,line_point_tag,ea090321f303b021,train
B线#timestamp#测点42,steel_industry_energy,timestamp,required,time,datetime,line_point_tag,f6037b3cc656554a,train
B线#时间戳#测点42,steel_industry_energy,timestamp,required,time,datetime,line_point_tag,e656b0f7de8726ca,train
B线#记录时间#测点42,steel_industry_energy,timestamp,required,time,datetime,line_point_tag,03eb6d6076131903,train
B线#采集时间#测点42,steel_industry_energy,timestamp,required,time,datetime,line_point_tag,11e0089dac01f4b0,train
DATETIME,steel_industry_energy,timestamp,required,time,datetime,uppercase,ea090321f303b021,train
DCS_03_date_PV_17,steel_industry_energy,timestamp,required,time,datetime,vendor_dcs_tag,1f2a557abea2f9ee,train
DCS_03_datetime_PV_17,steel_industry_energy,timestamp,required,time,datetime,vendor_dcs_tag,ea090321f303b021,train
DCS_03_timestamp_PV_17,steel_industry_energy,timestamp,required,time,datetime,vendor_dcs_tag,f6037b3cc656554a,train
DCS_03_时间戳_PV_17,steel_industry_energy,timestamp,required,time,datetime,vendor_dcs_tag,e656b0f7de8726ca,train
DCS_03_记录时间_PV_17,steel_industry_energy,timestamp,required,time,datetime,vendor_dcs_tag,03eb6d6076131903,train
DCS_03_采集时间_PV_17,steel_industry_energy,timestamp,required,time,datetime,vendor_dcs_tag,11e0089dac01f4b0,train
HMI.22.date.AI,steel_industry_energy,timestamp,required,time,datetime,vendor_hmi_tag,1f2a557abea2f9ee,train
HMI.22.datetime.AI,steel_industry_energy,timestamp,required,time,datetime,vendor_hmi_tag,ea090321f303b021,train
HMI.22.timestamp.AI,steel_industry_energy,timestamp,required,time,datetime,vendor_hmi_tag,f6037b3cc656554a,train
HMI.22.时间戳.AI,steel_industry_energy,timestamp,required,time,datetime,vendor_hmi_tag,e656b0f7de8726ca,train
HMI.22.记录时间.AI,steel_industry_energy,timestamp,required,time,datetime,vendor_hmi_tag,03eb6d6076131903,train
HMI.22.采集时间.AI,steel_industry_energy,timestamp,required,time,datetime,vendor_hmi_tag,11e0089dac01f4b0,train
TIMESTAMP,steel_industry_energy,timestamp,required,time,datetime,uppercase,f6037b3cc656554a,train
date,steel_industry_energy,timestamp,required,time,datetime,template,1f2a557abea2f9ee,train
date_01,steel_industry_energy,timestamp,required,time,datetime,channel_suffix,1f2a557abea2f9ee,train
date_PV,steel_industry_energy,timestamp,required,time,datetime,control_suffix,1f2a557abea2f9ee,train
datetime,steel_industry_energy,timestamp,required,time,datetime,template,ea090321f303b021,train
datetime_01,steel_industry_energy,timestamp,required,time,datetime,channel_suffix,ea090321f303b021,train
datetime_PV,steel_industry_energy,timestamp,required,time,datetime,control_suffix,ea090321f303b021,train
timestamp,steel_industry_energy,timestamp,required,time,datetime,template,f6037b3cc656554a,train
timestamp_01,steel_industry_energy,timestamp,required,time,datetime,channel_suffix,f6037b3cc656554a,train
timestamp_PV,steel_industry_energy,timestamp,required,time,datetime,control_suffix,f6037b3cc656554a,train
时间戳,steel_industry_energy,timestamp,required,time,datetime,template,e656b0f7de8726ca,train
时间戳_01,steel_industry_energy,timestamp,required,time,datetime,channel_suffix,e656b0f7de8726ca,train
时间戳_PV,steel_industry_energy,timestamp,required,time,datetime,control_suffix,e656b0f7de8726ca,train
装置5-date-CH30-VALUE,steel_industry_energy,timestamp,required,time,datetime,vendor_channel_tag,1f2a557abea2f9ee,train
装置5-datetime-CH30-VALUE,steel_industry_energy,timestamp,required,time,datetime,vendor_channel_tag,ea090321f303b021,train
装置5-timestamp-CH30-VALUE,steel_industry_energy,timestamp,required,time,datetime,vendor_channel_tag,f6037b3cc656554a,train
装置5-时间戳-CH30-VALUE,steel_industry_energy,timestamp,required,time,datetime,vendor_channel_tag,e656b0f7de8726ca,train
装置5-记录时间-CH30-VALUE,steel_industry_energy,timestamp,required,time,datetime,vendor_channel_tag,03eb6d6076131903,train
装置5-采集时间-CH30-VALUE,steel_industry_energy,timestamp,required,time,datetime,vendor_channel_tag,11e0089dac01f4b0,train
记录时间,steel_industry_energy,timestamp,required,time,datetime,template,03eb6d6076131903,train
记录时间_01,steel_industry_energy,timestamp,required,time,datetime,channel_suffix,03eb6d6076131903,train
记录时间_PV,steel_industry_energy,timestamp,required,time,datetime,control_suffix,03eb6d6076131903,train
采集时间,steel_industry_energy,timestamp,required,time,datetime,template,11e0089dac01f4b0,train
采集时间_01,steel_industry_energy,timestamp,required,time,datetime,channel_suffix,11e0089dac01f4b0,train
采集时间_PV,steel_industry_energy,timestamp,required,time,datetime,control_suffix,11e0089dac01f4b0,train
1号WeekStatus,steel_industry_energy,week_status,useful,identifier,string,equipment_prefix,10860e0b5803b147,train
1号week status,steel_industry_energy,week_status,useful,identifier,string,equipment_prefix,4969e2587bed2082,train
1号weekday status,steel_industry_energy,week_status,useful,identifier,string,equipment_prefix,0a42981323bc2f7d,train
A线_WeekStatus,steel_industry_energy,week_status,useful,identifier,string,line_prefix,10860e0b5803b147,train
A线_week status,steel_industry_energy,week_status,useful,identifier,string,line_prefix,4969e2587bed2082,train
A线_weekday status,steel_industry_energy,week_status,useful,identifier,string,line_prefix,0a42981323bc2f7d,train
B线#WeekStatus#测点42,steel_industry_energy,week_status,useful,identifier,string,line_point_tag,10860e0b5803b147,train
B线#week status#测点42,steel_industry_energy,week_status,useful,identifier,string,line_point_tag,4969e2587bed2082,train
B线#weekday status#测点42,steel_industry_energy,week_status,useful,identifier,string,line_point_tag,0a42981323bc2f7d,train
DCS_03_WeekStatus_PV_17,steel_industry_energy,week_status,useful,identifier,string,vendor_dcs_tag,10860e0b5803b147,train
DCS_03_week_status_PV_17,steel_industry_energy,week_status,useful,identifier,string,vendor_dcs_tag,4969e2587bed2082,train
DCS_03_weekday_status_PV_17,steel_industry_energy,week_status,useful,identifier,string,vendor_dcs_tag,0a42981323bc2f7d,train
HMI.22.WeekStatus.AI,steel_industry_energy,week_status,useful,identifier,string,vendor_hmi_tag,10860e0b5803b147,train
HMI.22.week_status.AI,steel_industry_energy,week_status,useful,identifier,string,vendor_hmi_tag,4969e2587bed2082,train
HMI.22.weekday_status.AI,steel_industry_energy,week_status,useful,identifier,string,vendor_hmi_tag,0a42981323bc2f7d,train
WEEKDAY_STATUS,steel_industry_energy,week_status,useful,identifier,string,uppercase,0a42981323bc2f7d,train
WEEKSTATUS,steel_industry_energy,week_status,useful,identifier,string,uppercase,10860e0b5803b147,train
WEEK_STATUS,steel_industry_energy,week_status,useful,identifier,string,uppercase,4969e2587bed2082,train
WeekStatus,steel_industry_energy,week_status,useful,identifier,string,template,10860e0b5803b147,train
WeekStatus_01,steel_industry_energy,week_status,useful,identifier,string,channel_suffix,10860e0b5803b147,train
WeekStatus_PV,steel_industry_energy,week_status,useful,identifier,string,control_suffix,10860e0b5803b147,train
week status,steel_industry_energy,week_status,useful,identifier,string,template,4969e2587bed2082,train
week_status,steel_industry_energy,week_status,useful,identifier,string,normalized,4969e2587bed2082,train
week_status_01,steel_industry_energy,week_status,useful,identifier,string,channel_suffix,4969e2587bed2082,train
week_status_PV,steel_industry_energy,week_status,useful,identifier,string,control_suffix,4969e2587bed2082,train
weekday status,steel_industry_energy,week_status,useful,identifier,string,template,0a42981323bc2f7d,train
weekday_status,steel_industry_energy,week_status,useful,identifier,string,normalized,0a42981323bc2f7d,train
weekday_status_01,steel_industry_energy,week_status,useful,identifier,string,channel_suffix,0a42981323bc2f7d,train
weekday_status_PV,steel_industry_energy,week_status,useful,identifier,string,control_suffix,0a42981323bc2f7d,train
weekdaystatus,steel_industry_energy,week_status,useful,identifier,string,compact,0a42981323bc2f7d,train
weekstatus,steel_industry_energy,week_status,useful,identifier,string,compact,4969e2587bed2082,train
装置5-WeekStatus-CH30-VALUE,steel_industry_energy,week_status,useful,identifier,string,vendor_channel_tag,10860e0b5803b147,train
装置5-week_status-CH30-VALUE,steel_industry_energy,week_status,useful,identifier,string,vendor_channel_tag,4969e2587bed2082,train
装置5-weekday_status-CH30-VALUE,steel_industry_energy,week_status,useful,identifier,string,vendor_channel_tag,0a42981323bc2f7d,train
DCS_交换机端口状态_25,steel_reheating_furnace,__irrelevant__,irrelevant,none,,negative_vendor,fbd33b45bae243d5,train
DCS_值班员电子签名_25,steel_reheating_furnace,__irrelevant__,irrelevant,none,,negative_vendor,59584befaf2cbeb2,train
DCS_办公室温度_25,steel_reheating_furnace,__irrelevant__,irrelevant,none,,negative_vendor,553b8e1154000de4,train
DCS_厂商备用测点_25,steel_reheating_furnace,__irrelevant__,irrelevant,none,,negative_vendor,f545024c51c5588a,train
DCS_巡检照片地址_25,steel_reheating_furnace,__irrelevant__,irrelevant,none,,negative_vendor,a3632e27da689049,train
DCS_工单审批人_25,steel_reheating_furnace,__irrelevant__,irrelevant,none,,negative_vendor,e7cb2644501103e5,train
DCS_打印机墨粉余量_25,steel_reheating_furnace,__irrelevant__,irrelevant,none,,negative_vendor,4eac15c73dda6811,train
DCS_报表模板编号_25,steel_reheating_furnace,__irrelevant__,irrelevant,none,,negative_vendor,0a214c9c6722303c,train
DCS_报警文本_25,steel_reheating_furnace,__irrelevant__,irrelevant,none,,negative_vendor,9c30108aa992c3ca,train
DCS_摄像头在线标志_25,steel_reheating_furnace,__irrelevant__,irrelevant,none,,negative_vendor,b60fa90587cd1170,train
DCS_数据库备份状态_25,steel_reheating_furnace,__irrelevant__,irrelevant,none,,negative_vendor,93fc9a5b959bddc5,train
DCS_文件上传时间_25,steel_reheating_furnace,__irrelevant__,irrelevant,none,,negative_vendor,aa91f13a5578765b,train
DCS_检修记录_25,steel_reheating_furnace,__irrelevant__,irrelevant,none,,negative_vendor,d848b3e3d2b0b79c,train
DCS_班组备注_25,steel_reheating_furnace,__irrelevant__,irrelevant,none,,negative_vendor,83470089898b083e,train
DCS_班车到站时间_25,steel_reheating_furnace,__irrelevant__,irrelevant,none,,negative_vendor,f7dc9c7095e499e4,train
DCS_画面刷新周期_25,steel_reheating_furnace,__irrelevant__,irrelevant,none,,negative_vendor,3bd4b88e1d0681e4,train
DCS_画面颜色_25,steel_reheating_furnace,__irrelevant__,irrelevant,none,,negative_vendor,959b7fae32cc382a,train
DCS_网络往返时延_25,steel_reheating_furnace,__irrelevant__,irrelevant,none,,negative_vendor,4fc9fb8759ae2207,train
DCS_视频码率_25,steel_reheating_furnace,__irrelevant__,irrelevant,none,,negative_vendor,bb2ebbfa2fb3a0fd,train
DCS_设备描述_25,steel_reheating_furnace,__irrelevant__,irrelevant,none,,negative_vendor,65d0951af80686a3,train
DCS_鼠标点击计数_25,steel_reheating_furnace,__irrelevant__,irrelevant,none,,negative_vendor,4b2dc7114851e75b,train
HMI.60.交换机端口状态.RAW,steel_reheating_furnace,__irrelevant__,irrelevant,none,,negative_vendor,fbd33b45bae243d5,train
HMI.60.值班员电子签名.RAW,steel_reheating_furnace,__irrelevant__,irrelevant,none,,negative_vendor,59584befaf2cbeb2,train
HMI.60.办公室温度.RAW,steel_reheating_furnace,__irrelevant__,irrelevant,none,,negative_vendor,553b8e1154000de4,train
HMI.60.厂商备用测点.RAW,steel_reheating_furnace,__irrelevant__,irrelevant,none,,negative_vendor,f545024c51c5588a,train
HMI.60.巡检照片地址.RAW,steel_reheating_furnace,__irrelevant__,irrelevant,none,,negative_vendor,a3632e27da689049,train
HMI.60.工单审批人.RAW,steel_reheating_furnace,__irrelevant__,irrelevant,none,,negative_vendor,e7cb2644501103e5,train
HMI.60.打印机墨粉余量.RAW,steel_reheating_furnace,__irrelevant__,irrelevant,none,,negative_vendor,4eac15c73dda6811,train
HMI.60.报表模板编号.RAW,steel_reheating_furnace,__irrelevant__,irrelevant,none,,negative_vendor,0a214c9c6722303c,train
HMI.60.报警文本.RAW,steel_reheating_furnace,__irrelevant__,irrelevant,none,,negative_vendor,9c30108aa992c3ca,train
HMI.60.摄像头在线标志.RAW,steel_reheating_furnace,__irrelevant__,irrelevant,none,,negative_vendor,b60fa90587cd1170,train
HMI.60.数据库备份状态.RAW,steel_reheating_furnace,__irrelevant__,irrelevant,none,,negative_vendor,93fc9a5b959bddc5,train
HMI.60.文件上传时间.RAW,steel_reheating_furnace,__irrelevant__,irrelevant,none,,negative_vendor,aa91f13a5578765b,train
HMI.60.检修记录.RAW,steel_reheating_furnace,__irrelevant__,irrelevant,none,,negative_vendor,d848b3e3d2b0b79c,train
HMI.60.班组备注.RAW,steel_reheating_furnace,__irrelevant__,irrelevant,none,,negative_vendor,83470089898b083e,train
HMI.60.班车到站时间.RAW,steel_reheating_furnace,__irrelevant__,irrelevant,none,,negative_vendor,f7dc9c7095e499e4,train
HMI.60.画面刷新周期.RAW,steel_reheating_furnace,__irrelevant__,irrelevant,none,,negative_vendor,3bd4b88e1d0681e4,train
HMI.60.画面颜色.RAW,steel_reheating_furnace,__irrelevant__,irrelevant,none,,negative_vendor,959b7fae32cc382a,train
HMI.60.网络往返时延.RAW,steel_reheating_furnace,__irrelevant__,irrelevant,none,,negative_vendor,4fc9fb8759ae2207,train
HMI.60.视频码率.RAW,steel_reheating_furnace,__irrelevant__,irrelevant,none,,negative_vendor,bb2ebbfa2fb3a0fd,train
HMI.60.设备描述.RAW,steel_reheating_furnace,__irrelevant__,irrelevant,none,,negative_vendor,65d0951af80686a3,train
HMI.60.鼠标点击计数.RAW,steel_reheating_furnace,__irrelevant__,irrelevant,none,,negative_vendor,4b2dc7114851e75b,train
交换机端口状态,steel_reheating_furnace,__irrelevant__,irrelevant,none,,negative,fbd33b45bae243d5,train
值班员电子签名,steel_reheating_furnace,__irrelevant__,irrelevant,none,,negative,59584befaf2cbeb2,train
办公室温度,steel_reheating_furnace,__irrelevant__,irrelevant,none,,negative,553b8e1154000de4,train
厂商备用测点,steel_reheating_furnace,__irrelevant__,irrelevant,none,,negative,f545024c51c5588a,train
巡检照片地址,steel_reheating_furnace,__irrelevant__,irrelevant,none,,negative,a3632e27da689049,train
工单审批人,steel_reheating_furnace,__irrelevant__,irrelevant,none,,negative,e7cb2644501103e5,train
打印机墨粉余量,steel_reheating_furnace,__irrelevant__,irrelevant,none,,negative,4eac15c73dda6811,train
报表模板编号,steel_reheating_furnace,__irrelevant__,irrelevant,none,,negative,0a214c9c6722303c,train
报警文本,steel_reheating_furnace,__irrelevant__,irrelevant,none,,negative,9c30108aa992c3ca,train
摄像头在线标志,steel_reheating_furnace,__irrelevant__,irrelevant,none,,negative,b60fa90587cd1170,train
数据库备份状态,steel_reheating_furnace,__irrelevant__,irrelevant,none,,negative,93fc9a5b959bddc5,train
文件上传时间,steel_reheating_furnace,__irrelevant__,irrelevant,none,,negative,aa91f13a5578765b,train
检修记录,steel_reheating_furnace,__irrelevant__,irrelevant,none,,negative,d848b3e3d2b0b79c,train
班组备注,steel_reheating_furnace,__irrelevant__,irrelevant,none,,negative,83470089898b083e,train
班车到站时间,steel_reheating_furnace,__irrelevant__,irrelevant,none,,negative,f7dc9c7095e499e4,train
画面刷新周期,steel_reheating_furnace,__irrelevant__,irrelevant,none,,negative,3bd4b88e1d0681e4,train
画面颜色,steel_reheating_furnace,__irrelevant__,irrelevant,none,,negative,959b7fae32cc382a,train
网络往返时延,steel_reheating_furnace,__irrelevant__,irrelevant,none,,negative,4fc9fb8759ae2207,train
视频码率,steel_reheating_furnace,__irrelevant__,irrelevant,none,,negative,bb2ebbfa2fb3a0fd,train
设备描述,steel_reheating_furnace,__irrelevant__,irrelevant,none,,negative,65d0951af80686a3,train
鼠标点击计数,steel_reheating_furnace,__irrelevant__,irrelevant,none,,negative,4b2dc7114851e75b,train
1号AIR_FLOW,steel_reheating_furnace,air_flow,required,manipulated,Nm3/h,equipment_prefix,a83d7a1418fd961b,train
1号AIR_FLOW_NM3H,steel_reheating_furnace,air_flow,required,manipulated,Nm3/h,equipment_prefix,3823bfd33c2e6f71,train
1号助燃空气流量,steel_reheating_furnace,air_flow,required,manipulated,Nm3/h,equipment_prefix,80154afbf2c0aa47,train
1号空气流量,steel_reheating_furnace,air_flow,required,manipulated,Nm3/h,equipment_prefix,859f5ea0ddc67a8e,train
1号风量,steel_reheating_furnace,air_flow,required,manipulated,Nm3/h,equipment_prefix,625f12a7d52bab9a,train
AIRFLOW,steel_reheating_furnace,air_flow,required,manipulated,Nm3/h,compact,a83d7a1418fd961b,train
AIRFLOWNM3H,steel_reheating_furnace,air_flow,required,manipulated,Nm3/h,compact,3823bfd33c2e6f71,train
AIR_FLOW,steel_reheating_furnace,air_flow,required,manipulated,Nm3/h,template,a83d7a1418fd961b,train
AIR_FLOW[Nm3/h],steel_reheating_furnace,air_flow,required,manipulated,Nm3/h,unit_bracket,a83d7a1418fd961b,train
AIR_FLOW_01,steel_reheating_furnace,air_flow,required,manipulated,Nm3/h,channel_suffix,a83d7a1418fd961b,train
AIR_FLOW_NM3H,steel_reheating_furnace,air_flow,required,manipulated,Nm3/h,template,3823bfd33c2e6f71,train
AIR_FLOW_NM3H[Nm3/h],steel_reheating_furnace,air_flow,required,manipulated,Nm3/h,unit_bracket,3823bfd33c2e6f71,train
AIR_FLOW_NM3H_01,steel_reheating_furnace,air_flow,required,manipulated,Nm3/h,channel_suffix,3823bfd33c2e6f71,train
AIR_FLOW_NM3H_Nm3/h,steel_reheating_furnace,air_flow,required,manipulated,Nm3/h,unit_suffix,3823bfd33c2e6f71,train
AIR_FLOW_NM3H_SP,steel_reheating_furnace,air_flow,required,manipulated,Nm3/h,control_suffix,3823bfd33c2e6f71,train
AIR_FLOW_Nm3/h,steel_reheating_furnace,air_flow,required,manipulated,Nm3/h,unit_suffix,a83d7a1418fd961b,train
AIR_FLOW_SP,steel_reheating_furnace,air_flow,required,manipulated,Nm3/h,control_suffix,a83d7a1418fd961b,train
A线_AIR_FLOW,steel_reheating_furnace,air_flow,required,manipulated,Nm3/h,line_prefix,a83d7a1418fd961b,train
A线_AIR_FLOW_NM3H,steel_reheating_furnace,air_flow,required,manipulated,Nm3/h,line_prefix,3823bfd33c2e6f71,train
A线_助燃空气流量,steel_reheating_furnace,air_flow,required,manipulated,Nm3/h,line_prefix,80154afbf2c0aa47,train
A线_空气流量,steel_reheating_furnace,air_flow,required,manipulated,Nm3/h,line_prefix,859f5ea0ddc67a8e,train
A线_风量,steel_reheating_furnace,air_flow,required,manipulated,Nm3/h,line_prefix,625f12a7d52bab9a,train
B线#AIR_FLOW#测点42,steel_reheating_furnace,air_flow,required,manipulated,Nm3/h,line_point_tag,a83d7a1418fd961b,train
B线#AIR_FLOW_NM3H#测点42,steel_reheating_furnace,air_flow,required,manipulated,Nm3/h,line_point_tag,3823bfd33c2e6f71,train
B线#助燃空气流量#测点42,steel_reheating_furnace,air_flow,required,manipulated,Nm3/h,line_point_tag,80154afbf2c0aa47,train
B线#空气流量#测点42,steel_reheating_furnace,air_flow,required,manipulated,Nm3/h,line_point_tag,859f5ea0ddc67a8e,train
B线#风量#测点42,steel_reheating_furnace,air_flow,required,manipulated,Nm3/h,line_point_tag,625f12a7d52bab9a,train
DCS_03_AIR_FLOW_NM3H_PV_17,steel_reheating_furnace,air_flow,required,manipulated,Nm3/h,vendor_dcs_tag,3823bfd33c2e6f71,train
DCS_03_AIR_FLOW_PV_17,steel_reheating_furnace,air_flow,required,manipulated,Nm3/h,vendor_dcs_tag,a83d7a1418fd961b,train
DCS_03_助燃空气流量_PV_17,steel_reheating_furnace,air_flow,required,manipulated,Nm3/h,vendor_dcs_tag,80154afbf2c0aa47,train
DCS_03_空气流量_PV_17,steel_reheating_furnace,air_flow,required,manipulated,Nm3/h,vendor_dcs_tag,859f5ea0ddc67a8e,train
DCS_03_风量_PV_17,steel_reheating_furnace,air_flow,required,manipulated,Nm3/h,vendor_dcs_tag,625f12a7d52bab9a,train
HMI.22.AIR_FLOW.AI,steel_reheating_furnace,air_flow,required,manipulated,Nm3/h,vendor_hmi_tag,a83d7a1418fd961b,train
HMI.22.AIR_FLOW_NM3H.AI,steel_reheating_furnace,air_flow,required,manipulated,Nm3/h,vendor_hmi_tag,3823bfd33c2e6f71,train
HMI.22.助燃空气流量.AI,steel_reheating_furnace,air_flow,required,manipulated,Nm3/h,vendor_hmi_tag,80154afbf2c0aa47,train
HMI.22.空气流量.AI,steel_reheating_furnace,air_flow,required,manipulated,Nm3/h,vendor_hmi_tag,859f5ea0ddc67a8e,train
HMI.22.风量.AI,steel_reheating_furnace,air_flow,required,manipulated,Nm3/h,vendor_hmi_tag,625f12a7d52bab9a,train
助燃空气流量,steel_reheating_furnace,air_flow,required,manipulated,Nm3/h,template,80154afbf2c0aa47,train
助燃空气流量[Nm3/h],steel_reheating_furnace,air_flow,required,manipulated,Nm3/h,unit_bracket,80154afbf2c0aa47,train
助燃空气流量_01,steel_reheating_furnace,air_flow,required,manipulated,Nm3/h,channel_suffix,80154afbf2c0aa47,train
助燃空气流量_Nm3/h,steel_reheating_furnace,air_flow,required,manipulated,Nm3/h,unit_suffix,80154afbf2c0aa47,train
助燃空气流量_SP,steel_reheating_furnace,air_flow,required,manipulated,Nm3/h,control_suffix,80154afbf2c0aa47,train
空气流量,steel_reheating_furnace,air_flow,required,manipulated,Nm3/h,template,859f5ea0ddc67a8e,train
空气流量[Nm3/h],steel_reheating_furnace,air_flow,required,manipulated,Nm3/h,unit_bracket,859f5ea0ddc67a8e,train
空气流量_01,steel_reheating_furnace,air_flow,required,manipulated,Nm3/h,channel_suffix,859f5ea0ddc67a8e,train
空气流量_Nm3/h,steel_reheating_furnace,air_flow,required,manipulated,Nm3/h,unit_suffix,859f5ea0ddc67a8e,train
空气流量_SP,steel_reheating_furnace,air_flow,required,manipulated,Nm3/h,control_suffix,859f5ea0ddc67a8e,train
装置5-AIR_FLOW-CH30-VALUE,steel_reheating_furnace,air_flow,required,manipulated,Nm3/h,vendor_channel_tag,a83d7a1418fd961b,train
装置5-AIR_FLOW_NM3H-CH30-VALUE,steel_reheating_furnace,air_flow,required,manipulated,Nm3/h,vendor_channel_tag,3823bfd33c2e6f71,train
装置5-助燃空气流量-CH30-VALUE,steel_reheating_furnace,air_flow,required,manipulated,Nm3/h,vendor_channel_tag,80154afbf2c0aa47,train
装置5-空气流量-CH30-VALUE,steel_reheating_furnace,air_flow,required,manipulated,Nm3/h,vendor_channel_tag,859f5ea0ddc67a8e,train
装置5-风量-CH30-VALUE,steel_reheating_furnace,air_flow,required,manipulated,Nm3/h,vendor_channel_tag,625f12a7d52bab9a,train
风量,steel_reheating_furnace,air_flow,required,manipulated,Nm3/h,template,625f12a7d52bab9a,train
风量[Nm3/h],steel_reheating_furnace,air_flow,required,manipulated,Nm3/h,unit_bracket,625f12a7d52bab9a,train
风量_01,steel_reheating_furnace,air_flow,required,manipulated,Nm3/h,channel_suffix,625f12a7d52bab9a,train
风量_Nm3/h,steel_reheating_furnace,air_flow,required,manipulated,Nm3/h,unit_suffix,625f12a7d52bab9a,train
风量_SP,steel_reheating_furnace,air_flow,required,manipulated,Nm3/h,control_suffix,625f12a7d52bab9a,train
1号AFR,steel_reheating_furnace,air_fuel_ratio,useful,state,ratio,equipment_prefix,ccbf0b1d76dc0446,train
1号AIR_FUEL_RATIO,steel_reheating_furnace,air_fuel_ratio,useful,state,ratio,equipment_prefix,ae24d409547e4617,train
1号air_fuel_ratio,steel_reheating_furnace,air_fuel_ratio,useful,state,ratio,equipment_prefix,3e717393363dc422,train
1号风燃比,steel_reheating_furnace,air_fuel_ratio,useful,state,ratio,equipment_prefix,68810b9d72e41a69,train
AFR,steel_reheating_furnace,air_fuel_ratio,useful,state,ratio,template,ccbf0b1d76dc0446,train
AFR[ratio],steel_reheating_furnace,air_fuel_ratio,useful,state,ratio,unit_bracket,ccbf0b1d76dc0446,train
AFR_01,steel_reheating_furnace,air_fuel_ratio,useful,state,ratio,channel_suffix,ccbf0b1d76dc0446,train
AFR_PV,steel_reheating_furnace,air_fuel_ratio,useful,state,ratio,control_suffix,ccbf0b1d76dc0446,train
AFR_ratio,steel_reheating_furnace,air_fuel_ratio,useful,state,ratio,unit_suffix,ccbf0b1d76dc0446,train
AIRFUELRATIO,steel_reheating_furnace,air_fuel_ratio,useful,state,ratio,compact,ae24d409547e4617,train
AIR_FUEL_RATIO,steel_reheating_furnace,air_fuel_ratio,useful,state,ratio,template,ae24d409547e4617,train
AIR_FUEL_RATIO[ratio],steel_reheating_furnace,air_fuel_ratio,useful,state,ratio,unit_bracket,ae24d409547e4617,train
AIR_FUEL_RATIO_01,steel_reheating_furnace,air_fuel_ratio,useful,state,ratio,channel_suffix,ae24d409547e4617,train
AIR_FUEL_RATIO_PV,steel_reheating_furnace,air_fuel_ratio,useful,state,ratio,control_suffix,ae24d409547e4617,train
AIR_FUEL_RATIO_ratio,steel_reheating_furnace,air_fuel_ratio,useful,state,ratio,unit_suffix,ae24d409547e4617,train
A线_AFR,steel_reheating_furnace,air_fuel_ratio,useful,state,ratio,line_prefix,ccbf0b1d76dc0446,train
A线_AIR_FUEL_RATIO,steel_reheating_furnace,air_fuel_ratio,useful,state,ratio,line_prefix,ae24d409547e4617,train
A线_air_fuel_ratio,steel_reheating_furnace,air_fuel_ratio,useful,state,ratio,line_prefix,3e717393363dc422,train
A线_风燃比,steel_reheating_furnace,air_fuel_ratio,useful,state,ratio,line_prefix,68810b9d72e41a69,train
B线#AFR#测点42,steel_reheating_furnace,air_fuel_ratio,useful,state,ratio,line_point_tag,ccbf0b1d76dc0446,train
B线#AIR_FUEL_RATIO#测点42,steel_reheating_furnace,air_fuel_ratio,useful,state,ratio,line_point_tag,ae24d409547e4617,train
B线#air_fuel_ratio#测点42,steel_reheating_furnace,air_fuel_ratio,useful,state,ratio,line_point_tag,3e717393363dc422,train
B线#风燃比#测点42,steel_reheating_furnace,air_fuel_ratio,useful,state,ratio,line_point_tag,68810b9d72e41a69,train
DCS_03_AFR_PV_17,steel_reheating_furnace,air_fuel_ratio,useful,state,ratio,vendor_dcs_tag,ccbf0b1d76dc0446,train
DCS_03_AIR_FUEL_RATIO_PV_17,steel_reheating_furnace,air_fuel_ratio,useful,state,ratio,vendor_dcs_tag,ae24d409547e4617,train
DCS_03_air_fuel_ratio_PV_17,steel_reheating_furnace,air_fuel_ratio,useful,state,ratio,vendor_dcs_tag,3e717393363dc422,train
DCS_03_风燃比_PV_17,steel_reheating_furnace,air_fuel_ratio,useful,state,ratio,vendor_dcs_tag,68810b9d72e41a69,train
HMI.22.AFR.AI,steel_reheating_furnace,air_fuel_ratio,useful,state,ratio,vendor_hmi_tag,ccbf0b1d76dc0446,train
HMI.22.AIR_FUEL_RATIO.AI,steel_reheating_furnace,air_fuel_ratio,useful,state,ratio,vendor_hmi_tag,ae24d409547e4617,train
HMI.22.air_fuel_ratio.AI,steel_reheating_furnace,air_fuel_ratio,useful,state,ratio,vendor_hmi_tag,3e717393363dc422,train
HMI.22.风燃比.AI,steel_reheating_furnace,air_fuel_ratio,useful,state,ratio,vendor_hmi_tag,68810b9d72e41a69,train
air_fuel_ratio,steel_reheating_furnace,air_fuel_ratio,useful,state,ratio,template,3e717393363dc422,train
air_fuel_ratio[ratio],steel_reheating_furnace,air_fuel_ratio,useful,state,ratio,unit_bracket,3e717393363dc422,train
air_fuel_ratio_01,steel_reheating_furnace,air_fuel_ratio,useful,state,ratio,channel_suffix,3e717393363dc422,train
air_fuel_ratio_PV,steel_reheating_furnace,air_fuel_ratio,useful,state,ratio,control_suffix,3e717393363dc422,train
air_fuel_ratio_ratio,steel_reheating_furnace,air_fuel_ratio,useful,state,ratio,unit_suffix,3e717393363dc422,train
airfuelratio,steel_reheating_furnace,air_fuel_ratio,useful,state,ratio,compact,3e717393363dc422,train
装置5-AFR-CH30-VALUE,steel_reheating_furnace,air_fuel_ratio,useful,state,ratio,vendor_channel_tag,ccbf0b1d76dc0446,train
装置5-AIR_FUEL_RATIO-CH30-VALUE,steel_reheating_furnace,air_fuel_ratio,useful,state,ratio,vendor_channel_tag,ae24d409547e4617,train
装置5-air_fuel_ratio-CH30-VALUE,steel_reheating_furnace,air_fuel_ratio,useful,state,ratio,vendor_channel_tag,3e717393363dc422,train
装置5-风燃比-CH30-VALUE,steel_reheating_furnace,air_fuel_ratio,useful,state,ratio,vendor_channel_tag,68810b9d72e41a69,train
风燃比,steel_reheating_furnace,air_fuel_ratio,useful,state,ratio,template,68810b9d72e41a69,train
风燃比[ratio],steel_reheating_furnace,air_fuel_ratio,useful,state,ratio,unit_bracket,68810b9d72e41a69,train
风燃比_01,steel_reheating_furnace,air_fuel_ratio,useful,state,ratio,channel_suffix,68810b9d72e41a69,train
风燃比_PV,steel_reheating_furnace,air_fuel_ratio,useful,state,ratio,control_suffix,68810b9d72e41a69,train
风燃比_ratio,steel_reheating_furnace,air_fuel_ratio,useful,state,ratio,unit_suffix,68810b9d72e41a69,train
1号QUALITY_FLAG,steel_reheating_furnace,data_valid,useful,quality,boolean,equipment_prefix,3e117cc8f6993f78,train
1号VALID,steel_reheating_furnace,data_valid,useful,quality,boolean,equipment_prefix,4e5ada2a74cfa2f6,train
1号data_valid,steel_reheating_furnace,data_valid,useful,quality,boolean,equipment_prefix,06043e0e50dce973,train
1号数据有效标记,steel_reheating_furnace,data_valid,useful,quality,boolean,equipment_prefix,19d7f070a7c8f689,train
1号质量码,steel_reheating_furnace,data_valid,useful,quality,boolean,equipment_prefix,58e540a990acd469,train
A线_QUALITY_FLAG,steel_reheating_furnace,data_valid,useful,quality,boolean,line_prefix,3e117cc8f6993f78,train
A线_VALID,steel_reheating_furnace,data_valid,useful,quality,boolean,line_prefix,4e5ada2a74cfa2f6,train
A线_data_valid,steel_reheating_furnace,data_valid,useful,quality,boolean,line_prefix,06043e0e50dce973,train
A线_数据有效标记,steel_reheating_furnace,data_valid,useful,quality,boolean,line_prefix,19d7f070a7c8f689,train
A线_质量码,steel_reheating_furnace,data_valid,useful,quality,boolean,line_prefix,58e540a990acd469,train
B线#QUALITY_FLAG#测点42,steel_reheating_furnace,data_valid,useful,quality,boolean,line_point_tag,3e117cc8f6993f78,train
B线#VALID#测点42,steel_reheating_furnace,data_valid,useful,quality,boolean,line_point_tag,4e5ada2a74cfa2f6,train
B线#data_valid#测点42,steel_reheating_furnace,data_valid,useful,quality,boolean,line_point_tag,06043e0e50dce973,train
B线#数据有效标记#测点42,steel_reheating_furnace,data_valid,useful,quality,boolean,line_point_tag,19d7f070a7c8f689,train
B线#质量码#测点42,steel_reheating_furnace,data_valid,useful,quality,boolean,line_point_tag,58e540a990acd469,train
DATA_VALID,steel_reheating_furnace,data_valid,useful,quality,boolean,uppercase,06043e0e50dce973,train
DCS_03_QUALITY_FLAG_PV_17,steel_reheating_furnace,data_valid,useful,quality,boolean,vendor_dcs_tag,3e117cc8f6993f78,train
DCS_03_VALID_PV_17,steel_reheating_furnace,data_valid,useful,quality,boolean,vendor_dcs_tag,4e5ada2a74cfa2f6,train
DCS_03_data_valid_PV_17,steel_reheating_furnace,data_valid,useful,quality,boolean,vendor_dcs_tag,06043e0e50dce973,train
DCS_03_数据有效标记_PV_17,steel_reheating_furnace,data_valid,useful,quality,boolean,vendor_dcs_tag,19d7f070a7c8f689,train
DCS_03_质量码_PV_17,steel_reheating_furnace,data_valid,useful,quality,boolean,vendor_dcs_tag,58e540a990acd469,train
HMI.22.QUALITY_FLAG.AI,steel_reheating_furnace,data_valid,useful,quality,boolean,vendor_hmi_tag,3e117cc8f6993f78,train
HMI.22.VALID.AI,steel_reheating_furnace,data_valid,useful,quality,boolean,vendor_hmi_tag,4e5ada2a74cfa2f6,train
HMI.22.data_valid.AI,steel_reheating_furnace,data_valid,useful,quality,boolean,vendor_hmi_tag,06043e0e50dce973,train
HMI.22.数据有效标记.AI,steel_reheating_furnace,data_valid,useful,quality,boolean,vendor_hmi_tag,19d7f070a7c8f689,train
HMI.22.质量码.AI,steel_reheating_furnace,data_valid,useful,quality,boolean,vendor_hmi_tag,58e540a990acd469,train
QUALITYFLAG,steel_reheating_furnace,data_valid,useful,quality,boolean,compact,3e117cc8f6993f78,train
QUALITY_FLAG,steel_reheating_furnace,data_valid,useful,quality,boolean,template,3e117cc8f6993f78,train
QUALITY_FLAG_01,steel_reheating_furnace,data_valid,useful,quality,boolean,channel_suffix,3e117cc8f6993f78,train
QUALITY_FLAG_PV,steel_reheating_furnace,data_valid,useful,quality,boolean,control_suffix,3e117cc8f6993f78,train
VALID,steel_reheating_furnace,data_valid,useful,quality,boolean,template,4e5ada2a74cfa2f6,train
VALID_01,steel_reheating_furnace,data_valid,useful,quality,boolean,channel_suffix,4e5ada2a74cfa2f6,train
VALID_PV,steel_reheating_furnace,data_valid,useful,quality,boolean,control_suffix,4e5ada2a74cfa2f6,train
data_valid,steel_reheating_furnace,data_valid,useful,quality,boolean,template,06043e0e50dce973,train
data_valid_01,steel_reheating_furnace,data_valid,useful,quality,boolean,channel_suffix,06043e0e50dce973,train
data_valid_PV,steel_reheating_furnace,data_valid,useful,quality,boolean,control_suffix,06043e0e50dce973,train
datavalid,steel_reheating_furnace,data_valid,useful,quality,boolean,compact,06043e0e50dce973,train
数据有效标记,steel_reheating_furnace,data_valid,useful,quality,boolean,template,19d7f070a7c8f689,train
数据有效标记_01,steel_reheating_furnace,data_valid,useful,quality,boolean,channel_suffix,19d7f070a7c8f689,train
数据有效标记_PV,steel_reheating_furnace,data_valid,useful,quality,boolean,control_suffix,19d7f070a7c8f689,train
装置5-QUALITY_FLAG-CH30-VALUE,steel_reheating_furnace,data_valid,useful,quality,boolean,vendor_channel_tag,3e117cc8f6993f78,train
装置5-VALID-CH30-VALUE,steel_reheating_furnace,data_valid,useful,quality,boolean,vendor_channel_tag,4e5ada2a74cfa2f6,train
装置5-data_valid-CH30-VALUE,steel_reheating_furnace,data_valid,useful,quality,boolean,vendor_channel_tag,06043e0e50dce973,train
装置5-数据有效标记-CH30-VALUE,steel_reheating_furnace,data_valid,useful,quality,boolean,vendor_channel_tag,19d7f070a7c8f689,train
装置5-质量码-CH30-VALUE,steel_reheating_furnace,data_valid,useful,quality,boolean,vendor_channel_tag,58e540a990acd469,train
质量码,steel_reheating_furnace,data_valid,useful,quality,boolean,template,58e540a990acd469,train
质量码_01,steel_reheating_furnace,data_valid,useful,quality,boolean,channel_suffix,58e540a990acd469,train
质量码_PV,steel_reheating_furnace,data_valid,useful,quality,boolean,control_suffix,58e540a990acd469,train
1号FLUE_GAS_O2,steel_reheating_furnace,flue_gas_o2,useful,state,percent,equipment_prefix,9171e93a3c043298,train
1号flue_gas_o2,steel_reheating_furnace,flue_gas_o2,useful,state,percent,equipment_prefix,e386a94879b230c5,train
1号含氧量,steel_reheating_furnace,flue_gas_o2,useful,state,percent,equipment_prefix,142f1b9845f4b49a,train
1号氧量,steel_reheating_furnace,flue_gas_o2,useful,state,percent,equipment_prefix,fbe321b99314a7ba,train
1号烟气氧,steel_reheating_furnace,flue_gas_o2,useful,state,percent,equipment_prefix,1c21ef520a51f3bb,train
A线_FLUE_GAS_O2,steel_reheating_furnace,flue_gas_o2,useful,state,percent,line_prefix,9171e93a3c043298,train
A线_flue_gas_o2,steel_reheating_furnace,flue_gas_o2,useful,state,percent,line_prefix,e386a94879b230c5,train
A线_含氧量,steel_reheating_furnace,flue_gas_o2,useful,state,percent,line_prefix,142f1b9845f4b49a,train
A线_氧量,steel_reheating_furnace,flue_gas_o2,useful,state,percent,line_prefix,fbe321b99314a7ba,train
A线_烟气氧,steel_reheating_furnace,flue_gas_o2,useful,state,percent,line_prefix,1c21ef520a51f3bb,train
B线#FLUE_GAS_O2#测点42,steel_reheating_furnace,flue_gas_o2,useful,state,percent,line_point_tag,9171e93a3c043298,train
B线#flue_gas_o2#测点42,steel_reheating_furnace,flue_gas_o2,useful,state,percent,line_point_tag,e386a94879b230c5,train
B线#含氧量#测点42,steel_reheating_furnace,flue_gas_o2,useful,state,percent,line_point_tag,142f1b9845f4b49a,train
B线#氧量#测点42,steel_reheating_furnace,flue_gas_o2,useful,state,percent,line_point_tag,fbe321b99314a7ba,train
B线#烟气氧#测点42,steel_reheating_furnace,flue_gas_o2,useful,state,percent,line_point_tag,1c21ef520a51f3bb,train
DCS_03_FLUE_GAS_O2_PV_17,steel_reheating_furnace,flue_gas_o2,useful,state,percent,vendor_dcs_tag,9171e93a3c043298,train
DCS_03_flue_gas_o2_PV_17,steel_reheating_furnace,flue_gas_o2,useful,state,percent,vendor_dcs_tag,e386a94879b230c5,train
DCS_03_含氧量_PV_17,steel_reheating_furnace,flue_gas_o2,useful,state,percent,vendor_dcs_tag,142f1b9845f4b49a,train
DCS_03_氧量_PV_17,steel_reheating_furnace,flue_gas_o2,useful,state,percent,vendor_dcs_tag,fbe321b99314a7ba,train
DCS_03_烟气氧_PV_17,steel_reheating_furnace,flue_gas_o2,useful,state,percent,vendor_dcs_tag,1c21ef520a51f3bb,train
FLUEGASO2,steel_reheating_furnace,flue_gas_o2,useful,state,percent,compact,9171e93a3c043298,train
FLUE_GAS_O2,steel_reheating_furnace,flue_gas_o2,useful,state,percent,template,9171e93a3c043298,train
FLUE_GAS_O2[percent],steel_reheating_furnace,flue_gas_o2,useful,state,percent,unit_bracket,9171e93a3c043298,train
FLUE_GAS_O2_01,steel_reheating_furnace,flue_gas_o2,useful,state,percent,channel_suffix,9171e93a3c043298,train
FLUE_GAS_O2_PV,steel_reheating_furnace,flue_gas_o2,useful,state,percent,control_suffix,9171e93a3c043298,train
FLUE_GAS_O2_percent,steel_reheating_furnace,flue_gas_o2,useful,state,percent,unit_suffix,9171e93a3c043298,train
HMI.22.FLUE_GAS_O2.AI,steel_reheating_furnace,flue_gas_o2,useful,state,percent,vendor_hmi_tag,9171e93a3c043298,train
HMI.22.flue_gas_o2.AI,steel_reheating_furnace,flue_gas_o2,useful,state,percent,vendor_hmi_tag,e386a94879b230c5,train
HMI.22.含氧量.AI,steel_reheating_furnace,flue_gas_o2,useful,state,percent,vendor_hmi_tag,142f1b9845f4b49a,train
HMI.22.氧量.AI,steel_reheating_furnace,flue_gas_o2,useful,state,percent,vendor_hmi_tag,fbe321b99314a7ba,train
HMI.22.烟气氧.AI,steel_reheating_furnace,flue_gas_o2,useful,state,percent,vendor_hmi_tag,1c21ef520a51f3bb,train
flue_gas_o2,steel_reheating_furnace,flue_gas_o2,useful,state,percent,template,e386a94879b230c5,train
flue_gas_o2[percent],steel_reheating_furnace,flue_gas_o2,useful,state,percent,unit_bracket,e386a94879b230c5,train
flue_gas_o2_01,steel_reheating_furnace,flue_gas_o2,useful,state,percent,channel_suffix,e386a94879b230c5,train
flue_gas_o2_PV,steel_reheating_furnace,flue_gas_o2,useful,state,percent,control_suffix,e386a94879b230c5,train
flue_gas_o2_percent,steel_reheating_furnace,flue_gas_o2,useful,state,percent,unit_suffix,e386a94879b230c5,train
fluegaso2,steel_reheating_furnace,flue_gas_o2,useful,state,percent,compact,e386a94879b230c5,train
含氧量,steel_reheating_furnace,flue_gas_o2,useful,state,percent,template,142f1b9845f4b49a,train
含氧量[percent],steel_reheating_furnace,flue_gas_o2,useful,state,percent,unit_bracket,142f1b9845f4b49a,train
含氧量_01,steel_reheating_furnace,flue_gas_o2,useful,state,percent,channel_suffix,142f1b9845f4b49a,train
含氧量_PV,steel_reheating_furnace,flue_gas_o2,useful,state,percent,control_suffix,142f1b9845f4b49a,train
含氧量_percent,steel_reheating_furnace,flue_gas_o2,useful,state,percent,unit_suffix,142f1b9845f4b49a,train
氧量,steel_reheating_furnace,flue_gas_o2,useful,state,percent,template,fbe321b99314a7ba,train
氧量[percent],steel_reheating_furnace,flue_gas_o2,useful,state,percent,unit_bracket,fbe321b99314a7ba,train
氧量_01,steel_reheating_furnace,flue_gas_o2,useful,state,percent,channel_suffix,fbe321b99314a7ba,train
氧量_PV,steel_reheating_furnace,flue_gas_o2,useful,state,percent,control_suffix,fbe321b99314a7ba,train
氧量_percent,steel_reheating_furnace,flue_gas_o2,useful,state,percent,unit_suffix,fbe321b99314a7ba,train
烟气氧,steel_reheating_furnace,flue_gas_o2,useful,state,percent,template,1c21ef520a51f3bb,train
烟气氧[percent],steel_reheating_furnace,flue_gas_o2,useful,state,percent,unit_bracket,1c21ef520a51f3bb,train
烟气氧_01,steel_reheating_furnace,flue_gas_o2,useful,state,percent,channel_suffix,1c21ef520a51f3bb,train
烟气氧_PV,steel_reheating_furnace,flue_gas_o2,useful,state,percent,control_suffix,1c21ef520a51f3bb,train
烟气氧_percent,steel_reheating_furnace,flue_gas_o2,useful,state,percent,unit_suffix,1c21ef520a51f3bb,train
装置5-FLUE_GAS_O2-CH30-VALUE,steel_reheating_furnace,flue_gas_o2,useful,state,percent,vendor_channel_tag,9171e93a3c043298,train
装置5-flue_gas_o2-CH30-VALUE,steel_reheating_furnace,flue_gas_o2,useful,state,percent,vendor_channel_tag,e386a94879b230c5,train
装置5-含氧量-CH30-VALUE,steel_reheating_furnace,flue_gas_o2,useful,state,percent,vendor_channel_tag,142f1b9845f4b49a,train
装置5-氧量-CH30-VALUE,steel_reheating_furnace,flue_gas_o2,useful,state,percent,vendor_channel_tag,fbe321b99314a7ba,train
装置5-烟气氧-CH30-VALUE,steel_reheating_furnace,flue_gas_o2,useful,state,percent,vendor_channel_tag,1c21ef520a51f3bb,train
1号EXHAUST_TEMP,steel_reheating_furnace,flue_gas_temp,useful,state,degC,equipment_prefix,ddf7ea4732097287,train
1号FLUE_GAS_TEMP,steel_reheating_furnace,flue_gas_temp,useful,state,degC,equipment_prefix,69fa2613979aca70,train
1号烟气温度,steel_reheating_furnace,flue_gas_temp,useful,state,degC,equipment_prefix,85261a002c2d6208,train
A线_EXHAUST_TEMP,steel_reheating_furnace,flue_gas_temp,useful,state,degC,line_prefix,ddf7ea4732097287,train
A线_FLUE_GAS_TEMP,steel_reheating_furnace,flue_gas_temp,useful,state,degC,line_prefix,69fa2613979aca70,train
A线_烟气温度,steel_reheating_furnace,flue_gas_temp,useful,state,degC,line_prefix,85261a002c2d6208,train
B线#EXHAUST_TEMP#测点42,steel_reheating_furnace,flue_gas_temp,useful,state,degC,line_point_tag,ddf7ea4732097287,train
B线#FLUE_GAS_TEMP#测点42,steel_reheating_furnace,flue_gas_temp,useful,state,degC,line_point_tag,69fa2613979aca70,train
B线#烟气温度#测点42,steel_reheating_furnace,flue_gas_temp,useful,state,degC,line_point_tag,85261a002c2d6208,train
DCS_03_EXHAUST_TEMP_PV_17,steel_reheating_furnace,flue_gas_temp,useful,state,degC,vendor_dcs_tag,ddf7ea4732097287,train
DCS_03_FLUE_GAS_TEMP_PV_17,steel_reheating_furnace,flue_gas_temp,useful,state,degC,vendor_dcs_tag,69fa2613979aca70,train
DCS_03_烟气温度_PV_17,steel_reheating_furnace,flue_gas_temp,useful,state,degC,vendor_dcs_tag,85261a002c2d6208,train
EXHAUSTTEMP,steel_reheating_furnace,flue_gas_temp,useful,state,degC,compact,ddf7ea4732097287,train
EXHAUST_TEMP,steel_reheating_furnace,flue_gas_temp,useful,state,degC,template,ddf7ea4732097287,train
EXHAUST_TEMP[degC],steel_reheating_furnace,flue_gas_temp,useful,state,degC,unit_bracket,ddf7ea4732097287,train
EXHAUST_TEMP_01,steel_reheating_furnace,flue_gas_temp,useful,state,degC,channel_suffix,ddf7ea4732097287,train
EXHAUST_TEMP_PV,steel_reheating_furnace,flue_gas_temp,useful,state,degC,control_suffix,ddf7ea4732097287,train
EXHAUST_TEMP_degC,steel_reheating_furnace,flue_gas_temp,useful,state,degC,unit_suffix,ddf7ea4732097287,train
FLUEGASTEMP,steel_reheating_furnace,flue_gas_temp,useful,state,degC,compact,69fa2613979aca70,train
FLUE_GAS_TEMP,steel_reheating_furnace,flue_gas_temp,useful,state,degC,template,69fa2613979aca70,train
FLUE_GAS_TEMP[degC],steel_reheating_furnace,flue_gas_temp,useful,state,degC,unit_bracket,69fa2613979aca70,train
FLUE_GAS_TEMP_01,steel_reheating_furnace,flue_gas_temp,useful,state,degC,channel_suffix,69fa2613979aca70,train
FLUE_GAS_TEMP_PV,steel_reheating_furnace,flue_gas_temp,useful,state,degC,control_suffix,69fa2613979aca70,train
FLUE_GAS_TEMP_degC,steel_reheating_furnace,flue_gas_temp,useful,state,degC,unit_suffix,69fa2613979aca70,train
HMI.22.EXHAUST_TEMP.AI,steel_reheating_furnace,flue_gas_temp,useful,state,degC,vendor_hmi_tag,ddf7ea4732097287,train
HMI.22.FLUE_GAS_TEMP.AI,steel_reheating_furnace,flue_gas_temp,useful,state,degC,vendor_hmi_tag,69fa2613979aca70,train
HMI.22.烟气温度.AI,steel_reheating_furnace,flue_gas_temp,useful,state,degC,vendor_hmi_tag,85261a002c2d6208,train
烟气温度,steel_reheating_furnace,flue_gas_temp,useful,state,degC,template,85261a002c2d6208,train
烟气温度[degC],steel_reheating_furnace,flue_gas_temp,useful,state,degC,unit_bracket,85261a002c2d6208,train
烟气温度_01,steel_reheating_furnace,flue_gas_temp,useful,state,degC,channel_suffix,85261a002c2d6208,train
烟气温度_PV,steel_reheating_furnace,flue_gas_temp,useful,state,degC,control_suffix,85261a002c2d6208,train
烟气温度_degC,steel_reheating_furnace,flue_gas_temp,useful,state,degC,unit_suffix,85261a002c2d6208,train
装置5-EXHAUST_TEMP-CH30-VALUE,steel_reheating_furnace,flue_gas_temp,useful,state,degC,vendor_channel_tag,ddf7ea4732097287,train
装置5-FLUE_GAS_TEMP-CH30-VALUE,steel_reheating_furnace,flue_gas_temp,useful,state,degC,vendor_channel_tag,69fa2613979aca70,train
装置5-烟气温度-CH30-VALUE,steel_reheating_furnace,flue_gas_temp,useful,state,degC,vendor_channel_tag,85261a002c2d6208,train
1号FURNACE_PRESSURE,steel_reheating_furnace,furnace_pressure,useful,state,Pa,equipment_prefix,cea35e77d25afc53,train
1号PRESSURE_PA,steel_reheating_furnace,furnace_pressure,useful,state,Pa,equipment_prefix,c99d5db039e138c1,train
1号炉压,steel_reheating_furnace,furnace_pressure,useful,state,Pa,equipment_prefix,5ab975bd9496be09,train
1号炉膛压力,steel_reheating_furnace,furnace_pressure,useful,state,Pa,equipment_prefix,92c956c81433c0a5,train
1号炉膛压强,steel_reheating_furnace,furnace_pressure,useful,state,Pa,equipment_prefix,59ed434b1d7d7366,train
A线_FURNACE_PRESSURE,steel_reheating_furnace,furnace_pressure,useful,state,Pa,line_prefix,cea35e77d25afc53,train
A线_PRESSURE_PA,steel_reheating_furnace,furnace_pressure,useful,state,Pa,line_prefix,c99d5db039e138c1,train
A线_炉压,steel_reheating_furnace,furnace_pressure,useful,state,Pa,line_prefix,5ab975bd9496be09,train
A线_炉膛压力,steel_reheating_furnace,furnace_pressure,useful,state,Pa,line_prefix,92c956c81433c0a5,train
A线_炉膛压强,steel_reheating_furnace,furnace_pressure,useful,state,Pa,line_prefix,59ed434b1d7d7366,train
B线#FURNACE_PRESSURE#测点42,steel_reheating_furnace,furnace_pressure,useful,state,Pa,line_point_tag,cea35e77d25afc53,train
B线#PRESSURE_PA#测点42,steel_reheating_furnace,furnace_pressure,useful,state,Pa,line_point_tag,c99d5db039e138c1,train
B线#炉压#测点42,steel_reheating_furnace,furnace_pressure,useful,state,Pa,line_point_tag,5ab975bd9496be09,train
B线#炉膛压力#测点42,steel_reheating_furnace,furnace_pressure,useful,state,Pa,line_point_tag,92c956c81433c0a5,train
B线#炉膛压强#测点42,steel_reheating_furnace,furnace_pressure,useful,state,Pa,line_point_tag,59ed434b1d7d7366,train
DCS_03_FURNACE_PRESSURE_PV_17,steel_reheating_furnace,furnace_pressure,useful,state,Pa,vendor_dcs_tag,cea35e77d25afc53,train
DCS_03_PRESSURE_PA_PV_17,steel_reheating_furnace,furnace_pressure,useful,state,Pa,vendor_dcs_tag,c99d5db039e138c1,train
DCS_03_炉压_PV_17,steel_reheating_furnace,furnace_pressure,useful,state,Pa,vendor_dcs_tag,5ab975bd9496be09,train
DCS_03_炉膛压力_PV_17,steel_reheating_furnace,furnace_pressure,useful,state,Pa,vendor_dcs_tag,92c956c81433c0a5,train
DCS_03_炉膛压强_PV_17,steel_reheating_furnace,furnace_pressure,useful,state,Pa,vendor_dcs_tag,59ed434b1d7d7366,train
FURNACEPRESSURE,steel_reheating_furnace,furnace_pressure,useful,state,Pa,compact,cea35e77d25afc53,train
FURNACE_PRESSURE,steel_reheating_furnace,furnace_pressure,useful,state,Pa,template,cea35e77d25afc53,train
FURNACE_PRESSURE[Pa],steel_reheating_furnace,furnace_pressure,useful,state,Pa,unit_bracket,cea35e77d25afc53,train
FURNACE_PRESSURE_01,steel_reheating_furnace,furnace_pressure,useful,state,Pa,channel_suffix,cea35e77d25afc53,train
FURNACE_PRESSURE_PV,steel_reheating_furnace,furnace_pressure,useful,state,Pa,control_suffix,cea35e77d25afc53,train
FURNACE_PRESSURE_Pa,steel_reheating_furnace,furnace_pressure,useful,state,Pa,unit_suffix,cea35e77d25afc53,train
HMI.22.FURNACE_PRESSURE.AI,steel_reheating_furnace,furnace_pressure,useful,state,Pa,vendor_hmi_tag,cea35e77d25afc53,train
HMI.22.PRESSURE_PA.AI,steel_reheating_furnace,furnace_pressure,useful,state,Pa,vendor_hmi_tag,c99d5db039e138c1,train
HMI.22.炉压.AI,steel_reheating_furnace,furnace_pressure,useful,state,Pa,vendor_hmi_tag,5ab975bd9496be09,train
HMI.22.炉膛压力.AI,steel_reheating_furnace,furnace_pressure,useful,state,Pa,vendor_hmi_tag,92c956c81433c0a5,train
HMI.22.炉膛压强.AI,steel_reheating_furnace,furnace_pressure,useful,state,Pa,vendor_hmi_tag,59ed434b1d7d7366,train
PRESSUREPA,steel_reheating_furnace,furnace_pressure,useful,state,Pa,compact,c99d5db039e138c1,train
PRESSURE_PA,steel_reheating_furnace,furnace_pressure,useful,state,Pa,template,c99d5db039e138c1,train
PRESSURE_PA[Pa],steel_reheating_furnace,furnace_pressure,useful,state,Pa,unit_bracket,c99d5db039e138c1,train
PRESSURE_PA_01,steel_reheating_furnace,furnace_pressure,useful,state,Pa,channel_suffix,c99d5db039e138c1,train
PRESSURE_PA_PV,steel_reheating_furnace,furnace_pressure,useful,state,Pa,control_suffix,c99d5db039e138c1,train
PRESSURE_PA_Pa,steel_reheating_furnace,furnace_pressure,useful,state,Pa,unit_suffix,c99d5db039e138c1,train
炉压,steel_reheating_furnace,furnace_pressure,useful,state,Pa,template,5ab975bd9496be09,train
炉压[Pa],steel_reheating_furnace,furnace_pressure,useful,state,Pa,unit_bracket,5ab975bd9496be09,train
炉压_01,steel_reheating_furnace,furnace_pressure,useful,state,Pa,channel_suffix,5ab975bd9496be09,train
炉压_PV,steel_reheating_furnace,furnace_pressure,useful,state,Pa,control_suffix,5ab975bd9496be09,train
炉压_Pa,steel_reheating_furnace,furnace_pressure,useful,state,Pa,unit_suffix,5ab975bd9496be09,train
炉膛压力,steel_reheating_furnace,furnace_pressure,useful,state,Pa,template,92c956c81433c0a5,train
炉膛压力[Pa],steel_reheating_furnace,furnace_pressure,useful,state,Pa,unit_bracket,92c956c81433c0a5,train
炉膛压力_01,steel_reheating_furnace,furnace_pressure,useful,state,Pa,channel_suffix,92c956c81433c0a5,train
炉膛压力_PV,steel_reheating_furnace,furnace_pressure,useful,state,Pa,control_suffix,92c956c81433c0a5,train
炉膛压力_Pa,steel_reheating_furnace,furnace_pressure,useful,state,Pa,unit_suffix,92c956c81433c0a5,train
炉膛压强,steel_reheating_furnace,furnace_pressure,useful,state,Pa,template,59ed434b1d7d7366,train
炉膛压强[Pa],steel_reheating_furnace,furnace_pressure,useful,state,Pa,unit_bracket,59ed434b1d7d7366,train
炉膛压强_01,steel_reheating_furnace,furnace_pressure,useful,state,Pa,channel_suffix,59ed434b1d7d7366,train
炉膛压强_PV,steel_reheating_furnace,furnace_pressure,useful,state,Pa,control_suffix,59ed434b1d7d7366,train
炉膛压强_Pa,steel_reheating_furnace,furnace_pressure,useful,state,Pa,unit_suffix,59ed434b1d7d7366,train
装置5-FURNACE_PRESSURE-CH30-VALUE,steel_reheating_furnace,furnace_pressure,useful,state,Pa,vendor_channel_tag,cea35e77d25afc53,train
装置5-PRESSURE_PA-CH30-VALUE,steel_reheating_furnace,furnace_pressure,useful,state,Pa,vendor_channel_tag,c99d5db039e138c1,train
装置5-炉压-CH30-VALUE,steel_reheating_furnace,furnace_pressure,useful,state,Pa,vendor_channel_tag,5ab975bd9496be09,train
装置5-炉膛压力-CH30-VALUE,steel_reheating_furnace,furnace_pressure,useful,state,Pa,vendor_channel_tag,92c956c81433c0a5,train
装置5-炉膛压强-CH30-VALUE,steel_reheating_furnace,furnace_pressure,useful,state,Pa,vendor_channel_tag,59ed434b1d7d7366,train
1号ZONE1_TEMP,steel_reheating_furnace,furnace_zone1_temp,required,controlled,degC,equipment_prefix,953d4d7a9f682b58,train
1号ZONE1_TEMP_C,steel_reheating_furnace,furnace_zone1_temp,required,controlled,degC,equipment_prefix,c8c8742d572f8e64,train
1号一段炉温,steel_reheating_furnace,furnace_zone1_temp,required,controlled,degC,equipment_prefix,ea31ff40000377aa,train
1号炉温1,steel_reheating_furnace,furnace_zone1_temp,required,controlled,degC,equipment_prefix,cad7e0dd679f3eaf,train
1号预热段温度,steel_reheating_furnace,furnace_zone1_temp,required,controlled,degC,equipment_prefix,a2524754848c2cfd,train
A线_ZONE1_TEMP,steel_reheating_furnace,furnace_zone1_temp,required,controlled,degC,line_prefix,953d4d7a9f682b58,train
A线_ZONE1_TEMP_C,steel_reheating_furnace,furnace_zone1_temp,required,controlled,degC,line_prefix,c8c8742d572f8e64,train
A线_一段炉温,steel_reheating_furnace,furnace_zone1_temp,required,controlled,degC,line_prefix,ea31ff40000377aa,train
A线_炉温1,steel_reheating_furnace,furnace_zone1_temp,required,controlled,degC,line_prefix,cad7e0dd679f3eaf,train
A线_预热段温度,steel_reheating_furnace,furnace_zone1_temp,required,controlled,degC,line_prefix,a2524754848c2cfd,train
B线#ZONE1_TEMP#测点42,steel_reheating_furnace,furnace_zone1_temp,required,controlled,degC,line_point_tag,953d4d7a9f682b58,train
B线#ZONE1_TEMP_C#测点42,steel_reheating_furnace,furnace_zone1_temp,required,controlled,degC,line_point_tag,c8c8742d572f8e64,train
B线#一段炉温#测点42,steel_reheating_furnace,furnace_zone1_temp,required,controlled,degC,line_point_tag,ea31ff40000377aa,train
B线#炉温1#测点42,steel_reheating_furnace,furnace_zone1_temp,required,controlled,degC,line_point_tag,cad7e0dd679f3eaf,train
B线#预热段温度#测点42,steel_reheating_furnace,furnace_zone1_temp,required,controlled,degC,line_point_tag,a2524754848c2cfd,train
DCS_03_ZONE1_TEMP_C_PV_17,steel_reheating_furnace,furnace_zone1_temp,required,controlled,degC,vendor_dcs_tag,c8c8742d572f8e64,train
DCS_03_ZONE1_TEMP_PV_17,steel_reheating_furnace,furnace_zone1_temp,required,controlled,degC,vendor_dcs_tag,953d4d7a9f682b58,train
DCS_03_一段炉温_PV_17,steel_reheating_furnace,furnace_zone1_temp,required,controlled,degC,vendor_dcs_tag,ea31ff40000377aa,train
DCS_03_炉温1_PV_17,steel_reheating_furnace,furnace_zone1_temp,required,controlled,degC,vendor_dcs_tag,cad7e0dd679f3eaf,train
DCS_03_预热段温度_PV_17,steel_reheating_furnace,furnace_zone1_temp,required,controlled,degC,vendor_dcs_tag,a2524754848c2cfd,train
HMI.22.ZONE1_TEMP.AI,steel_reheating_furnace,furnace_zone1_temp,required,controlled,degC,vendor_hmi_tag,953d4d7a9f682b58,train
HMI.22.ZONE1_TEMP_C.AI,steel_reheating_furnace,furnace_zone1_temp,required,controlled,degC,vendor_hmi_tag,c8c8742d572f8e64,train
HMI.22.一段炉温.AI,steel_reheating_furnace,furnace_zone1_temp,required,controlled,degC,vendor_hmi_tag,ea31ff40000377aa,train
HMI.22.炉温1.AI,steel_reheating_furnace,furnace_zone1_temp,required,controlled,degC,vendor_hmi_tag,cad7e0dd679f3eaf,train
HMI.22.预热段温度.AI,steel_reheating_furnace,furnace_zone1_temp,required,controlled,degC,vendor_hmi_tag,a2524754848c2cfd,train
ZONE1TEMP,steel_reheating_furnace,furnace_zone1_temp,required,controlled,degC,compact,953d4d7a9f682b58,train
ZONE1TEMPC,steel_reheating_furnace,furnace_zone1_temp,required,controlled,degC,compact,c8c8742d572f8e64,train
ZONE1_TEMP,steel_reheating_furnace,furnace_zone1_temp,required,controlled,degC,template,953d4d7a9f682b58,train
ZONE1_TEMP[degC],steel_reheating_furnace,furnace_zone1_temp,required,controlled,degC,unit_bracket,953d4d7a9f682b58,train
ZONE1_TEMP_01,steel_reheating_furnace,furnace_zone1_temp,required,controlled,degC,channel_suffix,953d4d7a9f682b58,train
ZONE1_TEMP_C,steel_reheating_furnace,furnace_zone1_temp,required,controlled,degC,template,c8c8742d572f8e64,train
ZONE1_TEMP_C[degC],steel_reheating_furnace,furnace_zone1_temp,required,controlled,degC,unit_bracket,c8c8742d572f8e64,train
ZONE1_TEMP_C_01,steel_reheating_furnace,furnace_zone1_temp,required,controlled,degC,channel_suffix,c8c8742d572f8e64,train
ZONE1_TEMP_C_PV,steel_reheating_furnace,furnace_zone1_temp,required,controlled,degC,control_suffix,c8c8742d572f8e64,train
ZONE1_TEMP_C_degC,steel_reheating_furnace,furnace_zone1_temp,required,controlled,degC,unit_suffix,c8c8742d572f8e64,train
ZONE1_TEMP_PV,steel_reheating_furnace,furnace_zone1_temp,required,controlled,degC,control_suffix,953d4d7a9f682b58,train
ZONE1_TEMP_degC,steel_reheating_furnace,furnace_zone1_temp,required,controlled,degC,unit_suffix,953d4d7a9f682b58,train
一段炉温,steel_reheating_furnace,furnace_zone1_temp,required,controlled,degC,template,ea31ff40000377aa,train
一段炉温[degC],steel_reheating_furnace,furnace_zone1_temp,required,controlled,degC,unit_bracket,ea31ff40000377aa,train
一段炉温_01,steel_reheating_furnace,furnace_zone1_temp,required,controlled,degC,channel_suffix,ea31ff40000377aa,train
一段炉温_PV,steel_reheating_furnace,furnace_zone1_temp,required,controlled,degC,control_suffix,ea31ff40000377aa,train
一段炉温_degC,steel_reheating_furnace,furnace_zone1_temp,required,controlled,degC,unit_suffix,ea31ff40000377aa,train
炉温1,steel_reheating_furnace,furnace_zone1_temp,required,controlled,degC,template,cad7e0dd679f3eaf,train
炉温1[degC],steel_reheating_furnace,furnace_zone1_temp,required,controlled,degC,unit_bracket,cad7e0dd679f3eaf,train
炉温1_01,steel_reheating_furnace,furnace_zone1_temp,required,controlled,degC,channel_suffix,cad7e0dd679f3eaf,train
炉温1_PV,steel_reheating_furnace,furnace_zone1_temp,required,controlled,degC,control_suffix,cad7e0dd679f3eaf,train
炉温1_degC,steel_reheating_furnace,furnace_zone1_temp,required,controlled,degC,unit_suffix,cad7e0dd679f3eaf,train
装置5-ZONE1_TEMP-CH30-VALUE,steel_reheating_furnace,furnace_zone1_temp,required,controlled,degC,vendor_channel_tag,953d4d7a9f682b58,train
装置5-ZONE1_TEMP_C-CH30-VALUE,steel_reheating_furnace,furnace_zone1_temp,required,controlled,degC,vendor_channel_tag,c8c8742d572f8e64,train
装置5-一段炉温-CH30-VALUE,steel_reheating_furnace,furnace_zone1_temp,required,controlled,degC,vendor_channel_tag,ea31ff40000377aa,train
装置5-炉温1-CH30-VALUE,steel_reheating_furnace,furnace_zone1_temp,required,controlled,degC,vendor_channel_tag,cad7e0dd679f3eaf,train
装置5-预热段温度-CH30-VALUE,steel_reheating_furnace,furnace_zone1_temp,required,controlled,degC,vendor_channel_tag,a2524754848c2cfd,train
预热段温度,steel_reheating_furnace,furnace_zone1_temp,required,controlled,degC,template,a2524754848c2cfd,train
预热段温度[degC],steel_reheating_furnace,furnace_zone1_temp,required,controlled,degC,unit_bracket,a2524754848c2cfd,train
预热段温度_01,steel_reheating_furnace,furnace_zone1_temp,required,controlled,degC,channel_suffix,a2524754848c2cfd,train
预热段温度_PV,steel_reheating_furnace,furnace_zone1_temp,required,controlled,degC,control_suffix,a2524754848c2cfd,train
预热段温度_degC,steel_reheating_furnace,furnace_zone1_temp,required,controlled,degC,unit_suffix,a2524754848c2cfd,train
1号ZONE2_TEMP_C,steel_reheating_furnace,furnace_zone2_temp,required,controlled,degC,equipment_prefix,31691c67f3158aaa,train
1号furnace_zone2_temp,steel_reheating_furnace,furnace_zone2_temp,required,controlled,degC,equipment_prefix,5e94ed1bbba85982,train
1号二段炉温,steel_reheating_furnace,furnace_zone2_temp,required,controlled,degC,equipment_prefix,d623da6c5f416719,train
1号加热段温度,steel_reheating_furnace,furnace_zone2_temp,required,controlled,degC,equipment_prefix,5c1df2f6b5960f14,train
1号加热段炉温,steel_reheating_furnace,furnace_zone2_temp,required,controlled,degC,equipment_prefix,87fd89a275e04d71,train
1号炉温2,steel_reheating_furnace,furnace_zone2_temp,required,controlled,degC,equipment_prefix,bdea26cc8bb510ef,train
A线_ZONE2_TEMP_C,steel_reheating_furnace,furnace_zone2_temp,required,controlled,degC,line_prefix,31691c67f3158aaa,train
A线_furnace_zone2_temp,steel_reheating_furnace,furnace_zone2_temp,required,controlled,degC,line_prefix,5e94ed1bbba85982,train
A线_二段炉温,steel_reheating_furnace,furnace_zone2_temp,required,controlled,degC,line_prefix,d623da6c5f416719,train
A线_加热段温度,steel_reheating_furnace,furnace_zone2_temp,required,controlled,degC,line_prefix,5c1df2f6b5960f14,train
A线_加热段炉温,steel_reheating_furnace,furnace_zone2_temp,required,controlled,degC,line_prefix,87fd89a275e04d71,train
A线_炉温2,steel_reheating_furnace,furnace_zone2_temp,required,controlled,degC,line_prefix,bdea26cc8bb510ef,train
B线#ZONE2_TEMP_C#测点42,steel_reheating_furnace,furnace_zone2_temp,required,controlled,degC,line_point_tag,31691c67f3158aaa,train
B线#furnace_zone2_temp#测点42,steel_reheating_furnace,furnace_zone2_temp,required,controlled,degC,line_point_tag,5e94ed1bbba85982,train
B线#二段炉温#测点42,steel_reheating_furnace,furnace_zone2_temp,required,controlled,degC,line_point_tag,d623da6c5f416719,train
B线#加热段温度#测点42,steel_reheating_furnace,furnace_zone2_temp,required,controlled,degC,line_point_tag,5c1df2f6b5960f14,train
B线#加热段炉温#测点42,steel_reheating_furnace,furnace_zone2_temp,required,controlled,degC,line_point_tag,87fd89a275e04d71,train
B线#炉温2#测点42,steel_reheating_furnace,furnace_zone2_temp,required,controlled,degC,line_point_tag,bdea26cc8bb510ef,train
DCS_03_ZONE2_TEMP_C_PV_17,steel_reheating_furnace,furnace_zone2_temp,required,controlled,degC,vendor_dcs_tag,31691c67f3158aaa,train
DCS_03_furnace_zone2_temp_PV_17,steel_reheating_furnace,furnace_zone2_temp,required,controlled,degC,vendor_dcs_tag,5e94ed1bbba85982,train
DCS_03_二段炉温_PV_17,steel_reheating_furnace,furnace_zone2_temp,required,controlled,degC,vendor_dcs_tag,d623da6c5f416719,train
DCS_03_加热段温度_PV_17,steel_reheating_furnace,furnace_zone2_temp,required,controlled,degC,vendor_dcs_tag,5c1df2f6b5960f14,train
DCS_03_加热段炉温_PV_17,steel_reheating_furnace,furnace_zone2_temp,required,controlled,degC,vendor_dcs_tag,87fd89a275e04d71,train
DCS_03_炉温2_PV_17,steel_reheating_furnace,furnace_zone2_temp,required,controlled,degC,vendor_dcs_tag,bdea26cc8bb510ef,train
FURNACE_ZONE2_TEMP,steel_reheating_furnace,furnace_zone2_temp,required,controlled,degC,uppercase,5e94ed1bbba85982,train
HMI.22.ZONE2_TEMP_C.AI,steel_reheating_furnace,furnace_zone2_temp,required,controlled,degC,vendor_hmi_tag,31691c67f3158aaa,train
HMI.22.furnace_zone2_temp.AI,steel_reheating_furnace,furnace_zone2_temp,required,controlled,degC,vendor_hmi_tag,5e94ed1bbba85982,train
HMI.22.二段炉温.AI,steel_reheating_furnace,furnace_zone2_temp,required,controlled,degC,vendor_hmi_tag,d623da6c5f416719,train
HMI.22.加热段温度.AI,steel_reheating_furnace,furnace_zone2_temp,required,controlled,degC,vendor_hmi_tag,5c1df2f6b5960f14,train
HMI.22.加热段炉温.AI,steel_reheating_furnace,furnace_zone2_temp,required,controlled,degC,vendor_hmi_tag,87fd89a275e04d71,train
HMI.22.炉温2.AI,steel_reheating_furnace,furnace_zone2_temp,required,controlled,degC,vendor_hmi_tag,bdea26cc8bb510ef,train
ZONE2TEMPC,steel_reheating_furnace,furnace_zone2_temp,required,controlled,degC,compact,31691c67f3158aaa,train
ZONE2_TEMP_C,steel_reheating_furnace,furnace_zone2_temp,required,controlled,degC,template,31691c67f3158aaa,train
ZONE2_TEMP_C[degC],steel_reheating_furnace,furnace_zone2_temp,required,controlled,degC,unit_bracket,31691c67f3158aaa,train
ZONE2_TEMP_C_01,steel_reheating_furnace,furnace_zone2_temp,required,controlled,degC,channel_suffix,31691c67f3158aaa,train
ZONE2_TEMP_C_PV,steel_reheating_furnace,furnace_zone2_temp,required,controlled,degC,control_suffix,31691c67f3158aaa,train
ZONE2_TEMP_C_degC,steel_reheating_furnace,furnace_zone2_temp,required,controlled,degC,unit_suffix,31691c67f3158aaa,train
furnace_zone2_temp,steel_reheating_furnace,furnace_zone2_temp,required,controlled,degC,template,5e94ed1bbba85982,train
furnace_zone2_temp[degC],steel_reheating_furnace,furnace_zone2_temp,required,controlled,degC,unit_bracket,5e94ed1bbba85982,train
furnace_zone2_temp_01,steel_reheating_furnace,furnace_zone2_temp,required,controlled,degC,channel_suffix,5e94ed1bbba85982,train
furnace_zone2_temp_PV,steel_reheating_furnace,furnace_zone2_temp,required,controlled,degC,control_suffix,5e94ed1bbba85982,train
furnace_zone2_temp_degC,steel_reheating_furnace,furnace_zone2_temp,required,controlled,degC,unit_suffix,5e94ed1bbba85982,train
furnacezone2temp,steel_reheating_furnace,furnace_zone2_temp,required,controlled,degC,compact,5e94ed1bbba85982,train
二段炉温,steel_reheating_furnace,furnace_zone2_temp,required,controlled,degC,template,d623da6c5f416719,train
二段炉温[degC],steel_reheating_furnace,furnace_zone2_temp,required,controlled,degC,unit_bracket,d623da6c5f416719,train
二段炉温_01,steel_reheating_furnace,furnace_zone2_temp,required,controlled,degC,channel_suffix,d623da6c5f416719,train
二段炉温_PV,steel_reheating_furnace,furnace_zone2_temp,required,controlled,degC,control_suffix,d623da6c5f416719,train
二段炉温_degC,steel_reheating_furnace,furnace_zone2_temp,required,controlled,degC,unit_suffix,d623da6c5f416719,train
加热段温度,steel_reheating_furnace,furnace_zone2_temp,required,controlled,degC,template,5c1df2f6b5960f14,train
加热段温度[degC],steel_reheating_furnace,furnace_zone2_temp,required,controlled,degC,unit_bracket,5c1df2f6b5960f14,train
加热段温度_01,steel_reheating_furnace,furnace_zone2_temp,required,controlled,degC,channel_suffix,5c1df2f6b5960f14,train
加热段温度_PV,steel_reheating_furnace,furnace_zone2_temp,required,controlled,degC,control_suffix,5c1df2f6b5960f14,train
加热段温度_degC,steel_reheating_furnace,furnace_zone2_temp,required,controlled,degC,unit_suffix,5c1df2f6b5960f14,train
加热段炉温,steel_reheating_furnace,furnace_zone2_temp,required,controlled,degC,template,87fd89a275e04d71,train
加热段炉温[degC],steel_reheating_furnace,furnace_zone2_temp,required,controlled,degC,unit_bracket,87fd89a275e04d71,train
加热段炉温_01,steel_reheating_furnace,furnace_zone2_temp,required,controlled,degC,channel_suffix,87fd89a275e04d71,train
加热段炉温_PV,steel_reheating_furnace,furnace_zone2_temp,required,controlled,degC,control_suffix,87fd89a275e04d71,train
加热段炉温_degC,steel_reheating_furnace,furnace_zone2_temp,required,controlled,degC,unit_suffix,87fd89a275e04d71,train
炉温2,steel_reheating_furnace,furnace_zone2_temp,required,controlled,degC,template,bdea26cc8bb510ef,train
炉温2[degC],steel_reheating_furnace,furnace_zone2_temp,required,controlled,degC,unit_bracket,bdea26cc8bb510ef,train
炉温2_01,steel_reheating_furnace,furnace_zone2_temp,required,controlled,degC,channel_suffix,bdea26cc8bb510ef,train
炉温2_PV,steel_reheating_furnace,furnace_zone2_temp,required,controlled,degC,control_suffix,bdea26cc8bb510ef,train
炉温2_degC,steel_reheating_furnace,furnace_zone2_temp,required,controlled,degC,unit_suffix,bdea26cc8bb510ef,train
装置5-ZONE2_TEMP_C-CH30-VALUE,steel_reheating_furnace,furnace_zone2_temp,required,controlled,degC,vendor_channel_tag,31691c67f3158aaa,train
装置5-furnace_zone2_temp-CH30-VALUE,steel_reheating_furnace,furnace_zone2_temp,required,controlled,degC,vendor_channel_tag,5e94ed1bbba85982,train
装置5-二段炉温-CH30-VALUE,steel_reheating_furnace,furnace_zone2_temp,required,controlled,degC,vendor_channel_tag,d623da6c5f416719,train
装置5-加热段温度-CH30-VALUE,steel_reheating_furnace,furnace_zone2_temp,required,controlled,degC,vendor_channel_tag,5c1df2f6b5960f14,train
装置5-加热段炉温-CH30-VALUE,steel_reheating_furnace,furnace_zone2_temp,required,controlled,degC,vendor_channel_tag,87fd89a275e04d71,train
装置5-炉温2-CH30-VALUE,steel_reheating_furnace,furnace_zone2_temp,required,controlled,degC,vendor_channel_tag,bdea26cc8bb510ef,train
1号ZONE3_TEMP,steel_reheating_furnace,furnace_zone3_temp,required,controlled,degC,equipment_prefix,1bbe1da0bb3c0d2c,train
1号furnace_zone3_temp,steel_reheating_furnace,furnace_zone3_temp,required,controlled,degC,equipment_prefix,1ff5f5f0941b869b,train
1号均热段温度,steel_reheating_furnace,furnace_zone3_temp,required,controlled,degC,equipment_prefix,97c93b6ebde58fa4,train
1号炉温3,steel_reheating_furnace,furnace_zone3_temp,required,controlled,degC,equipment_prefix,06ceeab08b0127a1,train
A线_ZONE3_TEMP,steel_reheating_furnace,furnace_zone3_temp,required,controlled,degC,line_prefix,1bbe1da0bb3c0d2c,train
A线_furnace_zone3_temp,steel_reheating_furnace,furnace_zone3_temp,required,controlled,degC,line_prefix,1ff5f5f0941b869b,train
A线_均热段温度,steel_reheating_furnace,furnace_zone3_temp,required,controlled,degC,line_prefix,97c93b6ebde58fa4,train
A线_炉温3,steel_reheating_furnace,furnace_zone3_temp,required,controlled,degC,line_prefix,06ceeab08b0127a1,train
B线#ZONE3_TEMP#测点42,steel_reheating_furnace,furnace_zone3_temp,required,controlled,degC,line_point_tag,1bbe1da0bb3c0d2c,train
B线#furnace_zone3_temp#测点42,steel_reheating_furnace,furnace_zone3_temp,required,controlled,degC,line_point_tag,1ff5f5f0941b869b,train
B线#均热段温度#测点42,steel_reheating_furnace,furnace_zone3_temp,required,controlled,degC,line_point_tag,97c93b6ebde58fa4,train
B线#炉温3#测点42,steel_reheating_furnace,furnace_zone3_temp,required,controlled,degC,line_point_tag,06ceeab08b0127a1,train
DCS_03_ZONE3_TEMP_PV_17,steel_reheating_furnace,furnace_zone3_temp,required,controlled,degC,vendor_dcs_tag,1bbe1da0bb3c0d2c,train
DCS_03_furnace_zone3_temp_PV_17,steel_reheating_furnace,furnace_zone3_temp,required,controlled,degC,vendor_dcs_tag,1ff5f5f0941b869b,train
DCS_03_均热段温度_PV_17,steel_reheating_furnace,furnace_zone3_temp,required,controlled,degC,vendor_dcs_tag,97c93b6ebde58fa4,train
DCS_03_炉温3_PV_17,steel_reheating_furnace,furnace_zone3_temp,required,controlled,degC,vendor_dcs_tag,06ceeab08b0127a1,train
FURNACE_ZONE3_TEMP,steel_reheating_furnace,furnace_zone3_temp,required,controlled,degC,uppercase,1ff5f5f0941b869b,train
HMI.22.ZONE3_TEMP.AI,steel_reheating_furnace,furnace_zone3_temp,required,controlled,degC,vendor_hmi_tag,1bbe1da0bb3c0d2c,train
HMI.22.furnace_zone3_temp.AI,steel_reheating_furnace,furnace_zone3_temp,required,controlled,degC,vendor_hmi_tag,1ff5f5f0941b869b,train
HMI.22.均热段温度.AI,steel_reheating_furnace,furnace_zone3_temp,required,controlled,degC,vendor_hmi_tag,97c93b6ebde58fa4,train
HMI.22.炉温3.AI,steel_reheating_furnace,furnace_zone3_temp,required,controlled,degC,vendor_hmi_tag,06ceeab08b0127a1,train
ZONE3TEMP,steel_reheating_furnace,furnace_zone3_temp,required,controlled,degC,compact,1bbe1da0bb3c0d2c,train
ZONE3_TEMP,steel_reheating_furnace,furnace_zone3_temp,required,controlled,degC,template,1bbe1da0bb3c0d2c,train
ZONE3_TEMP[degC],steel_reheating_furnace,furnace_zone3_temp,required,controlled,degC,unit_bracket,1bbe1da0bb3c0d2c,train
ZONE3_TEMP_01,steel_reheating_furnace,furnace_zone3_temp,required,controlled,degC,channel_suffix,1bbe1da0bb3c0d2c,train
ZONE3_TEMP_PV,steel_reheating_furnace,furnace_zone3_temp,required,controlled,degC,control_suffix,1bbe1da0bb3c0d2c,train
ZONE3_TEMP_degC,steel_reheating_furnace,furnace_zone3_temp,required,controlled,degC,unit_suffix,1bbe1da0bb3c0d2c,train
furnace_zone3_temp,steel_reheating_furnace,furnace_zone3_temp,required,controlled,degC,template,1ff5f5f0941b869b,train
furnace_zone3_temp[degC],steel_reheating_furnace,furnace_zone3_temp,required,controlled,degC,unit_bracket,1ff5f5f0941b869b,train
furnace_zone3_temp_01,steel_reheating_furnace,furnace_zone3_temp,required,controlled,degC,channel_suffix,1ff5f5f0941b869b,train
furnace_zone3_temp_PV,steel_reheating_furnace,furnace_zone3_temp,required,controlled,degC,control_suffix,1ff5f5f0941b869b,train
furnace_zone3_temp_degC,steel_reheating_furnace,furnace_zone3_temp,required,controlled,degC,unit_suffix,1ff5f5f0941b869b,train
furnacezone3temp,steel_reheating_furnace,furnace_zone3_temp,required,controlled,degC,compact,1ff5f5f0941b869b,train
均热段温度,steel_reheating_furnace,furnace_zone3_temp,required,controlled,degC,template,97c93b6ebde58fa4,train
均热段温度[degC],steel_reheating_furnace,furnace_zone3_temp,required,controlled,degC,unit_bracket,97c93b6ebde58fa4,train
均热段温度_01,steel_reheating_furnace,furnace_zone3_temp,required,controlled,degC,channel_suffix,97c93b6ebde58fa4,train
均热段温度_PV,steel_reheating_furnace,furnace_zone3_temp,required,controlled,degC,control_suffix,97c93b6ebde58fa4,train
均热段温度_degC,steel_reheating_furnace,furnace_zone3_temp,required,controlled,degC,unit_suffix,97c93b6ebde58fa4,train
炉温3,steel_reheating_furnace,furnace_zone3_temp,required,controlled,degC,template,06ceeab08b0127a1,train
炉温3[degC],steel_reheating_furnace,furnace_zone3_temp,required,controlled,degC,unit_bracket,06ceeab08b0127a1,train
炉温3_01,steel_reheating_furnace,furnace_zone3_temp,required,controlled,degC,channel_suffix,06ceeab08b0127a1,train
炉温3_PV,steel_reheating_furnace,furnace_zone3_temp,required,controlled,degC,control_suffix,06ceeab08b0127a1,train
炉温3_degC,steel_reheating_furnace,furnace_zone3_temp,required,controlled,degC,unit_suffix,06ceeab08b0127a1,train
装置5-ZONE3_TEMP-CH30-VALUE,steel_reheating_furnace,furnace_zone3_temp,required,controlled,degC,vendor_channel_tag,1bbe1da0bb3c0d2c,train
装置5-furnace_zone3_temp-CH30-VALUE,steel_reheating_furnace,furnace_zone3_temp,required,controlled,degC,vendor_channel_tag,1ff5f5f0941b869b,train
装置5-均热段温度-CH30-VALUE,steel_reheating_furnace,furnace_zone3_temp,required,controlled,degC,vendor_channel_tag,97c93b6ebde58fa4,train
装置5-炉温3-CH30-VALUE,steel_reheating_furnace,furnace_zone3_temp,required,controlled,degC,vendor_channel_tag,06ceeab08b0127a1,train
1号GAS_FLOW,steel_reheating_furnace,gas_flow,required,manipulated,Nm3/h,equipment_prefix,9e59d6b96daf7662,train
1号GAS_FLOW_NM3H,steel_reheating_furnace,gas_flow,required,manipulated,Nm3/h,equipment_prefix,7b87b8f596b5a149,train
1号煤气流量,steel_reheating_furnace,gas_flow,required,manipulated,Nm3/h,equipment_prefix,2217a9eac640174c,train
1号燃气流量,steel_reheating_furnace,gas_flow,required,manipulated,Nm3/h,equipment_prefix,5814b1234c3df263,train
A线_GAS_FLOW,steel_reheating_furnace,gas_flow,required,manipulated,Nm3/h,line_prefix,9e59d6b96daf7662,train
A线_GAS_FLOW_NM3H,steel_reheating_furnace,gas_flow,required,manipulated,Nm3/h,line_prefix,7b87b8f596b5a149,train
A线_煤气流量,steel_reheating_furnace,gas_flow,required,manipulated,Nm3/h,line_prefix,2217a9eac640174c,train
A线_燃气流量,steel_reheating_furnace,gas_flow,required,manipulated,Nm3/h,line_prefix,5814b1234c3df263,train
B线#GAS_FLOW#测点42,steel_reheating_furnace,gas_flow,required,manipulated,Nm3/h,line_point_tag,9e59d6b96daf7662,train
B线#GAS_FLOW_NM3H#测点42,steel_reheating_furnace,gas_flow,required,manipulated,Nm3/h,line_point_tag,7b87b8f596b5a149,train
B线#煤气流量#测点42,steel_reheating_furnace,gas_flow,required,manipulated,Nm3/h,line_point_tag,2217a9eac640174c,train
B线#燃气流量#测点42,steel_reheating_furnace,gas_flow,required,manipulated,Nm3/h,line_point_tag,5814b1234c3df263,train
DCS_03_GAS_FLOW_NM3H_PV_17,steel_reheating_furnace,gas_flow,required,manipulated,Nm3/h,vendor_dcs_tag,7b87b8f596b5a149,train
DCS_03_GAS_FLOW_PV_17,steel_reheating_furnace,gas_flow,required,manipulated,Nm3/h,vendor_dcs_tag,9e59d6b96daf7662,train
DCS_03_煤气流量_PV_17,steel_reheating_furnace,gas_flow,required,manipulated,Nm3/h,vendor_dcs_tag,2217a9eac640174c,train
DCS_03_燃气流量_PV_17,steel_reheating_furnace,gas_flow,required,manipulated,Nm3/h,vendor_dcs_tag,5814b1234c3df263,train
GASFLOW,steel_reheating_furnace,gas_flow,required,manipulated,Nm3/h,compact,9e59d6b96daf7662,train
GASFLOWNM3H,steel_reheating_furnace,gas_flow,required,manipulated,Nm3/h,compact,7b87b8f596b5a149,train
GAS_FLOW,steel_reheating_furnace,gas_flow,required,manipulated,Nm3/h,template,9e59d6b96daf7662,train
GAS_FLOW[Nm3/h],steel_reheating_furnace,gas_flow,required,manipulated,Nm3/h,unit_bracket,9e59d6b96daf7662,train
GAS_FLOW_01,steel_reheating_furnace,gas_flow,required,manipulated,Nm3/h,channel_suffix,9e59d6b96daf7662,train
GAS_FLOW_NM3H,steel_reheating_furnace,gas_flow,required,manipulated,Nm3/h,template,7b87b8f596b5a149,train
GAS_FLOW_NM3H[Nm3/h],steel_reheating_furnace,gas_flow,required,manipulated,Nm3/h,unit_bracket,7b87b8f596b5a149,train
GAS_FLOW_NM3H_01,steel_reheating_furnace,gas_flow,required,manipulated,Nm3/h,channel_suffix,7b87b8f596b5a149,train
GAS_FLOW_NM3H_Nm3/h,steel_reheating_furnace,gas_flow,required,manipulated,Nm3/h,unit_suffix,7b87b8f596b5a149,train
GAS_FLOW_NM3H_SP,steel_reheating_furnace,gas_flow,required,manipulated,Nm3/h,control_suffix,7b87b8f596b5a149,train
GAS_FLOW_Nm3/h,steel_reheating_furnace,gas_flow,required,manipulated,Nm3/h,unit_suffix,9e59d6b96daf7662,train
GAS_FLOW_SP,steel_reheating_furnace,gas_flow,required,manipulated,Nm3/h,control_suffix,9e59d6b96daf7662,train
HMI.22.GAS_FLOW.AI,steel_reheating_furnace,gas_flow,required,manipulated,Nm3/h,vendor_hmi_tag,9e59d6b96daf7662,train
HMI.22.GAS_FLOW_NM3H.AI,steel_reheating_furnace,gas_flow,required,manipulated,Nm3/h,vendor_hmi_tag,7b87b8f596b5a149,train
HMI.22.煤气流量.AI,steel_reheating_furnace,gas_flow,required,manipulated,Nm3/h,vendor_hmi_tag,2217a9eac640174c,train
HMI.22.燃气流量.AI,steel_reheating_furnace,gas_flow,required,manipulated,Nm3/h,vendor_hmi_tag,5814b1234c3df263,train
煤气流量,steel_reheating_furnace,gas_flow,required,manipulated,Nm3/h,template,2217a9eac640174c,train
煤气流量[Nm3/h],steel_reheating_furnace,gas_flow,required,manipulated,Nm3/h,unit_bracket,2217a9eac640174c,train
煤气流量_01,steel_reheating_furnace,gas_flow,required,manipulated,Nm3/h,channel_suffix,2217a9eac640174c,train
煤气流量_Nm3/h,steel_reheating_furnace,gas_flow,required,manipulated,Nm3/h,unit_suffix,2217a9eac640174c,train
煤气流量_SP,steel_reheating_furnace,gas_flow,required,manipulated,Nm3/h,control_suffix,2217a9eac640174c,train
燃气流量,steel_reheating_furnace,gas_flow,required,manipulated,Nm3/h,template,5814b1234c3df263,train
燃气流量[Nm3/h],steel_reheating_furnace,gas_flow,required,manipulated,Nm3/h,unit_bracket,5814b1234c3df263,train
燃气流量_01,steel_reheating_furnace,gas_flow,required,manipulated,Nm3/h,channel_suffix,5814b1234c3df263,train
燃气流量_Nm3/h,steel_reheating_furnace,gas_flow,required,manipulated,Nm3/h,unit_suffix,5814b1234c3df263,train
燃气流量_SP,steel_reheating_furnace,gas_flow,required,manipulated,Nm3/h,control_suffix,5814b1234c3df263,train
装置5-GAS_FLOW-CH30-VALUE,steel_reheating_furnace,gas_flow,required,manipulated,Nm3/h,vendor_channel_tag,9e59d6b96daf7662,train
装置5-GAS_FLOW_NM3H-CH30-VALUE,steel_reheating_furnace,gas_flow,required,manipulated,Nm3/h,vendor_channel_tag,7b87b8f596b5a149,train
装置5-煤气流量-CH30-VALUE,steel_reheating_furnace,gas_flow,required,manipulated,Nm3/h,vendor_channel_tag,2217a9eac640174c,train
装置5-燃气流量-CH30-VALUE,steel_reheating_furnace,gas_flow,required,manipulated,Nm3/h,vendor_channel_tag,5814b1234c3df263,train
1号HEAT_ID,steel_reheating_furnace,heat_id,useful,identifier,string,equipment_prefix,40eb28a39c198cc1,train
1号heat_id,steel_reheating_furnace,heat_id,useful,identifier,string,equipment_prefix,ef0aac97543e7b12,train
1号批次号,steel_reheating_furnace,heat_id,useful,identifier,string,equipment_prefix,b70318964e52e6bf,train
1号炉号,steel_reheating_furnace,heat_id,useful,identifier,string,equipment_prefix,aaa860de6df35f0d,train
1号炉次号,steel_reheating_furnace,heat_id,useful,identifier,string,equipment_prefix,5fb1da95b68e76e9,train
A线_HEAT_ID,steel_reheating_furnace,heat_id,useful,identifier,string,line_prefix,40eb28a39c198cc1,train
A线_heat_id,steel_reheating_furnace,heat_id,useful,identifier,string,line_prefix,ef0aac97543e7b12,train
A线_批次号,steel_reheating_furnace,heat_id,useful,identifier,string,line_prefix,b70318964e52e6bf,train
A线_炉号,steel_reheating_furnace,heat_id,useful,identifier,string,line_prefix,aaa860de6df35f0d,train
A线_炉次号,steel_reheating_furnace,heat_id,useful,identifier,string,line_prefix,5fb1da95b68e76e9,train
B线#HEAT_ID#测点42,steel_reheating_furnace,heat_id,useful,identifier,string,line_point_tag,40eb28a39c198cc1,train
B线#heat_id#测点42,steel_reheating_furnace,heat_id,useful,identifier,string,line_point_tag,ef0aac97543e7b12,train
B线#批次号#测点42,steel_reheating_furnace,heat_id,useful,identifier,string,line_point_tag,b70318964e52e6bf,train
B线#炉号#测点42,steel_reheating_furnace,heat_id,useful,identifier,string,line_point_tag,aaa860de6df35f0d,train
B线#炉次号#测点42,steel_reheating_furnace,heat_id,useful,identifier,string,line_point_tag,5fb1da95b68e76e9,train
DCS_03_HEAT_ID_PV_17,steel_reheating_furnace,heat_id,useful,identifier,string,vendor_dcs_tag,40eb28a39c198cc1,train
DCS_03_heat_id_PV_17,steel_reheating_furnace,heat_id,useful,identifier,string,vendor_dcs_tag,ef0aac97543e7b12,train
DCS_03_批次号_PV_17,steel_reheating_furnace,heat_id,useful,identifier,string,vendor_dcs_tag,b70318964e52e6bf,train
DCS_03_炉号_PV_17,steel_reheating_furnace,heat_id,useful,identifier,string,vendor_dcs_tag,aaa860de6df35f0d,train
DCS_03_炉次号_PV_17,steel_reheating_furnace,heat_id,useful,identifier,string,vendor_dcs_tag,5fb1da95b68e76e9,train
HEATID,steel_reheating_furnace,heat_id,useful,identifier,string,compact,40eb28a39c198cc1,train
HEAT_ID,steel_reheating_furnace,heat_id,useful,identifier,string,template,40eb28a39c198cc1,train
HEAT_ID_01,steel_reheating_furnace,heat_id,useful,identifier,string,channel_suffix,40eb28a39c198cc1,train
HEAT_ID_PV,steel_reheating_furnace,heat_id,useful,identifier,string,control_suffix,40eb28a39c198cc1,train
HMI.22.HEAT_ID.AI,steel_reheating_furnace,heat_id,useful,identifier,string,vendor_hmi_tag,40eb28a39c198cc1,train
HMI.22.heat_id.AI,steel_reheating_furnace,heat_id,useful,identifier,string,vendor_hmi_tag,ef0aac97543e7b12,train
HMI.22.批次号.AI,steel_reheating_furnace,heat_id,useful,identifier,string,vendor_hmi_tag,b70318964e52e6bf,train
HMI.22.炉号.AI,steel_reheating_furnace,heat_id,useful,identifier,string,vendor_hmi_tag,aaa860de6df35f0d,train
HMI.22.炉次号.AI,steel_reheating_furnace,heat_id,useful,identifier,string,vendor_hmi_tag,5fb1da95b68e76e9,train
heat_id,steel_reheating_furnace,heat_id,useful,identifier,string,template,ef0aac97543e7b12,train
heat_id_01,steel_reheating_furnace,heat_id,useful,identifier,string,channel_suffix,ef0aac97543e7b12,train
heat_id_PV,steel_reheating_furnace,heat_id,useful,identifier,string,control_suffix,ef0aac97543e7b12,train
heatid,steel_reheating_furnace,heat_id,useful,identifier,string,compact,ef0aac97543e7b12,train
批次号,steel_reheating_furnace,heat_id,useful,identifier,string,template,b70318964e52e6bf,train
批次号_01,steel_reheating_furnace,heat_id,useful,identifier,string,channel_suffix,b70318964e52e6bf,train
批次号_PV,steel_reheating_furnace,heat_id,useful,identifier,string,control_suffix,b70318964e52e6bf,train
炉号,steel_reheating_furnace,heat_id,useful,identifier,string,template,aaa860de6df35f0d,train
炉号_01,steel_reheating_furnace,heat_id,useful,identifier,string,channel_suffix,aaa860de6df35f0d,train
炉号_PV,steel_reheating_furnace,heat_id,useful,identifier,string,control_suffix,aaa860de6df35f0d,train
炉次号,steel_reheating_furnace,heat_id,useful,identifier,string,template,5fb1da95b68e76e9,train
炉次号_01,steel_reheating_furnace,heat_id,useful,identifier,string,channel_suffix,5fb1da95b68e76e9,train
炉次号_PV,steel_reheating_furnace,heat_id,useful,identifier,string,control_suffix,5fb1da95b68e76e9,train
装置5-HEAT_ID-CH30-VALUE,steel_reheating_furnace,heat_id,useful,identifier,string,vendor_channel_tag,40eb28a39c198cc1,train
装置5-heat_id-CH30-VALUE,steel_reheating_furnace,heat_id,useful,identifier,string,vendor_channel_tag,ef0aac97543e7b12,train
装置5-批次号-CH30-VALUE,steel_reheating_furnace,heat_id,useful,identifier,string,vendor_channel_tag,b70318964e52e6bf,train
装置5-炉号-CH30-VALUE,steel_reheating_furnace,heat_id,useful,identifier,string,vendor_channel_tag,aaa860de6df35f0d,train
装置5-炉次号-CH30-VALUE,steel_reheating_furnace,heat_id,useful,identifier,string,vendor_channel_tag,5fb1da95b68e76e9,train
1号PRODUCTION_RATE,steel_reheating_furnace,production_rate,useful,disturbance,t/h,equipment_prefix,fc5359d85e74bc43,train
1号THROUGHPUT,steel_reheating_furnace,production_rate,useful,disturbance,t/h,equipment_prefix,cd7d1ef1b416d61a,train
1号产量,steel_reheating_furnace,production_rate,useful,disturbance,t/h,equipment_prefix,daff85a9396b9519,train
1号小时产量,steel_reheating_furnace,production_rate,useful,disturbance,t/h,equipment_prefix,cd34789cb519c56f,train
1号生产节奏,steel_reheating_furnace,production_rate,useful,disturbance,t/h,equipment_prefix,2921a949c07ec4e8,train
A线_PRODUCTION_RATE,steel_reheating_furnace,production_rate,useful,disturbance,t/h,line_prefix,fc5359d85e74bc43,train
A线_THROUGHPUT,steel_reheating_furnace,production_rate,useful,disturbance,t/h,line_prefix,cd7d1ef1b416d61a,train
A线_产量,steel_reheating_furnace,production_rate,useful,disturbance,t/h,line_prefix,daff85a9396b9519,train
A线_小时产量,steel_reheating_furnace,production_rate,useful,disturbance,t/h,line_prefix,cd34789cb519c56f,train
A线_生产节奏,steel_reheating_furnace,production_rate,useful,disturbance,t/h,line_prefix,2921a949c07ec4e8,train
B线#PRODUCTION_RATE#测点42,steel_reheating_furnace,production_rate,useful,disturbance,t/h,line_point_tag,fc5359d85e74bc43,train
B线#THROUGHPUT#测点42,steel_reheating_furnace,production_rate,useful,disturbance,t/h,line_point_tag,cd7d1ef1b416d61a,train
B线#产量#测点42,steel_reheating_furnace,production_rate,useful,disturbance,t/h,line_point_tag,daff85a9396b9519,train
B线#小时产量#测点42,steel_reheating_furnace,production_rate,useful,disturbance,t/h,line_point_tag,cd34789cb519c56f,train
B线#生产节奏#测点42,steel_reheating_furnace,production_rate,useful,disturbance,t/h,line_point_tag,2921a949c07ec4e8,train
DCS_03_PRODUCTION_RATE_PV_17,steel_reheating_furnace,production_rate,useful,disturbance,t/h,vendor_dcs_tag,fc5359d85e74bc43,train
DCS_03_THROUGHPUT_PV_17,steel_reheating_furnace,production_rate,useful,disturbance,t/h,vendor_dcs_tag,cd7d1ef1b416d61a,train
DCS_03_产量_PV_17,steel_reheating_furnace,production_rate,useful,disturbance,t/h,vendor_dcs_tag,daff85a9396b9519,train
DCS_03_小时产量_PV_17,steel_reheating_furnace,production_rate,useful,disturbance,t/h,vendor_dcs_tag,cd34789cb519c56f,train
DCS_03_生产节奏_PV_17,steel_reheating_furnace,production_rate,useful,disturbance,t/h,vendor_dcs_tag,2921a949c07ec4e8,train
HMI.22.PRODUCTION_RATE.AI,steel_reheating_furnace,production_rate,useful,disturbance,t/h,vendor_hmi_tag,fc5359d85e74bc43,train
HMI.22.THROUGHPUT.AI,steel_reheating_furnace,production_rate,useful,disturbance,t/h,vendor_hmi_tag,cd7d1ef1b416d61a,train
HMI.22.产量.AI,steel_reheating_furnace,production_rate,useful,disturbance,t/h,vendor_hmi_tag,daff85a9396b9519,train
HMI.22.小时产量.AI,steel_reheating_furnace,production_rate,useful,disturbance,t/h,vendor_hmi_tag,cd34789cb519c56f,train
HMI.22.生产节奏.AI,steel_reheating_furnace,production_rate,useful,disturbance,t/h,vendor_hmi_tag,2921a949c07ec4e8,train
PRODUCTIONRATE,steel_reheating_furnace,production_rate,useful,disturbance,t/h,compact,fc5359d85e74bc43,train
PRODUCTION_RATE,steel_reheating_furnace,production_rate,useful,disturbance,t/h,template,fc5359d85e74bc43,train
PRODUCTION_RATE[t/h],steel_reheating_furnace,production_rate,useful,disturbance,t/h,unit_bracket,fc5359d85e74bc43,train
PRODUCTION_RATE_01,steel_reheating_furnace,production_rate,useful,disturbance,t/h,channel_suffix,fc5359d85e74bc43,train
PRODUCTION_RATE_PV,steel_reheating_furnace,production_rate,useful,disturbance,t/h,control_suffix,fc5359d85e74bc43,train
PRODUCTION_RATE_t/h,steel_reheating_furnace,production_rate,useful,disturbance,t/h,unit_suffix,fc5359d85e74bc43,train
THROUGHPUT,steel_reheating_furnace,production_rate,useful,disturbance,t/h,template,cd7d1ef1b416d61a,train
THROUGHPUT[t/h],steel_reheating_furnace,production_rate,useful,disturbance,t/h,unit_bracket,cd7d1ef1b416d61a,train
THROUGHPUT_01,steel_reheating_furnace,production_rate,useful,disturbance,t/h,channel_suffix,cd7d1ef1b416d61a,train
THROUGHPUT_PV,steel_reheating_furnace,production_rate,useful,disturbance,t/h,control_suffix,cd7d1ef1b416d61a,train
THROUGHPUT_t/h,steel_reheating_furnace,production_rate,useful,disturbance,t/h,unit_suffix,cd7d1ef1b416d61a,train
产量,steel_reheating_furnace,production_rate,useful,disturbance,t/h,template,daff85a9396b9519,train
产量[t/h],steel_reheating_furnace,production_rate,useful,disturbance,t/h,unit_bracket,daff85a9396b9519,train
产量_01,steel_reheating_furnace,production_rate,useful,disturbance,t/h,channel_suffix,daff85a9396b9519,train
产量_PV,steel_reheating_furnace,production_rate,useful,disturbance,t/h,control_suffix,daff85a9396b9519,train
产量_t/h,steel_reheating_furnace,production_rate,useful,disturbance,t/h,unit_suffix,daff85a9396b9519,train
小时产量,steel_reheating_furnace,production_rate,useful,disturbance,t/h,template,cd34789cb519c56f,train
小时产量[t/h],steel_reheating_furnace,production_rate,useful,disturbance,t/h,unit_bracket,cd34789cb519c56f,train
小时产量_01,steel_reheating_furnace,production_rate,useful,disturbance,t/h,channel_suffix,cd34789cb519c56f,train
小时产量_PV,steel_reheating_furnace,production_rate,useful,disturbance,t/h,control_suffix,cd34789cb519c56f,train
小时产量_t/h,steel_reheating_furnace,production_rate,useful,disturbance,t/h,unit_suffix,cd34789cb519c56f,train
生产节奏,steel_reheating_furnace,production_rate,useful,disturbance,t/h,template,2921a949c07ec4e8,train
生产节奏[t/h],steel_reheating_furnace,production_rate,useful,disturbance,t/h,unit_bracket,2921a949c07ec4e8,train
生产节奏_01,steel_reheating_furnace,production_rate,useful,disturbance,t/h,channel_suffix,2921a949c07ec4e8,train
生产节奏_PV,steel_reheating_furnace,production_rate,useful,disturbance,t/h,control_suffix,2921a949c07ec4e8,train
生产节奏_t/h,steel_reheating_furnace,production_rate,useful,disturbance,t/h,unit_suffix,2921a949c07ec4e8,train
装置5-PRODUCTION_RATE-CH30-VALUE,steel_reheating_furnace,production_rate,useful,disturbance,t/h,vendor_channel_tag,fc5359d85e74bc43,train
装置5-THROUGHPUT-CH30-VALUE,steel_reheating_furnace,production_rate,useful,disturbance,t/h,vendor_channel_tag,cd7d1ef1b416d61a,train
装置5-产量-CH30-VALUE,steel_reheating_furnace,production_rate,useful,disturbance,t/h,vendor_channel_tag,daff85a9396b9519,train
装置5-小时产量-CH30-VALUE,steel_reheating_furnace,production_rate,useful,disturbance,t/h,vendor_channel_tag,cd34789cb519c56f,train
装置5-生产节奏-CH30-VALUE,steel_reheating_furnace,production_rate,useful,disturbance,t/h,vendor_channel_tag,2921a949c07ec4e8,train
1号SLAB_OUT_TEMP,steel_reheating_furnace,slab_discharge_temp,required,controlled,degC,equipment_prefix,6bfd8eebac65dceb,train
1号SLAB_OUT_TEMP_C,steel_reheating_furnace,slab_discharge_temp,required,controlled,degC,equipment_prefix,c095234bc6778e24,train
1号出炉温度,steel_reheating_furnace,slab_discharge_temp,required,controlled,degC,equipment_prefix,13e3db5f128cf8ab,train
1号出炉钢坯温度,steel_reheating_furnace,slab_discharge_temp,required,controlled,degC,equipment_prefix,c9e5ee5319cbba97,train
1号板坯出炉温度,steel_reheating_furnace,slab_discharge_temp,required,controlled,degC,equipment_prefix,295477e45ff5d5bf,train
A线_SLAB_OUT_TEMP,steel_reheating_furnace,slab_discharge_temp,required,controlled,degC,line_prefix,6bfd8eebac65dceb,train
A线_SLAB_OUT_TEMP_C,steel_reheating_furnace,slab_discharge_temp,required,controlled,degC,line_prefix,c095234bc6778e24,train
A线_出炉温度,steel_reheating_furnace,slab_discharge_temp,required,controlled,degC,line_prefix,13e3db5f128cf8ab,train
A线_出炉钢坯温度,steel_reheating_furnace,slab_discharge_temp,required,controlled,degC,line_prefix,c9e5ee5319cbba97,train
A线_板坯出炉温度,steel_reheating_furnace,slab_discharge_temp,required,controlled,degC,line_prefix,295477e45ff5d5bf,train
B线#SLAB_OUT_TEMP#测点42,steel_reheating_furnace,slab_discharge_temp,required,controlled,degC,line_point_tag,6bfd8eebac65dceb,train
B线#SLAB_OUT_TEMP_C#测点42,steel_reheating_furnace,slab_discharge_temp,required,controlled,degC,line_point_tag,c095234bc6778e24,train
B线#出炉温度#测点42,steel_reheating_furnace,slab_discharge_temp,required,controlled,degC,line_point_tag,13e3db5f128cf8ab,train
B线#出炉钢坯温度#测点42,steel_reheating_furnace,slab_discharge_temp,required,controlled,degC,line_point_tag,c9e5ee5319cbba97,train
B线#板坯出炉温度#测点42,steel_reheating_furnace,slab_discharge_temp,required,controlled,degC,line_point_tag,295477e45ff5d5bf,train
DCS_03_SLAB_OUT_TEMP_C_PV_17,steel_reheating_furnace,slab_discharge_temp,required,controlled,degC,vendor_dcs_tag,c095234bc6778e24,train
DCS_03_SLAB_OUT_TEMP_PV_17,steel_reheating_furnace,slab_discharge_temp,required,controlled,degC,vendor_dcs_tag,6bfd8eebac65dceb,train
DCS_03_出炉温度_PV_17,steel_reheating_furnace,slab_discharge_temp,required,controlled,degC,vendor_dcs_tag,13e3db5f128cf8ab,train
DCS_03_出炉钢坯温度_PV_17,steel_reheating_furnace,slab_discharge_temp,required,controlled,degC,vendor_dcs_tag,c9e5ee5319cbba97,train
DCS_03_板坯出炉温度_PV_17,steel_reheating_furnace,slab_discharge_temp,required,controlled,degC,vendor_dcs_tag,295477e45ff5d5bf,train
HMI.22.SLAB_OUT_TEMP.AI,steel_reheating_furnace,slab_discharge_temp,required,controlled,degC,vendor_hmi_tag,6bfd8eebac65dceb,train
HMI.22.SLAB_OUT_TEMP_C.AI,steel_reheating_furnace,slab_discharge_temp,required,controlled,degC,vendor_hmi_tag,c095234bc6778e24,train
HMI.22.出炉温度.AI,steel_reheating_furnace,slab_discharge_temp,required,controlled,degC,vendor_hmi_tag,13e3db5f128cf8ab,train
HMI.22.出炉钢坯温度.AI,steel_reheating_furnace,slab_discharge_temp,required,controlled,degC,vendor_hmi_tag,c9e5ee5319cbba97,train
HMI.22.板坯出炉温度.AI,steel_reheating_furnace,slab_discharge_temp,required,controlled,degC,vendor_hmi_tag,295477e45ff5d5bf,train
SLABOUTTEMP,steel_reheating_furnace,slab_discharge_temp,required,controlled,degC,compact,6bfd8eebac65dceb,train
SLABOUTTEMPC,steel_reheating_furnace,slab_discharge_temp,required,controlled,degC,compact,c095234bc6778e24,train
SLAB_OUT_TEMP,steel_reheating_furnace,slab_discharge_temp,required,controlled,degC,template,6bfd8eebac65dceb,train
SLAB_OUT_TEMP[degC],steel_reheating_furnace,slab_discharge_temp,required,controlled,degC,unit_bracket,6bfd8eebac65dceb,train
SLAB_OUT_TEMP_01,steel_reheating_furnace,slab_discharge_temp,required,controlled,degC,channel_suffix,6bfd8eebac65dceb,train
SLAB_OUT_TEMP_C,steel_reheating_furnace,slab_discharge_temp,required,controlled,degC,template,c095234bc6778e24,train
SLAB_OUT_TEMP_C[degC],steel_reheating_furnace,slab_discharge_temp,required,controlled,degC,unit_bracket,c095234bc6778e24,train
SLAB_OUT_TEMP_C_01,steel_reheating_furnace,slab_discharge_temp,required,controlled,degC,channel_suffix,c095234bc6778e24,train
SLAB_OUT_TEMP_C_PV,steel_reheating_furnace,slab_discharge_temp,required,controlled,degC,control_suffix,c095234bc6778e24,train
SLAB_OUT_TEMP_C_degC,steel_reheating_furnace,slab_discharge_temp,required,controlled,degC,unit_suffix,c095234bc6778e24,train
SLAB_OUT_TEMP_PV,steel_reheating_furnace,slab_discharge_temp,required,controlled,degC,control_suffix,6bfd8eebac65dceb,train
SLAB_OUT_TEMP_degC,steel_reheating_furnace,slab_discharge_temp,required,controlled,degC,unit_suffix,6bfd8eebac65dceb,train
出炉温度,steel_reheating_furnace,slab_discharge_temp,required,controlled,degC,template,13e3db5f128cf8ab,train
出炉温度[degC],steel_reheating_furnace,slab_discharge_temp,required,controlled,degC,unit_bracket,13e3db5f128cf8ab,train
出炉温度_01,steel_reheating_furnace,slab_discharge_temp,required,controlled,degC,channel_suffix,13e3db5f128cf8ab,train
出炉温度_PV,steel_reheating_furnace,slab_discharge_temp,required,controlled,degC,control_suffix,13e3db5f128cf8ab,train
出炉温度_degC,steel_reheating_furnace,slab_discharge_temp,required,controlled,degC,unit_suffix,13e3db5f128cf8ab,train
出炉钢坯温度,steel_reheating_furnace,slab_discharge_temp,required,controlled,degC,template,c9e5ee5319cbba97,train
出炉钢坯温度[degC],steel_reheating_furnace,slab_discharge_temp,required,controlled,degC,unit_bracket,c9e5ee5319cbba97,train
出炉钢坯温度_01,steel_reheating_furnace,slab_discharge_temp,required,controlled,degC,channel_suffix,c9e5ee5319cbba97,train
出炉钢坯温度_PV,steel_reheating_furnace,slab_discharge_temp,required,controlled,degC,control_suffix,c9e5ee5319cbba97,train
出炉钢坯温度_degC,steel_reheating_furnace,slab_discharge_temp,required,controlled,degC,unit_suffix,c9e5ee5319cbba97,train
板坯出炉温度,steel_reheating_furnace,slab_discharge_temp,required,controlled,degC,template,295477e45ff5d5bf,train
板坯出炉温度[degC],steel_reheating_furnace,slab_discharge_temp,required,controlled,degC,unit_bracket,295477e45ff5d5bf,train
板坯出炉温度_01,steel_reheating_furnace,slab_discharge_temp,required,controlled,degC,channel_suffix,295477e45ff5d5bf,train
板坯出炉温度_PV,steel_reheating_furnace,slab_discharge_temp,required,controlled,degC,control_suffix,295477e45ff5d5bf,train
板坯出炉温度_degC,steel_reheating_furnace,slab_discharge_temp,required,controlled,degC,unit_suffix,295477e45ff5d5bf,train
装置5-SLAB_OUT_TEMP-CH30-VALUE,steel_reheating_furnace,slab_discharge_temp,required,controlled,degC,vendor_channel_tag,6bfd8eebac65dceb,train
装置5-SLAB_OUT_TEMP_C-CH30-VALUE,steel_reheating_furnace,slab_discharge_temp,required,controlled,degC,vendor_channel_tag,c095234bc6778e24,train
装置5-出炉温度-CH30-VALUE,steel_reheating_furnace,slab_discharge_temp,required,controlled,degC,vendor_channel_tag,13e3db5f128cf8ab,train
装置5-出炉钢坯温度-CH30-VALUE,steel_reheating_furnace,slab_discharge_temp,required,controlled,degC,vendor_channel_tag,c9e5ee5319cbba97,train
装置5-板坯出炉温度-CH30-VALUE,steel_reheating_furnace,slab_discharge_temp,required,controlled,degC,vendor_channel_tag,295477e45ff5d5bf,train
1号slab_entry_temp,steel_reheating_furnace,slab_entry_temp,useful,disturbance,degC,equipment_prefix,fb5f5db1eb961f0b,train
1号入炉温度,steel_reheating_furnace,slab_entry_temp,useful,disturbance,degC,equipment_prefix,45d7a059b5ca39fd,train
1号入炉钢坯温度,steel_reheating_furnace,slab_entry_temp,useful,disturbance,degC,equipment_prefix,6ee0f97ce47ac58d,train
1号板坯入炉温度,steel_reheating_furnace,slab_entry_temp,useful,disturbance,degC,equipment_prefix,d7625400f21c39b2,train
1号钢坯入口温度,steel_reheating_furnace,slab_entry_temp,useful,disturbance,degC,equipment_prefix,cc51196107b2594e,train
A线_slab_entry_temp,steel_reheating_furnace,slab_entry_temp,useful,disturbance,degC,line_prefix,fb5f5db1eb961f0b,train
A线_入炉温度,steel_reheating_furnace,slab_entry_temp,useful,disturbance,degC,line_prefix,45d7a059b5ca39fd,train
A线_入炉钢坯温度,steel_reheating_furnace,slab_entry_temp,useful,disturbance,degC,line_prefix,6ee0f97ce47ac58d,train
A线_板坯入炉温度,steel_reheating_furnace,slab_entry_temp,useful,disturbance,degC,line_prefix,d7625400f21c39b2,train
A线_钢坯入口温度,steel_reheating_furnace,slab_entry_temp,useful,disturbance,degC,line_prefix,cc51196107b2594e,train
B线#slab_entry_temp#测点42,steel_reheating_furnace,slab_entry_temp,useful,disturbance,degC,line_point_tag,fb5f5db1eb961f0b,train
B线#入炉温度#测点42,steel_reheating_furnace,slab_entry_temp,useful,disturbance,degC,line_point_tag,45d7a059b5ca39fd,train
B线#入炉钢坯温度#测点42,steel_reheating_furnace,slab_entry_temp,useful,disturbance,degC,line_point_tag,6ee0f97ce47ac58d,train
B线#板坯入炉温度#测点42,steel_reheating_furnace,slab_entry_temp,useful,disturbance,degC,line_point_tag,d7625400f21c39b2,train
B线#钢坯入口温度#测点42,steel_reheating_furnace,slab_entry_temp,useful,disturbance,degC,line_point_tag,cc51196107b2594e,train
DCS_03_slab_entry_temp_PV_17,steel_reheating_furnace,slab_entry_temp,useful,disturbance,degC,vendor_dcs_tag,fb5f5db1eb961f0b,train
DCS_03_入炉温度_PV_17,steel_reheating_furnace,slab_entry_temp,useful,disturbance,degC,vendor_dcs_tag,45d7a059b5ca39fd,train
DCS_03_入炉钢坯温度_PV_17,steel_reheating_furnace,slab_entry_temp,useful,disturbance,degC,vendor_dcs_tag,6ee0f97ce47ac58d,train
DCS_03_板坯入炉温度_PV_17,steel_reheating_furnace,slab_entry_temp,useful,disturbance,degC,vendor_dcs_tag,d7625400f21c39b2,train
DCS_03_钢坯入口温度_PV_17,steel_reheating_furnace,slab_entry_temp,useful,disturbance,degC,vendor_dcs_tag,cc51196107b2594e,train
HMI.22.slab_entry_temp.AI,steel_reheating_furnace,slab_entry_temp,useful,disturbance,degC,vendor_hmi_tag,fb5f5db1eb961f0b,train
HMI.22.入炉温度.AI,steel_reheating_furnace,slab_entry_temp,useful,disturbance,degC,vendor_hmi_tag,45d7a059b5ca39fd,train
HMI.22.入炉钢坯温度.AI,steel_reheating_furnace,slab_entry_temp,useful,disturbance,degC,vendor_hmi_tag,6ee0f97ce47ac58d,train
HMI.22.板坯入炉温度.AI,steel_reheating_furnace,slab_entry_temp,useful,disturbance,degC,vendor_hmi_tag,d7625400f21c39b2,train
HMI.22.钢坯入口温度.AI,steel_reheating_furnace,slab_entry_temp,useful,disturbance,degC,vendor_hmi_tag,cc51196107b2594e,train
SLAB_ENTRY_TEMP,steel_reheating_furnace,slab_entry_temp,useful,disturbance,degC,uppercase,fb5f5db1eb961f0b,train
slab_entry_temp,steel_reheating_furnace,slab_entry_temp,useful,disturbance,degC,template,fb5f5db1eb961f0b,train
slab_entry_temp[degC],steel_reheating_furnace,slab_entry_temp,useful,disturbance,degC,unit_bracket,fb5f5db1eb961f0b,train
slab_entry_temp_01,steel_reheating_furnace,slab_entry_temp,useful,disturbance,degC,channel_suffix,fb5f5db1eb961f0b,train
slab_entry_temp_PV,steel_reheating_furnace,slab_entry_temp,useful,disturbance,degC,control_suffix,fb5f5db1eb961f0b,train
slab_entry_temp_degC,steel_reheating_furnace,slab_entry_temp,useful,disturbance,degC,unit_suffix,fb5f5db1eb961f0b,train
slabentrytemp,steel_reheating_furnace,slab_entry_temp,useful,disturbance,degC,compact,fb5f5db1eb961f0b,train
入炉温度,steel_reheating_furnace,slab_entry_temp,useful,disturbance,degC,template,45d7a059b5ca39fd,train
入炉温度[degC],steel_reheating_furnace,slab_entry_temp,useful,disturbance,degC,unit_bracket,45d7a059b5ca39fd,train
入炉温度_01,steel_reheating_furnace,slab_entry_temp,useful,disturbance,degC,channel_suffix,45d7a059b5ca39fd,train
入炉温度_PV,steel_reheating_furnace,slab_entry_temp,useful,disturbance,degC,control_suffix,45d7a059b5ca39fd,train
入炉温度_degC,steel_reheating_furnace,slab_entry_temp,useful,disturbance,degC,unit_suffix,45d7a059b5ca39fd,train
入炉钢坯温度,steel_reheating_furnace,slab_entry_temp,useful,disturbance,degC,template,6ee0f97ce47ac58d,train
入炉钢坯温度[degC],steel_reheating_furnace,slab_entry_temp,useful,disturbance,degC,unit_bracket,6ee0f97ce47ac58d,train
入炉钢坯温度_01,steel_reheating_furnace,slab_entry_temp,useful,disturbance,degC,channel_suffix,6ee0f97ce47ac58d,train
入炉钢坯温度_PV,steel_reheating_furnace,slab_entry_temp,useful,disturbance,degC,control_suffix,6ee0f97ce47ac58d,train
入炉钢坯温度_degC,steel_reheating_furnace,slab_entry_temp,useful,disturbance,degC,unit_suffix,6ee0f97ce47ac58d,train
板坯入炉温度,steel_reheating_furnace,slab_entry_temp,useful,disturbance,degC,template,d7625400f21c39b2,train
板坯入炉温度[degC],steel_reheating_furnace,slab_entry_temp,useful,disturbance,degC,unit_bracket,d7625400f21c39b2,train
板坯入炉温度_01,steel_reheating_furnace,slab_entry_temp,useful,disturbance,degC,channel_suffix,d7625400f21c39b2,train
板坯入炉温度_PV,steel_reheating_furnace,slab_entry_temp,useful,disturbance,degC,control_suffix,d7625400f21c39b2,train
板坯入炉温度_degC,steel_reheating_furnace,slab_entry_temp,useful,disturbance,degC,unit_suffix,d7625400f21c39b2,train
装置5-slab_entry_temp-CH30-VALUE,steel_reheating_furnace,slab_entry_temp,useful,disturbance,degC,vendor_channel_tag,fb5f5db1eb961f0b,train
装置5-入炉温度-CH30-VALUE,steel_reheating_furnace,slab_entry_temp,useful,disturbance,degC,vendor_channel_tag,45d7a059b5ca39fd,train
装置5-入炉钢坯温度-CH30-VALUE,steel_reheating_furnace,slab_entry_temp,useful,disturbance,degC,vendor_channel_tag,6ee0f97ce47ac58d,train
装置5-板坯入炉温度-CH30-VALUE,steel_reheating_furnace,slab_entry_temp,useful,disturbance,degC,vendor_channel_tag,d7625400f21c39b2,train
装置5-钢坯入口温度-CH30-VALUE,steel_reheating_furnace,slab_entry_temp,useful,disturbance,degC,vendor_channel_tag,cc51196107b2594e,train
钢坯入口温度,steel_reheating_furnace,slab_entry_temp,useful,disturbance,degC,template,cc51196107b2594e,train
钢坯入口温度[degC],steel_reheating_furnace,slab_entry_temp,useful,disturbance,degC,unit_bracket,cc51196107b2594e,train
钢坯入口温度_01,steel_reheating_furnace,slab_entry_temp,useful,disturbance,degC,channel_suffix,cc51196107b2594e,train
钢坯入口温度_PV,steel_reheating_furnace,slab_entry_temp,useful,disturbance,degC,control_suffix,cc51196107b2594e,train
钢坯入口温度_degC,steel_reheating_furnace,slab_entry_temp,useful,disturbance,degC,unit_suffix,cc51196107b2594e,train
1号slab_thickness,steel_reheating_furnace,slab_thickness,useful,disturbance,mm,equipment_prefix,32cb1c63ebabef59,train
1号板坯厚度,steel_reheating_furnace,slab_thickness,useful,disturbance,mm,equipment_prefix,07ab5fcf74a81257,train
1号钢坯厚度,steel_reheating_furnace,slab_thickness,useful,disturbance,mm,equipment_prefix,f8486d9fc2e5cc5b,train
A线_slab_thickness,steel_reheating_furnace,slab_thickness,useful,disturbance,mm,line_prefix,32cb1c63ebabef59,train
A线_板坯厚度,steel_reheating_furnace,slab_thickness,useful,disturbance,mm,line_prefix,07ab5fcf74a81257,train
A线_钢坯厚度,steel_reheating_furnace,slab_thickness,useful,disturbance,mm,line_prefix,f8486d9fc2e5cc5b,train
B线#slab_thickness#测点42,steel_reheating_furnace,slab_thickness,useful,disturbance,mm,line_point_tag,32cb1c63ebabef59,train
B线#板坯厚度#测点42,steel_reheating_furnace,slab_thickness,useful,disturbance,mm,line_point_tag,07ab5fcf74a81257,train
B线#钢坯厚度#测点42,steel_reheating_furnace,slab_thickness,useful,disturbance,mm,line_point_tag,f8486d9fc2e5cc5b,train
DCS_03_slab_thickness_PV_17,steel_reheating_furnace,slab_thickness,useful,disturbance,mm,vendor_dcs_tag,32cb1c63ebabef59,train
DCS_03_板坯厚度_PV_17,steel_reheating_furnace,slab_thickness,useful,disturbance,mm,vendor_dcs_tag,07ab5fcf74a81257,train
DCS_03_钢坯厚度_PV_17,steel_reheating_furnace,slab_thickness,useful,disturbance,mm,vendor_dcs_tag,f8486d9fc2e5cc5b,train
HMI.22.slab_thickness.AI,steel_reheating_furnace,slab_thickness,useful,disturbance,mm,vendor_hmi_tag,32cb1c63ebabef59,train
HMI.22.板坯厚度.AI,steel_reheating_furnace,slab_thickness,useful,disturbance,mm,vendor_hmi_tag,07ab5fcf74a81257,train
HMI.22.钢坯厚度.AI,steel_reheating_furnace,slab_thickness,useful,disturbance,mm,vendor_hmi_tag,f8486d9fc2e5cc5b,train
slab_thickness,steel_reheating_furnace,slab_thickness,useful,disturbance,mm,template,32cb1c63ebabef59,train
slab_thickness[mm],steel_reheating_furnace,slab_thickness,useful,disturbance,mm,unit_bracket,32cb1c63ebabef59,train
slab_thickness_01,steel_reheating_furnace,slab_thickness,useful,disturbance,mm,channel_suffix,32cb1c63ebabef59,train
slab_thickness_PV,steel_reheating_furnace,slab_thickness,useful,disturbance,mm,control_suffix,32cb1c63ebabef59,train
slab_thickness_mm,steel_reheating_furnace,slab_thickness,useful,disturbance,mm,unit_suffix,32cb1c63ebabef59,train
slabthickness,steel_reheating_furnace,slab_thickness,useful,disturbance,mm,compact,32cb1c63ebabef59,train
板坯厚度,steel_reheating_furnace,slab_thickness,useful,disturbance,mm,template,07ab5fcf74a81257,train
板坯厚度[mm],steel_reheating_furnace,slab_thickness,useful,disturbance,mm,unit_bracket,07ab5fcf74a81257,train
板坯厚度_01,steel_reheating_furnace,slab_thickness,useful,disturbance,mm,channel_suffix,07ab5fcf74a81257,train
板坯厚度_PV,steel_reheating_furnace,slab_thickness,useful,disturbance,mm,control_suffix,07ab5fcf74a81257,train
板坯厚度_mm,steel_reheating_furnace,slab_thickness,useful,disturbance,mm,unit_suffix,07ab5fcf74a81257,train
装置5-slab_thickness-CH30-VALUE,steel_reheating_furnace,slab_thickness,useful,disturbance,mm,vendor_channel_tag,32cb1c63ebabef59,train
装置5-板坯厚度-CH30-VALUE,steel_reheating_furnace,slab_thickness,useful,disturbance,mm,vendor_channel_tag,07ab5fcf74a81257,train
装置5-钢坯厚度-CH30-VALUE,steel_reheating_furnace,slab_thickness,useful,disturbance,mm,vendor_channel_tag,f8486d9fc2e5cc5b,train
钢坯厚度,steel_reheating_furnace,slab_thickness,useful,disturbance,mm,template,f8486d9fc2e5cc5b,train
钢坯厚度[mm],steel_reheating_furnace,slab_thickness,useful,disturbance,mm,unit_bracket,f8486d9fc2e5cc5b,train
钢坯厚度_01,steel_reheating_furnace,slab_thickness,useful,disturbance,mm,channel_suffix,f8486d9fc2e5cc5b,train
钢坯厚度_PV,steel_reheating_furnace,slab_thickness,useful,disturbance,mm,control_suffix,f8486d9fc2e5cc5b,train
钢坯厚度_mm,steel_reheating_furnace,slab_thickness,useful,disturbance,mm,unit_suffix,f8486d9fc2e5cc5b,train
1号WIDTH,steel_reheating_furnace,slab_width,useful,disturbance,mm,equipment_prefix,08db0cd3fb468f5a,train
1号slab_width,steel_reheating_furnace,slab_width,useful,disturbance,mm,equipment_prefix,14451da67405b240,train
1号坯料宽度,steel_reheating_furnace,slab_width,useful,disturbance,mm,equipment_prefix,d74111dd43c2a174,train
1号钢坯宽度,steel_reheating_furnace,slab_width,useful,disturbance,mm,equipment_prefix,ff50daa3c451b8e2,train
A线_WIDTH,steel_reheating_furnace,slab_width,useful,disturbance,mm,line_prefix,08db0cd3fb468f5a,train
A线_slab_width,steel_reheating_furnace,slab_width,useful,disturbance,mm,line_prefix,14451da67405b240,train
A线_坯料宽度,steel_reheating_furnace,slab_width,useful,disturbance,mm,line_prefix,d74111dd43c2a174,train
A线_钢坯宽度,steel_reheating_furnace,slab_width,useful,disturbance,mm,line_prefix,ff50daa3c451b8e2,train
B线#WIDTH#测点42,steel_reheating_furnace,slab_width,useful,disturbance,mm,line_point_tag,08db0cd3fb468f5a,train
B线#slab_width#测点42,steel_reheating_furnace,slab_width,useful,disturbance,mm,line_point_tag,14451da67405b240,train
B线#坯料宽度#测点42,steel_reheating_furnace,slab_width,useful,disturbance,mm,line_point_tag,d74111dd43c2a174,train
B线#钢坯宽度#测点42,steel_reheating_furnace,slab_width,useful,disturbance,mm,line_point_tag,ff50daa3c451b8e2,train
DCS_03_WIDTH_PV_17,steel_reheating_furnace,slab_width,useful,disturbance,mm,vendor_dcs_tag,08db0cd3fb468f5a,train
DCS_03_slab_width_PV_17,steel_reheating_furnace,slab_width,useful,disturbance,mm,vendor_dcs_tag,14451da67405b240,train
DCS_03_坯料宽度_PV_17,steel_reheating_furnace,slab_width,useful,disturbance,mm,vendor_dcs_tag,d74111dd43c2a174,train
DCS_03_钢坯宽度_PV_17,steel_reheating_furnace,slab_width,useful,disturbance,mm,vendor_dcs_tag,ff50daa3c451b8e2,train
HMI.22.WIDTH.AI,steel_reheating_furnace,slab_width,useful,disturbance,mm,vendor_hmi_tag,08db0cd3fb468f5a,train
HMI.22.slab_width.AI,steel_reheating_furnace,slab_width,useful,disturbance,mm,vendor_hmi_tag,14451da67405b240,train
HMI.22.坯料宽度.AI,steel_reheating_furnace,slab_width,useful,disturbance,mm,vendor_hmi_tag,d74111dd43c2a174,train
HMI.22.钢坯宽度.AI,steel_reheating_furnace,slab_width,useful,disturbance,mm,vendor_hmi_tag,ff50daa3c451b8e2,train
WIDTH,steel_reheating_furnace,slab_width,useful,disturbance,mm,template,08db0cd3fb468f5a,train
WIDTH[mm],steel_reheating_furnace,slab_width,useful,disturbance,mm,unit_bracket,08db0cd3fb468f5a,train
WIDTH_01,steel_reheating_furnace,slab_width,useful,disturbance,mm,channel_suffix,08db0cd3fb468f5a,train
WIDTH_PV,steel_reheating_furnace,slab_width,useful,disturbance,mm,control_suffix,08db0cd3fb468f5a,train
WIDTH_mm,steel_reheating_furnace,slab_width,useful,disturbance,mm,unit_suffix,08db0cd3fb468f5a,train
slab_width,steel_reheating_furnace,slab_width,useful,disturbance,mm,template,14451da67405b240,train
slab_width[mm],steel_reheating_furnace,slab_width,useful,disturbance,mm,unit_bracket,14451da67405b240,train
slab_width_01,steel_reheating_furnace,slab_width,useful,disturbance,mm,channel_suffix,14451da67405b240,train
slab_width_PV,steel_reheating_furnace,slab_width,useful,disturbance,mm,control_suffix,14451da67405b240,train
slab_width_mm,steel_reheating_furnace,slab_width,useful,disturbance,mm,unit_suffix,14451da67405b240,train
slabwidth,steel_reheating_furnace,slab_width,useful,disturbance,mm,compact,14451da67405b240,train
坯料宽度,steel_reheating_furnace,slab_width,useful,disturbance,mm,template,d74111dd43c2a174,train
坯料宽度[mm],steel_reheating_furnace,slab_width,useful,disturbance,mm,unit_bracket,d74111dd43c2a174,train
坯料宽度_01,steel_reheating_furnace,slab_width,useful,disturbance,mm,channel_suffix,d74111dd43c2a174,train
坯料宽度_PV,steel_reheating_furnace,slab_width,useful,disturbance,mm,control_suffix,d74111dd43c2a174,train
坯料宽度_mm,steel_reheating_furnace,slab_width,useful,disturbance,mm,unit_suffix,d74111dd43c2a174,train
装置5-WIDTH-CH30-VALUE,steel_reheating_furnace,slab_width,useful,disturbance,mm,vendor_channel_tag,08db0cd3fb468f5a,train
装置5-slab_width-CH30-VALUE,steel_reheating_furnace,slab_width,useful,disturbance,mm,vendor_channel_tag,14451da67405b240,train
装置5-坯料宽度-CH30-VALUE,steel_reheating_furnace,slab_width,useful,disturbance,mm,vendor_channel_tag,d74111dd43c2a174,train
装置5-钢坯宽度-CH30-VALUE,steel_reheating_furnace,slab_width,useful,disturbance,mm,vendor_channel_tag,ff50daa3c451b8e2,train
钢坯宽度,steel_reheating_furnace,slab_width,useful,disturbance,mm,template,ff50daa3c451b8e2,train
钢坯宽度[mm],steel_reheating_furnace,slab_width,useful,disturbance,mm,unit_bracket,ff50daa3c451b8e2,train
钢坯宽度_01,steel_reheating_furnace,slab_width,useful,disturbance,mm,channel_suffix,ff50daa3c451b8e2,train
钢坯宽度_PV,steel_reheating_furnace,slab_width,useful,disturbance,mm,control_suffix,ff50daa3c451b8e2,train
钢坯宽度_mm,steel_reheating_furnace,slab_width,useful,disturbance,mm,unit_suffix,ff50daa3c451b8e2,train
1号DATETIME,steel_reheating_furnace,timestamp,required,time,datetime,equipment_prefix,1ae1504a86fa6730,train
1号TS,steel_reheating_furnace,timestamp,required,time,datetime,equipment_prefix,d7925163d08fb889,train
1号时间戳,steel_reheating_furnace,timestamp,required,time,datetime,equipment_prefix,5cef6578ea8722a5,train
1号采集时间,steel_reheating_furnace,timestamp,required,time,datetime,equipment_prefix,7a58a1c8285af54f,train
A线_DATETIME,steel_reheating_furnace,timestamp,required,time,datetime,line_prefix,1ae1504a86fa6730,train
A线_TS,steel_reheating_furnace,timestamp,required,time,datetime,line_prefix,d7925163d08fb889,train
A线_时间戳,steel_reheating_furnace,timestamp,required,time,datetime,line_prefix,5cef6578ea8722a5,train
A线_采集时间,steel_reheating_furnace,timestamp,required,time,datetime,line_prefix,7a58a1c8285af54f,train
B线#DATETIME#测点42,steel_reheating_furnace,timestamp,required,time,datetime,line_point_tag,1ae1504a86fa6730,train
B线#TS#测点42,steel_reheating_furnace,timestamp,required,time,datetime,line_point_tag,d7925163d08fb889,train
B线#时间戳#测点42,steel_reheating_furnace,timestamp,required,time,datetime,line_point_tag,5cef6578ea8722a5,train
B线#采集时间#测点42,steel_reheating_furnace,timestamp,required,time,datetime,line_point_tag,7a58a1c8285af54f,train
DATETIME,steel_reheating_furnace,timestamp,required,time,datetime,template,1ae1504a86fa6730,train
DATETIME_01,steel_reheating_furnace,timestamp,required,time,datetime,channel_suffix,1ae1504a86fa6730,train
DATETIME_PV,steel_reheating_furnace,timestamp,required,time,datetime,control_suffix,1ae1504a86fa6730,train
DCS_03_DATETIME_PV_17,steel_reheating_furnace,timestamp,required,time,datetime,vendor_dcs_tag,1ae1504a86fa6730,train
DCS_03_TS_PV_17,steel_reheating_furnace,timestamp,required,time,datetime,vendor_dcs_tag,d7925163d08fb889,train
DCS_03_时间戳_PV_17,steel_reheating_furnace,timestamp,required,time,datetime,vendor_dcs_tag,5cef6578ea8722a5,train
DCS_03_采集时间_PV_17,steel_reheating_furnace,timestamp,required,time,datetime,vendor_dcs_tag,7a58a1c8285af54f,train
HMI.22.DATETIME.AI,steel_reheating_furnace,timestamp,required,time,datetime,vendor_hmi_tag,1ae1504a86fa6730,train
HMI.22.TS.AI,steel_reheating_furnace,timestamp,required,time,datetime,vendor_hmi_tag,d7925163d08fb889,train
HMI.22.时间戳.AI,steel_reheating_furnace,timestamp,required,time,datetime,vendor_hmi_tag,5cef6578ea8722a5,train
HMI.22.采集时间.AI,steel_reheating_furnace,timestamp,required,time,datetime,vendor_hmi_tag,7a58a1c8285af54f,train
TS,steel_reheating_furnace,timestamp,required,time,datetime,template,d7925163d08fb889,train
TS_01,steel_reheating_furnace,timestamp,required,time,datetime,channel_suffix,d7925163d08fb889,train
TS_PV,steel_reheating_furnace,timestamp,required,time,datetime,control_suffix,d7925163d08fb889,train
时间戳,steel_reheating_furnace,timestamp,required,time,datetime,template,5cef6578ea8722a5,train
时间戳_01,steel_reheating_furnace,timestamp,required,time,datetime,channel_suffix,5cef6578ea8722a5,train
时间戳_PV,steel_reheating_furnace,timestamp,required,time,datetime,control_suffix,5cef6578ea8722a5,train
装置5-DATETIME-CH30-VALUE,steel_reheating_furnace,timestamp,required,time,datetime,vendor_channel_tag,1ae1504a86fa6730,train
装置5-TS-CH30-VALUE,steel_reheating_furnace,timestamp,required,time,datetime,vendor_channel_tag,d7925163d08fb889,train
装置5-时间戳-CH30-VALUE,steel_reheating_furnace,timestamp,required,time,datetime,vendor_channel_tag,5cef6578ea8722a5,train
装置5-采集时间-CH30-VALUE,steel_reheating_furnace,timestamp,required,time,datetime,vendor_channel_tag,7a58a1c8285af54f,train
采集时间,steel_reheating_furnace,timestamp,required,time,datetime,template,7a58a1c8285af54f,train
采集时间_01,steel_reheating_furnace,timestamp,required,time,datetime,channel_suffix,7a58a1c8285af54f,train
采集时间_PV,steel_reheating_furnace,timestamp,required,time,datetime,control_suffix,7a58a1c8285af54f,train
1号BEAM_SPEED,steel_reheating_furnace,walking_beam_speed,required,manipulated,m/min,equipment_prefix,7c2088b82609a83e,train
1号WALKING_BEAM_SPEED,steel_reheating_furnace,walking_beam_speed,required,manipulated,m/min,equipment_prefix,a1f00d209ca58d59,train
1号walking_beam_speed,steel_reheating_furnace,walking_beam_speed,required,manipulated,m/min,equipment_prefix,85caa54416b787a5,train
1号出钢速度,steel_reheating_furnace,walking_beam_speed,required,manipulated,m/min,equipment_prefix,ac1f4cbdf4a5e4ae,train
1号推钢速度,steel_reheating_furnace,walking_beam_speed,required,manipulated,m/min,equipment_prefix,3a7862ca4b5e2e07,train
1号步进速度,steel_reheating_furnace,walking_beam_speed,required,manipulated,m/min,equipment_prefix,3f4d640f6c890f93,train
A线_BEAM_SPEED,steel_reheating_furnace,walking_beam_speed,required,manipulated,m/min,line_prefix,7c2088b82609a83e,train
A线_WALKING_BEAM_SPEED,steel_reheating_furnace,walking_beam_speed,required,manipulated,m/min,line_prefix,a1f00d209ca58d59,train
A线_walking_beam_speed,steel_reheating_furnace,walking_beam_speed,required,manipulated,m/min,line_prefix,85caa54416b787a5,train
A线_出钢速度,steel_reheating_furnace,walking_beam_speed,required,manipulated,m/min,line_prefix,ac1f4cbdf4a5e4ae,train
A线_推钢速度,steel_reheating_furnace,walking_beam_speed,required,manipulated,m/min,line_prefix,3a7862ca4b5e2e07,train
A线_步进速度,steel_reheating_furnace,walking_beam_speed,required,manipulated,m/min,line_prefix,3f4d640f6c890f93,train
BEAMSPEED,steel_reheating_furnace,walking_beam_speed,required,manipulated,m/min,compact,7c2088b82609a83e,train
BEAM_SPEED,steel_reheating_furnace,walking_beam_speed,required,manipulated,m/min,template,7c2088b82609a83e,train
BEAM_SPEED[m/min],steel_reheating_furnace,walking_beam_speed,required,manipulated,m/min,unit_bracket,7c2088b82609a83e,train
BEAM_SPEED_01,steel_reheating_furnace,walking_beam_speed,required,manipulated,m/min,channel_suffix,7c2088b82609a83e,train
BEAM_SPEED_SP,steel_reheating_furnace,walking_beam_speed,required,manipulated,m/min,control_suffix,7c2088b82609a83e,train
BEAM_SPEED_m/min,steel_reheating_furnace,walking_beam_speed,required,manipulated,m/min,unit_suffix,7c2088b82609a83e,train
B线#BEAM_SPEED#测点42,steel_reheating_furnace,walking_beam_speed,required,manipulated,m/min,line_point_tag,7c2088b82609a83e,train
B线#WALKING_BEAM_SPEED#测点42,steel_reheating_furnace,walking_beam_speed,required,manipulated,m/min,line_point_tag,a1f00d209ca58d59,train
B线#walking_beam_speed#测点42,steel_reheating_furnace,walking_beam_speed,required,manipulated,m/min,line_point_tag,85caa54416b787a5,train
B线#出钢速度#测点42,steel_reheating_furnace,walking_beam_speed,required,manipulated,m/min,line_point_tag,ac1f4cbdf4a5e4ae,train
B线#推钢速度#测点42,steel_reheating_furnace,walking_beam_speed,required,manipulated,m/min,line_point_tag,3a7862ca4b5e2e07,train
B线#步进速度#测点42,steel_reheating_furnace,walking_beam_speed,required,manipulated,m/min,line_point_tag,3f4d640f6c890f93,train
DCS_03_BEAM_SPEED_PV_17,steel_reheating_furnace,walking_beam_speed,required,manipulated,m/min,vendor_dcs_tag,7c2088b82609a83e,train
DCS_03_WALKING_BEAM_SPEED_PV_17,steel_reheating_furnace,walking_beam_speed,required,manipulated,m/min,vendor_dcs_tag,a1f00d209ca58d59,train
DCS_03_walking_beam_speed_PV_17,steel_reheating_furnace,walking_beam_speed,required,manipulated,m/min,vendor_dcs_tag,85caa54416b787a5,train
DCS_03_出钢速度_PV_17,steel_reheating_furnace,walking_beam_speed,required,manipulated,m/min,vendor_dcs_tag,ac1f4cbdf4a5e4ae,train
DCS_03_推钢速度_PV_17,steel_reheating_furnace,walking_beam_speed,required,manipulated,m/min,vendor_dcs_tag,3a7862ca4b5e2e07,train
DCS_03_步进速度_PV_17,steel_reheating_furnace,walking_beam_speed,required,manipulated,m/min,vendor_dcs_tag,3f4d640f6c890f93,train
HMI.22.BEAM_SPEED.AI,steel_reheating_furnace,walking_beam_speed,required,manipulated,m/min,vendor_hmi_tag,7c2088b82609a83e,train
HMI.22.WALKING_BEAM_SPEED.AI,steel_reheating_furnace,walking_beam_speed,required,manipulated,m/min,vendor_hmi_tag,a1f00d209ca58d59,train
HMI.22.walking_beam_speed.AI,steel_reheating_furnace,walking_beam_speed,required,manipulated,m/min,vendor_hmi_tag,85caa54416b787a5,train
HMI.22.出钢速度.AI,steel_reheating_furnace,walking_beam_speed,required,manipulated,m/min,vendor_hmi_tag,ac1f4cbdf4a5e4ae,train
HMI.22.推钢速度.AI,steel_reheating_furnace,walking_beam_speed,required,manipulated,m/min,vendor_hmi_tag,3a7862ca4b5e2e07,train
HMI.22.步进速度.AI,steel_reheating_furnace,walking_beam_speed,required,manipulated,m/min,vendor_hmi_tag,3f4d640f6c890f93,train
WALKINGBEAMSPEED,steel_reheating_furnace,walking_beam_speed,required,manipulated,m/min,compact,a1f00d209ca58d59,train
WALKING_BEAM_SPEED,steel_reheating_furnace,walking_beam_speed,required,manipulated,m/min,template,a1f00d209ca58d59,train
WALKING_BEAM_SPEED[m/min],steel_reheating_furnace,walking_beam_speed,required,manipulated,m/min,unit_bracket,a1f00d209ca58d59,train
WALKING_BEAM_SPEED_01,steel_reheating_furnace,walking_beam_speed,required,manipulated,m/min,channel_suffix,a1f00d209ca58d59,train
WALKING_BEAM_SPEED_SP,steel_reheating_furnace,walking_beam_speed,required,manipulated,m/min,control_suffix,a1f00d209ca58d59,train
WALKING_BEAM_SPEED_m/min,steel_reheating_furnace,walking_beam_speed,required,manipulated,m/min,unit_suffix,a1f00d209ca58d59,train
walking_beam_speed,steel_reheating_furnace,walking_beam_speed,required,manipulated,m/min,template,85caa54416b787a5,train
walking_beam_speed[m/min],steel_reheating_furnace,walking_beam_speed,required,manipulated,m/min,unit_bracket,85caa54416b787a5,train
walking_beam_speed_01,steel_reheating_furnace,walking_beam_speed,required,manipulated,m/min,channel_suffix,85caa54416b787a5,train
walking_beam_speed_SP,steel_reheating_furnace,walking_beam_speed,required,manipulated,m/min,control_suffix,85caa54416b787a5,train
walking_beam_speed_m/min,steel_reheating_furnace,walking_beam_speed,required,manipulated,m/min,unit_suffix,85caa54416b787a5,train
walkingbeamspeed,steel_reheating_furnace,walking_beam_speed,required,manipulated,m/min,compact,85caa54416b787a5,train
出钢速度,steel_reheating_furnace,walking_beam_speed,required,manipulated,m/min,template,ac1f4cbdf4a5e4ae,train
出钢速度[m/min],steel_reheating_furnace,walking_beam_speed,required,manipulated,m/min,unit_bracket,ac1f4cbdf4a5e4ae,train
出钢速度_01,steel_reheating_furnace,walking_beam_speed,required,manipulated,m/min,channel_suffix,ac1f4cbdf4a5e4ae,train
出钢速度_SP,steel_reheating_furnace,walking_beam_speed,required,manipulated,m/min,control_suffix,ac1f4cbdf4a5e4ae,train
出钢速度_m/min,steel_reheating_furnace,walking_beam_speed,required,manipulated,m/min,unit_suffix,ac1f4cbdf4a5e4ae,train
推钢速度,steel_reheating_furnace,walking_beam_speed,required,manipulated,m/min,template,3a7862ca4b5e2e07,train
推钢速度[m/min],steel_reheating_furnace,walking_beam_speed,required,manipulated,m/min,unit_bracket,3a7862ca4b5e2e07,train
推钢速度_01,steel_reheating_furnace,walking_beam_speed,required,manipulated,m/min,channel_suffix,3a7862ca4b5e2e07,train
推钢速度_SP,steel_reheating_furnace,walking_beam_speed,required,manipulated,m/min,control_suffix,3a7862ca4b5e2e07,train
推钢速度_m/min,steel_reheating_furnace,walking_beam_speed,required,manipulated,m/min,unit_suffix,3a7862ca4b5e2e07,train
步进速度,steel_reheating_furnace,walking_beam_speed,required,manipulated,m/min,template,3f4d640f6c890f93,train
步进速度[m/min],steel_reheating_furnace,walking_beam_speed,required,manipulated,m/min,unit_bracket,3f4d640f6c890f93,train
步进速度_01,steel_reheating_furnace,walking_beam_speed,required,manipulated,m/min,channel_suffix,3f4d640f6c890f93,train
步进速度_SP,steel_reheating_furnace,walking_beam_speed,required,manipulated,m/min,control_suffix,3f4d640f6c890f93,train
步进速度_m/min,steel_reheating_furnace,walking_beam_speed,required,manipulated,m/min,unit_suffix,3f4d640f6c890f93,train
装置5-BEAM_SPEED-CH30-VALUE,steel_reheating_furnace,walking_beam_speed,required,manipulated,m/min,vendor_channel_tag,7c2088b82609a83e,train
装置5-WALKING_BEAM_SPEED-CH30-VALUE,steel_reheating_furnace,walking_beam_speed,required,manipulated,m/min,vendor_channel_tag,a1f00d209ca58d59,train
装置5-walking_beam_speed-CH30-VALUE,steel_reheating_furnace,walking_beam_speed,required,manipulated,m/min,vendor_channel_tag,85caa54416b787a5,train
装置5-出钢速度-CH30-VALUE,steel_reheating_furnace,walking_beam_speed,required,manipulated,m/min,vendor_channel_tag,ac1f4cbdf4a5e4ae,train
装置5-推钢速度-CH30-VALUE,steel_reheating_furnace,walking_beam_speed,required,manipulated,m/min,vendor_channel_tag,3a7862ca4b5e2e07,train
装置5-步进速度-CH30-VALUE,steel_reheating_furnace,walking_beam_speed,required,manipulated,m/min,vendor_channel_tag,3f4d640f6c890f93,train
DCS_会议室预约状态_25,thermal_power_boiler,__irrelevant__,irrelevant,none,,negative_vendor,f4cb5ad144c5af09,train
DCS_值班员电子签名_25,thermal_power_boiler,__irrelevant__,irrelevant,none,,negative_vendor,44f673c345ed438a,train
DCS_办公室温度_25,thermal_power_boiler,__irrelevant__,irrelevant,none,,negative_vendor,175d3f3aaa6ca847,train
DCS_厂区门禁记录_25,thermal_power_boiler,__irrelevant__,irrelevant,none,,negative_vendor,93c3cdf0a4e41235,train
DCS_巡检照片地址_25,thermal_power_boiler,__irrelevant__,irrelevant,none,,negative_vendor,36894c17ab32fa6a,train
DCS_打印机墨粉余量_25,thermal_power_boiler,__irrelevant__,irrelevant,none,,negative_vendor,eb424cb37def1266,train
DCS_报表序号_25,thermal_power_boiler,__irrelevant__,irrelevant,none,,negative_vendor,f4b27a5025af0a9a,train
DCS_报警文本_25,thermal_power_boiler,__irrelevant__,irrelevant,none,,negative_vendor,9355ca4e1a612f0b,train
DCS_摄像头在线标志_25,thermal_power_boiler,__irrelevant__,irrelevant,none,,negative_vendor,3b7591d025937ff9,train
DCS_数据库备份状态_25,thermal_power_boiler,__irrelevant__,irrelevant,none,,negative_vendor,abd27365e31defe7,train
DCS_文件上传时间_25,thermal_power_boiler,__irrelevant__,irrelevant,none,,negative_vendor,93fe77daa3441a41,train
DCS_画面刷新周期_25,thermal_power_boiler,__irrelevant__,irrelevant,none,,negative_vendor,e9414f785d71dc70,train
DCS_画面颜色_25,thermal_power_boiler,__irrelevant__,irrelevant,none,,negative_vendor,8a497f492dd077e3,train
DCS_设备描述_25,thermal_power_boiler,__irrelevant__,irrelevant,none,,negative_vendor,21805420978cf6be,train
DCS_账户登录次数_25,thermal_power_boiler,__irrelevant__,irrelevant,none,,negative_vendor,71a9605539f9daff,train
DCS_软件版本说明_25,thermal_power_boiler,__irrelevant__,irrelevant,none,,negative_vendor,ed10830e51292bd6,train
DCS_通讯状态字_25,thermal_power_boiler,__irrelevant__,irrelevant,none,,negative_vendor,601ebe5be4de75c2,train
HMI.60.会议室预约状态.RAW,thermal_power_boiler,__irrelevant__,irrelevant,none,,negative_vendor,f4cb5ad144c5af09,train
HMI.60.值班员电子签名.RAW,thermal_power_boiler,__irrelevant__,irrelevant,none,,negative_vendor,44f673c345ed438a,train
HMI.60.办公室温度.RAW,thermal_power_boiler,__irrelevant__,irrelevant,none,,negative_vendor,175d3f3aaa6ca847,train
HMI.60.厂区门禁记录.RAW,thermal_power_boiler,__irrelevant__,irrelevant,none,,negative_vendor,93c3cdf0a4e41235,train
HMI.60.巡检照片地址.RAW,thermal_power_boiler,__irrelevant__,irrelevant,none,,negative_vendor,36894c17ab32fa6a,train
HMI.60.打印机墨粉余量.RAW,thermal_power_boiler,__irrelevant__,irrelevant,none,,negative_vendor,eb424cb37def1266,train
HMI.60.报表序号.RAW,thermal_power_boiler,__irrelevant__,irrelevant,none,,negative_vendor,f4b27a5025af0a9a,train
HMI.60.报警文本.RAW,thermal_power_boiler,__irrelevant__,irrelevant,none,,negative_vendor,9355ca4e1a612f0b,train
HMI.60.摄像头在线标志.RAW,thermal_power_boiler,__irrelevant__,irrelevant,none,,negative_vendor,3b7591d025937ff9,train
HMI.60.数据库备份状态.RAW,thermal_power_boiler,__irrelevant__,irrelevant,none,,negative_vendor,abd27365e31defe7,train
HMI.60.文件上传时间.RAW,thermal_power_boiler,__irrelevant__,irrelevant,none,,negative_vendor,93fe77daa3441a41,train
HMI.60.画面刷新周期.RAW,thermal_power_boiler,__irrelevant__,irrelevant,none,,negative_vendor,e9414f785d71dc70,train
HMI.60.画面颜色.RAW,thermal_power_boiler,__irrelevant__,irrelevant,none,,negative_vendor,8a497f492dd077e3,train
HMI.60.设备描述.RAW,thermal_power_boiler,__irrelevant__,irrelevant,none,,negative_vendor,21805420978cf6be,train
HMI.60.账户登录次数.RAW,thermal_power_boiler,__irrelevant__,irrelevant,none,,negative_vendor,71a9605539f9daff,train
HMI.60.软件版本说明.RAW,thermal_power_boiler,__irrelevant__,irrelevant,none,,negative_vendor,ed10830e51292bd6,train
HMI.60.通讯状态字.RAW,thermal_power_boiler,__irrelevant__,irrelevant,none,,negative_vendor,601ebe5be4de75c2,train
会议室预约状态,thermal_power_boiler,__irrelevant__,irrelevant,none,,negative,f4cb5ad144c5af09,train
值班员电子签名,thermal_power_boiler,__irrelevant__,irrelevant,none,,negative,44f673c345ed438a,train
办公室温度,thermal_power_boiler,__irrelevant__,irrelevant,none,,negative,175d3f3aaa6ca847,train
厂区门禁记录,thermal_power_boiler,__irrelevant__,irrelevant,none,,negative,93c3cdf0a4e41235,train
巡检照片地址,thermal_power_boiler,__irrelevant__,irrelevant,none,,negative,36894c17ab32fa6a,train
打印机墨粉余量,thermal_power_boiler,__irrelevant__,irrelevant,none,,negative,eb424cb37def1266,train
报表序号,thermal_power_boiler,__irrelevant__,irrelevant,none,,negative,f4b27a5025af0a9a,train
报警文本,thermal_power_boiler,__irrelevant__,irrelevant,none,,negative,9355ca4e1a612f0b,train
摄像头在线标志,thermal_power_boiler,__irrelevant__,irrelevant,none,,negative,3b7591d025937ff9,train
数据库备份状态,thermal_power_boiler,__irrelevant__,irrelevant,none,,negative,abd27365e31defe7,train
文件上传时间,thermal_power_boiler,__irrelevant__,irrelevant,none,,negative,93fe77daa3441a41,train
画面刷新周期,thermal_power_boiler,__irrelevant__,irrelevant,none,,negative,e9414f785d71dc70,train
画面颜色,thermal_power_boiler,__irrelevant__,irrelevant,none,,negative,8a497f492dd077e3,train
设备描述,thermal_power_boiler,__irrelevant__,irrelevant,none,,negative,21805420978cf6be,train
账户登录次数,thermal_power_boiler,__irrelevant__,irrelevant,none,,negative,71a9605539f9daff,train
软件版本说明,thermal_power_boiler,__irrelevant__,irrelevant,none,,negative,ed10830e51292bd6,train
通讯状态字,thermal_power_boiler,__irrelevant__,irrelevant,none,,negative,601ebe5be4de75c2,train
1号coal_flow,thermal_power_boiler,coal_flow,required,manipulated,t/h,equipment_prefix,c0c9f4c91f3bf02a,train
1号总煤量,thermal_power_boiler,coal_flow,required,manipulated,t/h,equipment_prefix,1d32561e3b689faf,train
1号燃煤量,thermal_power_boiler,coal_flow,required,manipulated,t/h,equipment_prefix,e0696a8ad44fbc44,train
A线_coal_flow,thermal_power_boiler,coal_flow,required,manipulated,t/h,line_prefix,c0c9f4c91f3bf02a,train
A线_总煤量,thermal_power_boiler,coal_flow,required,manipulated,t/h,line_prefix,1d32561e3b689faf,train
A线_燃煤量,thermal_power_boiler,coal_flow,required,manipulated,t/h,line_prefix,e0696a8ad44fbc44,train
B线#coal_flow#测点42,thermal_power_boiler,coal_flow,required,manipulated,t/h,line_point_tag,c0c9f4c91f3bf02a,train
B线#总煤量#测点42,thermal_power_boiler,coal_flow,required,manipulated,t/h,line_point_tag,1d32561e3b689faf,train
B线#燃煤量#测点42,thermal_power_boiler,coal_flow,required,manipulated,t/h,line_point_tag,e0696a8ad44fbc44,train
DCS_03_coal_flow_PV_17,thermal_power_boiler,coal_flow,required,manipulated,t/h,vendor_dcs_tag,c0c9f4c91f3bf02a,train
DCS_03_总煤量_PV_17,thermal_power_boiler,coal_flow,required,manipulated,t/h,vendor_dcs_tag,1d32561e3b689faf,train
DCS_03_燃煤量_PV_17,thermal_power_boiler,coal_flow,required,manipulated,t/h,vendor_dcs_tag,e0696a8ad44fbc44,train
HMI.22.coal_flow.AI,thermal_power_boiler,coal_flow,required,manipulated,t/h,vendor_hmi_tag,c0c9f4c91f3bf02a,train
HMI.22.总煤量.AI,thermal_power_boiler,coal_flow,required,manipulated,t/h,vendor_hmi_tag,1d32561e3b689faf,train
HMI.22.燃煤量.AI,thermal_power_boiler,coal_flow,required,manipulated,t/h,vendor_hmi_tag,e0696a8ad44fbc44,train
coal_flow,thermal_power_boiler,coal_flow,required,manipulated,t/h,template,c0c9f4c91f3bf02a,train
coal_flow[t/h],thermal_power_boiler,coal_flow,required,manipulated,t/h,unit_bracket,c0c9f4c91f3bf02a,train
coal_flow_01,thermal_power_boiler,coal_flow,required,manipulated,t/h,channel_suffix,c0c9f4c91f3bf02a,train
coal_flow_SP,thermal_power_boiler,coal_flow,required,manipulated,t/h,control_suffix,c0c9f4c91f3bf02a,train
coal_flow_t/h,thermal_power_boiler,coal_flow,required,manipulated,t/h,unit_suffix,c0c9f4c91f3bf02a,train
coalflow,thermal_power_boiler,coal_flow,required,manipulated,t/h,compact,c0c9f4c91f3bf02a,train
总煤量,thermal_power_boiler,coal_flow,required,manipulated,t/h,template,1d32561e3b689faf,train
总煤量[t/h],thermal_power_boiler,coal_flow,required,manipulated,t/h,unit_bracket,1d32561e3b689faf,train
总煤量_01,thermal_power_boiler,coal_flow,required,manipulated,t/h,channel_suffix,1d32561e3b689faf,train
总煤量_SP,thermal_power_boiler,coal_flow,required,manipulated,t/h,control_suffix,1d32561e3b689faf,train
总煤量_t/h,thermal_power_boiler,coal_flow,required,manipulated,t/h,unit_suffix,1d32561e3b689faf,train
燃煤量,thermal_power_boiler,coal_flow,required,manipulated,t/h,template,e0696a8ad44fbc44,train
燃煤量[t/h],thermal_power_boiler,coal_flow,required,manipulated,t/h,unit_bracket,e0696a8ad44fbc44,train
燃煤量_01,thermal_power_boiler,coal_flow,required,manipulated,t/h,channel_suffix,e0696a8ad44fbc44,train
燃煤量_SP,thermal_power_boiler,coal_flow,required,manipulated,t/h,control_suffix,e0696a8ad44fbc44,train
燃煤量_t/h,thermal_power_boiler,coal_flow,required,manipulated,t/h,unit_suffix,e0696a8ad44fbc44,train
装置5-coal_flow-CH30-VALUE,thermal_power_boiler,coal_flow,required,manipulated,t/h,vendor_channel_tag,c0c9f4c91f3bf02a,train
装置5-总煤量-CH30-VALUE,thermal_power_boiler,coal_flow,required,manipulated,t/h,vendor_channel_tag,1d32561e3b689faf,train
装置5-燃煤量-CH30-VALUE,thermal_power_boiler,coal_flow,required,manipulated,t/h,vendor_channel_tag,e0696a8ad44fbc44,train
1号汽包水位,thermal_power_boiler,drum_level,useful,controlled,mm,equipment_prefix,7844ccc35f8275fb,train
1号汽包液位,thermal_power_boiler,drum_level,useful,controlled,mm,equipment_prefix,206e5c929426eee8,train
A线_汽包水位,thermal_power_boiler,drum_level,useful,controlled,mm,line_prefix,7844ccc35f8275fb,train
A线_汽包液位,thermal_power_boiler,drum_level,useful,controlled,mm,line_prefix,206e5c929426eee8,train
B线#汽包水位#测点42,thermal_power_boiler,drum_level,useful,controlled,mm,line_point_tag,7844ccc35f8275fb,train
B线#汽包液位#测点42,thermal_power_boiler,drum_level,useful,controlled,mm,line_point_tag,206e5c929426eee8,train
DCS_03_汽包水位_PV_17,thermal_power_boiler,drum_level,useful,controlled,mm,vendor_dcs_tag,7844ccc35f8275fb,train
DCS_03_汽包液位_PV_17,thermal_power_boiler,drum_level,useful,controlled,mm,vendor_dcs_tag,206e5c929426eee8,train
HMI.22.汽包水位.AI,thermal_power_boiler,drum_level,useful,controlled,mm,vendor_hmi_tag,7844ccc35f8275fb,train
HMI.22.汽包液位.AI,thermal_power_boiler,drum_level,useful,controlled,mm,vendor_hmi_tag,206e5c929426eee8,train
汽包水位,thermal_power_boiler,drum_level,useful,controlled,mm,template,7844ccc35f8275fb,train
汽包水位[mm],thermal_power_boiler,drum_level,useful,controlled,mm,unit_bracket,7844ccc35f8275fb,train
汽包水位_01,thermal_power_boiler,drum_level,useful,controlled,mm,channel_suffix,7844ccc35f8275fb,train
汽包水位_PV,thermal_power_boiler,drum_level,useful,controlled,mm,control_suffix,7844ccc35f8275fb,train
汽包水位_mm,thermal_power_boiler,drum_level,useful,controlled,mm,unit_suffix,7844ccc35f8275fb,train
汽包液位,thermal_power_boiler,drum_level,useful,controlled,mm,template,206e5c929426eee8,train
汽包液位[mm],thermal_power_boiler,drum_level,useful,controlled,mm,unit_bracket,206e5c929426eee8,train
汽包液位_01,thermal_power_boiler,drum_level,useful,controlled,mm,channel_suffix,206e5c929426eee8,train
汽包液位_PV,thermal_power_boiler,drum_level,useful,controlled,mm,control_suffix,206e5c929426eee8,train
汽包液位_mm,thermal_power_boiler,drum_level,useful,controlled,mm,unit_suffix,206e5c929426eee8,train
装置5-汽包水位-CH30-VALUE,thermal_power_boiler,drum_level,useful,controlled,mm,vendor_channel_tag,7844ccc35f8275fb,train
装置5-汽包液位-CH30-VALUE,thermal_power_boiler,drum_level,useful,controlled,mm,vendor_channel_tag,206e5c929426eee8,train
1号FEEDWATER_FLOW,thermal_power_boiler,feedwater_flow,required,manipulated,t/h,equipment_prefix,c44e388f9762bcf8,train
1号给水量,thermal_power_boiler,feedwater_flow,required,manipulated,t/h,equipment_prefix,44620f2d07080f2a,train
1号锅炉给水,thermal_power_boiler,feedwater_flow,required,manipulated,t/h,equipment_prefix,3ef714bd2bc2d5e5,train
A线_FEEDWATER_FLOW,thermal_power_boiler,feedwater_flow,required,manipulated,t/h,line_prefix,c44e388f9762bcf8,train
A线_给水量,thermal_power_boiler,feedwater_flow,required,manipulated,t/h,line_prefix,44620f2d07080f2a,train
A线_锅炉给水,thermal_power_boiler,feedwater_flow,required,manipulated,t/h,line_prefix,3ef714bd2bc2d5e5,train
B线#FEEDWATER_FLOW#测点42,thermal_power_boiler,feedwater_flow,required,manipulated,t/h,line_point_tag,c44e388f9762bcf8,train
B线#给水量#测点42,thermal_power_boiler,feedwater_flow,required,manipulated,t/h,line_point_tag,44620f2d07080f2a,train
B线#锅炉给水#测点42,thermal_power_boiler,feedwater_flow,required,manipulated,t/h,line_point_tag,3ef714bd2bc2d5e5,train
DCS_03_FEEDWATER_FLOW_PV_17,thermal_power_boiler,feedwater_flow,required,manipulated,t/h,vendor_dcs_tag,c44e388f9762bcf8,train
DCS_03_给水量_PV_17,thermal_power_boiler,feedwater_flow,required,manipulated,t/h,vendor_dcs_tag,44620f2d07080f2a,train
DCS_03_锅炉给水_PV_17,thermal_power_boiler,feedwater_flow,required,manipulated,t/h,vendor_dcs_tag,3ef714bd2bc2d5e5,train
FEEDWATERFLOW,thermal_power_boiler,feedwater_flow,required,manipulated,t/h,compact,c44e388f9762bcf8,train
FEEDWATER_FLOW,thermal_power_boiler,feedwater_flow,required,manipulated,t/h,template,c44e388f9762bcf8,train
FEEDWATER_FLOW[t/h],thermal_power_boiler,feedwater_flow,required,manipulated,t/h,unit_bracket,c44e388f9762bcf8,train
FEEDWATER_FLOW_01,thermal_power_boiler,feedwater_flow,required,manipulated,t/h,channel_suffix,c44e388f9762bcf8,train
FEEDWATER_FLOW_SP,thermal_power_boiler,feedwater_flow,required,manipulated,t/h,control_suffix,c44e388f9762bcf8,train
FEEDWATER_FLOW_t/h,thermal_power_boiler,feedwater_flow,required,manipulated,t/h,unit_suffix,c44e388f9762bcf8,train
HMI.22.FEEDWATER_FLOW.AI,thermal_power_boiler,feedwater_flow,required,manipulated,t/h,vendor_hmi_tag,c44e388f9762bcf8,train
HMI.22.给水量.AI,thermal_power_boiler,feedwater_flow,required,manipulated,t/h,vendor_hmi_tag,44620f2d07080f2a,train
HMI.22.锅炉给水.AI,thermal_power_boiler,feedwater_flow,required,manipulated,t/h,vendor_hmi_tag,3ef714bd2bc2d5e5,train
给水量,thermal_power_boiler,feedwater_flow,required,manipulated,t/h,template,44620f2d07080f2a,train
给水量[t/h],thermal_power_boiler,feedwater_flow,required,manipulated,t/h,unit_bracket,44620f2d07080f2a,train
给水量_01,thermal_power_boiler,feedwater_flow,required,manipulated,t/h,channel_suffix,44620f2d07080f2a,train
给水量_SP,thermal_power_boiler,feedwater_flow,required,manipulated,t/h,control_suffix,44620f2d07080f2a,train
给水量_t/h,thermal_power_boiler,feedwater_flow,required,manipulated,t/h,unit_suffix,44620f2d07080f2a,train
装置5-FEEDWATER_FLOW-CH30-VALUE,thermal_power_boiler,feedwater_flow,required,manipulated,t/h,vendor_channel_tag,c44e388f9762bcf8,train
装置5-给水量-CH30-VALUE,thermal_power_boiler,feedwater_flow,required,manipulated,t/h,vendor_channel_tag,44620f2d07080f2a,train
装置5-锅炉给水-CH30-VALUE,thermal_power_boiler,feedwater_flow,required,manipulated,t/h,vendor_channel_tag,3ef714bd2bc2d5e5,train
锅炉给水,thermal_power_boiler,feedwater_flow,required,manipulated,t/h,template,3ef714bd2bc2d5e5,train
锅炉给水[t/h],thermal_power_boiler,feedwater_flow,required,manipulated,t/h,unit_bracket,3ef714bd2bc2d5e5,train
锅炉给水_01,thermal_power_boiler,feedwater_flow,required,manipulated,t/h,channel_suffix,3ef714bd2bc2d5e5,train
锅炉给水_SP,thermal_power_boiler,feedwater_flow,required,manipulated,t/h,control_suffix,3ef714bd2bc2d5e5,train
锅炉给水_t/h,thermal_power_boiler,feedwater_flow,required,manipulated,t/h,unit_suffix,3ef714bd2bc2d5e5,train
1号FLUE_GAS_O2,thermal_power_boiler,flue_gas_o2,required,state,percent,equipment_prefix,95b026822a4c17c9,train
1号O2_PERCENT,thermal_power_boiler,flue_gas_o2,required,state,percent,equipment_prefix,80ff9a846bd5ca86,train
1号flue_gas_o2,thermal_power_boiler,flue_gas_o2,required,state,percent,equipment_prefix,5a5f002c5a2a3e74,train
1号氧量,thermal_power_boiler,flue_gas_o2,required,state,percent,equipment_prefix,724dd14ce3ab335f,train
A线_FLUE_GAS_O2,thermal_power_boiler,flue_gas_o2,required,state,percent,line_prefix,95b026822a4c17c9,train
A线_O2_PERCENT,thermal_power_boiler,flue_gas_o2,required,state,percent,line_prefix,80ff9a846bd5ca86,train
A线_flue_gas_o2,thermal_power_boiler,flue_gas_o2,required,state,percent,line_prefix,5a5f002c5a2a3e74,train
A线_氧量,thermal_power_boiler,flue_gas_o2,required,state,percent,line_prefix,724dd14ce3ab335f,train
B线#FLUE_GAS_O2#测点42,thermal_power_boiler,flue_gas_o2,required,state,percent,line_point_tag,95b026822a4c17c9,train
B线#O2_PERCENT#测点42,thermal_power_boiler,flue_gas_o2,required,state,percent,line_point_tag,80ff9a846bd5ca86,train
B线#flue_gas_o2#测点42,thermal_power_boiler,flue_gas_o2,required,state,percent,line_point_tag,5a5f002c5a2a3e74,train
B线#氧量#测点42,thermal_power_boiler,flue_gas_o2,required,state,percent,line_point_tag,724dd14ce3ab335f,train
DCS_03_FLUE_GAS_O2_PV_17,thermal_power_boiler,flue_gas_o2,required,state,percent,vendor_dcs_tag,95b026822a4c17c9,train
DCS_03_O2_PERCENT_PV_17,thermal_power_boiler,flue_gas_o2,required,state,percent,vendor_dcs_tag,80ff9a846bd5ca86,train
DCS_03_flue_gas_o2_PV_17,thermal_power_boiler,flue_gas_o2,required,state,percent,vendor_dcs_tag,5a5f002c5a2a3e74,train
DCS_03_氧量_PV_17,thermal_power_boiler,flue_gas_o2,required,state,percent,vendor_dcs_tag,724dd14ce3ab335f,train
FLUEGASO2,thermal_power_boiler,flue_gas_o2,required,state,percent,compact,95b026822a4c17c9,train
FLUE_GAS_O2,thermal_power_boiler,flue_gas_o2,required,state,percent,template,95b026822a4c17c9,train
FLUE_GAS_O2[percent],thermal_power_boiler,flue_gas_o2,required,state,percent,unit_bracket,95b026822a4c17c9,train
FLUE_GAS_O2_01,thermal_power_boiler,flue_gas_o2,required,state,percent,channel_suffix,95b026822a4c17c9,train
FLUE_GAS_O2_PV,thermal_power_boiler,flue_gas_o2,required,state,percent,control_suffix,95b026822a4c17c9,train
FLUE_GAS_O2_percent,thermal_power_boiler,flue_gas_o2,required,state,percent,unit_suffix,95b026822a4c17c9,train
HMI.22.FLUE_GAS_O2.AI,thermal_power_boiler,flue_gas_o2,required,state,percent,vendor_hmi_tag,95b026822a4c17c9,train
HMI.22.O2_PERCENT.AI,thermal_power_boiler,flue_gas_o2,required,state,percent,vendor_hmi_tag,80ff9a846bd5ca86,train
HMI.22.flue_gas_o2.AI,thermal_power_boiler,flue_gas_o2,required,state,percent,vendor_hmi_tag,5a5f002c5a2a3e74,train
HMI.22.氧量.AI,thermal_power_boiler,flue_gas_o2,required,state,percent,vendor_hmi_tag,724dd14ce3ab335f,train
O2PERCENT,thermal_power_boiler,flue_gas_o2,required,state,percent,compact,80ff9a846bd5ca86,train
O2_PERCENT,thermal_power_boiler,flue_gas_o2,required,state,percent,template,80ff9a846bd5ca86,train
O2_PERCENT[percent],thermal_power_boiler,flue_gas_o2,required,state,percent,unit_bracket,80ff9a846bd5ca86,train
O2_PERCENT_01,thermal_power_boiler,flue_gas_o2,required,state,percent,channel_suffix,80ff9a846bd5ca86,train
O2_PERCENT_PV,thermal_power_boiler,flue_gas_o2,required,state,percent,control_suffix,80ff9a846bd5ca86,train
O2_PERCENT_percent,thermal_power_boiler,flue_gas_o2,required,state,percent,unit_suffix,80ff9a846bd5ca86,train
flue_gas_o2,thermal_power_boiler,flue_gas_o2,required,state,percent,template,5a5f002c5a2a3e74,train
flue_gas_o2[percent],thermal_power_boiler,flue_gas_o2,required,state,percent,unit_bracket,5a5f002c5a2a3e74,train
flue_gas_o2_01,thermal_power_boiler,flue_gas_o2,required,state,percent,channel_suffix,5a5f002c5a2a3e74,train
flue_gas_o2_PV,thermal_power_boiler,flue_gas_o2,required,state,percent,control_suffix,5a5f002c5a2a3e74,train
flue_gas_o2_percent,thermal_power_boiler,flue_gas_o2,required,state,percent,unit_suffix,5a5f002c5a2a3e74,train
fluegaso2,thermal_power_boiler,flue_gas_o2,required,state,percent,compact,5a5f002c5a2a3e74,train
氧量,thermal_power_boiler,flue_gas_o2,required,state,percent,template,724dd14ce3ab335f,train
氧量[percent],thermal_power_boiler,flue_gas_o2,required,state,percent,unit_bracket,724dd14ce3ab335f,train
氧量_01,thermal_power_boiler,flue_gas_o2,required,state,percent,channel_suffix,724dd14ce3ab335f,train
氧量_PV,thermal_power_boiler,flue_gas_o2,required,state,percent,control_suffix,724dd14ce3ab335f,train
氧量_percent,thermal_power_boiler,flue_gas_o2,required,state,percent,unit_suffix,724dd14ce3ab335f,train
装置5-FLUE_GAS_O2-CH30-VALUE,thermal_power_boiler,flue_gas_o2,required,state,percent,vendor_channel_tag,95b026822a4c17c9,train
装置5-O2_PERCENT-CH30-VALUE,thermal_power_boiler,flue_gas_o2,required,state,percent,vendor_channel_tag,80ff9a846bd5ca86,train
装置5-flue_gas_o2-CH30-VALUE,thermal_power_boiler,flue_gas_o2,required,state,percent,vendor_channel_tag,5a5f002c5a2a3e74,train
装置5-氧量-CH30-VALUE,thermal_power_boiler,flue_gas_o2,required,state,percent,vendor_channel_tag,724dd14ce3ab335f,train
1号FURNACE_PRESSURE,thermal_power_boiler,furnace_pressure,required,state,Pa,equipment_prefix,c62be4b60d84e212,train
1号furnace_pressure,thermal_power_boiler,furnace_pressure,required,state,Pa,equipment_prefix,b952e95d6ee39f29,train
1号炉压,thermal_power_boiler,furnace_pressure,required,state,Pa,equipment_prefix,d1c08ed38cb21c83,train
1号炉膛压力,thermal_power_boiler,furnace_pressure,required,state,Pa,equipment_prefix,5484d9ed56c7ba27,train
1号炉膛负压,thermal_power_boiler,furnace_pressure,required,state,Pa,equipment_prefix,b93ee46ebad106d1,train
A线_FURNACE_PRESSURE,thermal_power_boiler,furnace_pressure,required,state,Pa,line_prefix,c62be4b60d84e212,train
A线_furnace_pressure,thermal_power_boiler,furnace_pressure,required,state,Pa,line_prefix,b952e95d6ee39f29,train
A线_炉压,thermal_power_boiler,furnace_pressure,required,state,Pa,line_prefix,d1c08ed38cb21c83,train
A线_炉膛压力,thermal_power_boiler,furnace_pressure,required,state,Pa,line_prefix,5484d9ed56c7ba27,train
A线_炉膛负压,thermal_power_boiler,furnace_pressure,required,state,Pa,line_prefix,b93ee46ebad106d1,train
B线#FURNACE_PRESSURE#测点42,thermal_power_boiler,furnace_pressure,required,state,Pa,line_point_tag,c62be4b60d84e212,train
B线#furnace_pressure#测点42,thermal_power_boiler,furnace_pressure,required,state,Pa,line_point_tag,b952e95d6ee39f29,train
B线#炉压#测点42,thermal_power_boiler,furnace_pressure,required,state,Pa,line_point_tag,d1c08ed38cb21c83,train
B线#炉膛压力#测点42,thermal_power_boiler,furnace_pressure,required,state,Pa,line_point_tag,5484d9ed56c7ba27,train
B线#炉膛负压#测点42,thermal_power_boiler,furnace_pressure,required,state,Pa,line_point_tag,b93ee46ebad106d1,train
DCS_03_FURNACE_PRESSURE_PV_17,thermal_power_boiler,furnace_pressure,required,state,Pa,vendor_dcs_tag,c62be4b60d84e212,train
DCS_03_furnace_pressure_PV_17,thermal_power_boiler,furnace_pressure,required,state,Pa,vendor_dcs_tag,b952e95d6ee39f29,train
DCS_03_炉压_PV_17,thermal_power_boiler,furnace_pressure,required,state,Pa,vendor_dcs_tag,d1c08ed38cb21c83,train
DCS_03_炉膛压力_PV_17,thermal_power_boiler,furnace_pressure,required,state,Pa,vendor_dcs_tag,5484d9ed56c7ba27,train
DCS_03_炉膛负压_PV_17,thermal_power_boiler,furnace_pressure,required,state,Pa,vendor_dcs_tag,b93ee46ebad106d1,train
FURNACEPRESSURE,thermal_power_boiler,furnace_pressure,required,state,Pa,compact,c62be4b60d84e212,train
FURNACE_PRESSURE,thermal_power_boiler,furnace_pressure,required,state,Pa,template,c62be4b60d84e212,train
FURNACE_PRESSURE[Pa],thermal_power_boiler,furnace_pressure,required,state,Pa,unit_bracket,c62be4b60d84e212,train
FURNACE_PRESSURE_01,thermal_power_boiler,furnace_pressure,required,state,Pa,channel_suffix,c62be4b60d84e212,train
FURNACE_PRESSURE_PV,thermal_power_boiler,furnace_pressure,required,state,Pa,control_suffix,c62be4b60d84e212,train
FURNACE_PRESSURE_Pa,thermal_power_boiler,furnace_pressure,required,state,Pa,unit_suffix,c62be4b60d84e212,train
HMI.22.FURNACE_PRESSURE.AI,thermal_power_boiler,furnace_pressure,required,state,Pa,vendor_hmi_tag,c62be4b60d84e212,train
HMI.22.furnace_pressure.AI,thermal_power_boiler,furnace_pressure,required,state,Pa,vendor_hmi_tag,b952e95d6ee39f29,train
HMI.22.炉压.AI,thermal_power_boiler,furnace_pressure,required,state,Pa,vendor_hmi_tag,d1c08ed38cb21c83,train
HMI.22.炉膛压力.AI,thermal_power_boiler,furnace_pressure,required,state,Pa,vendor_hmi_tag,5484d9ed56c7ba27,train
HMI.22.炉膛负压.AI,thermal_power_boiler,furnace_pressure,required,state,Pa,vendor_hmi_tag,b93ee46ebad106d1,train
furnace_pressure,thermal_power_boiler,furnace_pressure,required,state,Pa,template,b952e95d6ee39f29,train
furnace_pressure[Pa],thermal_power_boiler,furnace_pressure,required,state,Pa,unit_bracket,b952e95d6ee39f29,train
furnace_pressure_01,thermal_power_boiler,furnace_pressure,required,state,Pa,channel_suffix,b952e95d6ee39f29,train
furnace_pressure_PV,thermal_power_boiler,furnace_pressure,required,state,Pa,control_suffix,b952e95d6ee39f29,train
furnace_pressure_Pa,thermal_power_boiler,furnace_pressure,required,state,Pa,unit_suffix,b952e95d6ee39f29,train
furnacepressure,thermal_power_boiler,furnace_pressure,required,state,Pa,compact,b952e95d6ee39f29,train
炉压,thermal_power_boiler,furnace_pressure,required,state,Pa,template,d1c08ed38cb21c83,train
炉压[Pa],thermal_power_boiler,furnace_pressure,required,state,Pa,unit_bracket,d1c08ed38cb21c83,train
炉压_01,thermal_power_boiler,furnace_pressure,required,state,Pa,channel_suffix,d1c08ed38cb21c83,train
炉压_PV,thermal_power_boiler,furnace_pressure,required,state,Pa,control_suffix,d1c08ed38cb21c83,train
炉压_Pa,thermal_power_boiler,furnace_pressure,required,state,Pa,unit_suffix,d1c08ed38cb21c83,train
炉膛压力,thermal_power_boiler,furnace_pressure,required,state,Pa,template,5484d9ed56c7ba27,train
炉膛压力[Pa],thermal_power_boiler,furnace_pressure,required,state,Pa,unit_bracket,5484d9ed56c7ba27,train
炉膛压力_01,thermal_power_boiler,furnace_pressure,required,state,Pa,channel_suffix,5484d9ed56c7ba27,train
炉膛压力_PV,thermal_power_boiler,furnace_pressure,required,state,Pa,control_suffix,5484d9ed56c7ba27,train
炉膛压力_Pa,thermal_power_boiler,furnace_pressure,required,state,Pa,unit_suffix,5484d9ed56c7ba27,train
炉膛负压,thermal_power_boiler,furnace_pressure,required,state,Pa,template,b93ee46ebad106d1,train
炉膛负压[Pa],thermal_power_boiler,furnace_pressure,required,state,Pa,unit_bracket,b93ee46ebad106d1,train
炉膛负压_01,thermal_power_boiler,furnace_pressure,required,state,Pa,channel_suffix,b93ee46ebad106d1,train
炉膛负压_PV,thermal_power_boiler,furnace_pressure,required,state,Pa,control_suffix,b93ee46ebad106d1,train
炉膛负压_Pa,thermal_power_boiler,furnace_pressure,required,state,Pa,unit_suffix,b93ee46ebad106d1,train
装置5-FURNACE_PRESSURE-CH30-VALUE,thermal_power_boiler,furnace_pressure,required,state,Pa,vendor_channel_tag,c62be4b60d84e212,train
装置5-furnace_pressure-CH30-VALUE,thermal_power_boiler,furnace_pressure,required,state,Pa,vendor_channel_tag,b952e95d6ee39f29,train
装置5-炉压-CH30-VALUE,thermal_power_boiler,furnace_pressure,required,state,Pa,vendor_channel_tag,d1c08ed38cb21c83,train
装置5-炉膛压力-CH30-VALUE,thermal_power_boiler,furnace_pressure,required,state,Pa,vendor_channel_tag,5484d9ed56c7ba27,train
装置5-炉膛负压-CH30-VALUE,thermal_power_boiler,furnace_pressure,required,state,Pa,vendor_channel_tag,b93ee46ebad106d1,train
1号FURNACE_TEMP,thermal_power_boiler,furnace_temperature,useful,state,degC,equipment_prefix,07d425766ef83912,train
1号火焰温度,thermal_power_boiler,furnace_temperature,useful,state,degC,equipment_prefix,670d26b9c7117349,train
1号炉温,thermal_power_boiler,furnace_temperature,useful,state,degC,equipment_prefix,802b47eec82be1ff,train
1号炉膛温度,thermal_power_boiler,furnace_temperature,useful,state,degC,equipment_prefix,e88bc3b126d5eaf3,train
A线_FURNACE_TEMP,thermal_power_boiler,furnace_temperature,useful,state,degC,line_prefix,07d425766ef83912,train
A线_火焰温度,thermal_power_boiler,furnace_temperature,useful,state,degC,line_prefix,670d26b9c7117349,train
A线_炉温,thermal_power_boiler,furnace_temperature,useful,state,degC,line_prefix,802b47eec82be1ff,train
A线_炉膛温度,thermal_power_boiler,furnace_temperature,useful,state,degC,line_prefix,e88bc3b126d5eaf3,train
B线#FURNACE_TEMP#测点42,thermal_power_boiler,furnace_temperature,useful,state,degC,line_point_tag,07d425766ef83912,train
B线#火焰温度#测点42,thermal_power_boiler,furnace_temperature,useful,state,degC,line_point_tag,670d26b9c7117349,train
B线#炉温#测点42,thermal_power_boiler,furnace_temperature,useful,state,degC,line_point_tag,802b47eec82be1ff,train
B线#炉膛温度#测点42,thermal_power_boiler,furnace_temperature,useful,state,degC,line_point_tag,e88bc3b126d5eaf3,train
DCS_03_FURNACE_TEMP_PV_17,thermal_power_boiler,furnace_temperature,useful,state,degC,vendor_dcs_tag,07d425766ef83912,train
DCS_03_火焰温度_PV_17,thermal_power_boiler,furnace_temperature,useful,state,degC,vendor_dcs_tag,670d26b9c7117349,train
DCS_03_炉温_PV_17,thermal_power_boiler,furnace_temperature,useful,state,degC,vendor_dcs_tag,802b47eec82be1ff,train
DCS_03_炉膛温度_PV_17,thermal_power_boiler,furnace_temperature,useful,state,degC,vendor_dcs_tag,e88bc3b126d5eaf3,train
FURNACETEMP,thermal_power_boiler,furnace_temperature,useful,state,degC,compact,07d425766ef83912,train
FURNACE_TEMP,thermal_power_boiler,furnace_temperature,useful,state,degC,template,07d425766ef83912,train
FURNACE_TEMP[degC],thermal_power_boiler,furnace_temperature,useful,state,degC,unit_bracket,07d425766ef83912,train
FURNACE_TEMP_01,thermal_power_boiler,furnace_temperature,useful,state,degC,channel_suffix,07d425766ef83912,train
FURNACE_TEMP_PV,thermal_power_boiler,furnace_temperature,useful,state,degC,control_suffix,07d425766ef83912,train
FURNACE_TEMP_degC,thermal_power_boiler,furnace_temperature,useful,state,degC,unit_suffix,07d425766ef83912,train
HMI.22.FURNACE_TEMP.AI,thermal_power_boiler,furnace_temperature,useful,state,degC,vendor_hmi_tag,07d425766ef83912,train
HMI.22.火焰温度.AI,thermal_power_boiler,furnace_temperature,useful,state,degC,vendor_hmi_tag,670d26b9c7117349,train
HMI.22.炉温.AI,thermal_power_boiler,furnace_temperature,useful,state,degC,vendor_hmi_tag,802b47eec82be1ff,train
HMI.22.炉膛温度.AI,thermal_power_boiler,furnace_temperature,useful,state,degC,vendor_hmi_tag,e88bc3b126d5eaf3,train
火焰温度,thermal_power_boiler,furnace_temperature,useful,state,degC,template,670d26b9c7117349,train
火焰温度[degC],thermal_power_boiler,furnace_temperature,useful,state,degC,unit_bracket,670d26b9c7117349,train
火焰温度_01,thermal_power_boiler,furnace_temperature,useful,state,degC,channel_suffix,670d26b9c7117349,train
火焰温度_PV,thermal_power_boiler,furnace_temperature,useful,state,degC,control_suffix,670d26b9c7117349,train
火焰温度_degC,thermal_power_boiler,furnace_temperature,useful,state,degC,unit_suffix,670d26b9c7117349,train
炉温,thermal_power_boiler,furnace_temperature,useful,state,degC,template,802b47eec82be1ff,train
炉温[degC],thermal_power_boiler,furnace_temperature,useful,state,degC,unit_bracket,802b47eec82be1ff,train
炉温_01,thermal_power_boiler,furnace_temperature,useful,state,degC,channel_suffix,802b47eec82be1ff,train
炉温_PV,thermal_power_boiler,furnace_temperature,useful,state,degC,control_suffix,802b47eec82be1ff,train
炉温_degC,thermal_power_boiler,furnace_temperature,useful,state,degC,unit_suffix,802b47eec82be1ff,train
炉膛温度,thermal_power_boiler,furnace_temperature,useful,state,degC,template,e88bc3b126d5eaf3,train
炉膛温度[degC],thermal_power_boiler,furnace_temperature,useful,state,degC,unit_bracket,e88bc3b126d5eaf3,train
炉膛温度_01,thermal_power_boiler,furnace_temperature,useful,state,degC,channel_suffix,e88bc3b126d5eaf3,train
炉膛温度_PV,thermal_power_boiler,furnace_temperature,useful,state,degC,control_suffix,e88bc3b126d5eaf3,train
炉膛温度_degC,thermal_power_boiler,furnace_temperature,useful,state,degC,unit_suffix,e88bc3b126d5eaf3,train
装置5-FURNACE_TEMP-CH30-VALUE,thermal_power_boiler,furnace_temperature,useful,state,degC,vendor_channel_tag,07d425766ef83912,train
装置5-火焰温度-CH30-VALUE,thermal_power_boiler,furnace_temperature,useful,state,degC,vendor_channel_tag,670d26b9c7117349,train
装置5-炉温-CH30-VALUE,thermal_power_boiler,furnace_temperature,useful,state,degC,vendor_channel_tag,802b47eec82be1ff,train
装置5-炉膛温度-CH30-VALUE,thermal_power_boiler,furnace_temperature,useful,state,degC,vendor_channel_tag,e88bc3b126d5eaf3,train
1号MAIN_STEAM_FLOW,thermal_power_boiler,main_steam_flow,useful,state,t/h,equipment_prefix,6e18803596aa755b,train
1号main_steam_flow,thermal_power_boiler,main_steam_flow,useful,state,t/h,equipment_prefix,7a40c8b2bfc6b752,train
1号主汽流量,thermal_power_boiler,main_steam_flow,useful,state,t/h,equipment_prefix,0385364439a51cb7,train
1号主蒸汽流量,thermal_power_boiler,main_steam_flow,useful,state,t/h,equipment_prefix,291b0228b59b21bf,train
A线_MAIN_STEAM_FLOW,thermal_power_boiler,main_steam_flow,useful,state,t/h,line_prefix,6e18803596aa755b,train
A线_main_steam_flow,thermal_power_boiler,main_steam_flow,useful,state,t/h,line_prefix,7a40c8b2bfc6b752,train
A线_主汽流量,thermal_power_boiler,main_steam_flow,useful,state,t/h,line_prefix,0385364439a51cb7,train
A线_主蒸汽流量,thermal_power_boiler,main_steam_flow,useful,state,t/h,line_prefix,291b0228b59b21bf,train
B线#MAIN_STEAM_FLOW#测点42,thermal_power_boiler,main_steam_flow,useful,state,t/h,line_point_tag,6e18803596aa755b,train
B线#main_steam_flow#测点42,thermal_power_boiler,main_steam_flow,useful,state,t/h,line_point_tag,7a40c8b2bfc6b752,train
B线#主汽流量#测点42,thermal_power_boiler,main_steam_flow,useful,state,t/h,line_point_tag,0385364439a51cb7,train
B线#主蒸汽流量#测点42,thermal_power_boiler,main_steam_flow,useful,state,t/h,line_point_tag,291b0228b59b21bf,train
DCS_03_MAIN_STEAM_FLOW_PV_17,thermal_power_boiler,main_steam_flow,useful,state,t/h,vendor_dcs_tag,6e18803596aa755b,train
DCS_03_main_steam_flow_PV_17,thermal_power_boiler,main_steam_flow,useful,state,t/h,vendor_dcs_tag,7a40c8b2bfc6b752,train
DCS_03_主汽流量_PV_17,thermal_power_boiler,main_steam_flow,useful,state,t/h,vendor_dcs_tag,0385364439a51cb7,train
DCS_03_主蒸汽流量_PV_17,thermal_power_boiler,main_steam_flow,useful,state,t/h,vendor_dcs_tag,291b0228b59b21bf,train
HMI.22.MAIN_STEAM_FLOW.AI,thermal_power_boiler,main_steam_flow,useful,state,t/h,vendor_hmi_tag,6e18803596aa755b,train
HMI.22.main_steam_flow.AI,thermal_power_boiler,main_steam_flow,useful,state,t/h,vendor_hmi_tag,7a40c8b2bfc6b752,train
HMI.22.主汽流量.AI,thermal_power_boiler,main_steam_flow,useful,state,t/h,vendor_hmi_tag,0385364439a51cb7,train
HMI.22.主蒸汽流量.AI,thermal_power_boiler,main_steam_flow,useful,state,t/h,vendor_hmi_tag,291b0228b59b21bf,train
MAINSTEAMFLOW,thermal_power_boiler,main_steam_flow,useful,state,t/h,compact,6e18803596aa755b,train
MAIN_STEAM_FLOW,thermal_power_boiler,main_steam_flow,useful,state,t/h,template,6e18803596aa755b,train
MAIN_STEAM_FLOW[t/h],thermal_power_boiler,main_steam_flow,useful,state,t/h,unit_bracket,6e18803596aa755b,train
MAIN_STEAM_FLOW_01,thermal_power_boiler,main_steam_flow,useful,state,t/h,channel_suffix,6e18803596aa755b,train
MAIN_STEAM_FLOW_PV,thermal_power_boiler,main_steam_flow,useful,state,t/h,control_suffix,6e18803596aa755b,train
MAIN_STEAM_FLOW_t/h,thermal_power_boiler,main_steam_flow,useful,state,t/h,unit_suffix,6e18803596aa755b,train
main_steam_flow,thermal_power_boiler,main_steam_flow,useful,state,t/h,template,7a40c8b2bfc6b752,train
main_steam_flow[t/h],thermal_power_boiler,main_steam_flow,useful,state,t/h,unit_bracket,7a40c8b2bfc6b752,train
main_steam_flow_01,thermal_power_boiler,main_steam_flow,useful,state,t/h,channel_suffix,7a40c8b2bfc6b752,train
main_steam_flow_PV,thermal_power_boiler,main_steam_flow,useful,state,t/h,control_suffix,7a40c8b2bfc6b752,train
main_steam_flow_t/h,thermal_power_boiler,main_steam_flow,useful,state,t/h,unit_suffix,7a40c8b2bfc6b752,train
mainsteamflow,thermal_power_boiler,main_steam_flow,useful,state,t/h,compact,7a40c8b2bfc6b752,train
主汽流量,thermal_power_boiler,main_steam_flow,useful,state,t/h,template,0385364439a51cb7,train
主汽流量[t/h],thermal_power_boiler,main_steam_flow,useful,state,t/h,unit_bracket,0385364439a51cb7,train
主汽流量_01,thermal_power_boiler,main_steam_flow,useful,state,t/h,channel_suffix,0385364439a51cb7,train
主汽流量_PV,thermal_power_boiler,main_steam_flow,useful,state,t/h,control_suffix,0385364439a51cb7,train
主汽流量_t/h,thermal_power_boiler,main_steam_flow,useful,state,t/h,unit_suffix,0385364439a51cb7,train
主蒸汽流量,thermal_power_boiler,main_steam_flow,useful,state,t/h,template,291b0228b59b21bf,train
主蒸汽流量[t/h],thermal_power_boiler,main_steam_flow,useful,state,t/h,unit_bracket,291b0228b59b21bf,train
主蒸汽流量_01,thermal_power_boiler,main_steam_flow,useful,state,t/h,channel_suffix,291b0228b59b21bf,train
主蒸汽流量_PV,thermal_power_boiler,main_steam_flow,useful,state,t/h,control_suffix,291b0228b59b21bf,train
主蒸汽流量_t/h,thermal_power_boiler,main_steam_flow,useful,state,t/h,unit_suffix,291b0228b59b21bf,train
装置5-MAIN_STEAM_FLOW-CH30-VALUE,thermal_power_boiler,main_steam_flow,useful,state,t/h,vendor_channel_tag,6e18803596aa755b,train
装置5-main_steam_flow-CH30-VALUE,thermal_power_boiler,main_steam_flow,useful,state,t/h,vendor_channel_tag,7a40c8b2bfc6b752,train
装置5-主汽流量-CH30-VALUE,thermal_power_boiler,main_steam_flow,useful,state,t/h,vendor_channel_tag,0385364439a51cb7,train
装置5-主蒸汽流量-CH30-VALUE,thermal_power_boiler,main_steam_flow,useful,state,t/h,vendor_channel_tag,291b0228b59b21bf,train
1号MAIN_STEAM_PRESSURE,thermal_power_boiler,main_steam_pressure,required,controlled,Pa,equipment_prefix,111d0360a1a84374,train
1号main_steam_pressure,thermal_power_boiler,main_steam_pressure,required,controlled,Pa,equipment_prefix,ecb0699b1383f554,train
1号主蒸汽压力,thermal_power_boiler,main_steam_pressure,required,controlled,Pa,equipment_prefix,cd410efa4c5f333c,train
A线_MAIN_STEAM_PRESSURE,thermal_power_boiler,main_steam_pressure,required,controlled,Pa,line_prefix,111d0360a1a84374,train
A线_main_steam_pressure,thermal_power_boiler,main_steam_pressure,required,controlled,Pa,line_prefix,ecb0699b1383f554,train
A线_主蒸汽压力,thermal_power_boiler,main_steam_pressure,required,controlled,Pa,line_prefix,cd410efa4c5f333c,train
B线#MAIN_STEAM_PRESSURE#测点42,thermal_power_boiler,main_steam_pressure,required,controlled,Pa,line_point_tag,111d0360a1a84374,train
B线#main_steam_pressure#测点42,thermal_power_boiler,main_steam_pressure,required,controlled,Pa,line_point_tag,ecb0699b1383f554,train
B线#主蒸汽压力#测点42,thermal_power_boiler,main_steam_pressure,required,controlled,Pa,line_point_tag,cd410efa4c5f333c,train
DCS_03_MAIN_STEAM_PRESSURE_PV_17,thermal_power_boiler,main_steam_pressure,required,controlled,Pa,vendor_dcs_tag,111d0360a1a84374,train
DCS_03_main_steam_pressure_PV_17,thermal_power_boiler,main_steam_pressure,required,controlled,Pa,vendor_dcs_tag,ecb0699b1383f554,train
DCS_03_主蒸汽压力_PV_17,thermal_power_boiler,main_steam_pressure,required,controlled,Pa,vendor_dcs_tag,cd410efa4c5f333c,train
HMI.22.MAIN_STEAM_PRESSURE.AI,thermal_power_boiler,main_steam_pressure,required,controlled,Pa,vendor_hmi_tag,111d0360a1a84374,train
HMI.22.main_steam_pressure.AI,thermal_power_boiler,main_steam_pressure,required,controlled,Pa,vendor_hmi_tag,ecb0699b1383f554,train
HMI.22.主蒸汽压力.AI,thermal_power_boiler,main_steam_pressure,required,controlled,Pa,vendor_hmi_tag,cd410efa4c5f333c,train
MAINSTEAMPRESSURE,thermal_power_boiler,main_steam_pressure,required,controlled,Pa,compact,111d0360a1a84374,train
MAIN_STEAM_PRESSURE,thermal_power_boiler,main_steam_pressure,required,controlled,Pa,template,111d0360a1a84374,train
MAIN_STEAM_PRESSURE[Pa],thermal_power_boiler,main_steam_pressure,required,controlled,Pa,unit_bracket,111d0360a1a84374,train
MAIN_STEAM_PRESSURE_01,thermal_power_boiler,main_steam_pressure,required,controlled,Pa,channel_suffix,111d0360a1a84374,train
MAIN_STEAM_PRESSURE_PV,thermal_power_boiler,main_steam_pressure,required,controlled,Pa,control_suffix,111d0360a1a84374,train
MAIN_STEAM_PRESSURE_Pa,thermal_power_boiler,main_steam_pressure,required,controlled,Pa,unit_suffix,111d0360a1a84374,train
main_steam_pressure,thermal_power_boiler,main_steam_pressure,required,controlled,Pa,template,ecb0699b1383f554,train
main_steam_pressure[Pa],thermal_power_boiler,main_steam_pressure,required,controlled,Pa,unit_bracket,ecb0699b1383f554,train
main_steam_pressure_01,thermal_power_boiler,main_steam_pressure,required,controlled,Pa,channel_suffix,ecb0699b1383f554,train
main_steam_pressure_PV,thermal_power_boiler,main_steam_pressure,required,controlled,Pa,control_suffix,ecb0699b1383f554,train
main_steam_pressure_Pa,thermal_power_boiler,main_steam_pressure,required,controlled,Pa,unit_suffix,ecb0699b1383f554,train
mainsteampressure,thermal_power_boiler,main_steam_pressure,required,controlled,Pa,compact,ecb0699b1383f554,train
主蒸汽压力,thermal_power_boiler,main_steam_pressure,required,controlled,Pa,template,cd410efa4c5f333c,train
主蒸汽压力[Pa],thermal_power_boiler,main_steam_pressure,required,controlled,Pa,unit_bracket,cd410efa4c5f333c,train
主蒸汽压力_01,thermal_power_boiler,main_steam_pressure,required,controlled,Pa,channel_suffix,cd410efa4c5f333c,train
主蒸汽压力_PV,thermal_power_boiler,main_steam_pressure,required,controlled,Pa,control_suffix,cd410efa4c5f333c,train
主蒸汽压力_Pa,thermal_power_boiler,main_steam_pressure,required,controlled,Pa,unit_suffix,cd410efa4c5f333c,train
装置5-MAIN_STEAM_PRESSURE-CH30-VALUE,thermal_power_boiler,main_steam_pressure,required,controlled,Pa,vendor_channel_tag,111d0360a1a84374,train
装置5-main_steam_pressure-CH30-VALUE,thermal_power_boiler,main_steam_pressure,required,controlled,Pa,vendor_channel_tag,ecb0699b1383f554,train
装置5-主蒸汽压力-CH30-VALUE,thermal_power_boiler,main_steam_pressure,required,controlled,Pa,vendor_channel_tag,cd410efa4c5f333c,train
1号MAIN_STEAM_TEMP,thermal_power_boiler,main_steam_temperature,required,controlled,degC,equipment_prefix,b4a8a01a6eb4a44c,train
1号main_steam_temperature,thermal_power_boiler,main_steam_temperature,required,controlled,degC,equipment_prefix,48f4af268c490351,train
1号主汽温,thermal_power_boiler,main_steam_temperature,required,controlled,degC,equipment_prefix,4cec70a1371dd41b,train
1号主汽温度,thermal_power_boiler,main_steam_temperature,required,controlled,degC,equipment_prefix,9e91a7d9059a467b,train
1号主蒸汽温度,thermal_power_boiler,main_steam_temperature,required,controlled,degC,equipment_prefix,9eb8e78d399a2357,train
A线_MAIN_STEAM_TEMP,thermal_power_boiler,main_steam_temperature,required,controlled,degC,line_prefix,b4a8a01a6eb4a44c,train
A线_main_steam_temperature,thermal_power_boiler,main_steam_temperature,required,controlled,degC,line_prefix,48f4af268c490351,train
A线_主汽温,thermal_power_boiler,main_steam_temperature,required,controlled,degC,line_prefix,4cec70a1371dd41b,train
A线_主汽温度,thermal_power_boiler,main_steam_temperature,required,controlled,degC,line_prefix,9e91a7d9059a467b,train
A线_主蒸汽温度,thermal_power_boiler,main_steam_temperature,required,controlled,degC,line_prefix,9eb8e78d399a2357,train
B线#MAIN_STEAM_TEMP#测点42,thermal_power_boiler,main_steam_temperature,required,controlled,degC,line_point_tag,b4a8a01a6eb4a44c,train
B线#main_steam_temperature#测点42,thermal_power_boiler,main_steam_temperature,required,controlled,degC,line_point_tag,48f4af268c490351,train
B线#主汽温#测点42,thermal_power_boiler,main_steam_temperature,required,controlled,degC,line_point_tag,4cec70a1371dd41b,train
B线#主汽温度#测点42,thermal_power_boiler,main_steam_temperature,required,controlled,degC,line_point_tag,9e91a7d9059a467b,train
B线#主蒸汽温度#测点42,thermal_power_boiler,main_steam_temperature,required,controlled,degC,line_point_tag,9eb8e78d399a2357,train
DCS_03_MAIN_STEAM_TEMP_PV_17,thermal_power_boiler,main_steam_temperature,required,controlled,degC,vendor_dcs_tag,b4a8a01a6eb4a44c,train
DCS_03_main_steam_temperature_PV_17,thermal_power_boiler,main_steam_temperature,required,controlled,degC,vendor_dcs_tag,48f4af268c490351,train
DCS_03_主汽温_PV_17,thermal_power_boiler,main_steam_temperature,required,controlled,degC,vendor_dcs_tag,4cec70a1371dd41b,train
DCS_03_主汽温度_PV_17,thermal_power_boiler,main_steam_temperature,required,controlled,degC,vendor_dcs_tag,9e91a7d9059a467b,train
DCS_03_主蒸汽温度_PV_17,thermal_power_boiler,main_steam_temperature,required,controlled,degC,vendor_dcs_tag,9eb8e78d399a2357,train
HMI.22.MAIN_STEAM_TEMP.AI,thermal_power_boiler,main_steam_temperature,required,controlled,degC,vendor_hmi_tag,b4a8a01a6eb4a44c,train
HMI.22.main_steam_temperature.AI,thermal_power_boiler,main_steam_temperature,required,controlled,degC,vendor_hmi_tag,48f4af268c490351,train
HMI.22.主汽温.AI,thermal_power_boiler,main_steam_temperature,required,controlled,degC,vendor_hmi_tag,4cec70a1371dd41b,train
HMI.22.主汽温度.AI,thermal_power_boiler,main_steam_temperature,required,controlled,degC,vendor_hmi_tag,9e91a7d9059a467b,train
HMI.22.主蒸汽温度.AI,thermal_power_boiler,main_steam_temperature,required,controlled,degC,vendor_hmi_tag,9eb8e78d399a2357,train
MAINSTEAMTEMP,thermal_power_boiler,main_steam_temperature,required,controlled,degC,compact,b4a8a01a6eb4a44c,train
MAIN_STEAM_TEMP,thermal_power_boiler,main_steam_temperature,required,controlled,degC,template,b4a8a01a6eb4a44c,train
MAIN_STEAM_TEMPERATURE,thermal_power_boiler,main_steam_temperature,required,controlled,degC,uppercase,48f4af268c490351,train
MAIN_STEAM_TEMP[degC],thermal_power_boiler,main_steam_temperature,required,controlled,degC,unit_bracket,b4a8a01a6eb4a44c,train
MAIN_STEAM_TEMP_01,thermal_power_boiler,main_steam_temperature,required,controlled,degC,channel_suffix,b4a8a01a6eb4a44c,train
MAIN_STEAM_TEMP_PV,thermal_power_boiler,main_steam_temperature,required,controlled,degC,control_suffix,b4a8a01a6eb4a44c,train
MAIN_STEAM_TEMP_degC,thermal_power_boiler,main_steam_temperature,required,controlled,degC,unit_suffix,b4a8a01a6eb4a44c,train
main_steam_temperature,thermal_power_boiler,main_steam_temperature,required,controlled,degC,template,48f4af268c490351,train
main_steam_temperature[degC],thermal_power_boiler,main_steam_temperature,required,controlled,degC,unit_bracket,48f4af268c490351,train
main_steam_temperature_01,thermal_power_boiler,main_steam_temperature,required,controlled,degC,channel_suffix,48f4af268c490351,train
main_steam_temperature_PV,thermal_power_boiler,main_steam_temperature,required,controlled,degC,control_suffix,48f4af268c490351,train
main_steam_temperature_degC,thermal_power_boiler,main_steam_temperature,required,controlled,degC,unit_suffix,48f4af268c490351,train
mainsteamtemperature,thermal_power_boiler,main_steam_temperature,required,controlled,degC,compact,48f4af268c490351,train
主汽温,thermal_power_boiler,main_steam_temperature,required,controlled,degC,template,4cec70a1371dd41b,train
主汽温[degC],thermal_power_boiler,main_steam_temperature,required,controlled,degC,unit_bracket,4cec70a1371dd41b,train
主汽温_01,thermal_power_boiler,main_steam_temperature,required,controlled,degC,channel_suffix,4cec70a1371dd41b,train
主汽温_PV,thermal_power_boiler,main_steam_temperature,required,controlled,degC,control_suffix,4cec70a1371dd41b,train
主汽温_degC,thermal_power_boiler,main_steam_temperature,required,controlled,degC,unit_suffix,4cec70a1371dd41b,train
主汽温度,thermal_power_boiler,main_steam_temperature,required,controlled,degC,template,9e91a7d9059a467b,train
主汽温度[degC],thermal_power_boiler,main_steam_temperature,required,controlled,degC,unit_bracket,9e91a7d9059a467b,train
主汽温度_01,thermal_power_boiler,main_steam_temperature,required,controlled,degC,channel_suffix,9e91a7d9059a467b,train
主汽温度_PV,thermal_power_boiler,main_steam_temperature,required,controlled,degC,control_suffix,9e91a7d9059a467b,train
主汽温度_degC,thermal_power_boiler,main_steam_temperature,required,controlled,degC,unit_suffix,9e91a7d9059a467b,train
主蒸汽温度,thermal_power_boiler,main_steam_temperature,required,controlled,degC,template,9eb8e78d399a2357,train
主蒸汽温度[degC],thermal_power_boiler,main_steam_temperature,required,controlled,degC,unit_bracket,9eb8e78d399a2357,train
主蒸汽温度_01,thermal_power_boiler,main_steam_temperature,required,controlled,degC,channel_suffix,9eb8e78d399a2357,train
主蒸汽温度_PV,thermal_power_boiler,main_steam_temperature,required,controlled,degC,control_suffix,9eb8e78d399a2357,train
主蒸汽温度_degC,thermal_power_boiler,main_steam_temperature,required,controlled,degC,unit_suffix,9eb8e78d399a2357,train
装置5-MAIN_STEAM_TEMP-CH30-VALUE,thermal_power_boiler,main_steam_temperature,required,controlled,degC,vendor_channel_tag,b4a8a01a6eb4a44c,train
装置5-main_steam_temperature-CH30-VALUE,thermal_power_boiler,main_steam_temperature,required,controlled,degC,vendor_channel_tag,48f4af268c490351,train
装置5-主汽温-CH30-VALUE,thermal_power_boiler,main_steam_temperature,required,controlled,degC,vendor_channel_tag,4cec70a1371dd41b,train
装置5-主汽温度-CH30-VALUE,thermal_power_boiler,main_steam_temperature,required,controlled,degC,vendor_channel_tag,9e91a7d9059a467b,train
装置5-主蒸汽温度-CH30-VALUE,thermal_power_boiler,main_steam_temperature,required,controlled,degC,vendor_channel_tag,9eb8e78d399a2357,train
1号PA_FLOW,thermal_power_boiler,primary_air_flow,useful,manipulated,Nm3/h,equipment_prefix,6886ed54e364288e,train
1号PRIMARY_AIR_FLOW,thermal_power_boiler,primary_air_flow,useful,manipulated,Nm3/h,equipment_prefix,0569b01a44e988e7,train
1号primary_air_flow,thermal_power_boiler,primary_air_flow,useful,manipulated,Nm3/h,equipment_prefix,02f9fb3128537b62,train
1号一次风流量,thermal_power_boiler,primary_air_flow,useful,manipulated,Nm3/h,equipment_prefix,5bb4205de599354e,train
A线_PA_FLOW,thermal_power_boiler,primary_air_flow,useful,manipulated,Nm3/h,line_prefix,6886ed54e364288e,train
A线_PRIMARY_AIR_FLOW,thermal_power_boiler,primary_air_flow,useful,manipulated,Nm3/h,line_prefix,0569b01a44e988e7,train
A线_primary_air_flow,thermal_power_boiler,primary_air_flow,useful,manipulated,Nm3/h,line_prefix,02f9fb3128537b62,train
A线_一次风流量,thermal_power_boiler,primary_air_flow,useful,manipulated,Nm3/h,line_prefix,5bb4205de599354e,train
B线#PA_FLOW#测点42,thermal_power_boiler,primary_air_flow,useful,manipulated,Nm3/h,line_point_tag,6886ed54e364288e,train
B线#PRIMARY_AIR_FLOW#测点42,thermal_power_boiler,primary_air_flow,useful,manipulated,Nm3/h,line_point_tag,0569b01a44e988e7,train
B线#primary_air_flow#测点42,thermal_power_boiler,primary_air_flow,useful,manipulated,Nm3/h,line_point_tag,02f9fb3128537b62,train
B线#一次风流量#测点42,thermal_power_boiler,primary_air_flow,useful,manipulated,Nm3/h,line_point_tag,5bb4205de599354e,train
DCS_03_PA_FLOW_PV_17,thermal_power_boiler,primary_air_flow,useful,manipulated,Nm3/h,vendor_dcs_tag,6886ed54e364288e,train
DCS_03_PRIMARY_AIR_FLOW_PV_17,thermal_power_boiler,primary_air_flow,useful,manipulated,Nm3/h,vendor_dcs_tag,0569b01a44e988e7,train
DCS_03_primary_air_flow_PV_17,thermal_power_boiler,primary_air_flow,useful,manipulated,Nm3/h,vendor_dcs_tag,02f9fb3128537b62,train
DCS_03_一次风流量_PV_17,thermal_power_boiler,primary_air_flow,useful,manipulated,Nm3/h,vendor_dcs_tag,5bb4205de599354e,train
HMI.22.PA_FLOW.AI,thermal_power_boiler,primary_air_flow,useful,manipulated,Nm3/h,vendor_hmi_tag,6886ed54e364288e,train
HMI.22.PRIMARY_AIR_FLOW.AI,thermal_power_boiler,primary_air_flow,useful,manipulated,Nm3/h,vendor_hmi_tag,0569b01a44e988e7,train
HMI.22.primary_air_flow.AI,thermal_power_boiler,primary_air_flow,useful,manipulated,Nm3/h,vendor_hmi_tag,02f9fb3128537b62,train
HMI.22.一次风流量.AI,thermal_power_boiler,primary_air_flow,useful,manipulated,Nm3/h,vendor_hmi_tag,5bb4205de599354e,train
PAFLOW,thermal_power_boiler,primary_air_flow,useful,manipulated,Nm3/h,compact,6886ed54e364288e,train
PA_FLOW,thermal_power_boiler,primary_air_flow,useful,manipulated,Nm3/h,template,6886ed54e364288e,train
PA_FLOW[Nm3/h],thermal_power_boiler,primary_air_flow,useful,manipulated,Nm3/h,unit_bracket,6886ed54e364288e,train
PA_FLOW_01,thermal_power_boiler,primary_air_flow,useful,manipulated,Nm3/h,channel_suffix,6886ed54e364288e,train
PA_FLOW_Nm3/h,thermal_power_boiler,primary_air_flow,useful,manipulated,Nm3/h,unit_suffix,6886ed54e364288e,train
PA_FLOW_SP,thermal_power_boiler,primary_air_flow,useful,manipulated,Nm3/h,control_suffix,6886ed54e364288e,train
PRIMARYAIRFLOW,thermal_power_boiler,primary_air_flow,useful,manipulated,Nm3/h,compact,0569b01a44e988e7,train
PRIMARY_AIR_FLOW,thermal_power_boiler,primary_air_flow,useful,manipulated,Nm3/h,template,0569b01a44e988e7,train
PRIMARY_AIR_FLOW[Nm3/h],thermal_power_boiler,primary_air_flow,useful,manipulated,Nm3/h,unit_bracket,0569b01a44e988e7,train
PRIMARY_AIR_FLOW_01,thermal_power_boiler,primary_air_flow,useful,manipulated,Nm3/h,channel_suffix,0569b01a44e988e7,train
PRIMARY_AIR_FLOW_Nm3/h,thermal_power_boiler,primary_air_flow,useful,manipulated,Nm3/h,unit_suffix,0569b01a44e988e7,train
PRIMARY_AIR_FLOW_SP,thermal_power_boiler,primary_air_flow,useful,manipulated,Nm3/h,control_suffix,0569b01a44e988e7,train
primary_air_flow,thermal_power_boiler,primary_air_flow,useful,manipulated,Nm3/h,template,02f9fb3128537b62,train
primary_air_flow[Nm3/h],thermal_power_boiler,primary_air_flow,useful,manipulated,Nm3/h,unit_bracket,02f9fb3128537b62,train
primary_air_flow_01,thermal_power_boiler,primary_air_flow,useful,manipulated,Nm3/h,channel_suffix,02f9fb3128537b62,train
primary_air_flow_Nm3/h,thermal_power_boiler,primary_air_flow,useful,manipulated,Nm3/h,unit_suffix,02f9fb3128537b62,train
primary_air_flow_SP,thermal_power_boiler,primary_air_flow,useful,manipulated,Nm3/h,control_suffix,02f9fb3128537b62,train
primaryairflow,thermal_power_boiler,primary_air_flow,useful,manipulated,Nm3/h,compact,02f9fb3128537b62,train
一次风流量,thermal_power_boiler,primary_air_flow,useful,manipulated,Nm3/h,template,5bb4205de599354e,train
一次风流量[Nm3/h],thermal_power_boiler,primary_air_flow,useful,manipulated,Nm3/h,unit_bracket,5bb4205de599354e,train
一次风流量_01,thermal_power_boiler,primary_air_flow,useful,manipulated,Nm3/h,channel_suffix,5bb4205de599354e,train
一次风流量_Nm3/h,thermal_power_boiler,primary_air_flow,useful,manipulated,Nm3/h,unit_suffix,5bb4205de599354e,train
一次风流量_SP,thermal_power_boiler,primary_air_flow,useful,manipulated,Nm3/h,control_suffix,5bb4205de599354e,train
装置5-PA_FLOW-CH30-VALUE,thermal_power_boiler,primary_air_flow,useful,manipulated,Nm3/h,vendor_channel_tag,6886ed54e364288e,train
装置5-PRIMARY_AIR_FLOW-CH30-VALUE,thermal_power_boiler,primary_air_flow,useful,manipulated,Nm3/h,vendor_channel_tag,0569b01a44e988e7,train
装置5-primary_air_flow-CH30-VALUE,thermal_power_boiler,primary_air_flow,useful,manipulated,Nm3/h,vendor_channel_tag,02f9fb3128537b62,train
装置5-一次风流量-CH30-VALUE,thermal_power_boiler,primary_air_flow,useful,manipulated,Nm3/h,vendor_channel_tag,5bb4205de599354e,train
1号SECONDARY_AIR_FLOW,thermal_power_boiler,secondary_air_flow,useful,manipulated,Nm3/h,equipment_prefix,a1f0755229dec56d,train
1号secondary_air_flow,thermal_power_boiler,secondary_air_flow,useful,manipulated,Nm3/h,equipment_prefix,7853f56abd005377,train
1号二次风量,thermal_power_boiler,secondary_air_flow,useful,manipulated,Nm3/h,equipment_prefix,c07367f6499a1c72,train
A线_SECONDARY_AIR_FLOW,thermal_power_boiler,secondary_air_flow,useful,manipulated,Nm3/h,line_prefix,a1f0755229dec56d,train
A线_secondary_air_flow,thermal_power_boiler,secondary_air_flow,useful,manipulated,Nm3/h,line_prefix,7853f56abd005377,train
A线_二次风量,thermal_power_boiler,secondary_air_flow,useful,manipulated,Nm3/h,line_prefix,c07367f6499a1c72,train
B线#SECONDARY_AIR_FLOW#测点42,thermal_power_boiler,secondary_air_flow,useful,manipulated,Nm3/h,line_point_tag,a1f0755229dec56d,train
B线#secondary_air_flow#测点42,thermal_power_boiler,secondary_air_flow,useful,manipulated,Nm3/h,line_point_tag,7853f56abd005377,train
B线#二次风量#测点42,thermal_power_boiler,secondary_air_flow,useful,manipulated,Nm3/h,line_point_tag,c07367f6499a1c72,train
DCS_03_SECONDARY_AIR_FLOW_PV_17,thermal_power_boiler,secondary_air_flow,useful,manipulated,Nm3/h,vendor_dcs_tag,a1f0755229dec56d,train
DCS_03_secondary_air_flow_PV_17,thermal_power_boiler,secondary_air_flow,useful,manipulated,Nm3/h,vendor_dcs_tag,7853f56abd005377,train
DCS_03_二次风量_PV_17,thermal_power_boiler,secondary_air_flow,useful,manipulated,Nm3/h,vendor_dcs_tag,c07367f6499a1c72,train
HMI.22.SECONDARY_AIR_FLOW.AI,thermal_power_boiler,secondary_air_flow,useful,manipulated,Nm3/h,vendor_hmi_tag,a1f0755229dec56d,train
HMI.22.secondary_air_flow.AI,thermal_power_boiler,secondary_air_flow,useful,manipulated,Nm3/h,vendor_hmi_tag,7853f56abd005377,train
HMI.22.二次风量.AI,thermal_power_boiler,secondary_air_flow,useful,manipulated,Nm3/h,vendor_hmi_tag,c07367f6499a1c72,train
SECONDARYAIRFLOW,thermal_power_boiler,secondary_air_flow,useful,manipulated,Nm3/h,compact,a1f0755229dec56d,train
SECONDARY_AIR_FLOW,thermal_power_boiler,secondary_air_flow,useful,manipulated,Nm3/h,template,a1f0755229dec56d,train
SECONDARY_AIR_FLOW[Nm3/h],thermal_power_boiler,secondary_air_flow,useful,manipulated,Nm3/h,unit_bracket,a1f0755229dec56d,train
SECONDARY_AIR_FLOW_01,thermal_power_boiler,secondary_air_flow,useful,manipulated,Nm3/h,channel_suffix,a1f0755229dec56d,train
SECONDARY_AIR_FLOW_Nm3/h,thermal_power_boiler,secondary_air_flow,useful,manipulated,Nm3/h,unit_suffix,a1f0755229dec56d,train
SECONDARY_AIR_FLOW_SP,thermal_power_boiler,secondary_air_flow,useful,manipulated,Nm3/h,control_suffix,a1f0755229dec56d,train
secondary_air_flow,thermal_power_boiler,secondary_air_flow,useful,manipulated,Nm3/h,template,7853f56abd005377,train
secondary_air_flow[Nm3/h],thermal_power_boiler,secondary_air_flow,useful,manipulated,Nm3/h,unit_bracket,7853f56abd005377,train
secondary_air_flow_01,thermal_power_boiler,secondary_air_flow,useful,manipulated,Nm3/h,channel_suffix,7853f56abd005377,train
secondary_air_flow_Nm3/h,thermal_power_boiler,secondary_air_flow,useful,manipulated,Nm3/h,unit_suffix,7853f56abd005377,train
secondary_air_flow_SP,thermal_power_boiler,secondary_air_flow,useful,manipulated,Nm3/h,control_suffix,7853f56abd005377,train
secondaryairflow,thermal_power_boiler,secondary_air_flow,useful,manipulated,Nm3/h,compact,7853f56abd005377,train
二次风量,thermal_power_boiler,secondary_air_flow,useful,manipulated,Nm3/h,template,c07367f6499a1c72,train
二次风量[Nm3/h],thermal_power_boiler,secondary_air_flow,useful,manipulated,Nm3/h,unit_bracket,c07367f6499a1c72,train
二次风量_01,thermal_power_boiler,secondary_air_flow,useful,manipulated,Nm3/h,channel_suffix,c07367f6499a1c72,train
二次风量_Nm3/h,thermal_power_boiler,secondary_air_flow,useful,manipulated,Nm3/h,unit_suffix,c07367f6499a1c72,train
二次风量_SP,thermal_power_boiler,secondary_air_flow,useful,manipulated,Nm3/h,control_suffix,c07367f6499a1c72,train
装置5-SECONDARY_AIR_FLOW-CH30-VALUE,thermal_power_boiler,secondary_air_flow,useful,manipulated,Nm3/h,vendor_channel_tag,a1f0755229dec56d,train
装置5-secondary_air_flow-CH30-VALUE,thermal_power_boiler,secondary_air_flow,useful,manipulated,Nm3/h,vendor_channel_tag,7853f56abd005377,train
装置5-二次风量-CH30-VALUE,thermal_power_boiler,secondary_air_flow,useful,manipulated,Nm3/h,vendor_channel_tag,c07367f6499a1c72,train
1号SOOTBLOWER_STATE,thermal_power_boiler,sootblower_state,useful,state,boolean,equipment_prefix,a27cb42dc8db73b5,train
1号吹灰器状态,thermal_power_boiler,sootblower_state,useful,state,boolean,equipment_prefix,51661b26797abfb2,train
1号吹灰状态,thermal_power_boiler,sootblower_state,useful,state,boolean,equipment_prefix,7d48dd3a217dbc54,train
A线_SOOTBLOWER_STATE,thermal_power_boiler,sootblower_state,useful,state,boolean,line_prefix,a27cb42dc8db73b5,train
A线_吹灰器状态,thermal_power_boiler,sootblower_state,useful,state,boolean,line_prefix,51661b26797abfb2,train
A线_吹灰状态,thermal_power_boiler,sootblower_state,useful,state,boolean,line_prefix,7d48dd3a217dbc54,train
B线#SOOTBLOWER_STATE#测点42,thermal_power_boiler,sootblower_state,useful,state,boolean,line_point_tag,a27cb42dc8db73b5,train
B线#吹灰器状态#测点42,thermal_power_boiler,sootblower_state,useful,state,boolean,line_point_tag,51661b26797abfb2,train
B线#吹灰状态#测点42,thermal_power_boiler,sootblower_state,useful,state,boolean,line_point_tag,7d48dd3a217dbc54,train
DCS_03_SOOTBLOWER_STATE_PV_17,thermal_power_boiler,sootblower_state,useful,state,boolean,vendor_dcs_tag,a27cb42dc8db73b5,train
DCS_03_吹灰器状态_PV_17,thermal_power_boiler,sootblower_state,useful,state,boolean,vendor_dcs_tag,51661b26797abfb2,train
DCS_03_吹灰状态_PV_17,thermal_power_boiler,sootblower_state,useful,state,boolean,vendor_dcs_tag,7d48dd3a217dbc54,train
HMI.22.SOOTBLOWER_STATE.AI,thermal_power_boiler,sootblower_state,useful,state,boolean,vendor_hmi_tag,a27cb42dc8db73b5,train
HMI.22.吹灰器状态.AI,thermal_power_boiler,sootblower_state,useful,state,boolean,vendor_hmi_tag,51661b26797abfb2,train
HMI.22.吹灰状态.AI,thermal_power_boiler,sootblower_state,useful,state,boolean,vendor_hmi_tag,7d48dd3a217dbc54,train
SOOTBLOWERSTATE,thermal_power_boiler,sootblower_state,useful,state,boolean,compact,a27cb42dc8db73b5,train
SOOTBLOWER_STATE,thermal_power_boiler,sootblower_state,useful,state,boolean,template,a27cb42dc8db73b5,train
SOOTBLOWER_STATE_01,thermal_power_boiler,sootblower_state,useful,state,boolean,channel_suffix,a27cb42dc8db73b5,train
SOOTBLOWER_STATE_PV,thermal_power_boiler,sootblower_state,useful,state,boolean,control_suffix,a27cb42dc8db73b5,train
吹灰器状态,thermal_power_boiler,sootblower_state,useful,state,boolean,template,51661b26797abfb2,train
吹灰器状态_01,thermal_power_boiler,sootblower_state,useful,state,boolean,channel_suffix,51661b26797abfb2,train
吹灰器状态_PV,thermal_power_boiler,sootblower_state,useful,state,boolean,control_suffix,51661b26797abfb2,train
吹灰状态,thermal_power_boiler,sootblower_state,useful,state,boolean,template,7d48dd3a217dbc54,train
吹灰状态_01,thermal_power_boiler,sootblower_state,useful,state,boolean,channel_suffix,7d48dd3a217dbc54,train
吹灰状态_PV,thermal_power_boiler,sootblower_state,useful,state,boolean,control_suffix,7d48dd3a217dbc54,train
装置5-SOOTBLOWER_STATE-CH30-VALUE,thermal_power_boiler,sootblower_state,useful,state,boolean,vendor_channel_tag,a27cb42dc8db73b5,train
装置5-吹灰器状态-CH30-VALUE,thermal_power_boiler,sootblower_state,useful,state,boolean,vendor_channel_tag,51661b26797abfb2,train
装置5-吹灰状态-CH30-VALUE,thermal_power_boiler,sootblower_state,useful,state,boolean,vendor_channel_tag,7d48dd3a217dbc54,train
1号DATETIME,thermal_power_boiler,timestamp,required,time,datetime,equipment_prefix,64f054a7788d9f56,train
1号TS,thermal_power_boiler,timestamp,required,time,datetime,equipment_prefix,2505e4ec0b8d948a,train
1号timestamp,thermal_power_boiler,timestamp,required,time,datetime,equipment_prefix,682d16a0354858bf,train
1号时间,thermal_power_boiler,timestamp,required,time,datetime,equipment_prefix,0a1fd80b0c1bf007,train
1号记录时间,thermal_power_boiler,timestamp,required,time,datetime,equipment_prefix,24ac5b43929c4dca,train
1号采集时间,thermal_power_boiler,timestamp,required,time,datetime,equipment_prefix,920826f4b21e2606,train
A线_DATETIME,thermal_power_boiler,timestamp,required,time,datetime,line_prefix,64f054a7788d9f56,train
A线_TS,thermal_power_boiler,timestamp,required,time,datetime,line_prefix,2505e4ec0b8d948a,train
A线_timestamp,thermal_power_boiler,timestamp,required,time,datetime,line_prefix,682d16a0354858bf,train
A线_时间,thermal_power_boiler,timestamp,required,time,datetime,line_prefix,0a1fd80b0c1bf007,train
A线_记录时间,thermal_power_boiler,timestamp,required,time,datetime,line_prefix,24ac5b43929c4dca,train
A线_采集时间,thermal_power_boiler,timestamp,required,time,datetime,line_prefix,920826f4b21e2606,train
B线#DATETIME#测点42,thermal_power_boiler,timestamp,required,time,datetime,line_point_tag,64f054a7788d9f56,train
B线#TS#测点42,thermal_power_boiler,timestamp,required,time,datetime,line_point_tag,2505e4ec0b8d948a,train
B线#timestamp#测点42,thermal_power_boiler,timestamp,required,time,datetime,line_point_tag,682d16a0354858bf,train
B线#时间#测点42,thermal_power_boiler,timestamp,required,time,datetime,line_point_tag,0a1fd80b0c1bf007,train
B线#记录时间#测点42,thermal_power_boiler,timestamp,required,time,datetime,line_point_tag,24ac5b43929c4dca,train
B线#采集时间#测点42,thermal_power_boiler,timestamp,required,time,datetime,line_point_tag,920826f4b21e2606,train
DATETIME,thermal_power_boiler,timestamp,required,time,datetime,template,64f054a7788d9f56,train
DATETIME_01,thermal_power_boiler,timestamp,required,time,datetime,channel_suffix,64f054a7788d9f56,train
DATETIME_PV,thermal_power_boiler,timestamp,required,time,datetime,control_suffix,64f054a7788d9f56,train
DCS_03_DATETIME_PV_17,thermal_power_boiler,timestamp,required,time,datetime,vendor_dcs_tag,64f054a7788d9f56,train
DCS_03_TS_PV_17,thermal_power_boiler,timestamp,required,time,datetime,vendor_dcs_tag,2505e4ec0b8d948a,train
DCS_03_timestamp_PV_17,thermal_power_boiler,timestamp,required,time,datetime,vendor_dcs_tag,682d16a0354858bf,train
DCS_03_时间_PV_17,thermal_power_boiler,timestamp,required,time,datetime,vendor_dcs_tag,0a1fd80b0c1bf007,train
DCS_03_记录时间_PV_17,thermal_power_boiler,timestamp,required,time,datetime,vendor_dcs_tag,24ac5b43929c4dca,train
DCS_03_采集时间_PV_17,thermal_power_boiler,timestamp,required,time,datetime,vendor_dcs_tag,920826f4b21e2606,train
HMI.22.DATETIME.AI,thermal_power_boiler,timestamp,required,time,datetime,vendor_hmi_tag,64f054a7788d9f56,train
HMI.22.TS.AI,thermal_power_boiler,timestamp,required,time,datetime,vendor_hmi_tag,2505e4ec0b8d948a,train
HMI.22.timestamp.AI,thermal_power_boiler,timestamp,required,time,datetime,vendor_hmi_tag,682d16a0354858bf,train
HMI.22.时间.AI,thermal_power_boiler,timestamp,required,time,datetime,vendor_hmi_tag,0a1fd80b0c1bf007,train
HMI.22.记录时间.AI,thermal_power_boiler,timestamp,required,time,datetime,vendor_hmi_tag,24ac5b43929c4dca,train
HMI.22.采集时间.AI,thermal_power_boiler,timestamp,required,time,datetime,vendor_hmi_tag,920826f4b21e2606,train
TIMESTAMP,thermal_power_boiler,timestamp,required,time,datetime,uppercase,682d16a0354858bf,train
TS,thermal_power_boiler,timestamp,required,time,datetime,template,2505e4ec0b8d948a,train
TS_01,thermal_power_boiler,timestamp,required,time,datetime,channel_suffix,2505e4ec0b8d948a,train
TS_PV,thermal_power_boiler,timestamp,required,time,datetime,control_suffix,2505e4ec0b8d948a,train
timestamp,thermal_power_boiler,timestamp,required,time,datetime,template,682d16a0354858bf,train
timestamp_01,thermal_power_boiler,timestamp,required,time,datetime,channel_suffix,682d16a0354858bf,train
timestamp_PV,thermal_power_boiler,timestamp,required,time,datetime,control_suffix,682d16a0354858bf,train
时间,thermal_power_boiler,timestamp,required,time,datetime,template,0a1fd80b0c1bf007,train
时间_01,thermal_power_boiler,timestamp,required,time,datetime,channel_suffix,0a1fd80b0c1bf007,train
时间_PV,thermal_power_boiler,timestamp,required,time,datetime,control_suffix,0a1fd80b0c1bf007,train
装置5-DATETIME-CH30-VALUE,thermal_power_boiler,timestamp,required,time,datetime,vendor_channel_tag,64f054a7788d9f56,train
装置5-TS-CH30-VALUE,thermal_power_boiler,timestamp,required,time,datetime,vendor_channel_tag,2505e4ec0b8d948a,train
装置5-timestamp-CH30-VALUE,thermal_power_boiler,timestamp,required,time,datetime,vendor_channel_tag,682d16a0354858bf,train
装置5-时间-CH30-VALUE,thermal_power_boiler,timestamp,required,time,datetime,vendor_channel_tag,0a1fd80b0c1bf007,train
装置5-记录时间-CH30-VALUE,thermal_power_boiler,timestamp,required,time,datetime,vendor_channel_tag,24ac5b43929c4dca,train
装置5-采集时间-CH30-VALUE,thermal_power_boiler,timestamp,required,time,datetime,vendor_channel_tag,920826f4b21e2606,train
记录时间,thermal_power_boiler,timestamp,required,time,datetime,template,24ac5b43929c4dca,train
记录时间_01,thermal_power_boiler,timestamp,required,time,datetime,channel_suffix,24ac5b43929c4dca,train
记录时间_PV,thermal_power_boiler,timestamp,required,time,datetime,control_suffix,24ac5b43929c4dca,train
采集时间,thermal_power_boiler,timestamp,required,time,datetime,template,920826f4b21e2606,train
采集时间_01,thermal_power_boiler,timestamp,required,time,datetime,channel_suffix,920826f4b21e2606,train
采集时间_PV,thermal_power_boiler,timestamp,required,time,datetime,control_suffix,920826f4b21e2606,train
1号LOAD,thermal_power_boiler,unit_load,required,disturbance,MW,equipment_prefix,79bf29cca86c9ad9,train
1号UNIT_LOAD,thermal_power_boiler,unit_load,required,disturbance,MW,equipment_prefix,890e8e038ec47573,train
1号负荷,thermal_power_boiler,unit_load,required,disturbance,MW,equipment_prefix,f15b4af5e84f1f73,train
A线_LOAD,thermal_power_boiler,unit_load,required,disturbance,MW,line_prefix,79bf29cca86c9ad9,train
A线_UNIT_LOAD,thermal_power_boiler,unit_load,required,disturbance,MW,line_prefix,890e8e038ec47573,train
A线_负荷,thermal_power_boiler,unit_load,required,disturbance,MW,line_prefix,f15b4af5e84f1f73,train
B线#LOAD#测点42,thermal_power_boiler,unit_load,required,disturbance,MW,line_point_tag,79bf29cca86c9ad9,train
B线#UNIT_LOAD#测点42,thermal_power_boiler,unit_load,required,disturbance,MW,line_point_tag,890e8e038ec47573,train
B线#负荷#测点42,thermal_power_boiler,unit_load,required,disturbance,MW,line_point_tag,f15b4af5e84f1f73,train
DCS_03_LOAD_PV_17,thermal_power_boiler,unit_load,required,disturbance,MW,vendor_dcs_tag,79bf29cca86c9ad9,train
DCS_03_UNIT_LOAD_PV_17,thermal_power_boiler,unit_load,required,disturbance,MW,vendor_dcs_tag,890e8e038ec47573,train
DCS_03_负荷_PV_17,thermal_power_boiler,unit_load,required,disturbance,MW,vendor_dcs_tag,f15b4af5e84f1f73,train
HMI.22.LOAD.AI,thermal_power_boiler,unit_load,required,disturbance,MW,vendor_hmi_tag,79bf29cca86c9ad9,train
HMI.22.UNIT_LOAD.AI,thermal_power_boiler,unit_load,required,disturbance,MW,vendor_hmi_tag,890e8e038ec47573,train
HMI.22.负荷.AI,thermal_power_boiler,unit_load,required,disturbance,MW,vendor_hmi_tag,f15b4af5e84f1f73,train
LOAD,thermal_power_boiler,unit_load,required,disturbance,MW,template,79bf29cca86c9ad9,train
LOAD[MW],thermal_power_boiler,unit_load,required,disturbance,MW,unit_bracket,79bf29cca86c9ad9,train
LOAD_01,thermal_power_boiler,unit_load,required,disturbance,MW,channel_suffix,79bf29cca86c9ad9,train
LOAD_MW,thermal_power_boiler,unit_load,required,disturbance,MW,unit_suffix,79bf29cca86c9ad9,train
LOAD_PV,thermal_power_boiler,unit_load,required,disturbance,MW,control_suffix,79bf29cca86c9ad9,train
UNITLOAD,thermal_power_boiler,unit_load,required,disturbance,MW,compact,890e8e038ec47573,train
UNIT_LOAD,thermal_power_boiler,unit_load,required,disturbance,MW,template,890e8e038ec47573,train
UNIT_LOAD[MW],thermal_power_boiler,unit_load,required,disturbance,MW,unit_bracket,890e8e038ec47573,train
UNIT_LOAD_01,thermal_power_boiler,unit_load,required,disturbance,MW,channel_suffix,890e8e038ec47573,train
UNIT_LOAD_MW,thermal_power_boiler,unit_load,required,disturbance,MW,unit_suffix,890e8e038ec47573,train
UNIT_LOAD_PV,thermal_power_boiler,unit_load,required,disturbance,MW,control_suffix,890e8e038ec47573,train
装置5-LOAD-CH30-VALUE,thermal_power_boiler,unit_load,required,disturbance,MW,vendor_channel_tag,79bf29cca86c9ad9,train
装置5-UNIT_LOAD-CH30-VALUE,thermal_power_boiler,unit_load,required,disturbance,MW,vendor_channel_tag,890e8e038ec47573,train
装置5-负荷-CH30-VALUE,thermal_power_boiler,unit_load,required,disturbance,MW,vendor_channel_tag,f15b4af5e84f1f73,train
负荷,thermal_power_boiler,unit_load,required,disturbance,MW,template,f15b4af5e84f1f73,train
负荷[MW],thermal_power_boiler,unit_load,required,disturbance,MW,unit_bracket,f15b4af5e84f1f73,train
负荷_01,thermal_power_boiler,unit_load,required,disturbance,MW,channel_suffix,f15b4af5e84f1f73,train
负荷_MW,thermal_power_boiler,unit_load,required,disturbance,MW,unit_suffix,f15b4af5e84f1f73,train
负荷_PV,thermal_power_boiler,unit_load,required,disturbance,MW,control_suffix,f15b4af5e84f1f73,train
DCS_交换机端口状态_25,wastewater_aeration,__irrelevant__,irrelevant,none,,negative_vendor,ebfa8d7be78be941,train
DCS_值班员电子签名_25,wastewater_aeration,__irrelevant__,irrelevant,none,,negative_vendor,ebc9c50d5b532ecc,train
DCS_办公室温度_25,wastewater_aeration,__irrelevant__,irrelevant,none,,negative_vendor,36a44a3d1f13f906,train
DCS_厂商备用测点_25,wastewater_aeration,__irrelevant__,irrelevant,none,,negative_vendor,c5b3a055691f7adb,train
DCS_巡检照片地址_25,wastewater_aeration,__irrelevant__,irrelevant,none,,negative_vendor,2cafa29794111d14,train
DCS_打印机墨粉余量_25,wastewater_aeration,__irrelevant__,irrelevant,none,,negative_vendor,7d43eb1f29a4235b,train
DCS_报表序号_25,wastewater_aeration,__irrelevant__,irrelevant,none,,negative_vendor,3f31b66882283c98,train
DCS_报表模板编号_25,wastewater_aeration,__irrelevant__,irrelevant,none,,negative_vendor,1eb83cd27644b694,train
DCS_摄像头在线标志_25,wastewater_aeration,__irrelevant__,irrelevant,none,,negative_vendor,8ed0abb1baea050f,train
DCS_操作员姓名_25,wastewater_aeration,__irrelevant__,irrelevant,none,,negative_vendor,5c93231d08e8cd4d,train
DCS_日报打印次数_25,wastewater_aeration,__irrelevant__,irrelevant,none,,negative_vendor,3ae3b122a6e68ae6,train
DCS_检修记录_25,wastewater_aeration,__irrelevant__,irrelevant,none,,negative_vendor,78d4de20978f9444,train
DCS_班组备注_25,wastewater_aeration,__irrelevant__,irrelevant,none,,negative_vendor,e40bf254bb906bcd,train
DCS_班车到站时间_25,wastewater_aeration,__irrelevant__,irrelevant,none,,negative_vendor,cc12daf35e2a4655,train
DCS_画面刷新周期_25,wastewater_aeration,__irrelevant__,irrelevant,none,,negative_vendor,0ecaa975466dbeb6,train
DCS_画面颜色_25,wastewater_aeration,__irrelevant__,irrelevant,none,,negative_vendor,1bc65d5c9767d22b,train
DCS_设备描述_25,wastewater_aeration,__irrelevant__,irrelevant,none,,negative_vendor,81fe703ef6dea794,train
DCS_账户登录次数_25,wastewater_aeration,__irrelevant__,irrelevant,none,,negative_vendor,9fa6c0ff2a4217e8,train
DCS_软件版本说明_25,wastewater_aeration,__irrelevant__,irrelevant,none,,negative_vendor,bd5af4558a560f73,train
HMI.60.交换机端口状态.RAW,wastewater_aeration,__irrelevant__,irrelevant,none,,negative_vendor,ebfa8d7be78be941,train
HMI.60.值班员电子签名.RAW,wastewater_aeration,__irrelevant__,irrelevant,none,,negative_vendor,ebc9c50d5b532ecc,train
HMI.60.办公室温度.RAW,wastewater_aeration,__irrelevant__,irrelevant,none,,negative_vendor,36a44a3d1f13f906,train
HMI.60.厂商备用测点.RAW,wastewater_aeration,__irrelevant__,irrelevant,none,,negative_vendor,c5b3a055691f7adb,train
HMI.60.巡检照片地址.RAW,wastewater_aeration,__irrelevant__,irrelevant,none,,negative_vendor,2cafa29794111d14,train
HMI.60.打印机墨粉余量.RAW,wastewater_aeration,__irrelevant__,irrelevant,none,,negative_vendor,7d43eb1f29a4235b,train
HMI.60.报表序号.RAW,wastewater_aeration,__irrelevant__,irrelevant,none,,negative_vendor,3f31b66882283c98,train
HMI.60.报表模板编号.RAW,wastewater_aeration,__irrelevant__,irrelevant,none,,negative_vendor,1eb83cd27644b694,train
HMI.60.摄像头在线标志.RAW,wastewater_aeration,__irrelevant__,irrelevant,none,,negative_vendor,8ed0abb1baea050f,train
HMI.60.操作员姓名.RAW,wastewater_aeration,__irrelevant__,irrelevant,none,,negative_vendor,5c93231d08e8cd4d,train
HMI.60.日报打印次数.RAW,wastewater_aeration,__irrelevant__,irrelevant,none,,negative_vendor,3ae3b122a6e68ae6,train
HMI.60.检修记录.RAW,wastewater_aeration,__irrelevant__,irrelevant,none,,negative_vendor,78d4de20978f9444,train
HMI.60.班组备注.RAW,wastewater_aeration,__irrelevant__,irrelevant,none,,negative_vendor,e40bf254bb906bcd,train
HMI.60.班车到站时间.RAW,wastewater_aeration,__irrelevant__,irrelevant,none,,negative_vendor,cc12daf35e2a4655,train
HMI.60.画面刷新周期.RAW,wastewater_aeration,__irrelevant__,irrelevant,none,,negative_vendor,0ecaa975466dbeb6,train
HMI.60.画面颜色.RAW,wastewater_aeration,__irrelevant__,irrelevant,none,,negative_vendor,1bc65d5c9767d22b,train
HMI.60.设备描述.RAW,wastewater_aeration,__irrelevant__,irrelevant,none,,negative_vendor,81fe703ef6dea794,train
HMI.60.账户登录次数.RAW,wastewater_aeration,__irrelevant__,irrelevant,none,,negative_vendor,9fa6c0ff2a4217e8,train
HMI.60.软件版本说明.RAW,wastewater_aeration,__irrelevant__,irrelevant,none,,negative_vendor,bd5af4558a560f73,train
交换机端口状态,wastewater_aeration,__irrelevant__,irrelevant,none,,negative,ebfa8d7be78be941,train
值班员电子签名,wastewater_aeration,__irrelevant__,irrelevant,none,,negative,ebc9c50d5b532ecc,train
办公室温度,wastewater_aeration,__irrelevant__,irrelevant,none,,negative,36a44a3d1f13f906,train
厂商备用测点,wastewater_aeration,__irrelevant__,irrelevant,none,,negative,c5b3a055691f7adb,train
巡检照片地址,wastewater_aeration,__irrelevant__,irrelevant,none,,negative,2cafa29794111d14,train
打印机墨粉余量,wastewater_aeration,__irrelevant__,irrelevant,none,,negative,7d43eb1f29a4235b,train
报表序号,wastewater_aeration,__irrelevant__,irrelevant,none,,negative,3f31b66882283c98,train
报表模板编号,wastewater_aeration,__irrelevant__,irrelevant,none,,negative,1eb83cd27644b694,train
摄像头在线标志,wastewater_aeration,__irrelevant__,irrelevant,none,,negative,8ed0abb1baea050f,train
操作员姓名,wastewater_aeration,__irrelevant__,irrelevant,none,,negative,5c93231d08e8cd4d,train
日报打印次数,wastewater_aeration,__irrelevant__,irrelevant,none,,negative,3ae3b122a6e68ae6,train
检修记录,wastewater_aeration,__irrelevant__,irrelevant,none,,negative,78d4de20978f9444,train
班组备注,wastewater_aeration,__irrelevant__,irrelevant,none,,negative,e40bf254bb906bcd,train
班车到站时间,wastewater_aeration,__irrelevant__,irrelevant,none,,negative,cc12daf35e2a4655,train
画面刷新周期,wastewater_aeration,__irrelevant__,irrelevant,none,,negative,0ecaa975466dbeb6,train
画面颜色,wastewater_aeration,__irrelevant__,irrelevant,none,,negative,1bc65d5c9767d22b,train
设备描述,wastewater_aeration,__irrelevant__,irrelevant,none,,negative,81fe703ef6dea794,train
账户登录次数,wastewater_aeration,__irrelevant__,irrelevant,none,,negative,9fa6c0ff2a4217e8,train
软件版本说明,wastewater_aeration,__irrelevant__,irrelevant,none,,negative,bd5af4558a560f73,train
1号AERATION_AIR_FLOW,wastewater_aeration,aeration_air_flow,required,manipulated,Nm3/h,equipment_prefix,e44beda13075644e,train
1号BLOWER_AIR_FLOW,wastewater_aeration,aeration_air_flow,required,manipulated,Nm3/h,equipment_prefix,38fa9c3d1af27d64,train
1号aeration_air_flow,wastewater_aeration,aeration_air_flow,required,manipulated,Nm3/h,equipment_prefix,28e52e62c4528bb6,train
1号曝气风量,wastewater_aeration,aeration_air_flow,required,manipulated,Nm3/h,equipment_prefix,f227567f63033d72,train
AERATIONAIRFLOW,wastewater_aeration,aeration_air_flow,required,manipulated,Nm3/h,compact,e44beda13075644e,train
AERATION_AIR_FLOW,wastewater_aeration,aeration_air_flow,required,manipulated,Nm3/h,template,e44beda13075644e,train
AERATION_AIR_FLOW[Nm3/h],wastewater_aeration,aeration_air_flow,required,manipulated,Nm3/h,unit_bracket,e44beda13075644e,train
AERATION_AIR_FLOW_01,wastewater_aeration,aeration_air_flow,required,manipulated,Nm3/h,channel_suffix,e44beda13075644e,train
AERATION_AIR_FLOW_Nm3/h,wastewater_aeration,aeration_air_flow,required,manipulated,Nm3/h,unit_suffix,e44beda13075644e,train
AERATION_AIR_FLOW_SP,wastewater_aeration,aeration_air_flow,required,manipulated,Nm3/h,control_suffix,e44beda13075644e,train
A线_AERATION_AIR_FLOW,wastewater_aeration,aeration_air_flow,required,manipulated,Nm3/h,line_prefix,e44beda13075644e,train
A线_BLOWER_AIR_FLOW,wastewater_aeration,aeration_air_flow,required,manipulated,Nm3/h,line_prefix,38fa9c3d1af27d64,train
A线_aeration_air_flow,wastewater_aeration,aeration_air_flow,required,manipulated,Nm3/h,line_prefix,28e52e62c4528bb6,train
A线_曝气风量,wastewater_aeration,aeration_air_flow,required,manipulated,Nm3/h,line_prefix,f227567f63033d72,train
BLOWERAIRFLOW,wastewater_aeration,aeration_air_flow,required,manipulated,Nm3/h,compact,38fa9c3d1af27d64,train
BLOWER_AIR_FLOW,wastewater_aeration,aeration_air_flow,required,manipulated,Nm3/h,template,38fa9c3d1af27d64,train
BLOWER_AIR_FLOW[Nm3/h],wastewater_aeration,aeration_air_flow,required,manipulated,Nm3/h,unit_bracket,38fa9c3d1af27d64,train
BLOWER_AIR_FLOW_01,wastewater_aeration,aeration_air_flow,required,manipulated,Nm3/h,channel_suffix,38fa9c3d1af27d64,train
BLOWER_AIR_FLOW_Nm3/h,wastewater_aeration,aeration_air_flow,required,manipulated,Nm3/h,unit_suffix,38fa9c3d1af27d64,train
BLOWER_AIR_FLOW_SP,wastewater_aeration,aeration_air_flow,required,manipulated,Nm3/h,control_suffix,38fa9c3d1af27d64,train
B线#AERATION_AIR_FLOW#测点42,wastewater_aeration,aeration_air_flow,required,manipulated,Nm3/h,line_point_tag,e44beda13075644e,train
B线#BLOWER_AIR_FLOW#测点42,wastewater_aeration,aeration_air_flow,required,manipulated,Nm3/h,line_point_tag,38fa9c3d1af27d64,train
B线#aeration_air_flow#测点42,wastewater_aeration,aeration_air_flow,required,manipulated,Nm3/h,line_point_tag,28e52e62c4528bb6,train
B线#曝气风量#测点42,wastewater_aeration,aeration_air_flow,required,manipulated,Nm3/h,line_point_tag,f227567f63033d72,train
DCS_03_AERATION_AIR_FLOW_PV_17,wastewater_aeration,aeration_air_flow,required,manipulated,Nm3/h,vendor_dcs_tag,e44beda13075644e,train
DCS_03_BLOWER_AIR_FLOW_PV_17,wastewater_aeration,aeration_air_flow,required,manipulated,Nm3/h,vendor_dcs_tag,38fa9c3d1af27d64,train
DCS_03_aeration_air_flow_PV_17,wastewater_aeration,aeration_air_flow,required,manipulated,Nm3/h,vendor_dcs_tag,28e52e62c4528bb6,train
DCS_03_曝气风量_PV_17,wastewater_aeration,aeration_air_flow,required,manipulated,Nm3/h,vendor_dcs_tag,f227567f63033d72,train
HMI.22.AERATION_AIR_FLOW.AI,wastewater_aeration,aeration_air_flow,required,manipulated,Nm3/h,vendor_hmi_tag,e44beda13075644e,train
HMI.22.BLOWER_AIR_FLOW.AI,wastewater_aeration,aeration_air_flow,required,manipulated,Nm3/h,vendor_hmi_tag,38fa9c3d1af27d64,train
HMI.22.aeration_air_flow.AI,wastewater_aeration,aeration_air_flow,required,manipulated,Nm3/h,vendor_hmi_tag,28e52e62c4528bb6,train
HMI.22.曝气风量.AI,wastewater_aeration,aeration_air_flow,required,manipulated,Nm3/h,vendor_hmi_tag,f227567f63033d72,train
aeration_air_flow,wastewater_aeration,aeration_air_flow,required,manipulated,Nm3/h,template,28e52e62c4528bb6,train
aeration_air_flow[Nm3/h],wastewater_aeration,aeration_air_flow,required,manipulated,Nm3/h,unit_bracket,28e52e62c4528bb6,train
aeration_air_flow_01,wastewater_aeration,aeration_air_flow,required,manipulated,Nm3/h,channel_suffix,28e52e62c4528bb6,train
aeration_air_flow_Nm3/h,wastewater_aeration,aeration_air_flow,required,manipulated,Nm3/h,unit_suffix,28e52e62c4528bb6,train
aeration_air_flow_SP,wastewater_aeration,aeration_air_flow,required,manipulated,Nm3/h,control_suffix,28e52e62c4528bb6,train
aerationairflow,wastewater_aeration,aeration_air_flow,required,manipulated,Nm3/h,compact,28e52e62c4528bb6,train
曝气风量,wastewater_aeration,aeration_air_flow,required,manipulated,Nm3/h,template,f227567f63033d72,train
曝气风量[Nm3/h],wastewater_aeration,aeration_air_flow,required,manipulated,Nm3/h,unit_bracket,f227567f63033d72,train
曝气风量_01,wastewater_aeration,aeration_air_flow,required,manipulated,Nm3/h,channel_suffix,f227567f63033d72,train
曝气风量_Nm3/h,wastewater_aeration,aeration_air_flow,required,manipulated,Nm3/h,unit_suffix,f227567f63033d72,train
曝气风量_SP,wastewater_aeration,aeration_air_flow,required,manipulated,Nm3/h,control_suffix,f227567f63033d72,train
装置5-AERATION_AIR_FLOW-CH30-VALUE,wastewater_aeration,aeration_air_flow,required,manipulated,Nm3/h,vendor_channel_tag,e44beda13075644e,train
装置5-BLOWER_AIR_FLOW-CH30-VALUE,wastewater_aeration,aeration_air_flow,required,manipulated,Nm3/h,vendor_channel_tag,38fa9c3d1af27d64,train
装置5-aeration_air_flow-CH30-VALUE,wastewater_aeration,aeration_air_flow,required,manipulated,Nm3/h,vendor_channel_tag,28e52e62c4528bb6,train
装置5-曝气风量-CH30-VALUE,wastewater_aeration,aeration_air_flow,required,manipulated,Nm3/h,vendor_channel_tag,f227567f63033d72,train
1号BLOWER_FREQ,wastewater_aeration,blower_frequency,useful,manipulated,Hz,equipment_prefix,f269babf09bc4358,train
1号风机频率,wastewater_aeration,blower_frequency,useful,manipulated,Hz,equipment_prefix,4f74825b9b0043a8,train
1号鼓风机频率,wastewater_aeration,blower_frequency,useful,manipulated,Hz,equipment_prefix,5aa8eda29ae008f2,train
A线_BLOWER_FREQ,wastewater_aeration,blower_frequency,useful,manipulated,Hz,line_prefix,f269babf09bc4358,train
A线_风机频率,wastewater_aeration,blower_frequency,useful,manipulated,Hz,line_prefix,4f74825b9b0043a8,train
A线_鼓风机频率,wastewater_aeration,blower_frequency,useful,manipulated,Hz,line_prefix,5aa8eda29ae008f2,train
BLOWERFREQ,wastewater_aeration,blower_frequency,useful,manipulated,Hz,compact,f269babf09bc4358,train
BLOWER_FREQ,wastewater_aeration,blower_frequency,useful,manipulated,Hz,template,f269babf09bc4358,train
BLOWER_FREQ[Hz],wastewater_aeration,blower_frequency,useful,manipulated,Hz,unit_bracket,f269babf09bc4358,train
BLOWER_FREQ_01,wastewater_aeration,blower_frequency,useful,manipulated,Hz,channel_suffix,f269babf09bc4358,train
BLOWER_FREQ_Hz,wastewater_aeration,blower_frequency,useful,manipulated,Hz,unit_suffix,f269babf09bc4358,train
BLOWER_FREQ_SP,wastewater_aeration,blower_frequency,useful,manipulated,Hz,control_suffix,f269babf09bc4358,train
B线#BLOWER_FREQ#测点42,wastewater_aeration,blower_frequency,useful,manipulated,Hz,line_point_tag,f269babf09bc4358,train
B线#风机频率#测点42,wastewater_aeration,blower_frequency,useful,manipulated,Hz,line_point_tag,4f74825b9b0043a8,train
B线#鼓风机频率#测点42,wastewater_aeration,blower_frequency,useful,manipulated,Hz,line_point_tag,5aa8eda29ae008f2,train
DCS_03_BLOWER_FREQ_PV_17,wastewater_aeration,blower_frequency,useful,manipulated,Hz,vendor_dcs_tag,f269babf09bc4358,train
DCS_03_风机频率_PV_17,wastewater_aeration,blower_frequency,useful,manipulated,Hz,vendor_dcs_tag,4f74825b9b0043a8,train
DCS_03_鼓风机频率_PV_17,wastewater_aeration,blower_frequency,useful,manipulated,Hz,vendor_dcs_tag,5aa8eda29ae008f2,train
HMI.22.BLOWER_FREQ.AI,wastewater_aeration,blower_frequency,useful,manipulated,Hz,vendor_hmi_tag,f269babf09bc4358,train
HMI.22.风机频率.AI,wastewater_aeration,blower_frequency,useful,manipulated,Hz,vendor_hmi_tag,4f74825b9b0043a8,train
HMI.22.鼓风机频率.AI,wastewater_aeration,blower_frequency,useful,manipulated,Hz,vendor_hmi_tag,5aa8eda29ae008f2,train
装置5-BLOWER_FREQ-CH30-VALUE,wastewater_aeration,blower_frequency,useful,manipulated,Hz,vendor_channel_tag,f269babf09bc4358,train
装置5-风机频率-CH30-VALUE,wastewater_aeration,blower_frequency,useful,manipulated,Hz,vendor_channel_tag,4f74825b9b0043a8,train
装置5-鼓风机频率-CH30-VALUE,wastewater_aeration,blower_frequency,useful,manipulated,Hz,vendor_channel_tag,5aa8eda29ae008f2,train
风机频率,wastewater_aeration,blower_frequency,useful,manipulated,Hz,template,4f74825b9b0043a8,train
风机频率[Hz],wastewater_aeration,blower_frequency,useful,manipulated,Hz,unit_bracket,4f74825b9b0043a8,train
风机频率_01,wastewater_aeration,blower_frequency,useful,manipulated,Hz,channel_suffix,4f74825b9b0043a8,train
风机频率_Hz,wastewater_aeration,blower_frequency,useful,manipulated,Hz,unit_suffix,4f74825b9b0043a8,train
风机频率_SP,wastewater_aeration,blower_frequency,useful,manipulated,Hz,control_suffix,4f74825b9b0043a8,train
鼓风机频率,wastewater_aeration,blower_frequency,useful,manipulated,Hz,template,5aa8eda29ae008f2,train
鼓风机频率[Hz],wastewater_aeration,blower_frequency,useful,manipulated,Hz,unit_bracket,5aa8eda29ae008f2,train
鼓风机频率_01,wastewater_aeration,blower_frequency,useful,manipulated,Hz,channel_suffix,5aa8eda29ae008f2,train
鼓风机频率_Hz,wastewater_aeration,blower_frequency,useful,manipulated,Hz,unit_suffix,5aa8eda29ae008f2,train
鼓风机频率_SP,wastewater_aeration,blower_frequency,useful,manipulated,Hz,control_suffix,5aa8eda29ae008f2,train
1号DO,wastewater_aeration,dissolved_oxygen,required,controlled,mg/L,equipment_prefix,6bf021c682b6a090,train
1号dissolved_oxygen,wastewater_aeration,dissolved_oxygen,required,controlled,mg/L,equipment_prefix,7de6f31790c1c37d,train
1号曝气池DO,wastewater_aeration,dissolved_oxygen,required,controlled,mg/L,equipment_prefix,25503fca0c9f2db4,train
1号溶解氧,wastewater_aeration,dissolved_oxygen,required,controlled,mg/L,equipment_prefix,114bc3fa0d49bece,train
A线_DO,wastewater_aeration,dissolved_oxygen,required,controlled,mg/L,line_prefix,6bf021c682b6a090,train
A线_dissolved_oxygen,wastewater_aeration,dissolved_oxygen,required,controlled,mg/L,line_prefix,7de6f31790c1c37d,train
A线_曝气池DO,wastewater_aeration,dissolved_oxygen,required,controlled,mg/L,line_prefix,25503fca0c9f2db4,train
A线_溶解氧,wastewater_aeration,dissolved_oxygen,required,controlled,mg/L,line_prefix,114bc3fa0d49bece,train
B线#DO#测点42,wastewater_aeration,dissolved_oxygen,required,controlled,mg/L,line_point_tag,6bf021c682b6a090,train
B线#dissolved_oxygen#测点42,wastewater_aeration,dissolved_oxygen,required,controlled,mg/L,line_point_tag,7de6f31790c1c37d,train
B线#曝气池DO#测点42,wastewater_aeration,dissolved_oxygen,required,controlled,mg/L,line_point_tag,25503fca0c9f2db4,train
B线#溶解氧#测点42,wastewater_aeration,dissolved_oxygen,required,controlled,mg/L,line_point_tag,114bc3fa0d49bece,train
DCS_03_DO_PV_17,wastewater_aeration,dissolved_oxygen,required,controlled,mg/L,vendor_dcs_tag,6bf021c682b6a090,train
DCS_03_dissolved_oxygen_PV_17,wastewater_aeration,dissolved_oxygen,required,controlled,mg/L,vendor_dcs_tag,7de6f31790c1c37d,train
DCS_03_曝气池DO_PV_17,wastewater_aeration,dissolved_oxygen,required,controlled,mg/L,vendor_dcs_tag,25503fca0c9f2db4,train
DCS_03_溶解氧_PV_17,wastewater_aeration,dissolved_oxygen,required,controlled,mg/L,vendor_dcs_tag,114bc3fa0d49bece,train
DO,wastewater_aeration,dissolved_oxygen,required,controlled,mg/L,template,6bf021c682b6a090,train
DO[mg/L],wastewater_aeration,dissolved_oxygen,required,controlled,mg/L,unit_bracket,6bf021c682b6a090,train
DO_01,wastewater_aeration,dissolved_oxygen,required,controlled,mg/L,channel_suffix,6bf021c682b6a090,train
DO_PV,wastewater_aeration,dissolved_oxygen,required,controlled,mg/L,control_suffix,6bf021c682b6a090,train
DO_mg/L,wastewater_aeration,dissolved_oxygen,required,controlled,mg/L,unit_suffix,6bf021c682b6a090,train
HMI.22.DO.AI,wastewater_aeration,dissolved_oxygen,required,controlled,mg/L,vendor_hmi_tag,6bf021c682b6a090,train
HMI.22.dissolved_oxygen.AI,wastewater_aeration,dissolved_oxygen,required,controlled,mg/L,vendor_hmi_tag,7de6f31790c1c37d,train
HMI.22.曝气池DO.AI,wastewater_aeration,dissolved_oxygen,required,controlled,mg/L,vendor_hmi_tag,25503fca0c9f2db4,train
HMI.22.溶解氧.AI,wastewater_aeration,dissolved_oxygen,required,controlled,mg/L,vendor_hmi_tag,114bc3fa0d49bece,train
dissolved_oxygen,wastewater_aeration,dissolved_oxygen,required,controlled,mg/L,template,7de6f31790c1c37d,train
dissolved_oxygen[mg/L],wastewater_aeration,dissolved_oxygen,required,controlled,mg/L,unit_bracket,7de6f31790c1c37d,train
dissolved_oxygen_01,wastewater_aeration,dissolved_oxygen,required,controlled,mg/L,channel_suffix,7de6f31790c1c37d,train
dissolved_oxygen_PV,wastewater_aeration,dissolved_oxygen,required,controlled,mg/L,control_suffix,7de6f31790c1c37d,train
dissolved_oxygen_mg/L,wastewater_aeration,dissolved_oxygen,required,controlled,mg/L,unit_suffix,7de6f31790c1c37d,train
dissolvedoxygen,wastewater_aeration,dissolved_oxygen,required,controlled,mg/L,compact,7de6f31790c1c37d,train
曝气池DO,wastewater_aeration,dissolved_oxygen,required,controlled,mg/L,template,25503fca0c9f2db4,train
曝气池DO[mg/L],wastewater_aeration,dissolved_oxygen,required,controlled,mg/L,unit_bracket,25503fca0c9f2db4,train
曝气池DO_01,wastewater_aeration,dissolved_oxygen,required,controlled,mg/L,channel_suffix,25503fca0c9f2db4,train
曝气池DO_PV,wastewater_aeration,dissolved_oxygen,required,controlled,mg/L,control_suffix,25503fca0c9f2db4,train
曝气池DO_mg/L,wastewater_aeration,dissolved_oxygen,required,controlled,mg/L,unit_suffix,25503fca0c9f2db4,train
溶解氧,wastewater_aeration,dissolved_oxygen,required,controlled,mg/L,template,114bc3fa0d49bece,train
溶解氧[mg/L],wastewater_aeration,dissolved_oxygen,required,controlled,mg/L,unit_bracket,114bc3fa0d49bece,train
溶解氧_01,wastewater_aeration,dissolved_oxygen,required,controlled,mg/L,channel_suffix,114bc3fa0d49bece,train
溶解氧_PV,wastewater_aeration,dissolved_oxygen,required,controlled,mg/L,control_suffix,114bc3fa0d49bece,train
溶解氧_mg/L,wastewater_aeration,dissolved_oxygen,required,controlled,mg/L,unit_suffix,114bc3fa0d49bece,train
装置5-DO-CH30-VALUE,wastewater_aeration,dissolved_oxygen,required,controlled,mg/L,vendor_channel_tag,6bf021c682b6a090,train
装置5-dissolved_oxygen-CH30-VALUE,wastewater_aeration,dissolved_oxygen,required,controlled,mg/L,vendor_channel_tag,7de6f31790c1c37d,train
装置5-曝气池DO-CH30-VALUE,wastewater_aeration,dissolved_oxygen,required,controlled,mg/L,vendor_channel_tag,25503fca0c9f2db4,train
装置5-溶解氧-CH30-VALUE,wastewater_aeration,dissolved_oxygen,required,controlled,mg/L,vendor_channel_tag,114bc3fa0d49bece,train
1号OUT_AMMONIA,wastewater_aeration,effluent_ammonia,required,controlled,mg/L,equipment_prefix,f466d703c9264b61,train
1号effluent_ammonia,wastewater_aeration,effluent_ammonia,required,controlled,mg/L,equipment_prefix,711eca9b0999d7e3,train
1号出水氨氮,wastewater_aeration,effluent_ammonia,required,controlled,mg/L,equipment_prefix,d0da180f85821172,train
A线_OUT_AMMONIA,wastewater_aeration,effluent_ammonia,required,controlled,mg/L,line_prefix,f466d703c9264b61,train
A线_effluent_ammonia,wastewater_aeration,effluent_ammonia,required,controlled,mg/L,line_prefix,711eca9b0999d7e3,train
A线_出水氨氮,wastewater_aeration,effluent_ammonia,required,controlled,mg/L,line_prefix,d0da180f85821172,train
B线#OUT_AMMONIA#测点42,wastewater_aeration,effluent_ammonia,required,controlled,mg/L,line_point_tag,f466d703c9264b61,train
B线#effluent_ammonia#测点42,wastewater_aeration,effluent_ammonia,required,controlled,mg/L,line_point_tag,711eca9b0999d7e3,train
B线#出水氨氮#测点42,wastewater_aeration,effluent_ammonia,required,controlled,mg/L,line_point_tag,d0da180f85821172,train
DCS_03_OUT_AMMONIA_PV_17,wastewater_aeration,effluent_ammonia,required,controlled,mg/L,vendor_dcs_tag,f466d703c9264b61,train
DCS_03_effluent_ammonia_PV_17,wastewater_aeration,effluent_ammonia,required,controlled,mg/L,vendor_dcs_tag,711eca9b0999d7e3,train
DCS_03_出水氨氮_PV_17,wastewater_aeration,effluent_ammonia,required,controlled,mg/L,vendor_dcs_tag,d0da180f85821172,train
EFFLUENT_AMMONIA,wastewater_aeration,effluent_ammonia,required,controlled,mg/L,uppercase,711eca9b0999d7e3,train
HMI.22.OUT_AMMONIA.AI,wastewater_aeration,effluent_ammonia,required,controlled,mg/L,vendor_hmi_tag,f466d703c9264b61,train
HMI.22.effluent_ammonia.AI,wastewater_aeration,effluent_ammonia,required,controlled,mg/L,vendor_hmi_tag,711eca9b0999d7e3,train
HMI.22.出水氨氮.AI,wastewater_aeration,effluent_ammonia,required,controlled,mg/L,vendor_hmi_tag,d0da180f85821172,train
OUTAMMONIA,wastewater_aeration,effluent_ammonia,required,controlled,mg/L,compact,f466d703c9264b61,train
OUT_AMMONIA,wastewater_aeration,effluent_ammonia,required,controlled,mg/L,template,f466d703c9264b61,train
OUT_AMMONIA[mg/L],wastewater_aeration,effluent_ammonia,required,controlled,mg/L,unit_bracket,f466d703c9264b61,train
OUT_AMMONIA_01,wastewater_aeration,effluent_ammonia,required,controlled,mg/L,channel_suffix,f466d703c9264b61,train
OUT_AMMONIA_PV,wastewater_aeration,effluent_ammonia,required,controlled,mg/L,control_suffix,f466d703c9264b61,train
OUT_AMMONIA_mg/L,wastewater_aeration,effluent_ammonia,required,controlled,mg/L,unit_suffix,f466d703c9264b61,train
effluent_ammonia,wastewater_aeration,effluent_ammonia,required,controlled,mg/L,template,711eca9b0999d7e3,train
effluent_ammonia[mg/L],wastewater_aeration,effluent_ammonia,required,controlled,mg/L,unit_bracket,711eca9b0999d7e3,train
effluent_ammonia_01,wastewater_aeration,effluent_ammonia,required,controlled,mg/L,channel_suffix,711eca9b0999d7e3,train
effluent_ammonia_PV,wastewater_aeration,effluent_ammonia,required,controlled,mg/L,control_suffix,711eca9b0999d7e3,train
effluent_ammonia_mg/L,wastewater_aeration,effluent_ammonia,required,controlled,mg/L,unit_suffix,711eca9b0999d7e3,train
effluentammonia,wastewater_aeration,effluent_ammonia,required,controlled,mg/L,compact,711eca9b0999d7e3,train
出水氨氮,wastewater_aeration,effluent_ammonia,required,controlled,mg/L,template,d0da180f85821172,train
出水氨氮[mg/L],wastewater_aeration,effluent_ammonia,required,controlled,mg/L,unit_bracket,d0da180f85821172,train
出水氨氮_01,wastewater_aeration,effluent_ammonia,required,controlled,mg/L,channel_suffix,d0da180f85821172,train
出水氨氮_PV,wastewater_aeration,effluent_ammonia,required,controlled,mg/L,control_suffix,d0da180f85821172,train
出水氨氮_mg/L,wastewater_aeration,effluent_ammonia,required,controlled,mg/L,unit_suffix,d0da180f85821172,train
装置5-OUT_AMMONIA-CH30-VALUE,wastewater_aeration,effluent_ammonia,required,controlled,mg/L,vendor_channel_tag,f466d703c9264b61,train
装置5-effluent_ammonia-CH30-VALUE,wastewater_aeration,effluent_ammonia,required,controlled,mg/L,vendor_channel_tag,711eca9b0999d7e3,train
装置5-出水氨氮-CH30-VALUE,wastewater_aeration,effluent_ammonia,required,controlled,mg/L,vendor_channel_tag,d0da180f85821172,train
1号effluent_cod,wastewater_aeration,effluent_cod,required,controlled,mg/L,equipment_prefix,e90b787f4c4e22cf,train
A线_effluent_cod,wastewater_aeration,effluent_cod,required,controlled,mg/L,line_prefix,e90b787f4c4e22cf,train
B线#effluent_cod#测点42,wastewater_aeration,effluent_cod,required,controlled,mg/L,line_point_tag,e90b787f4c4e22cf,train
DCS_03_effluent_cod_PV_17,wastewater_aeration,effluent_cod,required,controlled,mg/L,vendor_dcs_tag,e90b787f4c4e22cf,train
HMI.22.effluent_cod.AI,wastewater_aeration,effluent_cod,required,controlled,mg/L,vendor_hmi_tag,e90b787f4c4e22cf,train
effluent_cod,wastewater_aeration,effluent_cod,required,controlled,mg/L,template,e90b787f4c4e22cf,train
effluent_cod[mg/L],wastewater_aeration,effluent_cod,required,controlled,mg/L,unit_bracket,e90b787f4c4e22cf,train
effluent_cod_01,wastewater_aeration,effluent_cod,required,controlled,mg/L,channel_suffix,e90b787f4c4e22cf,train
effluent_cod_PV,wastewater_aeration,effluent_cod,required,controlled,mg/L,control_suffix,e90b787f4c4e22cf,train
effluent_cod_mg/L,wastewater_aeration,effluent_cod,required,controlled,mg/L,unit_suffix,e90b787f4c4e22cf,train
effluentcod,wastewater_aeration,effluent_cod,required,controlled,mg/L,compact,e90b787f4c4e22cf,train
装置5-effluent_cod-CH30-VALUE,wastewater_aeration,effluent_cod,required,controlled,mg/L,vendor_channel_tag,e90b787f4c4e22cf,train
1号进水NH3-N,wastewater_aeration,influent_ammonia,useful,disturbance,mg/L,equipment_prefix,1dd81c2109a88940,train
1号进水氨氮,wastewater_aeration,influent_ammonia,useful,disturbance,mg/L,equipment_prefix,675a4044c8dc6197,train
A线_进水NH3-N,wastewater_aeration,influent_ammonia,useful,disturbance,mg/L,line_prefix,1dd81c2109a88940,train
A线_进水氨氮,wastewater_aeration,influent_ammonia,useful,disturbance,mg/L,line_prefix,675a4044c8dc6197,train
B线#进水NH3-N#测点42,wastewater_aeration,influent_ammonia,useful,disturbance,mg/L,line_point_tag,1dd81c2109a88940,train
B线#进水氨氮#测点42,wastewater_aeration,influent_ammonia,useful,disturbance,mg/L,line_point_tag,675a4044c8dc6197,train
DCS_03_进水NH3_N_PV_17,wastewater_aeration,influent_ammonia,useful,disturbance,mg/L,vendor_dcs_tag,1dd81c2109a88940,train
DCS_03_进水氨氮_PV_17,wastewater_aeration,influent_ammonia,useful,disturbance,mg/L,vendor_dcs_tag,675a4044c8dc6197,train
HMI.22.进水NH3_N.AI,wastewater_aeration,influent_ammonia,useful,disturbance,mg/L,vendor_hmi_tag,1dd81c2109a88940,train
HMI.22.进水氨氮.AI,wastewater_aeration,influent_ammonia,useful,disturbance,mg/L,vendor_hmi_tag,675a4044c8dc6197,train
装置5-进水NH3_N-CH30-VALUE,wastewater_aeration,influent_ammonia,useful,disturbance,mg/L,vendor_channel_tag,1dd81c2109a88940,train
装置5-进水氨氮-CH30-VALUE,wastewater_aeration,influent_ammonia,useful,disturbance,mg/L,vendor_channel_tag,675a4044c8dc6197,train
进水NH3-N,wastewater_aeration,influent_ammonia,useful,disturbance,mg/L,template,1dd81c2109a88940,train
进水NH3-N[mg/L],wastewater_aeration,influent_ammonia,useful,disturbance,mg/L,unit_bracket,1dd81c2109a88940,train
进水NH3N,wastewater_aeration,influent_ammonia,useful,disturbance,mg/L,compact,1dd81c2109a88940,train
进水NH3_N,wastewater_aeration,influent_ammonia,useful,disturbance,mg/L,normalized,1dd81c2109a88940,train
进水NH3_N_01,wastewater_aeration,influent_ammonia,useful,disturbance,mg/L,channel_suffix,1dd81c2109a88940,train
进水NH3_N_PV,wastewater_aeration,influent_ammonia,useful,disturbance,mg/L,control_suffix,1dd81c2109a88940,train
进水NH3_N_mg/L,wastewater_aeration,influent_ammonia,useful,disturbance,mg/L,unit_suffix,1dd81c2109a88940,train
进水氨氮,wastewater_aeration,influent_ammonia,useful,disturbance,mg/L,template,675a4044c8dc6197,train
进水氨氮[mg/L],wastewater_aeration,influent_ammonia,useful,disturbance,mg/L,unit_bracket,675a4044c8dc6197,train
进水氨氮_01,wastewater_aeration,influent_ammonia,useful,disturbance,mg/L,channel_suffix,675a4044c8dc6197,train
进水氨氮_PV,wastewater_aeration,influent_ammonia,useful,disturbance,mg/L,control_suffix,675a4044c8dc6197,train
进水氨氮_mg/L,wastewater_aeration,influent_ammonia,useful,disturbance,mg/L,unit_suffix,675a4044c8dc6197,train
1号IN_COD,wastewater_aeration,influent_cod,required,disturbance,mg/L,equipment_prefix,0c4d429f45b109f1,train
1号进水COD,wastewater_aeration,influent_cod,required,disturbance,mg/L,equipment_prefix,4fd070a380655bf3,train
A线_IN_COD,wastewater_aeration,influent_cod,required,disturbance,mg/L,line_prefix,0c4d429f45b109f1,train
A线_进水COD,wastewater_aeration,influent_cod,required,disturbance,mg/L,line_prefix,4fd070a380655bf3,train
B线#IN_COD#测点42,wastewater_aeration,influent_cod,required,disturbance,mg/L,line_point_tag,0c4d429f45b109f1,train
B线#进水COD#测点42,wastewater_aeration,influent_cod,required,disturbance,mg/L,line_point_tag,4fd070a380655bf3,train
DCS_03_IN_COD_PV_17,wastewater_aeration,influent_cod,required,disturbance,mg/L,vendor_dcs_tag,0c4d429f45b109f1,train
DCS_03_进水COD_PV_17,wastewater_aeration,influent_cod,required,disturbance,mg/L,vendor_dcs_tag,4fd070a380655bf3,train
HMI.22.IN_COD.AI,wastewater_aeration,influent_cod,required,disturbance,mg/L,vendor_hmi_tag,0c4d429f45b109f1,train
HMI.22.进水COD.AI,wastewater_aeration,influent_cod,required,disturbance,mg/L,vendor_hmi_tag,4fd070a380655bf3,train
INCOD,wastewater_aeration,influent_cod,required,disturbance,mg/L,compact,0c4d429f45b109f1,train
IN_COD,wastewater_aeration,influent_cod,required,disturbance,mg/L,template,0c4d429f45b109f1,train
IN_COD[mg/L],wastewater_aeration,influent_cod,required,disturbance,mg/L,unit_bracket,0c4d429f45b109f1,train
IN_COD_01,wastewater_aeration,influent_cod,required,disturbance,mg/L,channel_suffix,0c4d429f45b109f1,train
IN_COD_PV,wastewater_aeration,influent_cod,required,disturbance,mg/L,control_suffix,0c4d429f45b109f1,train
IN_COD_mg/L,wastewater_aeration,influent_cod,required,disturbance,mg/L,unit_suffix,0c4d429f45b109f1,train
装置5-IN_COD-CH30-VALUE,wastewater_aeration,influent_cod,required,disturbance,mg/L,vendor_channel_tag,0c4d429f45b109f1,train
装置5-进水COD-CH30-VALUE,wastewater_aeration,influent_cod,required,disturbance,mg/L,vendor_channel_tag,4fd070a380655bf3,train
进水COD,wastewater_aeration,influent_cod,required,disturbance,mg/L,template,4fd070a380655bf3,train
进水COD[mg/L],wastewater_aeration,influent_cod,required,disturbance,mg/L,unit_bracket,4fd070a380655bf3,train
进水COD_01,wastewater_aeration,influent_cod,required,disturbance,mg/L,channel_suffix,4fd070a380655bf3,train
进水COD_PV,wastewater_aeration,influent_cod,required,disturbance,mg/L,control_suffix,4fd070a380655bf3,train
进水COD_mg/L,wastewater_aeration,influent_cod,required,disturbance,mg/L,unit_suffix,4fd070a380655bf3,train
1号INFLUENT_FLOW,wastewater_aeration,influent_flow,required,disturbance,m3/h,equipment_prefix,c79a8a2726869bdd,train
1号influent_flow,wastewater_aeration,influent_flow,required,disturbance,m3/h,equipment_prefix,35ed7a7238de38b5,train
1号污水流量,wastewater_aeration,influent_flow,required,disturbance,m3/h,equipment_prefix,1ee8b3048175608a,train
A线_INFLUENT_FLOW,wastewater_aeration,influent_flow,required,disturbance,m3/h,line_prefix,c79a8a2726869bdd,train
A线_influent_flow,wastewater_aeration,influent_flow,required,disturbance,m3/h,line_prefix,35ed7a7238de38b5,train
A线_污水流量,wastewater_aeration,influent_flow,required,disturbance,m3/h,line_prefix,1ee8b3048175608a,train
B线#INFLUENT_FLOW#测点42,wastewater_aeration,influent_flow,required,disturbance,m3/h,line_point_tag,c79a8a2726869bdd,train
B线#influent_flow#测点42,wastewater_aeration,influent_flow,required,disturbance,m3/h,line_point_tag,35ed7a7238de38b5,train
B线#污水流量#测点42,wastewater_aeration,influent_flow,required,disturbance,m3/h,line_point_tag,1ee8b3048175608a,train
DCS_03_INFLUENT_FLOW_PV_17,wastewater_aeration,influent_flow,required,disturbance,m3/h,vendor_dcs_tag,c79a8a2726869bdd,train
DCS_03_influent_flow_PV_17,wastewater_aeration,influent_flow,required,disturbance,m3/h,vendor_dcs_tag,35ed7a7238de38b5,train
DCS_03_污水流量_PV_17,wastewater_aeration,influent_flow,required,disturbance,m3/h,vendor_dcs_tag,1ee8b3048175608a,train
HMI.22.INFLUENT_FLOW.AI,wastewater_aeration,influent_flow,required,disturbance,m3/h,vendor_hmi_tag,c79a8a2726869bdd,train
HMI.22.influent_flow.AI,wastewater_aeration,influent_flow,required,disturbance,m3/h,vendor_hmi_tag,35ed7a7238de38b5,train
HMI.22.污水流量.AI,wastewater_aeration,influent_flow,required,disturbance,m3/h,vendor_hmi_tag,1ee8b3048175608a,train
INFLUENTFLOW,wastewater_aeration,influent_flow,required,disturbance,m3/h,compact,c79a8a2726869bdd,train
INFLUENT_FLOW,wastewater_aeration,influent_flow,required,disturbance,m3/h,template,c79a8a2726869bdd,train
INFLUENT_FLOW[m3/h],wastewater_aeration,influent_flow,required,disturbance,m3/h,unit_bracket,c79a8a2726869bdd,train
INFLUENT_FLOW_01,wastewater_aeration,influent_flow,required,disturbance,m3/h,channel_suffix,c79a8a2726869bdd,train
INFLUENT_FLOW_PV,wastewater_aeration,influent_flow,required,disturbance,m3/h,control_suffix,c79a8a2726869bdd,train
INFLUENT_FLOW_m3/h,wastewater_aeration,influent_flow,required,disturbance,m3/h,unit_suffix,c79a8a2726869bdd,train
influent_flow,wastewater_aeration,influent_flow,required,disturbance,m3/h,template,35ed7a7238de38b5,train
influent_flow[m3/h],wastewater_aeration,influent_flow,required,disturbance,m3/h,unit_bracket,35ed7a7238de38b5,train
influent_flow_01,wastewater_aeration,influent_flow,required,disturbance,m3/h,channel_suffix,35ed7a7238de38b5,train
influent_flow_PV,wastewater_aeration,influent_flow,required,disturbance,m3/h,control_suffix,35ed7a7238de38b5,train
influent_flow_m3/h,wastewater_aeration,influent_flow,required,disturbance,m3/h,unit_suffix,35ed7a7238de38b5,train
influentflow,wastewater_aeration,influent_flow,required,disturbance,m3/h,compact,35ed7a7238de38b5,train
污水流量,wastewater_aeration,influent_flow,required,disturbance,m3/h,template,1ee8b3048175608a,train
污水流量[m3/h],wastewater_aeration,influent_flow,required,disturbance,m3/h,unit_bracket,1ee8b3048175608a,train
污水流量_01,wastewater_aeration,influent_flow,required,disturbance,m3/h,channel_suffix,1ee8b3048175608a,train
污水流量_PV,wastewater_aeration,influent_flow,required,disturbance,m3/h,control_suffix,1ee8b3048175608a,train
污水流量_m3/h,wastewater_aeration,influent_flow,required,disturbance,m3/h,unit_suffix,1ee8b3048175608a,train
装置5-INFLUENT_FLOW-CH30-VALUE,wastewater_aeration,influent_flow,required,disturbance,m3/h,vendor_channel_tag,c79a8a2726869bdd,train
装置5-influent_flow-CH30-VALUE,wastewater_aeration,influent_flow,required,disturbance,m3/h,vendor_channel_tag,35ed7a7238de38b5,train
装置5-污水流量-CH30-VALUE,wastewater_aeration,influent_flow,required,disturbance,m3/h,vendor_channel_tag,1ee8b3048175608a,train
1号MLSS,wastewater_aeration,mlss,required,state,mg/L,equipment_prefix,c7c620103c1a161c,train
1号mlss,wastewater_aeration,mlss,required,state,mg/L,equipment_prefix,a33c742b9f1c875a,train
1号污泥浓度,wastewater_aeration,mlss,required,state,mg/L,equipment_prefix,069d6473b72a9f18,train
A线_MLSS,wastewater_aeration,mlss,required,state,mg/L,line_prefix,c7c620103c1a161c,train
A线_mlss,wastewater_aeration,mlss,required,state,mg/L,line_prefix,a33c742b9f1c875a,train
A线_污泥浓度,wastewater_aeration,mlss,required,state,mg/L,line_prefix,069d6473b72a9f18,train
B线#MLSS#测点42,wastewater_aeration,mlss,required,state,mg/L,line_point_tag,c7c620103c1a161c,train
B线#mlss#测点42,wastewater_aeration,mlss,required,state,mg/L,line_point_tag,a33c742b9f1c875a,train
B线#污泥浓度#测点42,wastewater_aeration,mlss,required,state,mg/L,line_point_tag,069d6473b72a9f18,train
DCS_03_MLSS_PV_17,wastewater_aeration,mlss,required,state,mg/L,vendor_dcs_tag,c7c620103c1a161c,train
DCS_03_mlss_PV_17,wastewater_aeration,mlss,required,state,mg/L,vendor_dcs_tag,a33c742b9f1c875a,train
DCS_03_污泥浓度_PV_17,wastewater_aeration,mlss,required,state,mg/L,vendor_dcs_tag,069d6473b72a9f18,train
HMI.22.MLSS.AI,wastewater_aeration,mlss,required,state,mg/L,vendor_hmi_tag,c7c620103c1a161c,train
HMI.22.mlss.AI,wastewater_aeration,mlss,required,state,mg/L,vendor_hmi_tag,a33c742b9f1c875a,train
HMI.22.污泥浓度.AI,wastewater_aeration,mlss,required,state,mg/L,vendor_hmi_tag,069d6473b72a9f18,train
MLSS,wastewater_aeration,mlss,required,state,mg/L,template,c7c620103c1a161c,train
MLSS[mg/L],wastewater_aeration,mlss,required,state,mg/L,unit_bracket,c7c620103c1a161c,train
MLSS_01,wastewater_aeration,mlss,required,state,mg/L,channel_suffix,c7c620103c1a161c,train
MLSS_PV,wastewater_aeration,mlss,required,state,mg/L,control_suffix,c7c620103c1a161c,train
MLSS_mg/L,wastewater_aeration,mlss,required,state,mg/L,unit_suffix,c7c620103c1a161c,train
mlss,wastewater_aeration,mlss,required,state,mg/L,template,a33c742b9f1c875a,train
mlss[mg/L],wastewater_aeration,mlss,required,state,mg/L,unit_bracket,a33c742b9f1c875a,train
mlss_01,wastewater_aeration,mlss,required,state,mg/L,channel_suffix,a33c742b9f1c875a,train
mlss_PV,wastewater_aeration,mlss,required,state,mg/L,control_suffix,a33c742b9f1c875a,train
mlss_mg/L,wastewater_aeration,mlss,required,state,mg/L,unit_suffix,a33c742b9f1c875a,train
污泥浓度,wastewater_aeration,mlss,required,state,mg/L,template,069d6473b72a9f18,train
污泥浓度[mg/L],wastewater_aeration,mlss,required,state,mg/L,unit_bracket,069d6473b72a9f18,train
污泥浓度_01,wastewater_aeration,mlss,required,state,mg/L,channel_suffix,069d6473b72a9f18,train
污泥浓度_PV,wastewater_aeration,mlss,required,state,mg/L,control_suffix,069d6473b72a9f18,train
污泥浓度_mg/L,wastewater_aeration,mlss,required,state,mg/L,unit_suffix,069d6473b72a9f18,train
装置5-MLSS-CH30-VALUE,wastewater_aeration,mlss,required,state,mg/L,vendor_channel_tag,c7c620103c1a161c,train
装置5-mlss-CH30-VALUE,wastewater_aeration,mlss,required,state,mg/L,vendor_channel_tag,a33c742b9f1c875a,train
装置5-污泥浓度-CH30-VALUE,wastewater_aeration,mlss,required,state,mg/L,vendor_channel_tag,069d6473b72a9f18,train
1号PH值,wastewater_aeration,ph,useful,state,pH,equipment_prefix,f4dabac215d36481,train
1号酸碱值,wastewater_aeration,ph,useful,state,pH,equipment_prefix,f012f37aeb70d819,train
1号酸碱度,wastewater_aeration,ph,useful,state,pH,equipment_prefix,2915178ca8c0cd48,train
A线_PH值,wastewater_aeration,ph,useful,state,pH,line_prefix,f4dabac215d36481,train
A线_酸碱值,wastewater_aeration,ph,useful,state,pH,line_prefix,f012f37aeb70d819,train
A线_酸碱度,wastewater_aeration,ph,useful,state,pH,line_prefix,2915178ca8c0cd48,train
B线#PH值#测点42,wastewater_aeration,ph,useful,state,pH,line_point_tag,f4dabac215d36481,train
B线#酸碱值#测点42,wastewater_aeration,ph,useful,state,pH,line_point_tag,f012f37aeb70d819,train
B线#酸碱度#测点42,wastewater_aeration,ph,useful,state,pH,line_point_tag,2915178ca8c0cd48,train
DCS_03_PH值_PV_17,wastewater_aeration,ph,useful,state,pH,vendor_dcs_tag,f4dabac215d36481,train
DCS_03_酸碱值_PV_17,wastewater_aeration,ph,useful,state,pH,vendor_dcs_tag,f012f37aeb70d819,train
DCS_03_酸碱度_PV_17,wastewater_aeration,ph,useful,state,pH,vendor_dcs_tag,2915178ca8c0cd48,train
HMI.22.PH值.AI,wastewater_aeration,ph,useful,state,pH,vendor_hmi_tag,f4dabac215d36481,train
HMI.22.酸碱值.AI,wastewater_aeration,ph,useful,state,pH,vendor_hmi_tag,f012f37aeb70d819,train
HMI.22.酸碱度.AI,wastewater_aeration,ph,useful,state,pH,vendor_hmi_tag,2915178ca8c0cd48,train
PH值,wastewater_aeration,ph,useful,state,pH,template,f4dabac215d36481,train
PH值[pH],wastewater_aeration,ph,useful,state,pH,unit_bracket,f4dabac215d36481,train
PH值_01,wastewater_aeration,ph,useful,state,pH,channel_suffix,f4dabac215d36481,train
PH值_PV,wastewater_aeration,ph,useful,state,pH,control_suffix,f4dabac215d36481,train
PH值_pH,wastewater_aeration,ph,useful,state,pH,unit_suffix,f4dabac215d36481,train
装置5-PH值-CH30-VALUE,wastewater_aeration,ph,useful,state,pH,vendor_channel_tag,f4dabac215d36481,train
装置5-酸碱值-CH30-VALUE,wastewater_aeration,ph,useful,state,pH,vendor_channel_tag,f012f37aeb70d819,train
装置5-酸碱度-CH30-VALUE,wastewater_aeration,ph,useful,state,pH,vendor_channel_tag,2915178ca8c0cd48,train
酸碱值,wastewater_aeration,ph,useful,state,pH,template,f012f37aeb70d819,train
酸碱值[pH],wastewater_aeration,ph,useful,state,pH,unit_bracket,f012f37aeb70d819,train
酸碱值_01,wastewater_aeration,ph,useful,state,pH,channel_suffix,f012f37aeb70d819,train
酸碱值_PV,wastewater_aeration,ph,useful,state,pH,control_suffix,f012f37aeb70d819,train
酸碱值_pH,wastewater_aeration,ph,useful,state,pH,unit_suffix,f012f37aeb70d819,train
酸碱度,wastewater_aeration,ph,useful,state,pH,template,2915178ca8c0cd48,train
酸碱度[pH],wastewater_aeration,ph,useful,state,pH,unit_bracket,2915178ca8c0cd48,train
酸碱度_01,wastewater_aeration,ph,useful,state,pH,channel_suffix,2915178ca8c0cd48,train
酸碱度_PV,wastewater_aeration,ph,useful,state,pH,control_suffix,2915178ca8c0cd48,train
酸碱度_pH,wastewater_aeration,ph,useful,state,pH,unit_suffix,2915178ca8c0cd48,train
1号RAS_FLOW,wastewater_aeration,return_sludge_flow,useful,manipulated,m3/h,equipment_prefix,a08e58bdd16e3bcb,train
1号RETURN_SLUDGE_FLOW,wastewater_aeration,return_sludge_flow,useful,manipulated,m3/h,equipment_prefix,5f91fea9ae5bb709,train
1号return_sludge_flow,wastewater_aeration,return_sludge_flow,useful,manipulated,m3/h,equipment_prefix,c541026657609ef7,train
1号污泥回流量,wastewater_aeration,return_sludge_flow,useful,manipulated,m3/h,equipment_prefix,45ca5495a7236814,train
A线_RAS_FLOW,wastewater_aeration,return_sludge_flow,useful,manipulated,m3/h,line_prefix,a08e58bdd16e3bcb,train
A线_RETURN_SLUDGE_FLOW,wastewater_aeration,return_sludge_flow,useful,manipulated,m3/h,line_prefix,5f91fea9ae5bb709,train
A线_return_sludge_flow,wastewater_aeration,return_sludge_flow,useful,manipulated,m3/h,line_prefix,c541026657609ef7,train
A线_污泥回流量,wastewater_aeration,return_sludge_flow,useful,manipulated,m3/h,line_prefix,45ca5495a7236814,train
B线#RAS_FLOW#测点42,wastewater_aeration,return_sludge_flow,useful,manipulated,m3/h,line_point_tag,a08e58bdd16e3bcb,train
B线#RETURN_SLUDGE_FLOW#测点42,wastewater_aeration,return_sludge_flow,useful,manipulated,m3/h,line_point_tag,5f91fea9ae5bb709,train
B线#return_sludge_flow#测点42,wastewater_aeration,return_sludge_flow,useful,manipulated,m3/h,line_point_tag,c541026657609ef7,train
B线#污泥回流量#测点42,wastewater_aeration,return_sludge_flow,useful,manipulated,m3/h,line_point_tag,45ca5495a7236814,train
DCS_03_RAS_FLOW_PV_17,wastewater_aeration,return_sludge_flow,useful,manipulated,m3/h,vendor_dcs_tag,a08e58bdd16e3bcb,train
DCS_03_RETURN_SLUDGE_FLOW_PV_17,wastewater_aeration,return_sludge_flow,useful,manipulated,m3/h,vendor_dcs_tag,5f91fea9ae5bb709,train
DCS_03_return_sludge_flow_PV_17,wastewater_aeration,return_sludge_flow,useful,manipulated,m3/h,vendor_dcs_tag,c541026657609ef7,train
DCS_03_污泥回流量_PV_17,wastewater_aeration,return_sludge_flow,useful,manipulated,m3/h,vendor_dcs_tag,45ca5495a7236814,train
HMI.22.RAS_FLOW.AI,wastewater_aeration,return_sludge_flow,useful,manipulated,m3/h,vendor_hmi_tag,a08e58bdd16e3bcb,train
HMI.22.RETURN_SLUDGE_FLOW.AI,wastewater_aeration,return_sludge_flow,useful,manipulated,m3/h,vendor_hmi_tag,5f91fea9ae5bb709,train
HMI.22.return_sludge_flow.AI,wastewater_aeration,return_sludge_flow,useful,manipulated,m3/h,vendor_hmi_tag,c541026657609ef7,train
HMI.22.污泥回流量.AI,wastewater_aeration,return_sludge_flow,useful,manipulated,m3/h,vendor_hmi_tag,45ca5495a7236814,train
RASFLOW,wastewater_aeration,return_sludge_flow,useful,manipulated,m3/h,compact,a08e58bdd16e3bcb,train
RAS_FLOW,wastewater_aeration,return_sludge_flow,useful,manipulated,m3/h,template,a08e58bdd16e3bcb,train
RAS_FLOW[m3/h],wastewater_aeration,return_sludge_flow,useful,manipulated,m3/h,unit_bracket,a08e58bdd16e3bcb,train
RAS_FLOW_01,wastewater_aeration,return_sludge_flow,useful,manipulated,m3/h,channel_suffix,a08e58bdd16e3bcb,train
RAS_FLOW_SP,wastewater_aeration,return_sludge_flow,useful,manipulated,m3/h,control_suffix,a08e58bdd16e3bcb,train
RAS_FLOW_m3/h,wastewater_aeration,return_sludge_flow,useful,manipulated,m3/h,unit_suffix,a08e58bdd16e3bcb,train
RETURNSLUDGEFLOW,wastewater_aeration,return_sludge_flow,useful,manipulated,m3/h,compact,5f91fea9ae5bb709,train
RETURN_SLUDGE_FLOW,wastewater_aeration,return_sludge_flow,useful,manipulated,m3/h,template,5f91fea9ae5bb709,train
RETURN_SLUDGE_FLOW[m3/h],wastewater_aeration,return_sludge_flow,useful,manipulated,m3/h,unit_bracket,5f91fea9ae5bb709,train
RETURN_SLUDGE_FLOW_01,wastewater_aeration,return_sludge_flow,useful,manipulated,m3/h,channel_suffix,5f91fea9ae5bb709,train
RETURN_SLUDGE_FLOW_SP,wastewater_aeration,return_sludge_flow,useful,manipulated,m3/h,control_suffix,5f91fea9ae5bb709,train
RETURN_SLUDGE_FLOW_m3/h,wastewater_aeration,return_sludge_flow,useful,manipulated,m3/h,unit_suffix,5f91fea9ae5bb709,train
return_sludge_flow,wastewater_aeration,return_sludge_flow,useful,manipulated,m3/h,template,c541026657609ef7,train
return_sludge_flow[m3/h],wastewater_aeration,return_sludge_flow,useful,manipulated,m3/h,unit_bracket,c541026657609ef7,train
return_sludge_flow_01,wastewater_aeration,return_sludge_flow,useful,manipulated,m3/h,channel_suffix,c541026657609ef7,train
return_sludge_flow_SP,wastewater_aeration,return_sludge_flow,useful,manipulated,m3/h,control_suffix,c541026657609ef7,train
return_sludge_flow_m3/h,wastewater_aeration,return_sludge_flow,useful,manipulated,m3/h,unit_suffix,c541026657609ef7,train
returnsludgeflow,wastewater_aeration,return_sludge_flow,useful,manipulated,m3/h,compact,c541026657609ef7,train
污泥回流量,wastewater_aeration,return_sludge_flow,useful,manipulated,m3/h,template,45ca5495a7236814,train
污泥回流量[m3/h],wastewater_aeration,return_sludge_flow,useful,manipulated,m3/h,unit_bracket,45ca5495a7236814,train
污泥回流量_01,wastewater_aeration,return_sludge_flow,useful,manipulated,m3/h,channel_suffix,45ca5495a7236814,train
污泥回流量_SP,wastewater_aeration,return_sludge_flow,useful,manipulated,m3/h,control_suffix,45ca5495a7236814,train
污泥回流量_m3/h,wastewater_aeration,return_sludge_flow,useful,manipulated,m3/h,unit_suffix,45ca5495a7236814,train
装置5-RAS_FLOW-CH30-VALUE,wastewater_aeration,return_sludge_flow,useful,manipulated,m3/h,vendor_channel_tag,a08e58bdd16e3bcb,train
装置5-RETURN_SLUDGE_FLOW-CH30-VALUE,wastewater_aeration,return_sludge_flow,useful,manipulated,m3/h,vendor_channel_tag,5f91fea9ae5bb709,train
装置5-return_sludge_flow-CH30-VALUE,wastewater_aeration,return_sludge_flow,useful,manipulated,m3/h,vendor_channel_tag,c541026657609ef7,train
装置5-污泥回流量-CH30-VALUE,wastewater_aeration,return_sludge_flow,useful,manipulated,m3/h,vendor_channel_tag,45ca5495a7236814,train
1号DATETIME,wastewater_aeration,timestamp,required,time,datetime,equipment_prefix,7589f056c8b2102e,train
1号TIME,wastewater_aeration,timestamp,required,time,datetime,equipment_prefix,3e9485098c4a3435,train
1号TS,wastewater_aeration,timestamp,required,time,datetime,equipment_prefix,b298f2f524f49cb8,train
1号timestamp,wastewater_aeration,timestamp,required,time,datetime,equipment_prefix,244973314dbf4a44,train
1号时间,wastewater_aeration,timestamp,required,time,datetime,equipment_prefix,2272dc24ff8d9c6b,train
1号时间戳,wastewater_aeration,timestamp,required,time,datetime,equipment_prefix,f6f8a7c184287a70,train
1号采集时间,wastewater_aeration,timestamp,required,time,datetime,equipment_prefix,c767c94bc8381039,train
A线_DATETIME,wastewater_aeration,timestamp,required,time,datetime,line_prefix,7589f056c8b2102e,train
A线_TIME,wastewater_aeration,timestamp,required,time,datetime,line_prefix,3e9485098c4a3435,train
A线_TS,wastewater_aeration,timestamp,required,time,datetime,line_prefix,b298f2f524f49cb8,train
A线_timestamp,wastewater_aeration,timestamp,required,time,datetime,line_prefix,244973314dbf4a44,train
A线_时间,wastewater_aeration,timestamp,required,time,datetime,line_prefix,2272dc24ff8d9c6b,train
A线_时间戳,wastewater_aeration,timestamp,required,time,datetime,line_prefix,f6f8a7c184287a70,train
A线_采集时间,wastewater_aeration,timestamp,required,time,datetime,line_prefix,c767c94bc8381039,train
B线#DATETIME#测点42,wastewater_aeration,timestamp,required,time,datetime,line_point_tag,7589f056c8b2102e,train
B线#TIME#测点42,wastewater_aeration,timestamp,required,time,datetime,line_point_tag,3e9485098c4a3435,train
B线#TS#测点42,wastewater_aeration,timestamp,required,time,datetime,line_point_tag,b298f2f524f49cb8,train
B线#timestamp#测点42,wastewater_aeration,timestamp,required,time,datetime,line_point_tag,244973314dbf4a44,train
B线#时间#测点42,wastewater_aeration,timestamp,required,time,datetime,line_point_tag,2272dc24ff8d9c6b,train
B线#时间戳#测点42,wastewater_aeration,timestamp,required,time,datetime,line_point_tag,f6f8a7c184287a70,train
B线#采集时间#测点42,wastewater_aeration,timestamp,required,time,datetime,line_point_tag,c767c94bc8381039,train
DATETIME,wastewater_aeration,timestamp,required,time,datetime,template,7589f056c8b2102e,train
DATETIME_01,wastewater_aeration,timestamp,required,time,datetime,channel_suffix,7589f056c8b2102e,train
DATETIME_PV,wastewater_aeration,timestamp,required,time,datetime,control_suffix,7589f056c8b2102e,train
DCS_03_DATETIME_PV_17,wastewater_aeration,timestamp,required,time,datetime,vendor_dcs_tag,7589f056c8b2102e,train
DCS_03_TIME_PV_17,wastewater_aeration,timestamp,required,time,datetime,vendor_dcs_tag,3e9485098c4a3435,train
DCS_03_TS_PV_17,wastewater_aeration,timestamp,required,time,datetime,vendor_dcs_tag,b298f2f524f49cb8,train
DCS_03_timestamp_PV_17,wastewater_aeration,timestamp,required,time,datetime,vendor_dcs_tag,244973314dbf4a44,train
DCS_03_时间_PV_17,wastewater_aeration,timestamp,required,time,datetime,vendor_dcs_tag,2272dc24ff8d9c6b,train
DCS_03_时间戳_PV_17,wastewater_aeration,timestamp,required,time,datetime,vendor_dcs_tag,f6f8a7c184287a70,train
DCS_03_采集时间_PV_17,wastewater_aeration,timestamp,required,time,datetime,vendor_dcs_tag,c767c94bc8381039,train
HMI.22.DATETIME.AI,wastewater_aeration,timestamp,required,time,datetime,vendor_hmi_tag,7589f056c8b2102e,train
HMI.22.TIME.AI,wastewater_aeration,timestamp,required,time,datetime,vendor_hmi_tag,3e9485098c4a3435,train
HMI.22.TS.AI,wastewater_aeration,timestamp,required,time,datetime,vendor_hmi_tag,b298f2f524f49cb8,train
HMI.22.timestamp.AI,wastewater_aeration,timestamp,required,time,datetime,vendor_hmi_tag,244973314dbf4a44,train
HMI.22.时间.AI,wastewater_aeration,timestamp,required,time,datetime,vendor_hmi_tag,2272dc24ff8d9c6b,train
HMI.22.时间戳.AI,wastewater_aeration,timestamp,required,time,datetime,vendor_hmi_tag,f6f8a7c184287a70,train
HMI.22.采集时间.AI,wastewater_aeration,timestamp,required,time,datetime,vendor_hmi_tag,c767c94bc8381039,train
TIME,wastewater_aeration,timestamp,required,time,datetime,template,3e9485098c4a3435,train
TIMESTAMP,wastewater_aeration,timestamp,required,time,datetime,uppercase,244973314dbf4a44,train
TIME_01,wastewater_aeration,timestamp,required,time,datetime,channel_suffix,3e9485098c4a3435,train
TIME_PV,wastewater_aeration,timestamp,required,time,datetime,control_suffix,3e9485098c4a3435,train
TS,wastewater_aeration,timestamp,required,time,datetime,template,b298f2f524f49cb8,train
TS_01,wastewater_aeration,timestamp,required,time,datetime,channel_suffix,b298f2f524f49cb8,train
TS_PV,wastewater_aeration,timestamp,required,time,datetime,control_suffix,b298f2f524f49cb8,train
timestamp,wastewater_aeration,timestamp,required,time,datetime,template,244973314dbf4a44,train
timestamp_01,wastewater_aeration,timestamp,required,time,datetime,channel_suffix,244973314dbf4a44,train
timestamp_PV,wastewater_aeration,timestamp,required,time,datetime,control_suffix,244973314dbf4a44,train
时间,wastewater_aeration,timestamp,required,time,datetime,template,2272dc24ff8d9c6b,train
时间_01,wastewater_aeration,timestamp,required,time,datetime,channel_suffix,2272dc24ff8d9c6b,train
时间_PV,wastewater_aeration,timestamp,required,time,datetime,control_suffix,2272dc24ff8d9c6b,train
时间戳,wastewater_aeration,timestamp,required,time,datetime,template,f6f8a7c184287a70,train
时间戳_01,wastewater_aeration,timestamp,required,time,datetime,channel_suffix,f6f8a7c184287a70,train
时间戳_PV,wastewater_aeration,timestamp,required,time,datetime,control_suffix,f6f8a7c184287a70,train
装置5-DATETIME-CH30-VALUE,wastewater_aeration,timestamp,required,time,datetime,vendor_channel_tag,7589f056c8b2102e,train
装置5-TIME-CH30-VALUE,wastewater_aeration,timestamp,required,time,datetime,vendor_channel_tag,3e9485098c4a3435,train
装置5-TS-CH30-VALUE,wastewater_aeration,timestamp,required,time,datetime,vendor_channel_tag,b298f2f524f49cb8,train
装置5-timestamp-CH30-VALUE,wastewater_aeration,timestamp,required,time,datetime,vendor_channel_tag,244973314dbf4a44,train
装置5-时间-CH30-VALUE,wastewater_aeration,timestamp,required,time,datetime,vendor_channel_tag,2272dc24ff8d9c6b,train
装置5-时间戳-CH30-VALUE,wastewater_aeration,timestamp,required,time,datetime,vendor_channel_tag,f6f8a7c184287a70,train
装置5-采集时间-CH30-VALUE,wastewater_aeration,timestamp,required,time,datetime,vendor_channel_tag,c767c94bc8381039,train
采集时间,wastewater_aeration,timestamp,required,time,datetime,template,c767c94bc8381039,train
采集时间_01,wastewater_aeration,timestamp,required,time,datetime,channel_suffix,c767c94bc8381039,train
采集时间_PV,wastewater_aeration,timestamp,required,time,datetime,control_suffix,c767c94bc8381039,train
1号WATER_TEMP,wastewater_aeration,water_temperature,useful,state,degC,equipment_prefix,7a2f20e66dc40c23,train
1号water_temperature,wastewater_aeration,water_temperature,useful,state,degC,equipment_prefix,31a90edf51d4e383,train
1号水温,wastewater_aeration,water_temperature,useful,state,degC,equipment_prefix,70ba4e3741c40409,train
1号池温,wastewater_aeration,water_temperature,useful,state,degC,equipment_prefix,9ecff86b93125917,train
A线_WATER_TEMP,wastewater_aeration,water_temperature,useful,state,degC,line_prefix,7a2f20e66dc40c23,train
A线_water_temperature,wastewater_aeration,water_temperature,useful,state,degC,line_prefix,31a90edf51d4e383,train
A线_水温,wastewater_aeration,water_temperature,useful,state,degC,line_prefix,70ba4e3741c40409,train
A线_池温,wastewater_aeration,water_temperature,useful,state,degC,line_prefix,9ecff86b93125917,train
B线#WATER_TEMP#测点42,wastewater_aeration,water_temperature,useful,state,degC,line_point_tag,7a2f20e66dc40c23,train
B线#water_temperature#测点42,wastewater_aeration,water_temperature,useful,state,degC,line_point_tag,31a90edf51d4e383,train
B线#水温#测点42,wastewater_aeration,water_temperature,useful,state,degC,line_point_tag,70ba4e3741c40409,train
B线#池温#测点42,wastewater_aeration,water_temperature,useful,state,degC,line_point_tag,9ecff86b93125917,train
DCS_03_WATER_TEMP_PV_17,wastewater_aeration,water_temperature,useful,state,degC,vendor_dcs_tag,7a2f20e66dc40c23,train
DCS_03_water_temperature_PV_17,wastewater_aeration,water_temperature,useful,state,degC,vendor_dcs_tag,31a90edf51d4e383,train
DCS_03_水温_PV_17,wastewater_aeration,water_temperature,useful,state,degC,vendor_dcs_tag,70ba4e3741c40409,train
DCS_03_池温_PV_17,wastewater_aeration,water_temperature,useful,state,degC,vendor_dcs_tag,9ecff86b93125917,train
HMI.22.WATER_TEMP.AI,wastewater_aeration,water_temperature,useful,state,degC,vendor_hmi_tag,7a2f20e66dc40c23,train
HMI.22.water_temperature.AI,wastewater_aeration,water_temperature,useful,state,degC,vendor_hmi_tag,31a90edf51d4e383,train
HMI.22.水温.AI,wastewater_aeration,water_temperature,useful,state,degC,vendor_hmi_tag,70ba4e3741c40409,train
HMI.22.池温.AI,wastewater_aeration,water_temperature,useful,state,degC,vendor_hmi_tag,9ecff86b93125917,train
WATERTEMP,wastewater_aeration,water_temperature,useful,state,degC,compact,7a2f20e66dc40c23,train
WATER_TEMP,wastewater_aeration,water_temperature,useful,state,degC,template,7a2f20e66dc40c23,train
WATER_TEMPERATURE,wastewater_aeration,water_temperature,useful,state,degC,uppercase,31a90edf51d4e383,train
WATER_TEMP[degC],wastewater_aeration,water_temperature,useful,state,degC,unit_bracket,7a2f20e66dc40c23,train
WATER_TEMP_01,wastewater_aeration,water_temperature,useful,state,degC,channel_suffix,7a2f20e66dc40c23,train
WATER_TEMP_PV,wastewater_aeration,water_temperature,useful,state,degC,control_suffix,7a2f20e66dc40c23,train
WATER_TEMP_degC,wastewater_aeration,water_temperature,useful,state,degC,unit_suffix,7a2f20e66dc40c23,train
water_temperature,wastewater_aeration,water_temperature,useful,state,degC,template,31a90edf51d4e383,train
water_temperature[degC],wastewater_aeration,water_temperature,useful,state,degC,unit_bracket,31a90edf51d4e383,train
water_temperature_01,wastewater_aeration,water_temperature,useful,state,degC,channel_suffix,31a90edf51d4e383,train
water_temperature_PV,wastewater_aeration,water_temperature,useful,state,degC,control_suffix,31a90edf51d4e383,train
water_temperature_degC,wastewater_aeration,water_temperature,useful,state,degC,unit_suffix,31a90edf51d4e383,train
watertemperature,wastewater_aeration,water_temperature,useful,state,degC,compact,31a90edf51d4e383,train
水温,wastewater_aeration,water_temperature,useful,state,degC,template,70ba4e3741c40409,train
水温[degC],wastewater_aeration,water_temperature,useful,state,degC,unit_bracket,70ba4e3741c40409,train
水温_01,wastewater_aeration,water_temperature,useful,state,degC,channel_suffix,70ba4e3741c40409,train
水温_PV,wastewater_aeration,water_temperature,useful,state,degC,control_suffix,70ba4e3741c40409,train
水温_degC,wastewater_aeration,water_temperature,useful,state,degC,unit_suffix,70ba4e3741c40409,train
池温,wastewater_aeration,water_temperature,useful,state,degC,template,9ecff86b93125917,train
池温[degC],wastewater_aeration,water_temperature,useful,state,degC,unit_bracket,9ecff86b93125917,train
池温_01,wastewater_aeration,water_temperature,useful,state,degC,channel_suffix,9ecff86b93125917,train
池温_PV,wastewater_aeration,water_temperature,useful,state,degC,control_suffix,9ecff86b93125917,train
池温_degC,wastewater_aeration,water_temperature,useful,state,degC,unit_suffix,9ecff86b93125917,train
装置5-WATER_TEMP-CH30-VALUE,wastewater_aeration,water_temperature,useful,state,degC,vendor_channel_tag,7a2f20e66dc40c23,train
装置5-water_temperature-CH30-VALUE,wastewater_aeration,water_temperature,useful,state,degC,vendor_channel_tag,31a90edf51d4e383,train
装置5-水温-CH30-VALUE,wastewater_aeration,water_temperature,useful,state,degC,vendor_channel_tag,70ba4e3741c40409,train
装置5-池温-CH30-VALUE,wastewater_aeration,water_temperature,useful,state,degC,vendor_channel_tag,9ecff86b93125917,train
DCS_交换机端口状态_25,cement_rotary_kiln,__irrelevant__,irrelevant,none,,negative_vendor,6475c1a9064a9f61,validation
DCS_厂区门禁记录_25,cement_rotary_kiln,__irrelevant__,irrelevant,none,,negative_vendor,da4657623a8cb8da,validation
DCS_打印机墨粉余量_25,cement_rotary_kiln,__irrelevant__,irrelevant,none,,negative_vendor,70a8cd923b24e115,validation
DCS_数据库备份状态_25,cement_rotary_kiln,__irrelevant__,irrelevant,none,,negative_vendor,2e2947ffb41f45dd,validation
DCS_画面颜色_25,cement_rotary_kiln,__irrelevant__,irrelevant,none,,negative_vendor,3ef4fd759d9527b6,validation
DCS_设备描述_25,cement_rotary_kiln,__irrelevant__,irrelevant,none,,negative_vendor,10729d0664261fa1,validation
DCS_软件版本说明_25,cement_rotary_kiln,__irrelevant__,irrelevant,none,,negative_vendor,cac5d37981c6bc12,validation
HMI.60.交换机端口状态.RAW,cement_rotary_kiln,__irrelevant__,irrelevant,none,,negative_vendor,6475c1a9064a9f61,validation
HMI.60.厂区门禁记录.RAW,cement_rotary_kiln,__irrelevant__,irrelevant,none,,negative_vendor,da4657623a8cb8da,validation
HMI.60.打印机墨粉余量.RAW,cement_rotary_kiln,__irrelevant__,irrelevant,none,,negative_vendor,70a8cd923b24e115,validation
HMI.60.数据库备份状态.RAW,cement_rotary_kiln,__irrelevant__,irrelevant,none,,negative_vendor,2e2947ffb41f45dd,validation
HMI.60.画面颜色.RAW,cement_rotary_kiln,__irrelevant__,irrelevant,none,,negative_vendor,3ef4fd759d9527b6,validation
HMI.60.设备描述.RAW,cement_rotary_kiln,__irrelevant__,irrelevant,none,,negative_vendor,10729d0664261fa1,validation
HMI.60.软件版本说明.RAW,cement_rotary_kiln,__irrelevant__,irrelevant,none,,negative_vendor,cac5d37981c6bc12,validation
交换机端口状态,cement_rotary_kiln,__irrelevant__,irrelevant,none,,negative,6475c1a9064a9f61,validation
厂区门禁记录,cement_rotary_kiln,__irrelevant__,irrelevant,none,,negative,da4657623a8cb8da,validation
打印机墨粉余量,cement_rotary_kiln,__irrelevant__,irrelevant,none,,negative,70a8cd923b24e115,validation
数据库备份状态,cement_rotary_kiln,__irrelevant__,irrelevant,none,,negative,2e2947ffb41f45dd,validation
画面颜色,cement_rotary_kiln,__irrelevant__,irrelevant,none,,negative,3ef4fd759d9527b6,validation
设备描述,cement_rotary_kiln,__irrelevant__,irrelevant,none,,negative,10729d0664261fa1,validation
软件版本说明,cement_rotary_kiln,__irrelevant__,irrelevant,none,,negative,cac5d37981c6bc12,validation
1号clinker_temperature,cement_rotary_kiln,clinker_temperature,useful,state,degC,equipment_prefix,0687a5081e35e974,validation
A线_clinker_temperature,cement_rotary_kiln,clinker_temperature,useful,state,degC,line_prefix,0687a5081e35e974,validation
B线#clinker_temperature#测点42,cement_rotary_kiln,clinker_temperature,useful,state,degC,line_point_tag,0687a5081e35e974,validation
CLINKER_TEMPERATURE,cement_rotary_kiln,clinker_temperature,useful,state,degC,uppercase,0687a5081e35e974,validation
DCS_03_clinker_temperature_PV_17,cement_rotary_kiln,clinker_temperature,useful,state,degC,vendor_dcs_tag,0687a5081e35e974,validation
HMI.22.clinker_temperature.AI,cement_rotary_kiln,clinker_temperature,useful,state,degC,vendor_hmi_tag,0687a5081e35e974,validation
clinker_temperature,cement_rotary_kiln,clinker_temperature,useful,state,degC,template,0687a5081e35e974,validation
clinker_temperature[degC],cement_rotary_kiln,clinker_temperature,useful,state,degC,unit_bracket,0687a5081e35e974,validation
clinker_temperature_01,cement_rotary_kiln,clinker_temperature,useful,state,degC,channel_suffix,0687a5081e35e974,validation
clinker_temperature_PV,cement_rotary_kiln,clinker_temperature,useful,state,degC,control_suffix,0687a5081e35e974,validation
clinker_temperature_degC,cement_rotary_kiln,clinker_temperature,useful,state,degC,unit_suffix,0687a5081e35e974,validation
clinkertemperature,cement_rotary_kiln,clinker_temperature,useful,state,degC,compact,0687a5081e35e974,validation
装置5-clinker_temperature-CH30-VALUE,cement_rotary_kiln,clinker_temperature,useful,state,degC,vendor_channel_tag,0687a5081e35e974,validation
1号窑电流,cement_rotary_kiln,kiln_current,useful,state,A,equipment_prefix,86b8d4fe44fb438d,validation
A线_窑电流,cement_rotary_kiln,kiln_current,useful,state,A,line_prefix,86b8d4fe44fb438d,validation
B线#窑电流#测点42,cement_rotary_kiln,kiln_current,useful,state,A,line_point_tag,86b8d4fe44fb438d,validation
DCS_03_窑电流_PV_17,cement_rotary_kiln,kiln_current,useful,state,A,vendor_dcs_tag,86b8d4fe44fb438d,validation
HMI.22.窑电流.AI,cement_rotary_kiln,kiln_current,useful,state,A,vendor_hmi_tag,86b8d4fe44fb438d,validation
窑电流,cement_rotary_kiln,kiln_current,useful,state,A,template,86b8d4fe44fb438d,validation
窑电流[A],cement_rotary_kiln,kiln_current,useful,state,A,unit_bracket,86b8d4fe44fb438d,validation
窑电流_01,cement_rotary_kiln,kiln_current,useful,state,A,channel_suffix,86b8d4fe44fb438d,validation
窑电流_A,cement_rotary_kiln,kiln_current,useful,state,A,unit_suffix,86b8d4fe44fb438d,validation
窑电流_PV,cement_rotary_kiln,kiln_current,useful,state,A,control_suffix,86b8d4fe44fb438d,validation
装置5-窑电流-CH30-VALUE,cement_rotary_kiln,kiln_current,useful,state,A,vendor_channel_tag,86b8d4fe44fb438d,validation
1号KILN_INLET_TEMP,cement_rotary_kiln,kiln_inlet_temperature,required,state,degC,equipment_prefix,bad4e39ac68c5afe,validation
1号kiln_inlet_temperature,cement_rotary_kiln,kiln_inlet_temperature,required,state,degC,equipment_prefix,fc382736d70bd064,validation
A线_KILN_INLET_TEMP,cement_rotary_kiln,kiln_inlet_temperature,required,state,degC,line_prefix,bad4e39ac68c5afe,validation
A线_kiln_inlet_temperature,cement_rotary_kiln,kiln_inlet_temperature,required,state,degC,line_prefix,fc382736d70bd064,validation
B线#KILN_INLET_TEMP#测点42,cement_rotary_kiln,kiln_inlet_temperature,required,state,degC,line_point_tag,bad4e39ac68c5afe,validation
B线#kiln_inlet_temperature#测点42,cement_rotary_kiln,kiln_inlet_temperature,required,state,degC,line_point_tag,fc382736d70bd064,validation
DCS_03_KILN_INLET_TEMP_PV_17,cement_rotary_kiln,kiln_inlet_temperature,required,state,degC,vendor_dcs_tag,bad4e39ac68c5afe,validation
DCS_03_kiln_inlet_temperature_PV_17,cement_rotary_kiln,kiln_inlet_temperature,required,state,degC,vendor_dcs_tag,fc382736d70bd064,validation
HMI.22.KILN_INLET_TEMP.AI,cement_rotary_kiln,kiln_inlet_temperature,required,state,degC,vendor_hmi_tag,bad4e39ac68c5afe,validation
HMI.22.kiln_inlet_temperature.AI,cement_rotary_kiln,kiln_inlet_temperature,required,state,degC,vendor_hmi_tag,fc382736d70bd064,validation
KILNINLETTEMP,cement_rotary_kiln,kiln_inlet_temperature,required,state,degC,compact,bad4e39ac68c5afe,validation
KILN_INLET_TEMP,cement_rotary_kiln,kiln_inlet_temperature,required,state,degC,template,bad4e39ac68c5afe,validation
KILN_INLET_TEMPERATURE,cement_rotary_kiln,kiln_inlet_temperature,required,state,degC,uppercase,fc382736d70bd064,validation
KILN_INLET_TEMP[degC],cement_rotary_kiln,kiln_inlet_temperature,required,state,degC,unit_bracket,bad4e39ac68c5afe,validation
KILN_INLET_TEMP_01,cement_rotary_kiln,kiln_inlet_temperature,required,state,degC,channel_suffix,bad4e39ac68c5afe,validation
KILN_INLET_TEMP_PV,cement_rotary_kiln,kiln_inlet_temperature,required,state,degC,control_suffix,bad4e39ac68c5afe,validation
KILN_INLET_TEMP_degC,cement_rotary_kiln,kiln_inlet_temperature,required,state,degC,unit_suffix,bad4e39ac68c5afe,validation
kiln_inlet_temperature,cement_rotary_kiln,kiln_inlet_temperature,required,state,degC,template,fc382736d70bd064,validation
kiln_inlet_temperature[degC],cement_rotary_kiln,kiln_inlet_temperature,required,state,degC,unit_bracket,fc382736d70bd064,validation
kiln_inlet_temperature_01,cement_rotary_kiln,kiln_inlet_temperature,required,state,degC,channel_suffix,fc382736d70bd064,validation
kiln_inlet_temperature_PV,cement_rotary_kiln,kiln_inlet_temperature,required,state,degC,control_suffix,fc382736d70bd064,validation
kiln_inlet_temperature_degC,cement_rotary_kiln,kiln_inlet_temperature,required,state,degC,unit_suffix,fc382736d70bd064,validation
kilninlettemperature,cement_rotary_kiln,kiln_inlet_temperature,required,state,degC,compact,fc382736d70bd064,validation
装置5-KILN_INLET_TEMP-CH30-VALUE,cement_rotary_kiln,kiln_inlet_temperature,required,state,degC,vendor_channel_tag,bad4e39ac68c5afe,validation
装置5-kiln_inlet_temperature-CH30-VALUE,cement_rotary_kiln,kiln_inlet_temperature,required,state,degC,vendor_channel_tag,fc382736d70bd064,validation
1号KILN_OUTLET_TEMP,cement_rotary_kiln,kiln_outlet_temperature,required,controlled,degC,equipment_prefix,b0c70fc7bdf5458e,validation
A线_KILN_OUTLET_TEMP,cement_rotary_kiln,kiln_outlet_temperature,required,controlled,degC,line_prefix,b0c70fc7bdf5458e,validation
B线#KILN_OUTLET_TEMP#测点42,cement_rotary_kiln,kiln_outlet_temperature,required,controlled,degC,line_point_tag,b0c70fc7bdf5458e,validation
DCS_03_KILN_OUTLET_TEMP_PV_17,cement_rotary_kiln,kiln_outlet_temperature,required,controlled,degC,vendor_dcs_tag,b0c70fc7bdf5458e,validation
HMI.22.KILN_OUTLET_TEMP.AI,cement_rotary_kiln,kiln_outlet_temperature,required,controlled,degC,vendor_hmi_tag,b0c70fc7bdf5458e,validation
KILNOUTLETTEMP,cement_rotary_kiln,kiln_outlet_temperature,required,controlled,degC,compact,b0c70fc7bdf5458e,validation
KILN_OUTLET_TEMP,cement_rotary_kiln,kiln_outlet_temperature,required,controlled,degC,template,b0c70fc7bdf5458e,validation
KILN_OUTLET_TEMP[degC],cement_rotary_kiln,kiln_outlet_temperature,required,controlled,degC,unit_bracket,b0c70fc7bdf5458e,validation
KILN_OUTLET_TEMP_01,cement_rotary_kiln,kiln_outlet_temperature,required,controlled,degC,channel_suffix,b0c70fc7bdf5458e,validation
KILN_OUTLET_TEMP_PV,cement_rotary_kiln,kiln_outlet_temperature,required,controlled,degC,control_suffix,b0c70fc7bdf5458e,validation
KILN_OUTLET_TEMP_degC,cement_rotary_kiln,kiln_outlet_temperature,required,controlled,degC,unit_suffix,b0c70fc7bdf5458e,validation
装置5-KILN_OUTLET_TEMP-CH30-VALUE,cement_rotary_kiln,kiln_outlet_temperature,required,controlled,degC,vendor_channel_tag,b0c70fc7bdf5458e,validation
1号preheater_exit_temperature,cement_rotary_kiln,preheater_exit_temperature,useful,state,degC,equipment_prefix,eba14da862c89fd2,validation
1号一级筒出口温度,cement_rotary_kiln,preheater_exit_temperature,useful,state,degC,equipment_prefix,f9c74be7a1eb1ced,validation
A线_preheater_exit_temperature,cement_rotary_kiln,preheater_exit_temperature,useful,state,degC,line_prefix,eba14da862c89fd2,validation
A线_一级筒出口温度,cement_rotary_kiln,preheater_exit_temperature,useful,state,degC,line_prefix,f9c74be7a1eb1ced,validation
B线#preheater_exit_temperature#测点42,cement_rotary_kiln,preheater_exit_temperature,useful,state,degC,line_point_tag,eba14da862c89fd2,validation
B线#一级筒出口温度#测点42,cement_rotary_kiln,preheater_exit_temperature,useful,state,degC,line_point_tag,f9c74be7a1eb1ced,validation
DCS_03_preheater_exit_temperature_PV_17,cement_rotary_kiln,preheater_exit_temperature,useful,state,degC,vendor_dcs_tag,eba14da862c89fd2,validation
DCS_03_一级筒出口温度_PV_17,cement_rotary_kiln,preheater_exit_temperature,useful,state,degC,vendor_dcs_tag,f9c74be7a1eb1ced,validation
HMI.22.preheater_exit_temperature.AI,cement_rotary_kiln,preheater_exit_temperature,useful,state,degC,vendor_hmi_tag,eba14da862c89fd2,validation
HMI.22.一级筒出口温度.AI,cement_rotary_kiln,preheater_exit_temperature,useful,state,degC,vendor_hmi_tag,f9c74be7a1eb1ced,validation
PREHEATER_EXIT_TEMPERATURE,cement_rotary_kiln,preheater_exit_temperature,useful,state,degC,uppercase,eba14da862c89fd2,validation
preheater_exit_temperature,cement_rotary_kiln,preheater_exit_temperature,useful,state,degC,template,eba14da862c89fd2,validation
preheater_exit_temperature[degC],cement_rotary_kiln,preheater_exit_temperature,useful,state,degC,unit_bracket,eba14da862c89fd2,validation
preheater_exit_temperature_01,cement_rotary_kiln,preheater_exit_temperature,useful,state,degC,channel_suffix,eba14da862c89fd2,validation
preheater_exit_temperature_PV,cement_rotary_kiln,preheater_exit_temperature,useful,state,degC,control_suffix,eba14da862c89fd2,validation
preheater_exit_temperature_degC,cement_rotary_kiln,preheater_exit_temperature,useful,state,degC,unit_suffix,eba14da862c89fd2,validation
preheaterexittemperature,cement_rotary_kiln,preheater_exit_temperature,useful,state,degC,compact,eba14da862c89fd2,validation
一级筒出口温度,cement_rotary_kiln,preheater_exit_temperature,useful,state,degC,template,f9c74be7a1eb1ced,validation
一级筒出口温度[degC],cement_rotary_kiln,preheater_exit_temperature,useful,state,degC,unit_bracket,f9c74be7a1eb1ced,validation
一级筒出口温度_01,cement_rotary_kiln,preheater_exit_temperature,useful,state,degC,channel_suffix,f9c74be7a1eb1ced,validation
一级筒出口温度_PV,cement_rotary_kiln,preheater_exit_temperature,useful,state,degC,control_suffix,f9c74be7a1eb1ced,validation
一级筒出口温度_degC,cement_rotary_kiln,preheater_exit_temperature,useful,state,degC,unit_suffix,f9c74be7a1eb1ced,validation
装置5-preheater_exit_temperature-CH30-VALUE,cement_rotary_kiln,preheater_exit_temperature,useful,state,degC,vendor_channel_tag,eba14da862c89fd2,validation
装置5-一级筒出口温度-CH30-VALUE,cement_rotary_kiln,preheater_exit_temperature,useful,state,degC,vendor_channel_tag,f9c74be7a1eb1ced,validation
1号TS,cement_rotary_kiln,timestamp,required,time,datetime,equipment_prefix,77dc39494d208222,validation
A线_TS,cement_rotary_kiln,timestamp,required,time,datetime,line_prefix,77dc39494d208222,validation
B线#TS#测点42,cement_rotary_kiln,timestamp,required,time,datetime,line_point_tag,77dc39494d208222,validation
DCS_03_TS_PV_17,cement_rotary_kiln,timestamp,required,time,datetime,vendor_dcs_tag,77dc39494d208222,validation
HMI.22.TS.AI,cement_rotary_kiln,timestamp,required,time,datetime,vendor_hmi_tag,77dc39494d208222,validation
TS,cement_rotary_kiln,timestamp,required,time,datetime,template,77dc39494d208222,validation
TS_01,cement_rotary_kiln,timestamp,required,time,datetime,channel_suffix,77dc39494d208222,validation
TS_PV,cement_rotary_kiln,timestamp,required,time,datetime,control_suffix,77dc39494d208222,validation
装置5-TS-CH30-VALUE,cement_rotary_kiln,timestamp,required,time,datetime,vendor_channel_tag,77dc39494d208222,validation
DCS_网络往返时延_25,debutanizer_column,__irrelevant__,irrelevant,none,,negative_vendor,b8610e788eb43402,validation
HMI.60.网络往返时延.RAW,debutanizer_column,__irrelevant__,irrelevant,none,,negative_vendor,b8610e788eb43402,validation
网络往返时延,debutanizer_column,__irrelevant__,irrelevant,none,,negative,b8610e788eb43402,validation
1号Butane_Content,debutanizer_column,bottom_butane_content,required,controlled,ratio,equipment_prefix,2bf90beffd74b0e7,validation
1号U8,debutanizer_column,bottom_butane_content,required,controlled,ratio,equipment_prefix,1c2cf1c281e4c246,validation
1号y,debutanizer_column,bottom_butane_content,required,controlled,ratio,equipment_prefix,b3af1c9c39fed275,validation
A线_Butane_Content,debutanizer_column,bottom_butane_content,required,controlled,ratio,line_prefix,2bf90beffd74b0e7,validation
A线_U8,debutanizer_column,bottom_butane_content,required,controlled,ratio,line_prefix,1c2cf1c281e4c246,validation
A线_y,debutanizer_column,bottom_butane_content,required,controlled,ratio,line_prefix,b3af1c9c39fed275,validation
ButaneContent,debutanizer_column,bottom_butane_content,required,controlled,ratio,compact,2bf90beffd74b0e7,validation
Butane_Content,debutanizer_column,bottom_butane_content,required,controlled,ratio,template,2bf90beffd74b0e7,validation
Butane_Content[ratio],debutanizer_column,bottom_butane_content,required,controlled,ratio,unit_bracket,2bf90beffd74b0e7,validation
Butane_Content_01,debutanizer_column,bottom_butane_content,required,controlled,ratio,channel_suffix,2bf90beffd74b0e7,validation
Butane_Content_PV,debutanizer_column,bottom_butane_content,required,controlled,ratio,control_suffix,2bf90beffd74b0e7,validation
Butane_Content_ratio,debutanizer_column,bottom_butane_content,required,controlled,ratio,unit_suffix,2bf90beffd74b0e7,validation
B线#Butane_Content#测点42,debutanizer_column,bottom_butane_content,required,controlled,ratio,line_point_tag,2bf90beffd74b0e7,validation
B线#U8#测点42,debutanizer_column,bottom_butane_content,required,controlled,ratio,line_point_tag,1c2cf1c281e4c246,validation
B线#y#测点42,debutanizer_column,bottom_butane_content,required,controlled,ratio,line_point_tag,b3af1c9c39fed275,validation
DCS_03_Butane_Content_PV_17,debutanizer_column,bottom_butane_content,required,controlled,ratio,vendor_dcs_tag,2bf90beffd74b0e7,validation
DCS_03_U8_PV_17,debutanizer_column,bottom_butane_content,required,controlled,ratio,vendor_dcs_tag,1c2cf1c281e4c246,validation
DCS_03_y_PV_17,debutanizer_column,bottom_butane_content,required,controlled,ratio,vendor_dcs_tag,b3af1c9c39fed275,validation
HMI.22.Butane_Content.AI,debutanizer_column,bottom_butane_content,required,controlled,ratio,vendor_hmi_tag,2bf90beffd74b0e7,validation
HMI.22.U8.AI,debutanizer_column,bottom_butane_content,required,controlled,ratio,vendor_hmi_tag,1c2cf1c281e4c246,validation
HMI.22.y.AI,debutanizer_column,bottom_butane_content,required,controlled,ratio,vendor_hmi_tag,b3af1c9c39fed275,validation
U8[ratio],debutanizer_column,bottom_butane_content,required,controlled,ratio,unit_bracket,1c2cf1c281e4c246,validation
U8_01,debutanizer_column,bottom_butane_content,required,controlled,ratio,channel_suffix,1c2cf1c281e4c246,validation
U8_PV,debutanizer_column,bottom_butane_content,required,controlled,ratio,control_suffix,1c2cf1c281e4c246,validation
U8_ratio,debutanizer_column,bottom_butane_content,required,controlled,ratio,unit_suffix,1c2cf1c281e4c246,validation
Y,debutanizer_column,bottom_butane_content,required,controlled,ratio,uppercase,b3af1c9c39fed275,validation
y,debutanizer_column,bottom_butane_content,required,controlled,ratio,template,b3af1c9c39fed275,validation
y[ratio],debutanizer_column,bottom_butane_content,required,controlled,ratio,unit_bracket,b3af1c9c39fed275,validation
y_01,debutanizer_column,bottom_butane_content,required,controlled,ratio,channel_suffix,b3af1c9c39fed275,validation
y_PV,debutanizer_column,bottom_butane_content,required,controlled,ratio,control_suffix,b3af1c9c39fed275,validation
y_ratio,debutanizer_column,bottom_butane_content,required,controlled,ratio,unit_suffix,b3af1c9c39fed275,validation
装置5-Butane_Content-CH30-VALUE,debutanizer_column,bottom_butane_content,required,controlled,ratio,vendor_channel_tag,2bf90beffd74b0e7,validation
装置5-U8-CH30-VALUE,debutanizer_column,bottom_butane_content,required,controlled,ratio,vendor_channel_tag,1c2cf1c281e4c246,validation
装置5-y-CH30-VALUE,debutanizer_column,bottom_butane_content,required,controlled,ratio,vendor_channel_tag,b3af1c9c39fed275,validation
1号u7,debutanizer_column,bottom_temperature_b,required,state,ratio,equipment_prefix,09f45c63f3626b46,validation
A线_u7,debutanizer_column,bottom_temperature_b,required,state,ratio,line_prefix,09f45c63f3626b46,validation
B线#u7#测点42,debutanizer_column,bottom_temperature_b,required,state,ratio,line_point_tag,09f45c63f3626b46,validation
DCS_03_u7_PV_17,debutanizer_column,bottom_temperature_b,required,state,ratio,vendor_dcs_tag,09f45c63f3626b46,validation
HMI.22.u7.AI,debutanizer_column,bottom_temperature_b,required,state,ratio,vendor_hmi_tag,09f45c63f3626b46,validation
U7,debutanizer_column,bottom_temperature_b,required,state,ratio,uppercase,09f45c63f3626b46,validation
u7,debutanizer_column,bottom_temperature_b,required,state,ratio,template,09f45c63f3626b46,validation
u7[ratio],debutanizer_column,bottom_temperature_b,required,state,ratio,unit_bracket,09f45c63f3626b46,validation
u7_01,debutanizer_column,bottom_temperature_b,required,state,ratio,channel_suffix,09f45c63f3626b46,validation
u7_PV,debutanizer_column,bottom_temperature_b,required,state,ratio,control_suffix,09f45c63f3626b46,validation
u7_ratio,debutanizer_column,bottom_temperature_b,required,state,ratio,unit_suffix,09f45c63f3626b46,validation
装置5-u7-CH30-VALUE,debutanizer_column,bottom_temperature_b,required,state,ratio,vendor_channel_tag,09f45c63f3626b46,validation
1号next_process_flow,debutanizer_column,next_process_flow,required,manipulated,ratio,equipment_prefix,8197746698354420,validation
A线_next_process_flow,debutanizer_column,next_process_flow,required,manipulated,ratio,line_prefix,8197746698354420,validation
B线#next_process_flow#测点42,debutanizer_column,next_process_flow,required,manipulated,ratio,line_point_tag,8197746698354420,validation
DCS_03_next_process_flow_PV_17,debutanizer_column,next_process_flow,required,manipulated,ratio,vendor_dcs_tag,8197746698354420,validation
HMI.22.next_process_flow.AI,debutanizer_column,next_process_flow,required,manipulated,ratio,vendor_hmi_tag,8197746698354420,validation
NEXT_PROCESS_FLOW,debutanizer_column,next_process_flow,required,manipulated,ratio,uppercase,8197746698354420,validation
next_process_flow,debutanizer_column,next_process_flow,required,manipulated,ratio,template,8197746698354420,validation
next_process_flow[ratio],debutanizer_column,next_process_flow,required,manipulated,ratio,unit_bracket,8197746698354420,validation
next_process_flow_01,debutanizer_column,next_process_flow,required,manipulated,ratio,channel_suffix,8197746698354420,validation
next_process_flow_SP,debutanizer_column,next_process_flow,required,manipulated,ratio,control_suffix,8197746698354420,validation
next_process_flow_ratio,debutanizer_column,next_process_flow,required,manipulated,ratio,unit_suffix,8197746698354420,validation
nextprocessflow,debutanizer_column,next_process_flow,required,manipulated,ratio,compact,8197746698354420,validation
装置5-next_process_flow-CH30-VALUE,debutanizer_column,next_process_flow,required,manipulated,ratio,vendor_channel_tag,8197746698354420,validation
1号reflux flow,debutanizer_column,reflux_flow,required,manipulated,ratio,equipment_prefix,c1b54d761b8fda2b,validation
1号reflux_flow,debutanizer_column,reflux_flow,required,manipulated,ratio,equipment_prefix,3fb88a64aa53ec96,validation
A线_reflux flow,debutanizer_column,reflux_flow,required,manipulated,ratio,line_prefix,c1b54d761b8fda2b,validation
A线_reflux_flow,debutanizer_column,reflux_flow,required,manipulated,ratio,line_prefix,3fb88a64aa53ec96,validation
B线#reflux flow#测点42,debutanizer_column,reflux_flow,required,manipulated,ratio,line_point_tag,c1b54d761b8fda2b,validation
B线#reflux_flow#测点42,debutanizer_column,reflux_flow,required,manipulated,ratio,line_point_tag,3fb88a64aa53ec96,validation
DCS_03_reflux_flow_PV_17,debutanizer_column,reflux_flow,required,manipulated,ratio,vendor_dcs_tag,c1b54d761b8fda2b,validation
HMI.22.reflux_flow.AI,debutanizer_column,reflux_flow,required,manipulated,ratio,vendor_hmi_tag,c1b54d761b8fda2b,validation
REFLUX_FLOW,debutanizer_column,reflux_flow,required,manipulated,ratio,uppercase,c1b54d761b8fda2b,validation
reflux flow,debutanizer_column,reflux_flow,required,manipulated,ratio,template,c1b54d761b8fda2b,validation
reflux flow[ratio],debutanizer_column,reflux_flow,required,manipulated,ratio,unit_bracket,c1b54d761b8fda2b,validation
reflux_flow,debutanizer_column,reflux_flow,required,manipulated,ratio,normalized,c1b54d761b8fda2b,validation
reflux_flow[ratio],debutanizer_column,reflux_flow,required,manipulated,ratio,unit_bracket,3fb88a64aa53ec96,validation
reflux_flow_01,debutanizer_column,reflux_flow,required,manipulated,ratio,channel_suffix,c1b54d761b8fda2b,validation
reflux_flow_SP,debutanizer_column,reflux_flow,required,manipulated,ratio,control_suffix,c1b54d761b8fda2b,validation
reflux_flow_ratio,debutanizer_column,reflux_flow,required,manipulated,ratio,unit_suffix,c1b54d761b8fda2b,validation
refluxflow,debutanizer_column,reflux_flow,required,manipulated,ratio,compact,c1b54d761b8fda2b,validation
装置5-reflux_flow-CH30-VALUE,debutanizer_column,reflux_flow,required,manipulated,ratio,vendor_channel_tag,c1b54d761b8fda2b,validation
1号top pressure,debutanizer_column,top_pressure,required,state,ratio,equipment_prefix,48cf7bb20597fb2d,validation
A线_top pressure,debutanizer_column,top_pressure,required,state,ratio,line_prefix,48cf7bb20597fb2d,validation
B线#top pressure#测点42,debutanizer_column,top_pressure,required,state,ratio,line_point_tag,48cf7bb20597fb2d,validation
DCS_03_top_pressure_PV_17,debutanizer_column,top_pressure,required,state,ratio,vendor_dcs_tag,48cf7bb20597fb2d,validation
HMI.22.top_pressure.AI,debutanizer_column,top_pressure,required,state,ratio,vendor_hmi_tag,48cf7bb20597fb2d,validation
TOP_PRESSURE,debutanizer_column,top_pressure,required,state,ratio,uppercase,48cf7bb20597fb2d,validation
top pressure,debutanizer_column,top_pressure,required,state,ratio,template,48cf7bb20597fb2d,validation
top pressure[ratio],debutanizer_column,top_pressure,required,state,ratio,unit_bracket,48cf7bb20597fb2d,validation
top_pressure,debutanizer_column,top_pressure,required,state,ratio,normalized,48cf7bb20597fb2d,validation
top_pressure_01,debutanizer_column,top_pressure,required,state,ratio,channel_suffix,48cf7bb20597fb2d,validation
top_pressure_PV,debutanizer_column,top_pressure,required,state,ratio,control_suffix,48cf7bb20597fb2d,validation
top_pressure_ratio,debutanizer_column,top_pressure,required,state,ratio,unit_suffix,48cf7bb20597fb2d,validation
toppressure,debutanizer_column,top_pressure,required,state,ratio,compact,48cf7bb20597fb2d,validation
装置5-top_pressure-CH30-VALUE,debutanizer_column,top_pressure,required,state,ratio,vendor_channel_tag,48cf7bb20597fb2d,validation
1号塔顶温度,debutanizer_column,top_temperature,required,state,ratio,equipment_prefix,24f6299f37260c51,validation
A线_塔顶温度,debutanizer_column,top_temperature,required,state,ratio,line_prefix,24f6299f37260c51,validation
B线#塔顶温度#测点42,debutanizer_column,top_temperature,required,state,ratio,line_point_tag,24f6299f37260c51,validation
DCS_03_塔顶温度_PV_17,debutanizer_column,top_temperature,required,state,ratio,vendor_dcs_tag,24f6299f37260c51,validation
HMI.22.塔顶温度.AI,debutanizer_column,top_temperature,required,state,ratio,vendor_hmi_tag,24f6299f37260c51,validation
塔顶温度,debutanizer_column,top_temperature,required,state,ratio,template,24f6299f37260c51,validation
塔顶温度[ratio],debutanizer_column,top_temperature,required,state,ratio,unit_bracket,24f6299f37260c51,validation
塔顶温度_01,debutanizer_column,top_temperature,required,state,ratio,channel_suffix,24f6299f37260c51,validation
塔顶温度_PV,debutanizer_column,top_temperature,required,state,ratio,control_suffix,24f6299f37260c51,validation
塔顶温度_ratio,debutanizer_column,top_temperature,required,state,ratio,unit_suffix,24f6299f37260c51,validation
装置5-塔顶温度-CH30-VALUE,debutanizer_column,top_temperature,required,state,ratio,vendor_channel_tag,24f6299f37260c51,validation
DCS_报表序号_25,distillation_column,__irrelevant__,irrelevant,none,,negative_vendor,febe7714b4c9f247,validation
DCS_班车到站时间_25,distillation_column,__irrelevant__,irrelevant,none,,negative_vendor,6fda64c7f47397a2,validation
DCS_网络往返时延_25,distillation_column,__irrelevant__,irrelevant,none,,negative_vendor,e7f4d74941e44c0b,validation
DCS_设备描述_25,distillation_column,__irrelevant__,irrelevant,none,,negative_vendor,f58707d19c65f683,validation
DCS_账户登录次数_25,distillation_column,__irrelevant__,irrelevant,none,,negative_vendor,5c91a59a46670686,validation
HMI.60.报表序号.RAW,distillation_column,__irrelevant__,irrelevant,none,,negative_vendor,febe7714b4c9f247,validation
HMI.60.班车到站时间.RAW,distillation_column,__irrelevant__,irrelevant,none,,negative_vendor,6fda64c7f47397a2,validation
HMI.60.网络往返时延.RAW,distillation_column,__irrelevant__,irrelevant,none,,negative_vendor,e7f4d74941e44c0b,validation
HMI.60.设备描述.RAW,distillation_column,__irrelevant__,irrelevant,none,,negative_vendor,f58707d19c65f683,validation
HMI.60.账户登录次数.RAW,distillation_column,__irrelevant__,irrelevant,none,,negative_vendor,5c91a59a46670686,validation
报表序号,distillation_column,__irrelevant__,irrelevant,none,,negative,febe7714b4c9f247,validation
班车到站时间,distillation_column,__irrelevant__,irrelevant,none,,negative,6fda64c7f47397a2,validation
网络往返时延,distillation_column,__irrelevant__,irrelevant,none,,negative,e7f4d74941e44c0b,validation
设备描述,distillation_column,__irrelevant__,irrelevant,none,,negative,f58707d19c65f683,validation
账户登录次数,distillation_column,__irrelevant__,irrelevant,none,,negative,5c91a59a46670686,validation
1号bottom_level,distillation_column,bottom_level,useful,state,percent,equipment_prefix,af4e21603eb7f94a,validation
A线_bottom_level,distillation_column,bottom_level,useful,state,percent,line_prefix,af4e21603eb7f94a,validation
B线#bottom_level#测点42,distillation_column,bottom_level,useful,state,percent,line_point_tag,af4e21603eb7f94a,validation
DCS_03_bottom_level_PV_17,distillation_column,bottom_level,useful,state,percent,vendor_dcs_tag,af4e21603eb7f94a,validation
HMI.22.bottom_level.AI,distillation_column,bottom_level,useful,state,percent,vendor_hmi_tag,af4e21603eb7f94a,validation
bottom_level,distillation_column,bottom_level,useful,state,percent,template,af4e21603eb7f94a,validation
bottom_level[percent],distillation_column,bottom_level,useful,state,percent,unit_bracket,af4e21603eb7f94a,validation
bottom_level_01,distillation_column,bottom_level,useful,state,percent,channel_suffix,af4e21603eb7f94a,validation
bottom_level_PV,distillation_column,bottom_level,useful,state,percent,control_suffix,af4e21603eb7f94a,validation
bottom_level_percent,distillation_column,bottom_level,useful,state,percent,unit_suffix,af4e21603eb7f94a,validation
bottomlevel,distillation_column,bottom_level,useful,state,percent,compact,af4e21603eb7f94a,validation
装置5-bottom_level-CH30-VALUE,distillation_column,bottom_level,useful,state,percent,vendor_channel_tag,af4e21603eb7f94a,validation
1号釜温,distillation_column,bottom_temperature,required,state,degC,equipment_prefix,e594c66a0df3dab1,validation
A线_釜温,distillation_column,bottom_temperature,required,state,degC,line_prefix,e594c66a0df3dab1,validation
B线#釜温#测点42,distillation_column,bottom_temperature,required,state,degC,line_point_tag,e594c66a0df3dab1,validation
DCS_03_釜温_PV_17,distillation_column,bottom_temperature,required,state,degC,vendor_dcs_tag,e594c66a0df3dab1,validation
HMI.22.釜温.AI,distillation_column,bottom_temperature,required,state,degC,vendor_hmi_tag,e594c66a0df3dab1,validation
装置5-釜温-CH30-VALUE,distillation_column,bottom_temperature,required,state,degC,vendor_channel_tag,e594c66a0df3dab1,validation
釜温,distillation_column,bottom_temperature,required,state,degC,template,e594c66a0df3dab1,validation
釜温[degC],distillation_column,bottom_temperature,required,state,degC,unit_bracket,e594c66a0df3dab1,validation
釜温_01,distillation_column,bottom_temperature,required,state,degC,channel_suffix,e594c66a0df3dab1,validation
釜温_PV,distillation_column,bottom_temperature,required,state,degC,control_suffix,e594c66a0df3dab1,validation
釜温_degC,distillation_column,bottom_temperature,required,state,degC,unit_suffix,e594c66a0df3dab1,validation
1号feed_flow,distillation_column,feed_flow,required,disturbance,t/h,equipment_prefix,3486886b3ab72414,validation
A线_feed_flow,distillation_column,feed_flow,required,disturbance,t/h,line_prefix,3486886b3ab72414,validation
B线#feed_flow#测点42,distillation_column,feed_flow,required,disturbance,t/h,line_point_tag,3486886b3ab72414,validation
DCS_03_feed_flow_PV_17,distillation_column,feed_flow,required,disturbance,t/h,vendor_dcs_tag,3486886b3ab72414,validation
HMI.22.feed_flow.AI,distillation_column,feed_flow,required,disturbance,t/h,vendor_hmi_tag,3486886b3ab72414,validation
feed_flow,distillation_column,feed_flow,required,disturbance,t/h,template,3486886b3ab72414,validation
feed_flow[t/h],distillation_column,feed_flow,required,disturbance,t/h,unit_bracket,3486886b3ab72414,validation
feed_flow_01,distillation_column,feed_flow,required,disturbance,t/h,channel_suffix,3486886b3ab72414,validation
feed_flow_PV,distillation_column,feed_flow,required,disturbance,t/h,control_suffix,3486886b3ab72414,validation
feed_flow_t/h,distillation_column,feed_flow,required,disturbance,t/h,unit_suffix,3486886b3ab72414,validation
feedflow,distillation_column,feed_flow,required,disturbance,t/h,compact,3486886b3ab72414,validation
装置5-feed_flow-CH30-VALUE,distillation_column,feed_flow,required,disturbance,t/h,vendor_channel_tag,3486886b3ab72414,validation
1号feed_temperature,distillation_column,feed_temperature,useful,disturbance,degC,equipment_prefix,5e5bb17db1225ac5,validation
A线_feed_temperature,distillation_column,feed_temperature,useful,disturbance,degC,line_prefix,5e5bb17db1225ac5,validation
B线#feed_temperature#测点42,distillation_column,feed_temperature,useful,disturbance,degC,line_point_tag,5e5bb17db1225ac5,validation
DCS_03_feed_temperature_PV_17,distillation_column,feed_temperature,useful,disturbance,degC,vendor_dcs_tag,5e5bb17db1225ac5,validation
FEED_TEMPERATURE,distillation_column,feed_temperature,useful,disturbance,degC,uppercase,5e5bb17db1225ac5,validation
HMI.22.feed_temperature.AI,distillation_column,feed_temperature,useful,disturbance,degC,vendor_hmi_tag,5e5bb17db1225ac5,validation
feed_temperature,distillation_column,feed_temperature,useful,disturbance,degC,template,5e5bb17db1225ac5,validation
feed_temperature[degC],distillation_column,feed_temperature,useful,disturbance,degC,unit_bracket,5e5bb17db1225ac5,validation
feed_temperature_01,distillation_column,feed_temperature,useful,disturbance,degC,channel_suffix,5e5bb17db1225ac5,validation
feed_temperature_PV,distillation_column,feed_temperature,useful,disturbance,degC,control_suffix,5e5bb17db1225ac5,validation
feed_temperature_degC,distillation_column,feed_temperature,useful,disturbance,degC,unit_suffix,5e5bb17db1225ac5,validation
feedtemperature,distillation_column,feed_temperature,useful,disturbance,degC,compact,5e5bb17db1225ac5,validation
装置5-feed_temperature-CH30-VALUE,distillation_column,feed_temperature,useful,disturbance,degC,vendor_channel_tag,5e5bb17db1225ac5,validation
1号回流液流量,distillation_column,reflux_flow,required,manipulated,t/h,equipment_prefix,a68234dbb9b9f7e2,validation
A线_回流液流量,distillation_column,reflux_flow,required,manipulated,t/h,line_prefix,a68234dbb9b9f7e2,validation
B线#回流液流量#测点42,distillation_column,reflux_flow,required,manipulated,t/h,line_point_tag,a68234dbb9b9f7e2,validation
DCS_03_回流液流量_PV_17,distillation_column,reflux_flow,required,manipulated,t/h,vendor_dcs_tag,a68234dbb9b9f7e2,validation
HMI.22.回流液流量.AI,distillation_column,reflux_flow,required,manipulated,t/h,vendor_hmi_tag,a68234dbb9b9f7e2,validation
回流液流量,distillation_column,reflux_flow,required,manipulated,t/h,template,a68234dbb9b9f7e2,validation
回流液流量[t/h],distillation_column,reflux_flow,required,manipulated,t/h,unit_bracket,a68234dbb9b9f7e2,validation
回流液流量_01,distillation_column,reflux_flow,required,manipulated,t/h,channel_suffix,a68234dbb9b9f7e2,validation
回流液流量_SP,distillation_column,reflux_flow,required,manipulated,t/h,control_suffix,a68234dbb9b9f7e2,validation
回流液流量_t/h,distillation_column,reflux_flow,required,manipulated,t/h,unit_suffix,a68234dbb9b9f7e2,validation
装置5-回流液流量-CH30-VALUE,distillation_column,reflux_flow,required,manipulated,t/h,vendor_channel_tag,a68234dbb9b9f7e2,validation
1号STEAM_FLOW,distillation_column,steam_flow,required,manipulated,t/h,equipment_prefix,d271ecbd79b3faf4,validation
1号steam_flow,distillation_column,steam_flow,required,manipulated,t/h,equipment_prefix,1a894b9db3557834,validation
A线_STEAM_FLOW,distillation_column,steam_flow,required,manipulated,t/h,line_prefix,d271ecbd79b3faf4,validation
A线_steam_flow,distillation_column,steam_flow,required,manipulated,t/h,line_prefix,1a894b9db3557834,validation
B线#STEAM_FLOW#测点42,distillation_column,steam_flow,required,manipulated,t/h,line_point_tag,d271ecbd79b3faf4,validation
B线#steam_flow#测点42,distillation_column,steam_flow,required,manipulated,t/h,line_point_tag,1a894b9db3557834,validation
DCS_03_STEAM_FLOW_PV_17,distillation_column,steam_flow,required,manipulated,t/h,vendor_dcs_tag,d271ecbd79b3faf4,validation
DCS_03_steam_flow_PV_17,distillation_column,steam_flow,required,manipulated,t/h,vendor_dcs_tag,1a894b9db3557834,validation
HMI.22.STEAM_FLOW.AI,distillation_column,steam_flow,required,manipulated,t/h,vendor_hmi_tag,d271ecbd79b3faf4,validation
HMI.22.steam_flow.AI,distillation_column,steam_flow,required,manipulated,t/h,vendor_hmi_tag,1a894b9db3557834,validation
STEAMFLOW,distillation_column,steam_flow,required,manipulated,t/h,compact,d271ecbd79b3faf4,validation
STEAM_FLOW,distillation_column,steam_flow,required,manipulated,t/h,template,d271ecbd79b3faf4,validation
STEAM_FLOW[t/h],distillation_column,steam_flow,required,manipulated,t/h,unit_bracket,d271ecbd79b3faf4,validation
STEAM_FLOW_01,distillation_column,steam_flow,required,manipulated,t/h,channel_suffix,d271ecbd79b3faf4,validation
STEAM_FLOW_SP,distillation_column,steam_flow,required,manipulated,t/h,control_suffix,d271ecbd79b3faf4,validation
STEAM_FLOW_t/h,distillation_column,steam_flow,required,manipulated,t/h,unit_suffix,d271ecbd79b3faf4,validation
steam_flow,distillation_column,steam_flow,required,manipulated,t/h,template,1a894b9db3557834,validation
steam_flow[t/h],distillation_column,steam_flow,required,manipulated,t/h,unit_bracket,1a894b9db3557834,validation
steam_flow_01,distillation_column,steam_flow,required,manipulated,t/h,channel_suffix,1a894b9db3557834,validation
steam_flow_SP,distillation_column,steam_flow,required,manipulated,t/h,control_suffix,1a894b9db3557834,validation
steam_flow_t/h,distillation_column,steam_flow,required,manipulated,t/h,unit_suffix,1a894b9db3557834,validation
steamflow,distillation_column,steam_flow,required,manipulated,t/h,compact,1a894b9db3557834,validation
装置5-STEAM_FLOW-CH30-VALUE,distillation_column,steam_flow,required,manipulated,t/h,vendor_channel_tag,d271ecbd79b3faf4,validation
装置5-steam_flow-CH30-VALUE,distillation_column,steam_flow,required,manipulated,t/h,vendor_channel_tag,1a894b9db3557834,validation
1号时间戳,distillation_column,timestamp,required,time,datetime,equipment_prefix,15fab7de7c4d6ec5,validation
A线_时间戳,distillation_column,timestamp,required,time,datetime,line_prefix,15fab7de7c4d6ec5,validation
B线#时间戳#测点42,distillation_column,timestamp,required,time,datetime,line_point_tag,15fab7de7c4d6ec5,validation
DCS_03_时间戳_PV_17,distillation_column,timestamp,required,time,datetime,vendor_dcs_tag,15fab7de7c4d6ec5,validation
HMI.22.时间戳.AI,distillation_column,timestamp,required,time,datetime,vendor_hmi_tag,15fab7de7c4d6ec5,validation
时间戳,distillation_column,timestamp,required,time,datetime,template,15fab7de7c4d6ec5,validation
时间戳_01,distillation_column,timestamp,required,time,datetime,channel_suffix,15fab7de7c4d6ec5,validation
时间戳_PV,distillation_column,timestamp,required,time,datetime,control_suffix,15fab7de7c4d6ec5,validation
装置5-时间戳-CH30-VALUE,distillation_column,timestamp,required,time,datetime,vendor_channel_tag,15fab7de7c4d6ec5,validation
DCS_报警文本_25,steel_industry_energy,__irrelevant__,irrelevant,none,,negative_vendor,9acc3ec1048ea8b9,validation
DCS_账户登录次数_25,steel_industry_energy,__irrelevant__,irrelevant,none,,negative_vendor,bab72cf8041effd4,validation
DCS_软件版本说明_25,steel_industry_energy,__irrelevant__,irrelevant,none,,negative_vendor,9928d570644e09f7,validation
HMI.60.报警文本.RAW,steel_industry_energy,__irrelevant__,irrelevant,none,,negative_vendor,9acc3ec1048ea8b9,validation
HMI.60.账户登录次数.RAW,steel_industry_energy,__irrelevant__,irrelevant,none,,negative_vendor,bab72cf8041effd4,validation
HMI.60.软件版本说明.RAW,steel_industry_energy,__irrelevant__,irrelevant,none,,negative_vendor,9928d570644e09f7,validation
报警文本,steel_industry_energy,__irrelevant__,irrelevant,none,,negative,9acc3ec1048ea8b9,validation
账户登录次数,steel_industry_energy,__irrelevant__,irrelevant,none,,negative,bab72cf8041effd4,validation
软件版本说明,steel_industry_energy,__irrelevant__,irrelevant,none,,negative,9928d570644e09f7,validation
1号lagging power factor,steel_industry_energy,lagging_power_factor,useful,state,percent,equipment_prefix,545d761109f0afec,validation
1号滞后功率因数,steel_industry_energy,lagging_power_factor,useful,state,percent,equipment_prefix,f1966d85931d6308,validation
A线_lagging power factor,steel_industry_energy,lagging_power_factor,useful,state,percent,line_prefix,545d761109f0afec,validation
A线_滞后功率因数,steel_industry_energy,lagging_power_factor,useful,state,percent,line_prefix,f1966d85931d6308,validation
B线#lagging power factor#测点42,steel_industry_energy,lagging_power_factor,useful,state,percent,line_point_tag,545d761109f0afec,validation
B线#滞后功率因数#测点42,steel_industry_energy,lagging_power_factor,useful,state,percent,line_point_tag,f1966d85931d6308,validation
DCS_03_lagging_power_factor_PV_17,steel_industry_energy,lagging_power_factor,useful,state,percent,vendor_dcs_tag,545d761109f0afec,validation
DCS_03_滞后功率因数_PV_17,steel_industry_energy,lagging_power_factor,useful,state,percent,vendor_dcs_tag,f1966d85931d6308,validation
HMI.22.lagging_power_factor.AI,steel_industry_energy,lagging_power_factor,useful,state,percent,vendor_hmi_tag,545d761109f0afec,validation
HMI.22.滞后功率因数.AI,steel_industry_energy,lagging_power_factor,useful,state,percent,vendor_hmi_tag,f1966d85931d6308,validation
LAGGING_POWER_FACTOR,steel_industry_energy,lagging_power_factor,useful,state,percent,uppercase,545d761109f0afec,validation
lagging power factor,steel_industry_energy,lagging_power_factor,useful,state,percent,template,545d761109f0afec,validation
lagging power factor[percent],steel_industry_energy,lagging_power_factor,useful,state,percent,unit_bracket,545d761109f0afec,validation
lagging_power_factor,steel_industry_energy,lagging_power_factor,useful,state,percent,normalized,545d761109f0afec,validation
lagging_power_factor_01,steel_industry_energy,lagging_power_factor,useful,state,percent,channel_suffix,545d761109f0afec,validation
lagging_power_factor_PV,steel_industry_energy,lagging_power_factor,useful,state,percent,control_suffix,545d761109f0afec,validation
lagging_power_factor_percent,steel_industry_energy,lagging_power_factor,useful,state,percent,unit_suffix,545d761109f0afec,validation
laggingpowerfactor,steel_industry_energy,lagging_power_factor,useful,state,percent,compact,545d761109f0afec,validation
滞后功率因数,steel_industry_energy,lagging_power_factor,useful,state,percent,template,f1966d85931d6308,validation
滞后功率因数[percent],steel_industry_energy,lagging_power_factor,useful,state,percent,unit_bracket,f1966d85931d6308,validation
滞后功率因数_01,steel_industry_energy,lagging_power_factor,useful,state,percent,channel_suffix,f1966d85931d6308,validation
滞后功率因数_PV,steel_industry_energy,lagging_power_factor,useful,state,percent,control_suffix,f1966d85931d6308,validation
滞后功率因数_percent,steel_industry_energy,lagging_power_factor,useful,state,percent,unit_suffix,f1966d85931d6308,validation
装置5-lagging_power_factor-CH30-VALUE,steel_industry_energy,lagging_power_factor,useful,state,percent,vendor_channel_tag,545d761109f0afec,validation
装置5-滞后功率因数-CH30-VALUE,steel_industry_energy,lagging_power_factor,useful,state,percent,vendor_channel_tag,f1966d85931d6308,validation
1号Lagging_Current_Reactive.Power_kVarh,steel_industry_energy,lagging_reactive_energy,required,disturbance,kVarh,equipment_prefix,a48aeca57fa8ffb1,validation
A线_Lagging_Current_Reactive.Power_kVarh,steel_industry_energy,lagging_reactive_energy,required,disturbance,kVarh,line_prefix,a48aeca57fa8ffb1,validation
B线#Lagging_Current_Reactive.Power_kVarh#测点42,steel_industry_energy,lagging_reactive_energy,required,disturbance,kVarh,line_point_tag,a48aeca57fa8ffb1,validation
DCS_03_Lagging_Current_Reactive_Power_kVarh_PV_17,steel_industry_energy,lagging_reactive_energy,required,disturbance,kVarh,vendor_dcs_tag,a48aeca57fa8ffb1,validation
HMI.22.Lagging_Current_Reactive_Power_kVarh.AI,steel_industry_energy,lagging_reactive_energy,required,disturbance,kVarh,vendor_hmi_tag,a48aeca57fa8ffb1,validation
LAGGING_CURRENT_REACTIVE_POWER_KVARH,steel_industry_energy,lagging_reactive_energy,required,disturbance,kVarh,uppercase,a48aeca57fa8ffb1,validation
LaggingCurrentReactivePowerkVarh,steel_industry_energy,lagging_reactive_energy,required,disturbance,kVarh,compact,a48aeca57fa8ffb1,validation
Lagging_Current_Reactive.Power_kVarh,steel_industry_energy,lagging_reactive_energy,required,disturbance,kVarh,template,a48aeca57fa8ffb1,validation
Lagging_Current_Reactive.Power_kVarh[kVarh],steel_industry_energy,lagging_reactive_energy,required,disturbance,kVarh,unit_bracket,a48aeca57fa8ffb1,validation
Lagging_Current_Reactive_Power_kVarh,steel_industry_energy,lagging_reactive_energy,required,disturbance,kVarh,normalized,a48aeca57fa8ffb1,validation
Lagging_Current_Reactive_Power_kVarh_01,steel_industry_energy,lagging_reactive_energy,required,disturbance,kVarh,channel_suffix,a48aeca57fa8ffb1,validation
Lagging_Current_Reactive_Power_kVarh_PV,steel_industry_energy,lagging_reactive_energy,required,disturbance,kVarh,control_suffix,a48aeca57fa8ffb1,validation
Lagging_Current_Reactive_Power_kVarh_kVarh,steel_industry_energy,lagging_reactive_energy,required,disturbance,kVarh,unit_suffix,a48aeca57fa8ffb1,validation
装置5-Lagging_Current_Reactive_Power_kVarh-CH30-VALUE,steel_industry_energy,lagging_reactive_energy,required,disturbance,kVarh,vendor_channel_tag,a48aeca57fa8ffb1,validation
1号leading_power_factor,steel_industry_energy,leading_power_factor,useful,state,percent,equipment_prefix,3241ee75c1d13ab0,validation
A线_leading_power_factor,steel_industry_energy,leading_power_factor,useful,state,percent,line_prefix,3241ee75c1d13ab0,validation
B线#leading_power_factor#测点42,steel_industry_energy,leading_power_factor,useful,state,percent,line_point_tag,3241ee75c1d13ab0,validation
leading_power_factor[percent],steel_industry_energy,leading_power_factor,useful,state,percent,unit_bracket,3241ee75c1d13ab0,validation
1号Load_Type,steel_industry_energy,load_type,useful,state,string,equipment_prefix,8a07b12b96c8ff8a,validation
A线_Load_Type,steel_industry_energy,load_type,useful,state,string,line_prefix,8a07b12b96c8ff8a,validation
B线#Load_Type#测点42,steel_industry_energy,load_type,useful,state,string,line_point_tag,8a07b12b96c8ff8a,validation
DCS_03_Load_Type_PV_17,steel_industry_energy,load_type,useful,state,string,vendor_dcs_tag,8a07b12b96c8ff8a,validation
HMI.22.Load_Type.AI,steel_industry_energy,load_type,useful,state,string,vendor_hmi_tag,8a07b12b96c8ff8a,validation
LoadType,steel_industry_energy,load_type,useful,state,string,compact,8a07b12b96c8ff8a,validation
Load_Type,steel_industry_energy,load_type,useful,state,string,template,8a07b12b96c8ff8a,validation
Load_Type_01,steel_industry_energy,load_type,useful,state,string,channel_suffix,8a07b12b96c8ff8a,validation
Load_Type_PV,steel_industry_energy,load_type,useful,state,string,control_suffix,8a07b12b96c8ff8a,validation
装置5-Load_Type-CH30-VALUE,steel_industry_energy,load_type,useful,state,string,vendor_channel_tag,8a07b12b96c8ff8a,validation
1号number of seconds from midnight,steel_industry_energy,seconds_from_midnight,useful,state,s,equipment_prefix,c9045e4b13a20887,validation
A线_number of seconds from midnight,steel_industry_energy,seconds_from_midnight,useful,state,s,line_prefix,c9045e4b13a20887,validation
B线#number of seconds from midnight#测点42,steel_industry_energy,seconds_from_midnight,useful,state,s,line_point_tag,c9045e4b13a20887,validation
DCS_03_number_of_seconds_from_midnight_PV_17,steel_industry_energy,seconds_from_midnight,useful,state,s,vendor_dcs_tag,c9045e4b13a20887,validation
HMI.22.number_of_seconds_from_midnight.AI,steel_industry_energy,seconds_from_midnight,useful,state,s,vendor_hmi_tag,c9045e4b13a20887,validation
NUMBER_OF_SECONDS_FROM_MIDNIGHT,steel_industry_energy,seconds_from_midnight,useful,state,s,uppercase,c9045e4b13a20887,validation
number of seconds from midnight,steel_industry_energy,seconds_from_midnight,useful,state,s,template,c9045e4b13a20887,validation
number of seconds from midnight[s],steel_industry_energy,seconds_from_midnight,useful,state,s,unit_bracket,c9045e4b13a20887,validation
number_of_seconds_from_midnight,steel_industry_energy,seconds_from_midnight,useful,state,s,normalized,c9045e4b13a20887,validation
number_of_seconds_from_midnight_01,steel_industry_energy,seconds_from_midnight,useful,state,s,channel_suffix,c9045e4b13a20887,validation
number_of_seconds_from_midnight_PV,steel_industry_energy,seconds_from_midnight,useful,state,s,control_suffix,c9045e4b13a20887,validation
number_of_seconds_from_midnight_s,steel_industry_energy,seconds_from_midnight,useful,state,s,unit_suffix,c9045e4b13a20887,validation
numberofsecondsfrommidnight,steel_industry_energy,seconds_from_midnight,useful,state,s,compact,c9045e4b13a20887,validation
装置5-number_of_seconds_from_midnight-CH30-VALUE,steel_industry_energy,seconds_from_midnight,useful,state,s,vendor_channel_tag,c9045e4b13a20887,validation
DCS_会议室预约状态_25,steel_reheating_furnace,__irrelevant__,irrelevant,none,,negative_vendor,dca5bfc287f7d261,validation
DCS_厂区门禁记录_25,steel_reheating_furnace,__irrelevant__,irrelevant,none,,negative_vendor,2caed56d97eee5d2,validation
DCS_报表序号_25,steel_reheating_furnace,__irrelevant__,irrelevant,none,,negative_vendor,b3069eafdb36fac2,validation
DCS_操作员姓名_25,steel_reheating_furnace,__irrelevant__,irrelevant,none,,negative_vendor,af3871d3c33dd0fe,validation
HMI.60.会议室预约状态.RAW,steel_reheating_furnace,__irrelevant__,irrelevant,none,,negative_vendor,dca5bfc287f7d261,validation
HMI.60.厂区门禁记录.RAW,steel_reheating_furnace,__irrelevant__,irrelevant,none,,negative_vendor,2caed56d97eee5d2,validation
HMI.60.报表序号.RAW,steel_reheating_furnace,__irrelevant__,irrelevant,none,,negative_vendor,b3069eafdb36fac2,validation
HMI.60.操作员姓名.RAW,steel_reheating_furnace,__irrelevant__,irrelevant,none,,negative_vendor,af3871d3c33dd0fe,validation
会议室预约状态,steel_reheating_furnace,__irrelevant__,irrelevant,none,,negative,dca5bfc287f7d261,validation
厂区门禁记录,steel_reheating_furnace,__irrelevant__,irrelevant,none,,negative,2caed56d97eee5d2,validation
报表序号,steel_reheating_furnace,__irrelevant__,irrelevant,none,,negative,b3069eafdb36fac2,validation
操作员姓名,steel_reheating_furnace,__irrelevant__,irrelevant,none,,negative,af3871d3c33dd0fe,validation
1号空气燃料比,steel_reheating_furnace,air_fuel_ratio,useful,state,ratio,equipment_prefix,376d63ee6e9cca16,validation
A线_空气燃料比,steel_reheating_furnace,air_fuel_ratio,useful,state,ratio,line_prefix,376d63ee6e9cca16,validation
B线#空气燃料比#测点42,steel_reheating_furnace,air_fuel_ratio,useful,state,ratio,line_point_tag,376d63ee6e9cca16,validation
DCS_03_空气燃料比_PV_17,steel_reheating_furnace,air_fuel_ratio,useful,state,ratio,vendor_dcs_tag,376d63ee6e9cca16,validation
HMI.22.空气燃料比.AI,steel_reheating_furnace,air_fuel_ratio,useful,state,ratio,vendor_hmi_tag,376d63ee6e9cca16,validation
空气燃料比,steel_reheating_furnace,air_fuel_ratio,useful,state,ratio,template,376d63ee6e9cca16,validation
空气燃料比[ratio],steel_reheating_furnace,air_fuel_ratio,useful,state,ratio,unit_bracket,376d63ee6e9cca16,validation
空气燃料比_01,steel_reheating_furnace,air_fuel_ratio,useful,state,ratio,channel_suffix,376d63ee6e9cca16,validation
空气燃料比_PV,steel_reheating_furnace,air_fuel_ratio,useful,state,ratio,control_suffix,376d63ee6e9cca16,validation
空气燃料比_ratio,steel_reheating_furnace,air_fuel_ratio,useful,state,ratio,unit_suffix,376d63ee6e9cca16,validation
装置5-空气燃料比-CH30-VALUE,steel_reheating_furnace,air_fuel_ratio,useful,state,ratio,vendor_channel_tag,376d63ee6e9cca16,validation
1号排烟温度,steel_reheating_furnace,flue_gas_temp,useful,state,degC,equipment_prefix,f212eb54abacf825,validation
1号烟道温度,steel_reheating_furnace,flue_gas_temp,useful,state,degC,equipment_prefix,73d514f9a042a1a3,validation
A线_排烟温度,steel_reheating_furnace,flue_gas_temp,useful,state,degC,line_prefix,f212eb54abacf825,validation
A线_烟道温度,steel_reheating_furnace,flue_gas_temp,useful,state,degC,line_prefix,73d514f9a042a1a3,validation
B线#排烟温度#测点42,steel_reheating_furnace,flue_gas_temp,useful,state,degC,line_point_tag,f212eb54abacf825,validation
B线#烟道温度#测点42,steel_reheating_furnace,flue_gas_temp,useful,state,degC,line_point_tag,73d514f9a042a1a3,validation
DCS_03_排烟温度_PV_17,steel_reheating_furnace,flue_gas_temp,useful,state,degC,vendor_dcs_tag,f212eb54abacf825,validation
DCS_03_烟道温度_PV_17,steel_reheating_furnace,flue_gas_temp,useful,state,degC,vendor_dcs_tag,73d514f9a042a1a3,validation
HMI.22.排烟温度.AI,steel_reheating_furnace,flue_gas_temp,useful,state,degC,vendor_hmi_tag,f212eb54abacf825,validation
HMI.22.烟道温度.AI,steel_reheating_furnace,flue_gas_temp,useful,state,degC,vendor_hmi_tag,73d514f9a042a1a3,validation
排烟温度,steel_reheating_furnace,flue_gas_temp,useful,state,degC,template,f212eb54abacf825,validation
排烟温度[degC],steel_reheating_furnace,flue_gas_temp,useful,state,degC,unit_bracket,f212eb54abacf825,validation
排烟温度_01,steel_reheating_furnace,flue_gas_temp,useful,state,degC,channel_suffix,f212eb54abacf825,validation
排烟温度_PV,steel_reheating_furnace,flue_gas_temp,useful,state,degC,control_suffix,f212eb54abacf825,validation
排烟温度_degC,steel_reheating_furnace,flue_gas_temp,useful,state,degC,unit_suffix,f212eb54abacf825,validation
烟道温度,steel_reheating_furnace,flue_gas_temp,useful,state,degC,template,73d514f9a042a1a3,validation
烟道温度[degC],steel_reheating_furnace,flue_gas_temp,useful,state,degC,unit_bracket,73d514f9a042a1a3,validation
烟道温度_01,steel_reheating_furnace,flue_gas_temp,useful,state,degC,channel_suffix,73d514f9a042a1a3,validation
烟道温度_PV,steel_reheating_furnace,flue_gas_temp,useful,state,degC,control_suffix,73d514f9a042a1a3,validation
烟道温度_degC,steel_reheating_furnace,flue_gas_temp,useful,state,degC,unit_suffix,73d514f9a042a1a3,validation
装置5-排烟温度-CH30-VALUE,steel_reheating_furnace,flue_gas_temp,useful,state,degC,vendor_channel_tag,f212eb54abacf825,validation
装置5-烟道温度-CH30-VALUE,steel_reheating_furnace,flue_gas_temp,useful,state,degC,vendor_channel_tag,73d514f9a042a1a3,validation
1号furnace_pressure,steel_reheating_furnace,furnace_pressure,useful,state,Pa,equipment_prefix,40887e1b738864aa,validation
A线_furnace_pressure,steel_reheating_furnace,furnace_pressure,useful,state,Pa,line_prefix,40887e1b738864aa,validation
B线#furnace_pressure#测点42,steel_reheating_furnace,furnace_pressure,useful,state,Pa,line_point_tag,40887e1b738864aa,validation
DCS_03_furnace_pressure_PV_17,steel_reheating_furnace,furnace_pressure,useful,state,Pa,vendor_dcs_tag,40887e1b738864aa,validation
HMI.22.furnace_pressure.AI,steel_reheating_furnace,furnace_pressure,useful,state,Pa,vendor_hmi_tag,40887e1b738864aa,validation
furnace_pressure,steel_reheating_furnace,furnace_pressure,useful,state,Pa,template,40887e1b738864aa,validation
furnace_pressure[Pa],steel_reheating_furnace,furnace_pressure,useful,state,Pa,unit_bracket,40887e1b738864aa,validation
furnace_pressure_01,steel_reheating_furnace,furnace_pressure,useful,state,Pa,channel_suffix,40887e1b738864aa,validation
furnace_pressure_PV,steel_reheating_furnace,furnace_pressure,useful,state,Pa,control_suffix,40887e1b738864aa,validation
furnace_pressure_Pa,steel_reheating_furnace,furnace_pressure,useful,state,Pa,unit_suffix,40887e1b738864aa,validation
furnacepressure,steel_reheating_furnace,furnace_pressure,useful,state,Pa,compact,40887e1b738864aa,validation
装置5-furnace_pressure-CH30-VALUE,steel_reheating_furnace,furnace_pressure,useful,state,Pa,vendor_channel_tag,40887e1b738864aa,validation
1号ZONE2_TEMP,steel_reheating_furnace,furnace_zone2_temp,required,controlled,degC,equipment_prefix,16311f5c4ae066da,validation
A线_ZONE2_TEMP,steel_reheating_furnace,furnace_zone2_temp,required,controlled,degC,line_prefix,16311f5c4ae066da,validation
B线#ZONE2_TEMP#测点42,steel_reheating_furnace,furnace_zone2_temp,required,controlled,degC,line_point_tag,16311f5c4ae066da,validation
DCS_03_ZONE2_TEMP_PV_17,steel_reheating_furnace,furnace_zone2_temp,required,controlled,degC,vendor_dcs_tag,16311f5c4ae066da,validation
HMI.22.ZONE2_TEMP.AI,steel_reheating_furnace,furnace_zone2_temp,required,controlled,degC,vendor_hmi_tag,16311f5c4ae066da,validation
ZONE2TEMP,steel_reheating_furnace,furnace_zone2_temp,required,controlled,degC,compact,16311f5c4ae066da,validation
ZONE2_TEMP,steel_reheating_furnace,furnace_zone2_temp,required,controlled,degC,template,16311f5c4ae066da,validation
ZONE2_TEMP[degC],steel_reheating_furnace,furnace_zone2_temp,required,controlled,degC,unit_bracket,16311f5c4ae066da,validation
ZONE2_TEMP_01,steel_reheating_furnace,furnace_zone2_temp,required,controlled,degC,channel_suffix,16311f5c4ae066da,validation
ZONE2_TEMP_PV,steel_reheating_furnace,furnace_zone2_temp,required,controlled,degC,control_suffix,16311f5c4ae066da,validation
ZONE2_TEMP_degC,steel_reheating_furnace,furnace_zone2_temp,required,controlled,degC,unit_suffix,16311f5c4ae066da,validation
装置5-ZONE2_TEMP-CH30-VALUE,steel_reheating_furnace,furnace_zone2_temp,required,controlled,degC,vendor_channel_tag,16311f5c4ae066da,validation
1号ZONE3_TEMP_C,steel_reheating_furnace,furnace_zone3_temp,required,controlled,degC,equipment_prefix,0ffbf4dbf43dc2b9,validation
A线_ZONE3_TEMP_C,steel_reheating_furnace,furnace_zone3_temp,required,controlled,degC,line_prefix,0ffbf4dbf43dc2b9,validation
B线#ZONE3_TEMP_C#测点42,steel_reheating_furnace,furnace_zone3_temp,required,controlled,degC,line_point_tag,0ffbf4dbf43dc2b9,validation
DCS_03_ZONE3_TEMP_C_PV_17,steel_reheating_furnace,furnace_zone3_temp,required,controlled,degC,vendor_dcs_tag,0ffbf4dbf43dc2b9,validation
HMI.22.ZONE3_TEMP_C.AI,steel_reheating_furnace,furnace_zone3_temp,required,controlled,degC,vendor_hmi_tag,0ffbf4dbf43dc2b9,validation
ZONE3TEMPC,steel_reheating_furnace,furnace_zone3_temp,required,controlled,degC,compact,0ffbf4dbf43dc2b9,validation
ZONE3_TEMP_C,steel_reheating_furnace,furnace_zone3_temp,required,controlled,degC,template,0ffbf4dbf43dc2b9,validation
ZONE3_TEMP_C[degC],steel_reheating_furnace,furnace_zone3_temp,required,controlled,degC,unit_bracket,0ffbf4dbf43dc2b9,validation
ZONE3_TEMP_C_01,steel_reheating_furnace,furnace_zone3_temp,required,controlled,degC,channel_suffix,0ffbf4dbf43dc2b9,validation
ZONE3_TEMP_C_PV,steel_reheating_furnace,furnace_zone3_temp,required,controlled,degC,control_suffix,0ffbf4dbf43dc2b9,validation
ZONE3_TEMP_C_degC,steel_reheating_furnace,furnace_zone3_temp,required,controlled,degC,unit_suffix,0ffbf4dbf43dc2b9,validation
装置5-ZONE3_TEMP_C-CH30-VALUE,steel_reheating_furnace,furnace_zone3_temp,required,controlled,degC,vendor_channel_tag,0ffbf4dbf43dc2b9,validation
1号COALGAS_FLOW,steel_reheating_furnace,gas_flow,required,manipulated,Nm3/h,equipment_prefix,0c7ac48fe7831b77,validation
A线_COALGAS_FLOW,steel_reheating_furnace,gas_flow,required,manipulated,Nm3/h,line_prefix,0c7ac48fe7831b77,validation
B线#COALGAS_FLOW#测点42,steel_reheating_furnace,gas_flow,required,manipulated,Nm3/h,line_point_tag,0c7ac48fe7831b77,validation
COALGASFLOW,steel_reheating_furnace,gas_flow,required,manipulated,Nm3/h,compact,0c7ac48fe7831b77,validation
COALGAS_FLOW,steel_reheating_furnace,gas_flow,required,manipulated,Nm3/h,template,0c7ac48fe7831b77,validation
COALGAS_FLOW[Nm3/h],steel_reheating_furnace,gas_flow,required,manipulated,Nm3/h,unit_bracket,0c7ac48fe7831b77,validation
COALGAS_FLOW_01,steel_reheating_furnace,gas_flow,required,manipulated,Nm3/h,channel_suffix,0c7ac48fe7831b77,validation
COALGAS_FLOW_Nm3/h,steel_reheating_furnace,gas_flow,required,manipulated,Nm3/h,unit_suffix,0c7ac48fe7831b77,validation
COALGAS_FLOW_SP,steel_reheating_furnace,gas_flow,required,manipulated,Nm3/h,control_suffix,0c7ac48fe7831b77,validation
DCS_03_COALGAS_FLOW_PV_17,steel_reheating_furnace,gas_flow,required,manipulated,Nm3/h,vendor_dcs_tag,0c7ac48fe7831b77,validation
HMI.22.COALGAS_FLOW.AI,steel_reheating_furnace,gas_flow,required,manipulated,Nm3/h,vendor_hmi_tag,0c7ac48fe7831b77,validation
装置5-COALGAS_FLOW-CH30-VALUE,steel_reheating_furnace,gas_flow,required,manipulated,Nm3/h,vendor_channel_tag,0c7ac48fe7831b77,validation
1号slab_discharge_temp,steel_reheating_furnace,slab_discharge_temp,required,controlled,degC,equipment_prefix,4c6221e8591141c1,validation
1号钢坯出口温度,steel_reheating_furnace,slab_discharge_temp,required,controlled,degC,equipment_prefix,4ab142747f3d4461,validation
A线_slab_discharge_temp,steel_reheating_furnace,slab_discharge_temp,required,controlled,degC,line_prefix,4c6221e8591141c1,validation
A线_钢坯出口温度,steel_reheating_furnace,slab_discharge_temp,required,controlled,degC,line_prefix,4ab142747f3d4461,validation
B线#slab_discharge_temp#测点42,steel_reheating_furnace,slab_discharge_temp,required,controlled,degC,line_point_tag,4c6221e8591141c1,validation
B线#钢坯出口温度#测点42,steel_reheating_furnace,slab_discharge_temp,required,controlled,degC,line_point_tag,4ab142747f3d4461,validation
DCS_03_slab_discharge_temp_PV_17,steel_reheating_furnace,slab_discharge_temp,required,controlled,degC,vendor_dcs_tag,4c6221e8591141c1,validation
DCS_03_钢坯出口温度_PV_17,steel_reheating_furnace,slab_discharge_temp,required,controlled,degC,vendor_dcs_tag,4ab142747f3d4461,validation
HMI.22.slab_discharge_temp.AI,steel_reheating_furnace,slab_discharge_temp,required,controlled,degC,vendor_hmi_tag,4c6221e8591141c1,validation
HMI.22.钢坯出口温度.AI,steel_reheating_furnace,slab_discharge_temp,required,controlled,degC,vendor_hmi_tag,4ab142747f3d4461,validation
SLAB_DISCHARGE_TEMP,steel_reheating_furnace,slab_discharge_temp,required,controlled,degC,uppercase,4c6221e8591141c1,validation
slab_discharge_temp,steel_reheating_furnace,slab_discharge_temp,required,controlled,degC,template,4c6221e8591141c1,validation
slab_discharge_temp[degC],steel_reheating_furnace,slab_discharge_temp,required,controlled,degC,unit_bracket,4c6221e8591141c1,validation
slab_discharge_temp_01,steel_reheating_furnace,slab_discharge_temp,required,controlled,degC,channel_suffix,4c6221e8591141c1,validation
slab_discharge_temp_PV,steel_reheating_furnace,slab_discharge_temp,required,controlled,degC,control_suffix,4c6221e8591141c1,validation
slab_discharge_temp_degC,steel_reheating_furnace,slab_discharge_temp,required,controlled,degC,unit_suffix,4c6221e8591141c1,validation
slabdischargetemp,steel_reheating_furnace,slab_discharge_temp,required,controlled,degC,compact,4c6221e8591141c1,validation
装置5-slab_discharge_temp-CH30-VALUE,steel_reheating_furnace,slab_discharge_temp,required,controlled,degC,vendor_channel_tag,4c6221e8591141c1,validation
装置5-钢坯出口温度-CH30-VALUE,steel_reheating_furnace,slab_discharge_temp,required,controlled,degC,vendor_channel_tag,4ab142747f3d4461,validation
钢坯出口温度,steel_reheating_furnace,slab_discharge_temp,required,controlled,degC,template,4ab142747f3d4461,validation
钢坯出口温度[degC],steel_reheating_furnace,slab_discharge_temp,required,controlled,degC,unit_bracket,4ab142747f3d4461,validation
钢坯出口温度_01,steel_reheating_furnace,slab_discharge_temp,required,controlled,degC,channel_suffix,4ab142747f3d4461,validation
钢坯出口温度_PV,steel_reheating_furnace,slab_discharge_temp,required,controlled,degC,control_suffix,4ab142747f3d4461,validation
钢坯出口温度_degC,steel_reheating_furnace,slab_discharge_temp,required,controlled,degC,unit_suffix,4ab142747f3d4461,validation
1号ENTRY_TEMP,steel_reheating_furnace,slab_entry_temp,useful,disturbance,degC,equipment_prefix,ea7953d56d3805fd,validation
1号SLAB_IN_TEMP,steel_reheating_furnace,slab_entry_temp,useful,disturbance,degC,equipment_prefix,55628322518abb9e,validation
A线_ENTRY_TEMP,steel_reheating_furnace,slab_entry_temp,useful,disturbance,degC,line_prefix,ea7953d56d3805fd,validation
A线_SLAB_IN_TEMP,steel_reheating_furnace,slab_entry_temp,useful,disturbance,degC,line_prefix,55628322518abb9e,validation
B线#ENTRY_TEMP#测点42,steel_reheating_furnace,slab_entry_temp,useful,disturbance,degC,line_point_tag,ea7953d56d3805fd,validation
B线#SLAB_IN_TEMP#测点42,steel_reheating_furnace,slab_entry_temp,useful,disturbance,degC,line_point_tag,55628322518abb9e,validation
DCS_03_ENTRY_TEMP_PV_17,steel_reheating_furnace,slab_entry_temp,useful,disturbance,degC,vendor_dcs_tag,ea7953d56d3805fd,validation
DCS_03_SLAB_IN_TEMP_PV_17,steel_reheating_furnace,slab_entry_temp,useful,disturbance,degC,vendor_dcs_tag,55628322518abb9e,validation
ENTRYTEMP,steel_reheating_furnace,slab_entry_temp,useful,disturbance,degC,compact,ea7953d56d3805fd,validation
ENTRY_TEMP,steel_reheating_furnace,slab_entry_temp,useful,disturbance,degC,template,ea7953d56d3805fd,validation
ENTRY_TEMP[degC],steel_reheating_furnace,slab_entry_temp,useful,disturbance,degC,unit_bracket,ea7953d56d3805fd,validation
ENTRY_TEMP_01,steel_reheating_furnace,slab_entry_temp,useful,disturbance,degC,channel_suffix,ea7953d56d3805fd,validation
ENTRY_TEMP_PV,steel_reheating_furnace,slab_entry_temp,useful,disturbance,degC,control_suffix,ea7953d56d3805fd,validation
ENTRY_TEMP_degC,steel_reheating_furnace,slab_entry_temp,useful,disturbance,degC,unit_suffix,ea7953d56d3805fd,validation
HMI.22.ENTRY_TEMP.AI,steel_reheating_furnace,slab_entry_temp,useful,disturbance,degC,vendor_hmi_tag,ea7953d56d3805fd,validation
HMI.22.SLAB_IN_TEMP.AI,steel_reheating_furnace,slab_entry_temp,useful,disturbance,degC,vendor_hmi_tag,55628322518abb9e,validation
SLABINTEMP,steel_reheating_furnace,slab_entry_temp,useful,disturbance,degC,compact,55628322518abb9e,validation
SLAB_IN_TEMP,steel_reheating_furnace,slab_entry_temp,useful,disturbance,degC,template,55628322518abb9e,validation
SLAB_IN_TEMP[degC],steel_reheating_furnace,slab_entry_temp,useful,disturbance,degC,unit_bracket,55628322518abb9e,validation
SLAB_IN_TEMP_01,steel_reheating_furnace,slab_entry_temp,useful,disturbance,degC,channel_suffix,55628322518abb9e,validation
SLAB_IN_TEMP_PV,steel_reheating_furnace,slab_entry_temp,useful,disturbance,degC,control_suffix,55628322518abb9e,validation
SLAB_IN_TEMP_degC,steel_reheating_furnace,slab_entry_temp,useful,disturbance,degC,unit_suffix,55628322518abb9e,validation
装置5-ENTRY_TEMP-CH30-VALUE,steel_reheating_furnace,slab_entry_temp,useful,disturbance,degC,vendor_channel_tag,ea7953d56d3805fd,validation
装置5-SLAB_IN_TEMP-CH30-VALUE,steel_reheating_furnace,slab_entry_temp,useful,disturbance,degC,vendor_channel_tag,55628322518abb9e,validation
1号坯料厚度,steel_reheating_furnace,slab_thickness,useful,disturbance,mm,equipment_prefix,f7c7181f42fc1ee7,validation
A线_坯料厚度,steel_reheating_furnace,slab_thickness,useful,disturbance,mm,line_prefix,f7c7181f42fc1ee7,validation
B线#坯料厚度#测点42,steel_reheating_furnace,slab_thickness,useful,disturbance,mm,line_point_tag,f7c7181f42fc1ee7,validation
DCS_03_坯料厚度_PV_17,steel_reheating_furnace,slab_thickness,useful,disturbance,mm,vendor_dcs_tag,f7c7181f42fc1ee7,validation
HMI.22.坯料厚度.AI,steel_reheating_furnace,slab_thickness,useful,disturbance,mm,vendor_hmi_tag,f7c7181f42fc1ee7,validation
坯料厚度,steel_reheating_furnace,slab_thickness,useful,disturbance,mm,template,f7c7181f42fc1ee7,validation
坯料厚度[mm],steel_reheating_furnace,slab_thickness,useful,disturbance,mm,unit_bracket,f7c7181f42fc1ee7,validation
坯料厚度_01,steel_reheating_furnace,slab_thickness,useful,disturbance,mm,channel_suffix,f7c7181f42fc1ee7,validation
坯料厚度_PV,steel_reheating_furnace,slab_thickness,useful,disturbance,mm,control_suffix,f7c7181f42fc1ee7,validation
坯料厚度_mm,steel_reheating_furnace,slab_thickness,useful,disturbance,mm,unit_suffix,f7c7181f42fc1ee7,validation
装置5-坯料厚度-CH30-VALUE,steel_reheating_furnace,slab_thickness,useful,disturbance,mm,vendor_channel_tag,f7c7181f42fc1ee7,validation
1号板坯宽度,steel_reheating_furnace,slab_width,useful,disturbance,mm,equipment_prefix,233b3d268252db8d,validation
A线_板坯宽度,steel_reheating_furnace,slab_width,useful,disturbance,mm,line_prefix,233b3d268252db8d,validation
B线#板坯宽度#测点42,steel_reheating_furnace,slab_width,useful,disturbance,mm,line_point_tag,233b3d268252db8d,validation
DCS_03_板坯宽度_PV_17,steel_reheating_furnace,slab_width,useful,disturbance,mm,vendor_dcs_tag,233b3d268252db8d,validation
HMI.22.板坯宽度.AI,steel_reheating_furnace,slab_width,useful,disturbance,mm,vendor_hmi_tag,233b3d268252db8d,validation
板坯宽度,steel_reheating_furnace,slab_width,useful,disturbance,mm,template,233b3d268252db8d,validation
板坯宽度[mm],steel_reheating_furnace,slab_width,useful,disturbance,mm,unit_bracket,233b3d268252db8d,validation
板坯宽度_01,steel_reheating_furnace,slab_width,useful,disturbance,mm,channel_suffix,233b3d268252db8d,validation
板坯宽度_PV,steel_reheating_furnace,slab_width,useful,disturbance,mm,control_suffix,233b3d268252db8d,validation
板坯宽度_mm,steel_reheating_furnace,slab_width,useful,disturbance,mm,unit_suffix,233b3d268252db8d,validation
装置5-板坯宽度-CH30-VALUE,steel_reheating_furnace,slab_width,useful,disturbance,mm,vendor_channel_tag,233b3d268252db8d,validation
DCS_检修记录_25,thermal_power_boiler,__irrelevant__,irrelevant,none,,negative_vendor,f77aa593c7b03881,validation
DCS_班车到站时间_25,thermal_power_boiler,__irrelevant__,irrelevant,none,,negative_vendor,e88d7c2de1bba5a3,validation
HMI.60.检修记录.RAW,thermal_power_boiler,__irrelevant__,irrelevant,none,,negative_vendor,f77aa593c7b03881,validation
HMI.60.班车到站时间.RAW,thermal_power_boiler,__irrelevant__,irrelevant,none,,negative_vendor,e88d7c2de1bba5a3,validation
检修记录,thermal_power_boiler,__irrelevant__,irrelevant,none,,negative,f77aa593c7b03881,validation
班车到站时间,thermal_power_boiler,__irrelevant__,irrelevant,none,,negative,e88d7c2de1bba5a3,validation
1号FUEL_FLOW,thermal_power_boiler,coal_flow,required,manipulated,t/h,equipment_prefix,5fe51a0681988bfd,validation
A线_FUEL_FLOW,thermal_power_boiler,coal_flow,required,manipulated,t/h,line_prefix,5fe51a0681988bfd,validation
B线#FUEL_FLOW#测点42,thermal_power_boiler,coal_flow,required,manipulated,t/h,line_point_tag,5fe51a0681988bfd,validation
DCS_03_FUEL_FLOW_PV_17,thermal_power_boiler,coal_flow,required,manipulated,t/h,vendor_dcs_tag,5fe51a0681988bfd,validation
FUELFLOW,thermal_power_boiler,coal_flow,required,manipulated,t/h,compact,5fe51a0681988bfd,validation
FUEL_FLOW,thermal_power_boiler,coal_flow,required,manipulated,t/h,template,5fe51a0681988bfd,validation
FUEL_FLOW[t/h],thermal_power_boiler,coal_flow,required,manipulated,t/h,unit_bracket,5fe51a0681988bfd,validation
FUEL_FLOW_01,thermal_power_boiler,coal_flow,required,manipulated,t/h,channel_suffix,5fe51a0681988bfd,validation
FUEL_FLOW_SP,thermal_power_boiler,coal_flow,required,manipulated,t/h,control_suffix,5fe51a0681988bfd,validation
FUEL_FLOW_t/h,thermal_power_boiler,coal_flow,required,manipulated,t/h,unit_suffix,5fe51a0681988bfd,validation
HMI.22.FUEL_FLOW.AI,thermal_power_boiler,coal_flow,required,manipulated,t/h,vendor_hmi_tag,5fe51a0681988bfd,validation
装置5-FUEL_FLOW-CH30-VALUE,thermal_power_boiler,coal_flow,required,manipulated,t/h,vendor_channel_tag,5fe51a0681988bfd,validation
1号drum_level,thermal_power_boiler,drum_level,useful,controlled,mm,equipment_prefix,233c1681da55f79d,validation
A线_drum_level,thermal_power_boiler,drum_level,useful,controlled,mm,line_prefix,233c1681da55f79d,validation
B线#drum_level#测点42,thermal_power_boiler,drum_level,useful,controlled,mm,line_point_tag,233c1681da55f79d,validation
DCS_03_drum_level_PV_17,thermal_power_boiler,drum_level,useful,controlled,mm,vendor_dcs_tag,233c1681da55f79d,validation
HMI.22.drum_level.AI,thermal_power_boiler,drum_level,useful,controlled,mm,vendor_hmi_tag,233c1681da55f79d,validation
drum_level,thermal_power_boiler,drum_level,useful,controlled,mm,template,233c1681da55f79d,validation
drum_level[mm],thermal_power_boiler,drum_level,useful,controlled,mm,unit_bracket,233c1681da55f79d,validation
drum_level_01,thermal_power_boiler,drum_level,useful,controlled,mm,channel_suffix,233c1681da55f79d,validation
drum_level_PV,thermal_power_boiler,drum_level,useful,controlled,mm,control_suffix,233c1681da55f79d,validation
drum_level_mm,thermal_power_boiler,drum_level,useful,controlled,mm,unit_suffix,233c1681da55f79d,validation
drumlevel,thermal_power_boiler,drum_level,useful,controlled,mm,compact,233c1681da55f79d,validation
装置5-drum_level-CH30-VALUE,thermal_power_boiler,drum_level,useful,controlled,mm,vendor_channel_tag,233c1681da55f79d,validation
1号给水流量,thermal_power_boiler,feedwater_flow,required,manipulated,t/h,equipment_prefix,936dc76eb7b6c039,validation
A线_给水流量,thermal_power_boiler,feedwater_flow,required,manipulated,t/h,line_prefix,936dc76eb7b6c039,validation
B线#给水流量#测点42,thermal_power_boiler,feedwater_flow,required,manipulated,t/h,line_point_tag,936dc76eb7b6c039,validation
DCS_03_给水流量_PV_17,thermal_power_boiler,feedwater_flow,required,manipulated,t/h,vendor_dcs_tag,936dc76eb7b6c039,validation
HMI.22.给水流量.AI,thermal_power_boiler,feedwater_flow,required,manipulated,t/h,vendor_hmi_tag,936dc76eb7b6c039,validation
给水流量,thermal_power_boiler,feedwater_flow,required,manipulated,t/h,template,936dc76eb7b6c039,validation
给水流量[t/h],thermal_power_boiler,feedwater_flow,required,manipulated,t/h,unit_bracket,936dc76eb7b6c039,validation
给水流量_01,thermal_power_boiler,feedwater_flow,required,manipulated,t/h,channel_suffix,936dc76eb7b6c039,validation
给水流量_SP,thermal_power_boiler,feedwater_flow,required,manipulated,t/h,control_suffix,936dc76eb7b6c039,validation
给水流量_t/h,thermal_power_boiler,feedwater_flow,required,manipulated,t/h,unit_suffix,936dc76eb7b6c039,validation
装置5-给水流量-CH30-VALUE,thermal_power_boiler,feedwater_flow,required,manipulated,t/h,vendor_channel_tag,936dc76eb7b6c039,validation
1号烟气含氧量,thermal_power_boiler,flue_gas_o2,required,state,percent,equipment_prefix,a502cc0c4cc105a9,validation
1号空预器入口氧量,thermal_power_boiler,flue_gas_o2,required,state,percent,equipment_prefix,2d66d7c892f91182,validation
A线_烟气含氧量,thermal_power_boiler,flue_gas_o2,required,state,percent,line_prefix,a502cc0c4cc105a9,validation
A线_空预器入口氧量,thermal_power_boiler,flue_gas_o2,required,state,percent,line_prefix,2d66d7c892f91182,validation
B线#烟气含氧量#测点42,thermal_power_boiler,flue_gas_o2,required,state,percent,line_point_tag,a502cc0c4cc105a9,validation
B线#空预器入口氧量#测点42,thermal_power_boiler,flue_gas_o2,required,state,percent,line_point_tag,2d66d7c892f91182,validation
DCS_03_烟气含氧量_PV_17,thermal_power_boiler,flue_gas_o2,required,state,percent,vendor_dcs_tag,a502cc0c4cc105a9,validation
DCS_03_空预器入口氧量_PV_17,thermal_power_boiler,flue_gas_o2,required,state,percent,vendor_dcs_tag,2d66d7c892f91182,validation
HMI.22.烟气含氧量.AI,thermal_power_boiler,flue_gas_o2,required,state,percent,vendor_hmi_tag,a502cc0c4cc105a9,validation
HMI.22.空预器入口氧量.AI,thermal_power_boiler,flue_gas_o2,required,state,percent,vendor_hmi_tag,2d66d7c892f91182,validation
烟气含氧量,thermal_power_boiler,flue_gas_o2,required,state,percent,template,a502cc0c4cc105a9,validation
烟气含氧量[percent],thermal_power_boiler,flue_gas_o2,required,state,percent,unit_bracket,a502cc0c4cc105a9,validation
烟气含氧量_01,thermal_power_boiler,flue_gas_o2,required,state,percent,channel_suffix,a502cc0c4cc105a9,validation
烟气含氧量_PV,thermal_power_boiler,flue_gas_o2,required,state,percent,control_suffix,a502cc0c4cc105a9,validation
烟气含氧量_percent,thermal_power_boiler,flue_gas_o2,required,state,percent,unit_suffix,a502cc0c4cc105a9,validation
空预器入口氧量,thermal_power_boiler,flue_gas_o2,required,state,percent,template,2d66d7c892f91182,validation
空预器入口氧量[percent],thermal_power_boiler,flue_gas_o2,required,state,percent,unit_bracket,2d66d7c892f91182,validation
空预器入口氧量_01,thermal_power_boiler,flue_gas_o2,required,state,percent,channel_suffix,2d66d7c892f91182,validation
空预器入口氧量_PV,thermal_power_boiler,flue_gas_o2,required,state,percent,control_suffix,2d66d7c892f91182,validation
空预器入口氧量_percent,thermal_power_boiler,flue_gas_o2,required,state,percent,unit_suffix,2d66d7c892f91182,validation
装置5-烟气含氧量-CH30-VALUE,thermal_power_boiler,flue_gas_o2,required,state,percent,vendor_channel_tag,a502cc0c4cc105a9,validation
装置5-空预器入口氧量-CH30-VALUE,thermal_power_boiler,flue_gas_o2,required,state,percent,vendor_channel_tag,2d66d7c892f91182,validation
1号furnace_temperature,thermal_power_boiler,furnace_temperature,useful,state,degC,equipment_prefix,c6829cb49b18d524,validation
A线_furnace_temperature,thermal_power_boiler,furnace_temperature,useful,state,degC,line_prefix,c6829cb49b18d524,validation
B线#furnace_temperature#测点42,thermal_power_boiler,furnace_temperature,useful,state,degC,line_point_tag,c6829cb49b18d524,validation
DCS_03_furnace_temperature_PV_17,thermal_power_boiler,furnace_temperature,useful,state,degC,vendor_dcs_tag,c6829cb49b18d524,validation
FURNACE_TEMPERATURE,thermal_power_boiler,furnace_temperature,useful,state,degC,uppercase,c6829cb49b18d524,validation
HMI.22.furnace_temperature.AI,thermal_power_boiler,furnace_temperature,useful,state,degC,vendor_hmi_tag,c6829cb49b18d524,validation
furnace_temperature,thermal_power_boiler,furnace_temperature,useful,state,degC,template,c6829cb49b18d524,validation
furnace_temperature[degC],thermal_power_boiler,furnace_temperature,useful,state,degC,unit_bracket,c6829cb49b18d524,validation
furnace_temperature_01,thermal_power_boiler,furnace_temperature,useful,state,degC,channel_suffix,c6829cb49b18d524,validation
furnace_temperature_PV,thermal_power_boiler,furnace_temperature,useful,state,degC,control_suffix,c6829cb49b18d524,validation
furnace_temperature_degC,thermal_power_boiler,furnace_temperature,useful,state,degC,unit_suffix,c6829cb49b18d524,validation
furnacetemperature,thermal_power_boiler,furnace_temperature,useful,state,degC,compact,c6829cb49b18d524,validation
装置5-furnace_temperature-CH30-VALUE,thermal_power_boiler,furnace_temperature,useful,state,degC,vendor_channel_tag,c6829cb49b18d524,validation
1号主汽压,thermal_power_boiler,main_steam_pressure,required,controlled,Pa,equipment_prefix,9f3bf342112410ea,validation
A线_主汽压,thermal_power_boiler,main_steam_pressure,required,controlled,Pa,line_prefix,9f3bf342112410ea,validation
B线#主汽压#测点42,thermal_power_boiler,main_steam_pressure,required,controlled,Pa,line_point_tag,9f3bf342112410ea,validation
DCS_03_主汽压_PV_17,thermal_power_boiler,main_steam_pressure,required,controlled,Pa,vendor_dcs_tag,9f3bf342112410ea,validation
HMI.22.主汽压.AI,thermal_power_boiler,main_steam_pressure,required,controlled,Pa,vendor_hmi_tag,9f3bf342112410ea,validation
主汽压,thermal_power_boiler,main_steam_pressure,required,controlled,Pa,template,9f3bf342112410ea,validation
主汽压[Pa],thermal_power_boiler,main_steam_pressure,required,controlled,Pa,unit_bracket,9f3bf342112410ea,validation
主汽压_01,thermal_power_boiler,main_steam_pressure,required,controlled,Pa,channel_suffix,9f3bf342112410ea,validation
主汽压_PV,thermal_power_boiler,main_steam_pressure,required,controlled,Pa,control_suffix,9f3bf342112410ea,validation
主汽压_Pa,thermal_power_boiler,main_steam_pressure,required,controlled,Pa,unit_suffix,9f3bf342112410ea,validation
装置5-主汽压-CH30-VALUE,thermal_power_boiler,main_steam_pressure,required,controlled,Pa,vendor_channel_tag,9f3bf342112410ea,validation
1号sootblower_state,thermal_power_boiler,sootblower_state,useful,state,boolean,equipment_prefix,22dcea2a7a5ef948,validation
A线_sootblower_state,thermal_power_boiler,sootblower_state,useful,state,boolean,line_prefix,22dcea2a7a5ef948,validation
B线#sootblower_state#测点42,thermal_power_boiler,sootblower_state,useful,state,boolean,line_point_tag,22dcea2a7a5ef948,validation
DCS_03_sootblower_state_PV_17,thermal_power_boiler,sootblower_state,useful,state,boolean,vendor_dcs_tag,22dcea2a7a5ef948,validation
HMI.22.sootblower_state.AI,thermal_power_boiler,sootblower_state,useful,state,boolean,vendor_hmi_tag,22dcea2a7a5ef948,validation
sootblower_state,thermal_power_boiler,sootblower_state,useful,state,boolean,template,22dcea2a7a5ef948,validation
sootblower_state_01,thermal_power_boiler,sootblower_state,useful,state,boolean,channel_suffix,22dcea2a7a5ef948,validation
sootblower_state_PV,thermal_power_boiler,sootblower_state,useful,state,boolean,control_suffix,22dcea2a7a5ef948,validation
sootblowerstate,thermal_power_boiler,sootblower_state,useful,state,boolean,compact,22dcea2a7a5ef948,validation
装置5-sootblower_state-CH30-VALUE,thermal_power_boiler,sootblower_state,useful,state,boolean,vendor_channel_tag,22dcea2a7a5ef948,validation
1号TIME,thermal_power_boiler,timestamp,required,time,datetime,equipment_prefix,f8f5df580510a8d0,validation
1号时间戳,thermal_power_boiler,timestamp,required,time,datetime,equipment_prefix,ba6bf23a29cee4aa,validation
A线_TIME,thermal_power_boiler,timestamp,required,time,datetime,line_prefix,f8f5df580510a8d0,validation
A线_时间戳,thermal_power_boiler,timestamp,required,time,datetime,line_prefix,ba6bf23a29cee4aa,validation
B线#TIME#测点42,thermal_power_boiler,timestamp,required,time,datetime,line_point_tag,f8f5df580510a8d0,validation
B线#时间戳#测点42,thermal_power_boiler,timestamp,required,time,datetime,line_point_tag,ba6bf23a29cee4aa,validation
DCS_03_TIME_PV_17,thermal_power_boiler,timestamp,required,time,datetime,vendor_dcs_tag,f8f5df580510a8d0,validation
DCS_03_时间戳_PV_17,thermal_power_boiler,timestamp,required,time,datetime,vendor_dcs_tag,ba6bf23a29cee4aa,validation
HMI.22.TIME.AI,thermal_power_boiler,timestamp,required,time,datetime,vendor_hmi_tag,f8f5df580510a8d0,validation
HMI.22.时间戳.AI,thermal_power_boiler,timestamp,required,time,datetime,vendor_hmi_tag,ba6bf23a29cee4aa,validation
TIME,thermal_power_boiler,timestamp,required,time,datetime,template,f8f5df580510a8d0,validation
TIME_01,thermal_power_boiler,timestamp,required,time,datetime,channel_suffix,f8f5df580510a8d0,validation
TIME_PV,thermal_power_boiler,timestamp,required,time,datetime,control_suffix,f8f5df580510a8d0,validation
时间戳,thermal_power_boiler,timestamp,required,time,datetime,template,ba6bf23a29cee4aa,validation
时间戳_01,thermal_power_boiler,timestamp,required,time,datetime,channel_suffix,ba6bf23a29cee4aa,validation
时间戳_PV,thermal_power_boiler,timestamp,required,time,datetime,control_suffix,ba6bf23a29cee4aa,validation
装置5-TIME-CH30-VALUE,thermal_power_boiler,timestamp,required,time,datetime,vendor_channel_tag,f8f5df580510a8d0,validation
装置5-时间戳-CH30-VALUE,thermal_power_boiler,timestamp,required,time,datetime,vendor_channel_tag,ba6bf23a29cee4aa,validation
DCS_会议室预约状态_25,wastewater_aeration,__irrelevant__,irrelevant,none,,negative_vendor,04e68f450f0035c1,validation
DCS_厂区门禁记录_25,wastewater_aeration,__irrelevant__,irrelevant,none,,negative_vendor,80888ea710cd2aff,validation
DCS_工单审批人_25,wastewater_aeration,__irrelevant__,irrelevant,none,,negative_vendor,56e944a572dcc786,validation
DCS_报警文本_25,wastewater_aeration,__irrelevant__,irrelevant,none,,negative_vendor,674fa0dacefeeab0,validation
DCS_文件上传时间_25,wastewater_aeration,__irrelevant__,irrelevant,none,,negative_vendor,7b14fc319e7efe6b,validation
DCS_视频码率_25,wastewater_aeration,__irrelevant__,irrelevant,none,,negative_vendor,4286b234b0ed23f0,validation
DCS_通讯状态字_25,wastewater_aeration,__irrelevant__,irrelevant,none,,negative_vendor,056cc6a1ddfac593,validation
HMI.60.会议室预约状态.RAW,wastewater_aeration,__irrelevant__,irrelevant,none,,negative_vendor,04e68f450f0035c1,validation
HMI.60.厂区门禁记录.RAW,wastewater_aeration,__irrelevant__,irrelevant,none,,negative_vendor,80888ea710cd2aff,validation
HMI.60.工单审批人.RAW,wastewater_aeration,__irrelevant__,irrelevant,none,,negative_vendor,56e944a572dcc786,validation
HMI.60.报警文本.RAW,wastewater_aeration,__irrelevant__,irrelevant,none,,negative_vendor,674fa0dacefeeab0,validation
HMI.60.文件上传时间.RAW,wastewater_aeration,__irrelevant__,irrelevant,none,,negative_vendor,7b14fc319e7efe6b,validation
HMI.60.视频码率.RAW,wastewater_aeration,__irrelevant__,irrelevant,none,,negative_vendor,4286b234b0ed23f0,validation
HMI.60.通讯状态字.RAW,wastewater_aeration,__irrelevant__,irrelevant,none,,negative_vendor,056cc6a1ddfac593,validation
会议室预约状态,wastewater_aeration,__irrelevant__,irrelevant,none,,negative,04e68f450f0035c1,validation
厂区门禁记录,wastewater_aeration,__irrelevant__,irrelevant,none,,negative,80888ea710cd2aff,validation
工单审批人,wastewater_aeration,__irrelevant__,irrelevant,none,,negative,56e944a572dcc786,validation
报警文本,wastewater_aeration,__irrelevant__,irrelevant,none,,negative,674fa0dacefeeab0,validation
文件上传时间,wastewater_aeration,__irrelevant__,irrelevant,none,,negative,7b14fc319e7efe6b,validation
视频码率,wastewater_aeration,__irrelevant__,irrelevant,none,,negative,4286b234b0ed23f0,validation
通讯状态字,wastewater_aeration,__irrelevant__,irrelevant,none,,negative,056cc6a1ddfac593,validation
1号曝气空气量,wastewater_aeration,aeration_air_flow,required,manipulated,Nm3/h,equipment_prefix,14a0d72874fced5e,validation
A线_曝气空气量,wastewater_aeration,aeration_air_flow,required,manipulated,Nm3/h,line_prefix,14a0d72874fced5e,validation
B线#曝气空气量#测点42,wastewater_aeration,aeration_air_flow,required,manipulated,Nm3/h,line_point_tag,14a0d72874fced5e,validation
DCS_03_曝气空气量_PV_17,wastewater_aeration,aeration_air_flow,required,manipulated,Nm3/h,vendor_dcs_tag,14a0d72874fced5e,validation
HMI.22.曝气空气量.AI,wastewater_aeration,aeration_air_flow,required,manipulated,Nm3/h,vendor_hmi_tag,14a0d72874fced5e,validation
曝气空气量,wastewater_aeration,aeration_air_flow,required,manipulated,Nm3/h,template,14a0d72874fced5e,validation
曝气空气量[Nm3/h],wastewater_aeration,aeration_air_flow,required,manipulated,Nm3/h,unit_bracket,14a0d72874fced5e,validation
曝气空气量_01,wastewater_aeration,aeration_air_flow,required,manipulated,Nm3/h,channel_suffix,14a0d72874fced5e,validation
曝气空气量_Nm3/h,wastewater_aeration,aeration_air_flow,required,manipulated,Nm3/h,unit_suffix,14a0d72874fced5e,validation
曝气空气量_SP,wastewater_aeration,aeration_air_flow,required,manipulated,Nm3/h,control_suffix,14a0d72874fced5e,validation
装置5-曝气空气量-CH30-VALUE,wastewater_aeration,aeration_air_flow,required,manipulated,Nm3/h,vendor_channel_tag,14a0d72874fced5e,validation
1号EFFLUENT_NH3N,wastewater_aeration,effluent_ammonia,required,controlled,mg/L,equipment_prefix,d5a8a84ec98747ab,validation
A线_EFFLUENT_NH3N,wastewater_aeration,effluent_ammonia,required,controlled,mg/L,line_prefix,d5a8a84ec98747ab,validation
B线#EFFLUENT_NH3N#测点42,wastewater_aeration,effluent_ammonia,required,controlled,mg/L,line_point_tag,d5a8a84ec98747ab,validation
DCS_03_EFFLUENT_NH3N_PV_17,wastewater_aeration,effluent_ammonia,required,controlled,mg/L,vendor_dcs_tag,d5a8a84ec98747ab,validation
EFFLUENTNH3N,wastewater_aeration,effluent_ammonia,required,controlled,mg/L,compact,d5a8a84ec98747ab,validation
EFFLUENT_NH3N,wastewater_aeration,effluent_ammonia,required,controlled,mg/L,template,d5a8a84ec98747ab,validation
EFFLUENT_NH3N[mg/L],wastewater_aeration,effluent_ammonia,required,controlled,mg/L,unit_bracket,d5a8a84ec98747ab,validation
EFFLUENT_NH3N_01,wastewater_aeration,effluent_ammonia,required,controlled,mg/L,channel_suffix,d5a8a84ec98747ab,validation
EFFLUENT_NH3N_PV,wastewater_aeration,effluent_ammonia,required,controlled,mg/L,control_suffix,d5a8a84ec98747ab,validation
EFFLUENT_NH3N_mg/L,wastewater_aeration,effluent_ammonia,required,controlled,mg/L,unit_suffix,d5a8a84ec98747ab,validation
HMI.22.EFFLUENT_NH3N.AI,wastewater_aeration,effluent_ammonia,required,controlled,mg/L,vendor_hmi_tag,d5a8a84ec98747ab,validation
装置5-EFFLUENT_NH3N-CH30-VALUE,wastewater_aeration,effluent_ammonia,required,controlled,mg/L,vendor_channel_tag,d5a8a84ec98747ab,validation
1号OUT_COD,wastewater_aeration,effluent_cod,required,controlled,mg/L,equipment_prefix,e6e4be4cc455d1ba,validation
1号出水化学需氧量,wastewater_aeration,effluent_cod,required,controlled,mg/L,equipment_prefix,e1861df01cc2c759,validation
A线_OUT_COD,wastewater_aeration,effluent_cod,required,controlled,mg/L,line_prefix,e6e4be4cc455d1ba,validation
A线_出水化学需氧量,wastewater_aeration,effluent_cod,required,controlled,mg/L,line_prefix,e1861df01cc2c759,validation
B线#OUT_COD#测点42,wastewater_aeration,effluent_cod,required,controlled,mg/L,line_point_tag,e6e4be4cc455d1ba,validation
B线#出水化学需氧量#测点42,wastewater_aeration,effluent_cod,required,controlled,mg/L,line_point_tag,e1861df01cc2c759,validation
DCS_03_OUT_COD_PV_17,wastewater_aeration,effluent_cod,required,controlled,mg/L,vendor_dcs_tag,e6e4be4cc455d1ba,validation
DCS_03_出水化学需氧量_PV_17,wastewater_aeration,effluent_cod,required,controlled,mg/L,vendor_dcs_tag,e1861df01cc2c759,validation
HMI.22.OUT_COD.AI,wastewater_aeration,effluent_cod,required,controlled,mg/L,vendor_hmi_tag,e6e4be4cc455d1ba,validation
HMI.22.出水化学需氧量.AI,wastewater_aeration,effluent_cod,required,controlled,mg/L,vendor_hmi_tag,e1861df01cc2c759,validation
OUTCOD,wastewater_aeration,effluent_cod,required,controlled,mg/L,compact,e6e4be4cc455d1ba,validation
OUT_COD,wastewater_aeration,effluent_cod,required,controlled,mg/L,template,e6e4be4cc455d1ba,validation
OUT_COD[mg/L],wastewater_aeration,effluent_cod,required,controlled,mg/L,unit_bracket,e6e4be4cc455d1ba,validation
OUT_COD_01,wastewater_aeration,effluent_cod,required,controlled,mg/L,channel_suffix,e6e4be4cc455d1ba,validation
OUT_COD_PV,wastewater_aeration,effluent_cod,required,controlled,mg/L,control_suffix,e6e4be4cc455d1ba,validation
OUT_COD_mg/L,wastewater_aeration,effluent_cod,required,controlled,mg/L,unit_suffix,e6e4be4cc455d1ba,validation
出水化学需氧量,wastewater_aeration,effluent_cod,required,controlled,mg/L,template,e1861df01cc2c759,validation
出水化学需氧量[mg/L],wastewater_aeration,effluent_cod,required,controlled,mg/L,unit_bracket,e1861df01cc2c759,validation
出水化学需氧量_01,wastewater_aeration,effluent_cod,required,controlled,mg/L,channel_suffix,e1861df01cc2c759,validation
出水化学需氧量_PV,wastewater_aeration,effluent_cod,required,controlled,mg/L,control_suffix,e1861df01cc2c759,validation
出水化学需氧量_mg/L,wastewater_aeration,effluent_cod,required,controlled,mg/L,unit_suffix,e1861df01cc2c759,validation
装置5-OUT_COD-CH30-VALUE,wastewater_aeration,effluent_cod,required,controlled,mg/L,vendor_channel_tag,e6e4be4cc455d1ba,validation
装置5-出水化学需氧量-CH30-VALUE,wastewater_aeration,effluent_cod,required,controlled,mg/L,vendor_channel_tag,e1861df01cc2c759,validation
1号IN_AMMONIA,wastewater_aeration,influent_ammonia,useful,disturbance,mg/L,equipment_prefix,ebb0983d62fd145f,validation
A线_IN_AMMONIA,wastewater_aeration,influent_ammonia,useful,disturbance,mg/L,line_prefix,ebb0983d62fd145f,validation
B线#IN_AMMONIA#测点42,wastewater_aeration,influent_ammonia,useful,disturbance,mg/L,line_point_tag,ebb0983d62fd145f,validation
DCS_03_IN_AMMONIA_PV_17,wastewater_aeration,influent_ammonia,useful,disturbance,mg/L,vendor_dcs_tag,ebb0983d62fd145f,validation
HMI.22.IN_AMMONIA.AI,wastewater_aeration,influent_ammonia,useful,disturbance,mg/L,vendor_hmi_tag,ebb0983d62fd145f,validation
INAMMONIA,wastewater_aeration,influent_ammonia,useful,disturbance,mg/L,compact,ebb0983d62fd145f,validation
IN_AMMONIA,wastewater_aeration,influent_ammonia,useful,disturbance,mg/L,template,ebb0983d62fd145f,validation
IN_AMMONIA[mg/L],wastewater_aeration,influent_ammonia,useful,disturbance,mg/L,unit_bracket,ebb0983d62fd145f,validation
IN_AMMONIA_01,wastewater_aeration,influent_ammonia,useful,disturbance,mg/L,channel_suffix,ebb0983d62fd145f,validation
IN_AMMONIA_PV,wastewater_aeration,influent_ammonia,useful,disturbance,mg/L,control_suffix,ebb0983d62fd145f,validation
IN_AMMONIA_mg/L,wastewater_aeration,influent_ammonia,useful,disturbance,mg/L,unit_suffix,ebb0983d62fd145f,validation
装置5-IN_AMMONIA-CH30-VALUE,wastewater_aeration,influent_ammonia,useful,disturbance,mg/L,vendor_channel_tag,ebb0983d62fd145f,validation
1号influent_cod,wastewater_aeration,influent_cod,required,disturbance,mg/L,equipment_prefix,3ac582802f9f253c,validation
1号进水化学需氧量,wastewater_aeration,influent_cod,required,disturbance,mg/L,equipment_prefix,427112ad66cc23c2,validation
A线_influent_cod,wastewater_aeration,influent_cod,required,disturbance,mg/L,line_prefix,3ac582802f9f253c,validation
A线_进水化学需氧量,wastewater_aeration,influent_cod,required,disturbance,mg/L,line_prefix,427112ad66cc23c2,validation
B线#influent_cod#测点42,wastewater_aeration,influent_cod,required,disturbance,mg/L,line_point_tag,3ac582802f9f253c,validation
B线#进水化学需氧量#测点42,wastewater_aeration,influent_cod,required,disturbance,mg/L,line_point_tag,427112ad66cc23c2,validation
DCS_03_influent_cod_PV_17,wastewater_aeration,influent_cod,required,disturbance,mg/L,vendor_dcs_tag,3ac582802f9f253c,validation
DCS_03_进水化学需氧量_PV_17,wastewater_aeration,influent_cod,required,disturbance,mg/L,vendor_dcs_tag,427112ad66cc23c2,validation
HMI.22.influent_cod.AI,wastewater_aeration,influent_cod,required,disturbance,mg/L,vendor_hmi_tag,3ac582802f9f253c,validation
HMI.22.进水化学需氧量.AI,wastewater_aeration,influent_cod,required,disturbance,mg/L,vendor_hmi_tag,427112ad66cc23c2,validation
influent_cod,wastewater_aeration,influent_cod,required,disturbance,mg/L,template,3ac582802f9f253c,validation
influent_cod[mg/L],wastewater_aeration,influent_cod,required,disturbance,mg/L,unit_bracket,3ac582802f9f253c,validation
influent_cod_01,wastewater_aeration,influent_cod,required,disturbance,mg/L,channel_suffix,3ac582802f9f253c,validation
influent_cod_PV,wastewater_aeration,influent_cod,required,disturbance,mg/L,control_suffix,3ac582802f9f253c,validation
influent_cod_mg/L,wastewater_aeration,influent_cod,required,disturbance,mg/L,unit_suffix,3ac582802f9f253c,validation
influentcod,wastewater_aeration,influent_cod,required,disturbance,mg/L,compact,3ac582802f9f253c,validation
装置5-influent_cod-CH30-VALUE,wastewater_aeration,influent_cod,required,disturbance,mg/L,vendor_channel_tag,3ac582802f9f253c,validation
装置5-进水化学需氧量-CH30-VALUE,wastewater_aeration,influent_cod,required,disturbance,mg/L,vendor_channel_tag,427112ad66cc23c2,validation
进水化学需氧量,wastewater_aeration,influent_cod,required,disturbance,mg/L,template,427112ad66cc23c2,validation
进水化学需氧量[mg/L],wastewater_aeration,influent_cod,required,disturbance,mg/L,unit_bracket,427112ad66cc23c2,validation
进水化学需氧量_01,wastewater_aeration,influent_cod,required,disturbance,mg/L,channel_suffix,427112ad66cc23c2,validation
进水化学需氧量_PV,wastewater_aeration,influent_cod,required,disturbance,mg/L,control_suffix,427112ad66cc23c2,validation
进水化学需氧量_mg/L,wastewater_aeration,influent_cod,required,disturbance,mg/L,unit_suffix,427112ad66cc23c2,validation
1号进水流量,wastewater_aeration,influent_flow,required,disturbance,m3/h,equipment_prefix,d7451d6c9db8ca3a,validation
1号进水量,wastewater_aeration,influent_flow,required,disturbance,m3/h,equipment_prefix,f8e1d1a63440f83f,validation
A线_进水流量,wastewater_aeration,influent_flow,required,disturbance,m3/h,line_prefix,d7451d6c9db8ca3a,validation
A线_进水量,wastewater_aeration,influent_flow,required,disturbance,m3/h,line_prefix,f8e1d1a63440f83f,validation
B线#进水流量#测点42,wastewater_aeration,influent_flow,required,disturbance,m3/h,line_point_tag,d7451d6c9db8ca3a,validation
B线#进水量#测点42,wastewater_aeration,influent_flow,required,disturbance,m3/h,line_point_tag,f8e1d1a63440f83f,validation
DCS_03_进水流量_PV_17,wastewater_aeration,influent_flow,required,disturbance,m3/h,vendor_dcs_tag,d7451d6c9db8ca3a,validation
DCS_03_进水量_PV_17,wastewater_aeration,influent_flow,required,disturbance,m3/h,vendor_dcs_tag,f8e1d1a63440f83f,validation
HMI.22.进水流量.AI,wastewater_aeration,influent_flow,required,disturbance,m3/h,vendor_hmi_tag,d7451d6c9db8ca3a,validation
HMI.22.进水量.AI,wastewater_aeration,influent_flow,required,disturbance,m3/h,vendor_hmi_tag,f8e1d1a63440f83f,validation
装置5-进水流量-CH30-VALUE,wastewater_aeration,influent_flow,required,disturbance,m3/h,vendor_channel_tag,d7451d6c9db8ca3a,validation
装置5-进水量-CH30-VALUE,wastewater_aeration,influent_flow,required,disturbance,m3/h,vendor_channel_tag,f8e1d1a63440f83f,validation
进水流量,wastewater_aeration,influent_flow,required,disturbance,m3/h,template,d7451d6c9db8ca3a,validation
进水流量[m3/h],wastewater_aeration,influent_flow,required,disturbance,m3/h,unit_bracket,d7451d6c9db8ca3a,validation
进水流量_01,wastewater_aeration,influent_flow,required,disturbance,m3/h,channel_suffix,d7451d6c9db8ca3a,validation
进水流量_PV,wastewater_aeration,influent_flow,required,disturbance,m3/h,control_suffix,d7451d6c9db8ca3a,validation
进水流量_m3/h,wastewater_aeration,influent_flow,required,disturbance,m3/h,unit_suffix,d7451d6c9db8ca3a,validation
进水量,wastewater_aeration,influent_flow,required,disturbance,m3/h,template,f8e1d1a63440f83f,validation
进水量[m3/h],wastewater_aeration,influent_flow,required,disturbance,m3/h,unit_bracket,f8e1d1a63440f83f,validation
进水量_01,wastewater_aeration,influent_flow,required,disturbance,m3/h,channel_suffix,f8e1d1a63440f83f,validation
进水量_PV,wastewater_aeration,influent_flow,required,disturbance,m3/h,control_suffix,f8e1d1a63440f83f,validation
进水量_m3/h,wastewater_aeration,influent_flow,required,disturbance,m3/h,unit_suffix,f8e1d1a63440f83f,validation
1号混合液污泥浓度,wastewater_aeration,mlss,required,state,mg/L,equipment_prefix,c10612c5003baf56,validation
A线_混合液污泥浓度,wastewater_aeration,mlss,required,state,mg/L,line_prefix,c10612c5003baf56,validation
B线#混合液污泥浓度#测点42,wastewater_aeration,mlss,required,state,mg/L,line_point_tag,c10612c5003baf56,validation
DCS_03_混合液污泥浓度_PV_17,wastewater_aeration,mlss,required,state,mg/L,vendor_dcs_tag,c10612c5003baf56,validation
HMI.22.混合液污泥浓度.AI,wastewater_aeration,mlss,required,state,mg/L,vendor_hmi_tag,c10612c5003baf56,validation
混合液污泥浓度,wastewater_aeration,mlss,required,state,mg/L,template,c10612c5003baf56,validation
混合液污泥浓度[mg/L],wastewater_aeration,mlss,required,state,mg/L,unit_bracket,c10612c5003baf56,validation
混合液污泥浓度_01,wastewater_aeration,mlss,required,state,mg/L,channel_suffix,c10612c5003baf56,validation
混合液污泥浓度_PV,wastewater_aeration,mlss,required,state,mg/L,control_suffix,c10612c5003baf56,validation
混合液污泥浓度_mg/L,wastewater_aeration,mlss,required,state,mg/L,unit_suffix,c10612c5003baf56,validation
装置5-混合液污泥浓度-CH30-VALUE,wastewater_aeration,mlss,required,state,mg/L,vendor_channel_tag,c10612c5003baf56,validation
1号PH,wastewater_aeration,ph,useful,state,pH,equipment_prefix,1b36ca11a08907c9,validation
1号ph,wastewater_aeration,ph,useful,state,pH,equipment_prefix,df2aa4c5abb53737,validation
A线_PH,wastewater_aeration,ph,useful,state,pH,line_prefix,1b36ca11a08907c9,validation
A线_ph,wastewater_aeration,ph,useful,state,pH,line_prefix,df2aa4c5abb53737,validation
B线#PH#测点42,wastewater_aeration,ph,useful,state,pH,line_point_tag,1b36ca11a08907c9,validation
B线#ph#测点42,wastewater_aeration,ph,useful,state,pH,line_point_tag,df2aa4c5abb53737,validation
DCS_03_PH_PV_17,wastewater_aeration,ph,useful,state,pH,vendor_dcs_tag,1b36ca11a08907c9,validation
DCS_03_ph_PV_17,wastewater_aeration,ph,useful,state,pH,vendor_dcs_tag,df2aa4c5abb53737,validation
HMI.22.PH.AI,wastewater_aeration,ph,useful,state,pH,vendor_hmi_tag,1b36ca11a08907c9,validation
HMI.22.ph.AI,wastewater_aeration,ph,useful,state,pH,vendor_hmi_tag,df2aa4c5abb53737,validation
PH,wastewater_aeration,ph,useful,state,pH,template,1b36ca11a08907c9,validation
PH[pH],wastewater_aeration,ph,useful,state,pH,unit_bracket,1b36ca11a08907c9,validation
PH_01,wastewater_aeration,ph,useful,state,pH,channel_suffix,1b36ca11a08907c9,validation
PH_PV,wastewater_aeration,ph,useful,state,pH,control_suffix,1b36ca11a08907c9,validation
PH_pH,wastewater_aeration,ph,useful,state,pH,unit_suffix,1b36ca11a08907c9,validation
ph,wastewater_aeration,ph,useful,state,pH,template,df2aa4c5abb53737,validation
ph[pH],wastewater_aeration,ph,useful,state,pH,unit_bracket,df2aa4c5abb53737,validation
ph_01,wastewater_aeration,ph,useful,state,pH,channel_suffix,df2aa4c5abb53737,validation
ph_PV,wastewater_aeration,ph,useful,state,pH,control_suffix,df2aa4c5abb53737,validation
ph_pH,wastewater_aeration,ph,useful,state,pH,unit_suffix,df2aa4c5abb53737,validation
装置5-PH-CH30-VALUE,wastewater_aeration,ph,useful,state,pH,vendor_channel_tag,1b36ca11a08907c9,validation
装置5-ph-CH30-VALUE,wastewater_aeration,ph,useful,state,pH,vendor_channel_tag,df2aa4c5abb53737,validation
1号污水温度,wastewater_aeration,water_temperature,useful,state,degC,equipment_prefix,77a05ff9d1c7af4e,validation
A线_污水温度,wastewater_aeration,water_temperature,useful,state,degC,line_prefix,77a05ff9d1c7af4e,validation
B线#污水温度#测点42,wastewater_aeration,water_temperature,useful,state,degC,line_point_tag,77a05ff9d1c7af4e,validation
DCS_03_污水温度_PV_17,wastewater_aeration,water_temperature,useful,state,degC,vendor_dcs_tag,77a05ff9d1c7af4e,validation
HMI.22.污水温度.AI,wastewater_aeration,water_temperature,useful,state,degC,vendor_hmi_tag,77a05ff9d1c7af4e,validation
污水温度,wastewater_aeration,water_temperature,useful,state,degC,template,77a05ff9d1c7af4e,validation
污水温度[degC],wastewater_aeration,water_temperature,useful,state,degC,unit_bracket,77a05ff9d1c7af4e,validation
污水温度_01,wastewater_aeration,water_temperature,useful,state,degC,channel_suffix,77a05ff9d1c7af4e,validation
污水温度_PV,wastewater_aeration,water_temperature,useful,state,degC,control_suffix,77a05ff9d1c7af4e,validation
污水温度_degC,wastewater_aeration,water_temperature,useful,state,degC,unit_suffix,77a05ff9d1c7af4e,validation
装置5-污水温度-CH30-VALUE,wastewater_aeration,water_temperature,useful,state,degC,vendor_channel_tag,77a05ff9d1c7af4e,validation
