text,scenario_id,standard_name,relevance,role,unit,source,group_id,split
DCS_交换机端口状态_25,blast_furnace,__irrelevant__,irrelevant,none,,negative_vendor,5cfb8a55ae993bfe,train
DCS_会议室预约状态_25,blast_furnace,__irrelevant__,irrelevant,none,,negative_vendor,9a378dd918d56b5d,train
DCS_值班员电子签名_25,blast_furnace,__irrelevant__,irrelevant,none,,negative_vendor,e2da23fd8f394b06,train
DCS_办公室温度_25,blast_furnace,__irrelevant__,irrelevant,none,,negative_vendor,8d94519d98cad979,train
DCS_厂区门禁记录_25,blast_furnace,__irrelevant__,irrelevant,none,,negative_vendor,5dedc0d135217b78,train
DCS_厂商备用测点_25,blast_furnace,__irrelevant__,irrelevant,none,,negative_vendor,8463891f42b1a3d1,train
DCS_工单审批人_25,blast_furnace,__irrelevant__,irrelevant,none,,negative_vendor,eec5990ff7dd7ebf,train
DCS_打印机墨粉余量_25,blast_furnace,__irrelevant__,irrelevant,none,,negative_vendor,3b18c16422f84439,train
DCS_报表序号_25,blast_furnace,__irrelevant__,irrelevant,none,,negative_vendor,7630c4f35f4c1d11,train
DCS_报表模板编号_25,blast_furnace,__irrelevant__,irrelevant,none,,negative_vendor,562ef0f951a6a5c7,train
DCS_报警文本_25,blast_furnace,__irrelevant__,irrelevant,none,,negative_vendor,41226548565db31b,train
DCS_文件上传时间_25,blast_furnace,__irrelevant__,irrelevant,none,,negative_vendor,2e3cfeb82b1b8695,train
DCS_日报打印次数_25,blast_furnace,__irrelevant__,irrelevant,none,,negative_vendor,e12eb8d924dc560c,train
DCS_班车到站时间_25,blast_furnace,__irrelevant__,irrelevant,none,,negative_vendor,e7b0faf1b2164fee,train
DCS_画面刷新周期_25,blast_furnace,__irrelevant__,irrelevant,none,,negative_vendor,e0fe62c60892aa97,train
DCS_画面颜色_25,blast_furnace,__irrelevant__,irrelevant,none,,negative_vendor,02acb859def2253e,train
DCS_网络往返时延_25,blast_furnace,__irrelevant__,irrelevant,none,,negative_vendor,d0c79e16c639920b,train
DCS_设备描述_25,blast_furnace,__irrelevant__,irrelevant,none,,negative_vendor,2a6fbd89cfbd3682,train
DCS_账户登录次数_25,blast_furnace,__irrelevant__,irrelevant,none,,negative_vendor,fac27f0a9f845ba6,train
DCS_通讯状态字_25,blast_furnace,__irrelevant__,irrelevant,none,,negative_vendor,dab1638f9342b7d7,train
DCS_鼠标点击计数_25,blast_furnace,__irrelevant__,irrelevant,none,,negative_vendor,70feb61c6c8b9343,train
HMI.60.交换机端口状态.RAW,blast_furnace,__irrelevant__,irrelevant,none,,negative_vendor,5cfb8a55ae993bfe,train
HMI.60.会议室预约状态.RAW,blast_furnace,__irrelevant__,irrelevant,none,,negative_vendor,9a378dd918d56b5d,train
HMI.60.值班员电子签名.RAW,blast_furnace,__irrelevant__,irrelevant,none,,negative_vendor,e2da23fd8f394b06,train
HMI.60.办公室温度.RAW,blast_furnace,__irrelevant__,irrelevant,none,,negative_vendor,8d94519d98cad979,train
HMI.60.厂区门禁记录.RAW,blast_furnace,__irrelevant__,irrelevant,none,,negative_vendor,5dedc0d135217b78,train
HMI.60.厂商备用测点.RAW,blast_furnace,__irrelevant__,irrelevant,none,,negative_vendor,8463891f42b1a3d1,train
HMI.60.工单审批人.RAW,blast_furnace,__irrelevant__,irrelevant,none,,negative_vendor,eec5990ff7dd7ebf,train
HMI.60.打印机墨粉余量.RAW,blast_furnace,__irrelevant__,irrelevant,none,,negative_vendor,3b18c16422f84439,train
HMI.60.报表序号.RAW,blast_furnace,__irrelevant__,irrelevant,none,,negative_vendor,7630c4f35f4c1d11,train
HMI.60.报表模板编号.RAW,blast_furnace,__irrelevant__,irrelevant,none,,negative_vendor,562ef0f951a6a5c7,train
HMI.60.报警文本.RAW,blast_furnace,__irrelevant__,irrelevant,none,,negative_vendor,41226548565db31b,train
HMI.60.文件上传时间.RAW,blast_furnace,__irrelevant__,irrelevant,none,,negative_vendor,2e3cfeb82b1b8695,train
HMI.60.日报打印次数.RAW,blast_furnace,__irrelevant__,irrelevant,none,,negative_vendor,e12eb8d924dc560c,train
HMI.60.班车到站时间.RAW,blast_furnace,__irrelevant__,irrelevant,none,,negative_vendor,e7b0faf1b2164fee,train
HMI.60.画面刷新周期.RAW,blast_furnace,__irrelevant__,irrelevant,none,,negative_vendor,e0fe62c60892aa97,train
HMI.60.画面颜色.RAW,blast_furnace,__irrelevant__,irrelevant,none,,negative_vendor,02acb859def2253e,train
HMI.60.网络往返时延.RAW,blast_furnace,__irrelevant__,irrelevant,none,,negative_vendor,d0c79e16c639920b,train
HMI.60.设备描述.RAW,blast_furnace,__irrelevant__,irrelevant,none,,negative_vendor,2a6fbd89cfbd3682,train
HMI.60.账户登录次数.RAW,blast_furnace,__irrelevant__,irrelevant,none,,negative_vendor,fac27f0a9f845ba6,train
HMI.60.通讯状态字.RAW,blast_furnace,__irrelevant__,irrelevant,none,,negative_vendor,dab1638f9342b7d7,train
HMI.60.鼠标点击计数.RAW,blast_furnace,__irrelevant__,irrelevant,none,,negative_vendor,70feb61c6c8b9343,train
交换机端口状态,blast_furnace,__irrelevant__,irrelevant,none,,negative,5cfb8a55ae993bfe,train
会议室预约状态,blast_furnace,__irrelevant__,irrelevant,none,,negative,9a378dd918d56b5d,train
值班员电子签名,blast_furnace,__irrelevant__,irrelevant,none,,negative,e2da23fd8f394b06,train
办公室温度,blast_furnace,__irrelevant__,irrelevant,none,,negative,8d94519d98cad979,train
厂区门禁记录,blast_furnace,__irrelevant__,irrelevant,none,,negative,5dedc0d135217b78,train
厂商备用测点,blast_furnace,__irrelevant__,irrelevant,none,,negative,8463891f42b1a3d1,train
工单审批人,blast_furnace,__irrelevant__,irrelevant,none,,negative,eec5990ff7dd7ebf,train
打印机墨粉余量,blast_furnace,__irrelevant__,irrelevant,none,,negative,3b18c16422f84439,train
报表序号,blast_furnace,__irrelevant__,irrelevant,none,,negative,7630c4f35f4c1d11,train
报表模板编号,blast_furnace,__irrelevant__,irrelevant,none,,negative,562ef0f951a6a5c7,train
报警文本,blast_furnace,__irrelevant__,irrelevant,none,,negative,41226548565db31b,train
文件上传时间,blast_furnace,__irrelevant__,irrelevant,none,,negative,2e3cfeb82b1b8695,train
日报打印次数,blast_furnace,__irrelevant__,irrelevant,none,,negative,e12eb8d924dc560c,train
班车到站时间,blast_furnace,__irrelevant__,irrelevant,none,,negative,e7b0faf1b2164fee,train
画面刷新周期,blast_furnace,__irrelevant__,irrelevant,none,,negative,e0fe62c60892aa97,train
画面颜色,blast_furnace,__irrelevant__,irrelevant,none,,negative,02acb859def2253e,train
网络往返时延,blast_furnace,__irrelevant__,irrelevant,none,,negative,d0c79e16c639920b,train
设备描述,blast_furnace,__irrelevant__,irrelevant,none,,negative,2a6fbd89cfbd3682,train
账户登录次数,blast_furnace,__irrelevant__,irrelevant,none,,negative,fac27f0a9f845ba6,train
通讯状态字,blast_furnace,__irrelevant__,irrelevant,none,,negative,dab1638f9342b7d7,train
鼠标点击计数,blast_furnace,__irrelevant__,irrelevant,none,,negative,70feb61c6c8b9343,train
1号BLAST_FLOW,blast_furnace,blast_flow_rate,required,manipulated,m3/min,equipment_prefix,2daf8a080d65ef91,train
1号Blast flowrate,blast_furnace,blast_flow_rate,required,manipulated,m3/min,equipment_prefix,1718fbcbbae19399,train
1号Fb,blast_furnace,blast_flow_rate,required,manipulated,m3/min,equipment_prefix,34724a9e9e0b71e6,train
1号blast_flow_rate,blast_furnace,blast_flow_rate,required,manipulated,m3/min,equipment_prefix,331af065f4519fd8,train
1号鼓风流量,blast_furnace,blast_flow_rate,required,manipulated,m3/min,equipment_prefix,8163901e9fbc8afb,train
1号鼓风量,blast_furnace,blast_flow_rate,required,manipulated,m3/min,equipment_prefix,e5ba0cd9a7494622,train
A线_BLAST_FLOW,blast_furnace,blast_flow_rate,required,manipulated,m3/min,line_prefix,2daf8a080d65ef91,train
A线_Blast flowrate,blast_furnace,blast_flow_rate,required,manipulated,m3/min,line_prefix,1718fbcbbae19399,train
A线_Fb,blast_furnace,blast_flow_rate,required,manipulated,m3/min,line_prefix,34724a9e9e0b71e6,train
A线_blast_flow_rate,blast_furnace,blast_flow_rate,required,manipulated,m3/min,line_prefix,331af065f4519fd8,train
A线_鼓风流量,blast_furnace,blast_flow_rate,required,manipulated,m3/min,line_prefix,8163901e9fbc8afb,train
A线_鼓风量,blast_furnace,blast_flow_rate,required,manipulated,m3/min,line_prefix,e5ba0cd9a7494622,train
BLASTFLOW,blast_furnace,blast_flow_rate,required,manipulated,m3/min,compact,2daf8a080d65ef91,train
BLAST_FLOW,blast_furnace,blast_flow_rate,required,manipulated,m3/min,template,2daf8a080d65ef91,train
BLAST_FLOWRATE,blast_furnace,blast_flow_rate,required,manipulated,m3/min,uppercase,1718fbcbbae19399,train
BLAST_FLOW[m3/min],blast_furnace,blast_flow_rate,required,manipulated,m3/min,unit_bracket,2daf8a080d65ef91,train
BLAST_FLOW_01,blast_furnace,blast_flow_rate,required,manipulated,m3/min,channel_suffix,2daf8a080d65ef91,train
BLAST_FLOW_RATE,blast_furnace,blast_flow_rate,required,manipulated,m3/min,uppercase,331af065f4519fd8,train
BLAST_FLOW_SP,blast_furnace,blast_flow_rate,required,manipulated,m3/min,control_suffix,2daf8a080d65ef91,train
BLAST_FLOW_m3/min,blast_furnace,blast_flow_rate,required,manipulated,m3/min,unit_suffix,2daf8a080d65ef91,train
Blast flowrate,blast_furnace,blast_flow_rate,required,manipulated,m3/min,template,1718fbcbbae19399,train
Blast flowrate[m3/min],blast_furnace,blast_flow_rate,required,manipulated,m3/min,unit_bracket,1718fbcbbae19399,train
Blast_flowrate,blast_furnace,blast_flow_rate,required,manipulated,m3/min,normalized,1718fbcbbae19399,train
Blast_flowrate_01,blast_furnace,blast_flow_rate,required,manipulated,m3/min,channel_suffix,1718fbcbbae19399,train
Blast_flowrate_SP,blast_furnace,blast_flow_rate,required,manipulated,m3/min,control_suffix,1718fbcbbae19399,train
Blast_flowrate_m3/min,blast_furnace,blast_flow_rate,required,manipulated,m3/min,unit_suffix,1718fbcbbae19399,train
Blastflowrate,blast_furnace,blast_flow_rate,required,manipulated,m3/min,compact,1718fbcbbae19399,train
B线#BLAST_FLOW#测点42,blast_furnace,blast_flow_rate,required,manipulated,m3/min,line_point_tag,2daf8a080d65ef91,train
B线#Blast flowrate#测点42,blast_furnace,blast_flow_rate,required,manipulated,m3/min,line_point_tag,1718fbcbbae19399,train
B线#Fb#测点42,blast_furnace,blast_flow_rate,required,manipulated,m3/min,line_point_tag,34724a9e9e0b71e6,train
B线#blast_flow_rate#测点42,blast_furnace,blast_flow_rate,required,manipulated,m3/min,line_point_tag,331af065f4519fd8,train
B线#鼓风流量#测点42,blast_furnace,blast_flow_rate,required,manipulated,m3/min,line_point_tag,8163901e9fbc8afb,train
B线#鼓风量#测点42,blast_furnace,blast_flow_rate,required,manipulated,m3/min,line_point_tag,e5ba0cd9a7494622,train
DCS_03_BLAST_FLOW_PV_17,blast_furnace,blast_flow_rate,required,manipulated,m3/min,vendor_dcs_tag,2daf8a080d65ef91,train
DCS_03_Blast_flowrate_PV_17,blast_furnace,blast_flow_rate,required,manipulated,m3/min,vendor_dcs_tag,1718fbcbbae19399,train
DCS_03_Fb_PV_17,blast_furnace,blast_flow_rate,required,manipulated,m3/min,vendor_dcs_tag,34724a9e9e0b71e6,train
DCS_03_blast_flow_rate_PV_17,blast_furnace,blast_flow_rate,required,manipulated,m3/min,vendor_dcs_tag,331af065f4519fd8,train
DCS_03_鼓风流量_PV_17,blast_furnace,blast_flow_rate,required,manipulated,m3/min,vendor_dcs_tag,8163901e9fbc8afb,train
DCS_03_鼓风量_PV_17,blast_furnace,blast_flow_rate,required,manipulated,m3/min,vendor_dcs_tag,e5ba0cd9a7494622,train
FB,blast_furnace,blast_flow_rate,required,manipulated,m3/min,uppercase,34724a9e9e0b71e6,train
Fb,blast_furnace,blast_flow_rate,required,manipulated,m3/min,template,34724a9e9e0b71e6,train
Fb[m3/min],blast_furnace,blast_flow_rate,required,manipulated,m3/min,unit_bracket,34724a9e9e0b71e6,train
Fb_01,blast_furnace,blast_flow_rate,required,manipulated,m3/min,channel_suffix,34724a9e9e0b71e6,train
Fb_SP,blast_furnace,blast_flow_rate,required,manipulated,m3/min,control_suffix,34724a9e9e0b71e6,train
Fb_m3/min,blast_furnace,blast_flow_rate,required,manipulated,m3/min,unit_suffix,34724a9e9e0b71e6,train
HMI.22.BLAST_FLOW.AI,blast_furnace,blast_flow_rate,required,manipulated,m3/min,vendor_hmi_tag,2daf8a080d65ef91,train
HMI.22.Blast_flowrate.AI,blast_furnace,blast_flow_rate,required,manipulated,m3/min,vendor_hmi_tag,1718fbcbbae19399,train
HMI.22.Fb.AI,blast_furnace,blast_flow_rate,required,manipulated,m3/min,vendor_hmi_tag,34724a9e9e0b71e6,train
HMI.22.blast_flow_rate.AI,blast_furnace,blast_flow_rate,required,manipulated,m3/min,vendor_hmi_tag,331af065f4519fd8,train
HMI.22.鼓风流量.AI,blast_furnace,blast_flow_rate,required,manipulated,m3/min,vendor_hmi_tag,8163901e9fbc8afb,train
HMI.22.鼓风量.AI,blast_furnace,blast_flow_rate,required,manipulated,m3/min,vendor_hmi_tag,e5ba0cd9a7494622,train
blast_flow_rate,blast_furnace,blast_flow_rate,required,manipulated,m3/min,template,331af065f4519fd8,train
blast_flow_rate[m3/min],blast_furnace,blast_flow_rate,required,manipulated,m3/min,unit_bracket,331af065f4519fd8,train
blast_flow_rate_01,blast_furnace,blast_flow_rate,required,manipulated,m3/min,channel_suffix,331af065f4519fd8,train
blast_flow_rate_SP,blast_furnace,blast_flow_rate,required,manipulated,m3/min,control_suffix,331af065f4519fd8,train
blast_flow_rate_m3/min,blast_furnace,blast_flow_rate,required,manipulated,m3/min,unit_suffix,331af065f4519fd8,train
blastflowrate,blast_furnace,blast_flow_rate,required,manipulated,m3/min,compact,331af065f4519fd8,train
装置5-BLAST_FLOW-CH30-VALUE,blast_furnace,blast_flow_rate,required,manipulated,m3/min,vendor_channel_tag,2daf8a080d65ef91,train
装置5-Blast_flowrate-CH30-VALUE,blast_furnace,blast_flow_rate,required,manipulated,m3/min,vendor_channel_tag,1718fbcbbae19399,train
装置5-Fb-CH30-VALUE,blast_furnace,blast_flow_rate,required,manipulated,m3/min,vendor_channel_tag,34724a9e9e0b71e6,train
装置5-blast_flow_rate-CH30-VALUE,blast_furnace,blast_flow_rate,required,manipulated,m3/min,vendor_channel_tag,331af065f4519fd8,train
装置5-鼓风流量-CH30-VALUE,blast_furnace,blast_flow_rate,required,manipulated,m3/min,vendor_channel_tag,8163901e9fbc8afb,train
装置5-鼓风量-CH30-VALUE,blast_furnace,blast_flow_rate,required,manipulated,m3/min,vendor_channel_tag,e5ba0cd9a7494622,train
鼓风流量,blast_furnace,blast_flow_rate,required,manipulated,m3/min,template,8163901e9fbc8afb,train
鼓风流量[m3/min],blast_furnace,blast_flow_rate,required,manipulated,m3/min,unit_bracket,8163901e9fbc8afb,train
鼓风流量_01,blast_furnace,blast_flow_rate,required,manipulated,m3/min,channel_suffix,8163901e9fbc8afb,train
鼓风流量_SP,blast_furnace,blast_flow_rate,required,manipulated,m3/min,control_suffix,8163901e9fbc8afb,train
鼓风流量_m3/min,blast_furnace,blast_flow_rate,required,manipulated,m3/min,unit_suffix,8163901e9fbc8afb,train
鼓风量,blast_furnace,blast_flow_rate,required,manipulated,m3/min,template,e5ba0cd9a7494622,train
鼓风量[m3/min],blast_furnace,blast_flow_rate,required,manipulated,m3/min,unit_bracket,e5ba0cd9a7494622,train
鼓风量_01,blast_furnace,blast_flow_rate,required,manipulated,m3/min,channel_suffix,e5ba0cd9a7494622,train
鼓风量_SP,blast_furnace,blast_flow_rate,required,manipulated,m3/min,control_suffix,e5ba0cd9a7494622,train
鼓风量_m3/min,blast_furnace,blast_flow_rate,required,manipulated,m3/min,unit_suffix,e5ba0cd9a7494622,train
1号BLAST_FURNACE_STATE,blast_furnace,blast_furnace_state,useful,quality,string,equipment_prefix,3ed457f68144e9bd,train
1号State of blast furnace,blast_furnace,blast_furnace_state,useful,quality,string,equipment_prefix,8502f48b42ff16e2,train
1号blast_furnace_state,blast_furnace,blast_furnace_state,useful,quality,string,equipment_prefix,98b8d338d470ce1f,train
1号炉况,blast_furnace,blast_furnace_state,useful,quality,string,equipment_prefix,7113f1b2dc01afb4,train
1号高炉炉况,blast_furnace,blast_furnace_state,useful,quality,string,equipment_prefix,6db48b49b8258120,train
A线_BLAST_FURNACE_STATE,blast_furnace,blast_furnace_state,useful,quality,string,line_prefix,3ed457f68144e9bd,train
A线_State of blast furnace,blast_furnace,blast_furnace_state,useful,quality,string,line_prefix,8502f48b42ff16e2,train
A线_blast_furnace_state,blast_furnace,blast_furnace_state,useful,quality,string,line_prefix,98b8d338d470ce1f,train
A线_炉况,blast_furnace,blast_furnace_state,useful,quality,string,line_prefix,7113f1b2dc01afb4,train
A线_高炉炉况,blast_furnace,blast_furnace_state,useful,quality,string,line_prefix,6db48b49b8258120,train
BLASTFURNACESTATE,blast_furnace,blast_furnace_state,useful,quality,string,compact,3ed457f68144e9bd,train
BLAST_FURNACE_STATE,blast_furnace,blast_furnace_state,useful,quality,string,template,3ed457f68144e9bd,train
BLAST_FURNACE_STATE_01,blast_furnace,blast_furnace_state,useful,quality,string,channel_suffix,3ed457f68144e9bd,train
BLAST_FURNACE_STATE_PV,blast_furnace,blast_furnace_state,useful,quality,string,control_suffix,3ed457f68144e9bd,train
B线#BLAST_FURNACE_STATE#测点42,blast_furnace,blast_furnace_state,useful,quality,string,line_point_tag,3ed457f68144e9bd,train
B线#State of blast furnace#测点42,blast_furnace,blast_furnace_state,useful,quality,string,line_point_tag,8502f48b42ff16e2,train
B线#blast_furnace_state#测点42,blast_furnace,blast_furnace_state,useful,quality,string,line_point_tag,98b8d338d470ce1f,train
B线#炉况#测点42,blast_furnace,blast_furnace_state,useful,quality,string,line_point_tag,7113f1b2dc01afb4,train
B线#高炉炉况#测点42,blast_furnace,blast_furnace_state,useful,quality,string,line_point_tag,6db48b49b8258120,train
DCS_03_BLAST_FURNACE_STATE_PV_17,blast_furnace,blast_furnace_state,useful,quality,string,vendor_dcs_tag,3ed457f68144e9bd,train
DCS_03_State_of_blast_furnace_PV_17,blast_furnace,blast_furnace_state,useful,quality,string,vendor_dcs_tag,8502f48b42ff16e2,train
DCS_03_blast_furnace_state_PV_17,blast_furnace,blast_furnace_state,useful,quality,string,vendor_dcs_tag,98b8d338d470ce1f,train
DCS_03_炉况_PV_17,blast_furnace,blast_furnace_state,useful,quality,string,vendor_dcs_tag,7113f1b2dc01afb4,train
DCS_03_高炉炉况_PV_17,blast_furnace,blast_furnace_state,useful,quality,string,vendor_dcs_tag,6db48b49b8258120,train
HMI.22.BLAST_FURNACE_STATE.AI,blast_furnace,blast_furnace_state,useful,quality,string,vendor_hmi_tag,3ed457f68144e9bd,train
HMI.22.State_of_blast_furnace.AI,blast_furnace,blast_furnace_state,useful,quality,string,vendor_hmi_tag,8502f48b42ff16e2,train
HMI.22.blast_furnace_state.AI,blast_furnace,blast_furnace_state,useful,quality,string,vendor_hmi_tag,98b8d338d470ce1f,train
HMI.22.炉况.AI,blast_furnace,blast_furnace_state,useful,quality,string,vendor_hmi_tag,7113f1b2dc01afb4,train
HMI.22.高炉炉况.AI,blast_furnace,blast_furnace_state,useful,quality,string,vendor_hmi_tag,6db48b49b8258120,train
STATE_OF_BLAST_FURNACE,blast_furnace,blast_furnace_state,useful,quality,string,uppercase,8502f48b42ff16e2,train
State of blast furnace,blast_furnace,blast_furnace_state,useful,quality,string,template,8502f48b42ff16e2,train
State_of_blast_furnace,blast_furnace,blast_furnace_state,useful,quality,string,normalized,8502f48b42ff16e2,train
State_of_blast_furnace_01,blast_furnace,blast_furnace_state,useful,quality,string,channel_suffix,8502f48b42ff16e2,train
State_of_blast_furnace_PV,blast_furnace,blast_furnace_state,useful,quality,string,control_suffix,8502f48b42ff16e2,train
Stateofblastfurnace,blast_furnace,blast_furnace_state,useful,quality,string,compact,8502f48b42ff16e2,train
blast_furnace_state,blast_furnace,blast_furnace_state,useful,quality,string,template,98b8d338d470ce1f,train
blast_furnace_state_01,blast_furnace,blast_furnace_state,useful,quality,string,channel_suffix,98b8d338d470ce1f,train
blast_furnace_state_PV,blast_furnace,blast_furnace_state,useful,quality,string,control_suffix,98b8d338d470ce1f,train
blastfurnacestate,blast_furnace,blast_furnace_state,useful,quality,string,compact,98b8d338d470ce1f,train
炉况,blast_furnace,blast_furnace_state,useful,quality,string,template,7113f1b2dc01afb4,train
炉况_01,blast_furnace,blast_furnace_state,useful,quality,string,channel_suffix,7113f1b2dc01afb4,train
炉况_PV,blast_furnace,blast_furnace_state,useful,quality,string,control_suffix,7113f1b2dc01afb4,train
装置5-BLAST_FURNACE_STATE-CH30-VALUE,blast_furnace,blast_furnace_state,useful,quality,string,vendor_channel_tag,3ed457f68144e9bd,train
装置5-State_of_blast_furnace-CH30-VALUE,blast_furnace,blast_furnace_state,useful,quality,string,vendor_channel_tag,8502f48b42ff16e2,train
装置5-blast_furnace_state-CH30-VALUE,blast_furnace,blast_furnace_state,useful,quality,string,vendor_channel_tag,98b8d338d470ce1f,train
装置5-炉况-CH30-VALUE,blast_furnace,blast_furnace_state,useful,quality,string,vendor_channel_tag,7113f1b2dc01afb4,train
装置5-高炉炉况-CH30-VALUE,blast_furnace,blast_furnace_state,useful,quality,string,vendor_channel_tag,6db48b49b8258120,train
高炉炉况,blast_furnace,blast_furnace_state,useful,quality,string,template,6db48b49b8258120,train
高炉炉况_01,blast_furnace,blast_furnace_state,useful,quality,string,channel_suffix,6db48b49b8258120,train
高炉炉况_PV,blast_furnace,blast_furnace_state,useful,quality,string,control_suffix,6db48b49b8258120,train
1号Cold blast pressure,blast_furnace,cold_blast_pressure,useful,state,kgf/cm2,equipment_prefix,e7988af2729155d4,train
1号Pc,blast_furnace,cold_blast_pressure,useful,state,kgf/cm2,equipment_prefix,54d0555ec70cd33c,train
1号cold_blast_pressure,blast_furnace,cold_blast_pressure,useful,state,kgf/cm2,equipment_prefix,4f920482df774935,train
A线_Cold blast pressure,blast_furnace,cold_blast_pressure,useful,state,kgf/cm2,line_prefix,e7988af2729155d4,train
A线_Pc,blast_furnace,cold_blast_pressure,useful,state,kgf/cm2,line_prefix,54d0555ec70cd33c,train
A线_cold_blast_pressure,blast_furnace,cold_blast_pressure,useful,state,kgf/cm2,line_prefix,4f920482df774935,train
B线#Cold blast pressure#测点42,blast_furnace,cold_blast_pressure,useful,state,kgf/cm2,line_point_tag,e7988af2729155d4,train
B线#Pc#测点42,blast_furnace,cold_blast_pressure,useful,state,kgf/cm2,line_point_tag,54d0555ec70cd33c,train
B线#cold_blast_pressure#测点42,blast_furnace,cold_blast_pressure,useful,state,kgf/cm2,line_point_tag,4f920482df774935,train
Cold blast pressure,blast_furnace,cold_blast_pressure,useful,state,kgf/cm2,template,e7988af2729155d4,train
Cold blast pressure[kgf/cm2],blast_furnace,cold_blast_pressure,useful,state,kgf/cm2,unit_bracket,e7988af2729155d4,train
Cold_blast_pressure,blast_furnace,cold_blast_pressure,useful,state,kgf/cm2,normalized,e7988af2729155d4,train
Cold_blast_pressure_01,blast_furnace,cold_blast_pressure,useful,state,kgf/cm2,channel_suffix,e7988af2729155d4,train
Cold_blast_pressure_PV,blast_furnace,cold_blast_pressure,useful,state,kgf/cm2,control_suffix,e7988af2729155d4,train
Cold_blast_pressure_kgf/cm2,blast_furnace,cold_blast_pressure,useful,state,kgf/cm2,unit_suffix,e7988af2729155d4,train
Coldblastpressure,blast_furnace,cold_blast_pressure,useful,state,kgf/cm2,compact,e7988af2729155d4,train
DCS_03_Cold_blast_pressure_PV_17,blast_furnace,cold_blast_pressure,useful,state,kgf/cm2,vendor_dcs_tag,e7988af2729155d4,train
DCS_03_Pc_PV_17,blast_furnace,cold_blast_pressure,useful,state,kgf/cm2,vendor_dcs_tag,54d0555ec70cd33c,train
DCS_03_cold_blast_pressure_PV_17,blast_furnace,cold_blast_pressure,useful,state,kgf/cm2,vendor_dcs_tag,4f920482df774935,train
HMI.22.Cold_blast_pressure.AI,blast_furnace,cold_blast_pressure,useful,state,kgf/cm2,vendor_hmi_tag,e7988af2729155d4,train
HMI.22.Pc.AI,blast_furnace,cold_blast_pressure,useful,state,kgf/cm2,vendor_hmi_tag,54d0555ec70cd33c,train
HMI.22.cold_blast_pressure.AI,blast_furnace,cold_blast_pressure,useful,state,kgf/cm2,vendor_hmi_tag,4f920482df774935,train
PC,blast_furnace,cold_blast_pressure,useful,state,kgf/cm2,uppercase,54d0555ec70cd33c,train
Pc,blast_furnace,cold_blast_pressure,useful,state,kgf/cm2,template,54d0555ec70cd33c,train
Pc[kgf/cm2],blast_furnace,cold_blast_pressure,useful,state,kgf/cm2,unit_bracket,54d0555ec70cd33c,train
Pc_01,blast_furnace,cold_blast_pressure,useful,state,kgf/cm2,channel_suffix,54d0555ec70cd33c,train
Pc_PV,blast_furnace,cold_blast_pressure,useful,state,kgf/cm2,control_suffix,54d0555ec70cd33c,train
Pc_kgf/cm2,blast_furnace,cold_blast_pressure,useful,state,kgf/cm2,unit_suffix,54d0555ec70cd33c,train
cold_blast_pressure,blast_furnace,cold_blast_pressure,useful,state,kgf/cm2,template,4f920482df774935,train
cold_blast_pressure[kgf/cm2],blast_furnace,cold_blast_pressure,useful,state,kgf/cm2,unit_bracket,4f920482df774935,train
cold_blast_pressure_01,blast_furnace,cold_blast_pressure,useful,state,kgf/cm2,channel_suffix,4f920482df774935,train
cold_blast_pressure_PV,blast_furnace,cold_blast_pressure,useful,state,kgf/cm2,control_suffix,4f920482df774935,train
cold_blast_pressure_kgf/cm2,blast_furnace,cold_blast_pressure,useful,state,kgf/cm2,unit_suffix,4f920482df774935,train
coldblastpressure,blast_furnace,cold_blast_pressure,useful,state,kgf/cm2,compact,4f920482df774935,train
装置5-Cold_blast_pressure-CH30-VALUE,blast_furnace,cold_blast_pressure,useful,state,kgf/cm2,vendor_channel_tag,e7988af2729155d4,train
装置5-Pc-CH30-VALUE,blast_furnace,cold_blast_pressure,useful,state,kgf/cm2,vendor_channel_tag,54d0555ec70cd33c,train
装置5-cold_blast_pressure-CH30-VALUE,blast_furnace,cold_blast_pressure,useful,state,kgf/cm2,vendor_channel_tag,4f920482df774935,train
1号COLD_BLAST_TEMP,blast_furnace,cold_blast_temperature,useful,state,degC,equipment_prefix,d9ad3b57cc8b47bf,train
1号Cold-blast temperature,blast_furnace,cold_blast_temperature,useful,state,degC,equipment_prefix,711797b8505791c5,train
1号Tc,blast_furnace,cold_blast_temperature,useful,state,degC,equipment_prefix,26a912be37a28e32,train
A线_COLD_BLAST_TEMP,blast_furnace,cold_blast_temperature,useful,state,degC,line_prefix,d9ad3b57cc8b47bf,train
A线_Cold-blast temperature,blast_furnace,cold_blast_temperature,useful,state,degC,line_prefix,711797b8505791c5,train
A线_Tc,blast_furnace,cold_blast_temperature,useful,state,degC,line_prefix,26a912be37a28e32,train
B线#COLD_BLAST_TEMP#测点42,blast_furnace,cold_blast_temperature,useful,state,degC,line_point_tag,d9ad3b57cc8b47bf,train
B线#Cold-blast temperature#测点42,blast_furnace,cold_blast_temperature,useful,state,degC,line_point_tag,711797b8505791c5,train
B线#Tc#测点42,blast_furnace,cold_blast_temperature,useful,state,degC,line_point_tag,26a912be37a28e32,train
COLDBLASTTEMP,blast_furnace,cold_blast_temperature,useful,state,degC,compact,d9ad3b57cc8b47bf,train
COLD_BLAST_TEMP,blast_furnace,cold_blast_temperature,useful,state,degC,template,d9ad3b57cc8b47bf,train
COLD_BLAST_TEMPERATURE,blast_furnace,cold_blast_temperature,useful,state,degC,uppercase,711797b8505791c5,train
COLD_BLAST_TEMP[degC],blast_furnace,cold_blast_temperature,useful,state,degC,unit_bracket,d9ad3b57cc8b47bf,train
COLD_BLAST_TEMP_01,blast_furnace,cold_blast_temperature,useful,state,degC,channel_suffix,d9ad3b57cc8b47bf,train
COLD_BLAST_TEMP_PV,blast_furnace,cold_blast_temperature,useful,state,degC,control_suffix,d9ad3b57cc8b47bf,train
COLD_BLAST_TEMP_degC,blast_furnace,cold_blast_temperature,useful,state,degC,unit_suffix,d9ad3b57cc8b47bf,train
Cold-blast temperature,blast_furnace,cold_blast_temperature,useful,state,degC,template,711797b8505791c5,train
Cold-blast temperature[degC],blast_furnace,cold_blast_temperature,useful,state,degC,unit_bracket,711797b8505791c5,train
Cold_blast_temperature,blast_furnace,cold_blast_temperature,useful,state,degC,normalized,711797b8505791c5,train
Cold_blast_temperature_01,blast_furnace,cold_blast_temperature,useful,state,degC,channel_suffix,711797b8505791c5,train
Cold_blast_temperature_PV,blast_furnace,cold_blast_temperature,useful,state,degC,control_suffix,711797b8505791c5,train
Cold_blast_temperature_degC,blast_furnace,cold_blast_temperature,useful,state,degC,unit_suffix,711797b8505791c5,train
Coldblasttemperature,blast_furnace,cold_blast_temperature,useful,state,degC,compact,711797b8505791c5,train
DCS_03_COLD_BLAST_TEMP_PV_17,blast_furnace,cold_blast_temperature,useful,state,degC,vendor_dcs_tag,d9ad3b57cc8b47bf,train
DCS_03_Cold_blast_temperature_PV_17,blast_furnace,cold_blast_temperature,useful,state,degC,vendor_dcs_tag,711797b8505791c5,train
DCS_03_Tc_PV_17,blast_furnace,cold_blast_temperature,useful,state,degC,vendor_dcs_tag,26a912be37a28e32,train
HMI.22.COLD_BLAST_TEMP.AI,blast_furnace,cold_blast_temperature,useful,state,degC,vendor_hmi_tag,d9ad3b57cc8b47bf,train
HMI.22.Cold_blast_temperature.AI,blast_furnace,cold_blast_temperature,useful,state,degC,vendor_hmi_tag,711797b8505791c5,train
HMI.22.Tc.AI,blast_furnace,cold_blast_temperature,useful,state,degC,vendor_hmi_tag,26a912be37a28e32,train
TC,blast_furnace,cold_blast_temperature,useful,state,degC,uppercase,26a912be37a28e32,train
Tc,blast_furnace,cold_blast_temperature,useful,state,degC,template,26a912be37a28e32,train
Tc[degC],blast_furnace,cold_blast_temperature,useful,state,degC,unit_bracket,26a912be37a28e32,train
Tc_01,blast_furnace,cold_blast_temperature,useful,state,degC,channel_suffix,26a912be37a28e32,train
Tc_PV,blast_furnace,cold_blast_temperature,useful,state,degC,control_suffix,26a912be37a28e32,train
Tc_degC,blast_furnace,cold_blast_temperature,useful,state,degC,unit_suffix,26a912be37a28e32,train
装置5-COLD_BLAST_TEMP-CH30-VALUE,blast_furnace,cold_blast_temperature,useful,state,degC,vendor_channel_tag,d9ad3b57cc8b47bf,train
装置5-Cold_blast_temperature-CH30-VALUE,blast_furnace,cold_blast_temperature,useful,state,degC,vendor_channel_tag,711797b8505791c5,train
装置5-Tc-CH30-VALUE,blast_furnace,cold_blast_temperature,useful,state,degC,vendor_channel_tag,26a912be37a28e32,train
1号HOT_BLAST_PRESSURE,blast_furnace,hot_blast_pressure,useful,state,kgf/cm2,equipment_prefix,367083deceea588f,train
1号Hot blast pressure,blast_furnace,hot_blast_pressure,useful,state,kgf/cm2,equipment_prefix,f3b0b829798229c2,train
1号Ph,blast_furnace,hot_blast_pressure,useful,state,kgf/cm2,equipment_prefix,db80f321b0c1dc5b,train
1号hot_blast_pressure,blast_furnace,hot_blast_pressure,useful,state,kgf/cm2,equipment_prefix,f998ba6d8cdc9520,train
1号热风压,blast_furnace,hot_blast_pressure,useful,state,kgf/cm2,equipment_prefix,5ff0bf4265523323,train
1号热风压力,blast_furnace,hot_blast_pressure,useful,state,kgf/cm2,equipment_prefix,2c478b30fd22d681,train
A线_HOT_BLAST_PRESSURE,blast_furnace,hot_blast_pressure,useful,state,kgf/cm2,line_prefix,367083deceea588f,train
A线_Hot blast pressure,blast_furnace,hot_blast_pressure,useful,state,kgf/cm2,line_prefix,f3b0b829798229c2,train
A线_Ph,blast_furnace,hot_blast_pressure,useful,state,kgf/cm2,line_prefix,db80f321b0c1dc5b,train
A线_hot_blast_pressure,blast_furnace,hot_blast_pressure,useful,state,kgf/cm2,line_prefix,f998ba6d8cdc9520,train
A线_热风压,blast_furnace,hot_blast_pressure,useful,state,kgf/cm2,line_prefix,5ff0bf4265523323,train
A线_热风压力,blast_furnace,hot_blast_pressure,useful,state,kgf/cm2,line_prefix,2c478b30fd22d681,train
B线#HOT_BLAST_PRESSURE#测点42,blast_furnace,hot_blast_pressure,useful,state,kgf/cm2,line_point_tag,367083deceea588f,train
B线#Hot blast pressure#测点42,blast_furnace,hot_blast_pressure,useful,state,kgf/cm2,line_point_tag,f3b0b829798229c2,train
B线#Ph#测点42,blast_furnace,hot_blast_pressure,useful,state,kgf/cm2,line_point_tag,db80f321b0c1dc5b,train
B线#hot_blast_pressure#测点42,blast_furnace,hot_blast_pressure,useful,state,kgf/cm2,line_point_tag,f998ba6d8cdc9520,train
B线#热风压#测点42,blast_furnace,hot_blast_pressure,useful,state,kgf/cm2,line_point_tag,5ff0bf4265523323,train
B线#热风压力#测点42,blast_furnace,hot_blast_pressure,useful,state,kgf/cm2,line_point_tag,2c478b30fd22d681,train
DCS_03_HOT_BLAST_PRESSURE_PV_17,blast_furnace,hot_blast_pressure,useful,state,kgf/cm2,vendor_dcs_tag,367083deceea588f,train
DCS_03_Hot_blast_pressure_PV_17,blast_furnace,hot_blast_pressure,useful,state,kgf/cm2,vendor_dcs_tag,f3b0b829798229c2,train
DCS_03_Ph_PV_17,blast_furnace,hot_blast_pressure,useful,state,kgf/cm2,vendor_dcs_tag,db80f321b0c1dc5b,train
DCS_03_hot_blast_pressure_PV_17,blast_furnace,hot_blast_pressure,useful,state,kgf/cm2,vendor_dcs_tag,f998ba6d8cdc9520,train
DCS_03_热风压_PV_17,blast_furnace,hot_blast_pressure,useful,state,kgf/cm2,vendor_dcs_tag,5ff0bf4265523323,train
DCS_03_热风压力_PV_17,blast_furnace,hot_blast_pressure,useful,state,kgf/cm2,vendor_dcs_tag,2c478b30fd22d681,train
HMI.22.HOT_BLAST_PRESSURE.AI,blast_furnace,hot_blast_pressure,useful,state,kgf/cm2,vendor_hmi_tag,367083deceea588f,train
HMI.22.Hot_blast_pressure.AI,blast_furnace,hot_blast_pressure,useful,state,kgf/cm2,vendor_hmi_tag,f3b0b829798229c2,train
HMI.22.Ph.AI,blast_furnace,hot_blast_pressure,useful,state,kgf/cm2,vendor_hmi_tag,db80f321b0c1dc5b,train
HMI.22.hot_blast_pressure.AI,blast_furnace,hot_blast_pressure,useful,state,kgf/cm2,vendor_hmi_tag,f998ba6d8cdc9520,train
HMI.22.热风压.AI,blast_furnace,hot_blast_pressure,useful,state,kgf/cm2,vendor_hmi_tag,5ff0bf4265523323,train
HMI.22.热风压力.AI,blast_furnace,hot_blast_pressure,useful,state,kgf/cm2,vendor_hmi_tag,2c478b30fd22d681,train
HOTBLASTPRESSURE,blast_furnace,hot_blast_pressure,useful,state,kgf/cm2,compact,367083deceea588f,train
HOT_BLAST_PRESSURE,blast_furnace,hot_blast_pressure,useful,state,kgf/cm2,template,367083deceea588f,train
HOT_BLAST_PRESSURE[kgf/cm2],blast_furnace,hot_blast_pressure,useful,state,kgf/cm2,unit_bracket,367083deceea588f,train
HOT_BLAST_PRESSURE_01,blast_furnace,hot_blast_pressure,useful,state,kgf/cm2,channel_suffix,367083deceea588f,train
HOT_BLAST_PRESSURE_PV,blast_furnace,hot_blast_pressure,useful,state,kgf/cm2,control_suffix,367083deceea588f,train
HOT_BLAST_PRESSURE_kgf/cm2,blast_furnace,hot_blast_pressure,useful,state,kgf/cm2,unit_suffix,367083deceea588f,train
Hot blast pressure,blast_furnace,hot_blast_pressure,useful,state,kgf/cm2,template,f3b0b829798229c2,train
Hot blast pressure[kgf/cm2],blast_furnace,hot_blast_pressure,useful,state,kgf/cm2,unit_bracket,f3b0b829798229c2,train
Hot_blast_pressure,blast_furnace,hot_blast_pressure,useful,state,kgf/cm2,normalized,f3b0b829798229c2,train
Hot_blast_pressure_01,blast_furnace,hot_blast_pressure,useful,state,kgf/cm2,channel_suffix,f3b0b829798229c2,train
Hot_blast_pressure_PV,blast_furnace,hot_blast_pressure,useful,state,kgf/cm2,control_suffix,f3b0b829798229c2,train
Hot_blast_pressure_kgf/cm2,blast_furnace,hot_blast_pressure,useful,state,kgf/cm2,unit_suffix,f3b0b829798229c2,train
Hotblastpressure,blast_furnace,hot_blast_pressure,useful,state,kgf/cm2,compact,f3b0b829798229c2,train
PH,blast_furnace,hot_blast_pressure,useful,state,kgf/cm2,uppercase,db80f321b0c1dc5b,train
Ph,blast_furnace,hot_blast_pressure,useful,state,kgf/cm2,template,db80f321b0c1dc5b,train
Ph[kgf/cm2],blast_furnace,hot_blast_pressure,useful,state,kgf/cm2,unit_bracket,db80f321b0c1dc5b,train
Ph_01,blast_furnace,hot_blast_pressure,useful,state,kgf/cm2,channel_suffix,db80f321b0c1dc5b,train
Ph_PV,blast_furnace,hot_blast_pressure,useful,state,kgf/cm2,control_suffix,db80f321b0c1dc5b,train
Ph_kgf/cm2,blast_furnace,hot_blast_pressure,useful,state,kgf/cm2,unit_suffix,db80f321b0c1dc5b,train
hot_blast_pressure,blast_furnace,hot_blast_pressure,useful,state,kgf/cm2,template,f998ba6d8cdc9520,train
hot_blast_pressure[kgf/cm2],blast_furnace,hot_blast_pressure,useful,state,kgf/cm2,unit_bracket,f998ba6d8cdc9520,train
hot_blast_pressure_01,blast_furnace,hot_blast_pressure,useful,state,kgf/cm2,channel_suffix,f998ba6d8cdc9520,train
hot_blast_pressure_PV,blast_furnace,hot_blast_pressure,useful,state,kgf/cm2,control_suffix,f998ba6d8cdc9520,train
hot_blast_pressure_kgf/cm2,blast_furnace,hot_blast_pressure,useful,state,kgf/cm2,unit_suffix,f998ba6d8cdc9520,train
hotblastpressure,blast_furnace,hot_blast_pressure,useful,state,kgf/cm2,compact,f998ba6d8cdc9520,train
热风压,blast_furnace,hot_blast_pressure,useful,state,kgf/cm2,template,5ff0bf4265523323,train
热风压[kgf/cm2],blast_furnace,hot_blast_pressure,useful,state,kgf/cm2,unit_bracket,5ff0bf4265523323,train
热风压_01,blast_furnace,hot_blast_pressure,useful,state,kgf/cm2,channel_suffix,5ff0bf4265523323,train
热风压_PV,blast_furnace,hot_blast_pressure,useful,state,kgf/cm2,control_suffix,5ff0bf4265523323,train
热风压_kgf/cm2,blast_furnace,hot_blast_pressure,useful,state,kgf/cm2,unit_suffix,5ff0bf4265523323,train
热风压力,blast_furnace,hot_blast_pressure,useful,state,kgf/cm2,template,2c478b30fd22d681,train
热风压力[kgf/cm2],blast_furnace,hot_blast_pressure,useful,state,kgf/cm2,unit_bracket,2c478b30fd22d681,train
热风压力_01,blast_furnace,hot_blast_pressure,useful,state,kgf/cm2,channel_suffix,2c478b30fd22d681,train
热风压力_PV,blast_furnace,hot_blast_pressure,useful,state,kgf/cm2,control_suffix,2c478b30fd22d681,train
热风压力_kgf/cm2,blast_furnace,hot_blast_pressure,useful,state,kgf/cm2,unit_suffix,2c478b30fd22d681,train
装置5-HOT_BLAST_PRESSURE-CH30-VALUE,blast_furnace,hot_blast_pressure,useful,state,kgf/cm2,vendor_channel_tag,367083deceea588f,train
装置5-Hot_blast_pressure-CH30-VALUE,blast_furnace,hot_blast_pressure,useful,state,kgf/cm2,vendor_channel_tag,f3b0b829798229c2,train
装置5-Ph-CH30-VALUE,blast_furnace,hot_blast_pressure,useful,state,kgf/cm2,vendor_channel_tag,db80f321b0c1dc5b,train
装置5-hot_blast_pressure-CH30-VALUE,blast_furnace,hot_blast_pressure,useful,state,kgf/cm2,vendor_channel_tag,f998ba6d8cdc9520,train
装置5-热风压-CH30-VALUE,blast_furnace,hot_blast_pressure,useful,state,kgf/cm2,vendor_channel_tag,5ff0bf4265523323,train
装置5-热风压力-CH30-VALUE,blast_furnace,hot_blast_pressure,useful,state,kgf/cm2,vendor_channel_tag,2c478b30fd22d681,train
1号Hot-blast temperature,blast_furnace,hot_blast_temperature,required,manipulated,degC,equipment_prefix,65303653c273c847,train
1号Th,blast_furnace,hot_blast_temperature,required,manipulated,degC,equipment_prefix,58910e6d05d6c690,train
1号hot_blast_temperature,blast_furnace,hot_blast_temperature,required,manipulated,degC,equipment_prefix,f564d3d58a176882,train
1号热风温度,blast_furnace,hot_blast_temperature,required,manipulated,degC,equipment_prefix,73c112689c3800ba,train
A线_Hot-blast temperature,blast_furnace,hot_blast_temperature,required,manipulated,degC,line_prefix,65303653c273c847,train
A线_Th,blast_furnace,hot_blast_temperature,required,manipulated,degC,line_prefix,58910e6d05d6c690,train
A线_hot_blast_temperature,blast_furnace,hot_blast_temperature,required,manipulated,degC,line_prefix,f564d3d58a176882,train
A线_热风温度,blast_furnace,hot_blast_temperature,required,manipulated,degC,line_prefix,73c112689c3800ba,train
B线#Hot-blast temperature#测点42,blast_furnace,hot_blast_temperature,required,manipulated,degC,line_point_tag,65303653c273c847,train
B线#Th#测点42,blast_furnace,hot_blast_temperature,required,manipulated,degC,line_point_tag,58910e6d05d6c690,train
B线#hot_blast_temperature#测点42,blast_furnace,hot_blast_temperature,required,manipulated,degC,line_point_tag,f564d3d58a176882,train
B线#热风温度#测点42,blast_furnace,hot_blast_temperature,required,manipulated,degC,line_point_tag,73c112689c3800ba,train
DCS_03_Hot_blast_temperature_PV_17,blast_furnace,hot_blast_temperature,required,manipulated,degC,vendor_dcs_tag,65303653c273c847,train
DCS_03_Th_PV_17,blast_furnace,hot_blast_temperature,required,manipulated,degC,vendor_dcs_tag,58910e6d05d6c690,train
DCS_03_hot_blast_temperature_PV_17,blast_furnace,hot_blast_temperature,required,manipulated,degC,vendor_dcs_tag,f564d3d58a176882,train
DCS_03_热风温度_PV_17,blast_furnace,hot_blast_temperature,required,manipulated,degC,vendor_dcs_tag,73c112689c3800ba,train
HMI.22.Hot_blast_temperature.AI,blast_furnace,hot_blast_temperature,required,manipulated,degC,vendor_hmi_tag,65303653c273c847,train
HMI.22.Th.AI,blast_furnace,hot_blast_temperature,required,manipulated,degC,vendor_hmi_tag,58910e6d05d6c690,train
HMI.22.hot_blast_temperature.AI,blast_furnace,hot_blast_temperature,required,manipulated,degC,vendor_hmi_tag,f564d3d58a176882,train
HMI.22.热风温度.AI,blast_furnace,hot_blast_temperature,required,manipulated,degC,vendor_hmi_tag,73c112689c3800ba,train
HOT_BLAST_TEMPERATURE,blast_furnace,hot_blast_temperature,required,manipulated,degC,uppercase,65303653c273c847,train
Hot-blast temperature,blast_furnace,hot_blast_temperature,required,manipulated,degC,template,65303653c273c847,train
Hot-blast temperature[degC],blast_furnace,hot_blast_temperature,required,manipulated,degC,unit_bracket,65303653c273c847,train
Hot_blast_temperature,blast_furnace,hot_blast_temperature,required,manipulated,degC,normalized,65303653c273c847,train
Hot_blast_temperature_01,blast_furnace,hot_blast_temperature,required,manipulated,degC,channel_suffix,65303653c273c847,train
Hot_blast_temperature_SP,blast_furnace,hot_blast_temperature,required,manipulated,degC,control_suffix,65303653c273c847,train
Hot_blast_temperature_degC,blast_furnace,hot_blast_temperature,required,manipulated,degC,unit_suffix,65303653c273c847,train
Hotblasttemperature,blast_furnace,hot_blast_temperature,required,manipulated,degC,compact,65303653c273c847,train
TH,blast_furnace,hot_blast_temperature,required,manipulated,degC,uppercase,58910e6d05d6c690,train
Th,blast_furnace,hot_blast_temperature,required,manipulated,degC,template,58910e6d05d6c690,train
Th[degC],blast_furnace,hot_blast_temperature,required,manipulated,degC,unit_bracket,58910e6d05d6c690,train
Th_01,blast_furnace,hot_blast_temperature,required,manipulated,degC,channel_suffix,58910e6d05d6c690,train
Th_SP,blast_furnace,hot_blast_temperature,required,manipulated,degC,control_suffix,58910e6d05d6c690,train
Th_degC,blast_furnace,hot_blast_temperature,required,manipulated,degC,unit_suffix,58910e6d05d6c690,train
hot_blast_temperature,blast_furnace,hot_blast_temperature,required,manipulated,degC,template,f564d3d58a176882,train
hot_blast_temperature[degC],blast_furnace,hot_blast_temperature,required,manipulated,degC,unit_bracket,f564d3d58a176882,train
hot_blast_temperature_01,blast_furnace,hot_blast_temperature,required,manipulated,degC,channel_suffix,f564d3d58a176882,train
hot_blast_temperature_SP,blast_furnace,hot_blast_temperature,required,manipulated,degC,control_suffix,f564d3d58a176882,train
hot_blast_temperature_degC,blast_furnace,hot_blast_temperature,required,manipulated,degC,unit_suffix,f564d3d58a176882,train
hotblasttemperature,blast_furnace,hot_blast_temperature,required,manipulated,degC,compact,f564d3d58a176882,train
热风温度,blast_furnace,hot_blast_temperature,required,manipulated,degC,template,73c112689c3800ba,train
热风温度[degC],blast_furnace,hot_blast_temperature,required,manipulated,degC,unit_bracket,73c112689c3800ba,train
热风温度_01,blast_furnace,hot_blast_temperature,required,manipulated,degC,channel_suffix,73c112689c3800ba,train
热风温度_SP,blast_furnace,hot_blast_temperature,required,manipulated,degC,control_suffix,73c112689c3800ba,train
热风温度_degC,blast_furnace,hot_blast_temperature,required,manipulated,degC,unit_suffix,73c112689c3800ba,train
装置5-Hot_blast_temperature-CH30-VALUE,blast_furnace,hot_blast_temperature,required,manipulated,degC,vendor_channel_tag,65303653c273c847,train
装置5-Th-CH30-VALUE,blast_furnace,hot_blast_temperature,required,manipulated,degC,vendor_channel_tag,58910e6d05d6c690,train
装置5-hot_blast_temperature-CH30-VALUE,blast_furnace,hot_blast_temperature,required,manipulated,degC,vendor_channel_tag,f564d3d58a176882,train
装置5-热风温度-CH30-VALUE,blast_furnace,hot_blast_temperature,required,manipulated,degC,vendor_channel_tag,73c112689c3800ba,train
1号HOT_METAL_SI,blast_furnace,hot_metal_si,required,controlled,percent,equipment_prefix,1a15c5189eb45205,train
1号Si,blast_furnace,hot_metal_si,required,controlled,percent,equipment_prefix,c858a4a2202055f5,train
1号Silicon content,blast_furnace,hot_metal_si,required,controlled,percent,equipment_prefix,1fb9b7aa759689fc,train
1号铁水含硅量,blast_furnace,hot_metal_si,required,controlled,percent,equipment_prefix,1f2bda57b2303256,train
1号铁水硅含量,blast_furnace,hot_metal_si,required,controlled,percent,equipment_prefix,cfba4a085a347248,train
A线_HOT_METAL_SI,blast_furnace,hot_metal_si,required,controlled,percent,line_prefix,1a15c5189eb45205,train
A线_Si,blast_furnace,hot_metal_si,required,controlled,percent,line_prefix,c858a4a2202055f5,train
A线_Silicon content,blast_furnace,hot_metal_si,required,controlled,percent,line_prefix,1fb9b7aa759689fc,train
A线_铁水含硅量,blast_furnace,hot_metal_si,required,controlled,percent,line_prefix,1f2bda57b2303256,train
A线_铁水硅含量,blast_furnace,hot_metal_si,required,controlled,percent,line_prefix,cfba4a085a347248,train
B线#HOT_METAL_SI#测点42,blast_furnace,hot_metal_si,required,controlled,percent,line_point_tag,1a15c5189eb45205,train
B线#Si#测点42,blast_furnace,hot_metal_si,required,controlled,percent,line_point_tag,c858a4a2202055f5,train
B线#Silicon content#测点42,blast_furnace,hot_metal_si,required,controlled,percent,line_point_tag,1fb9b7aa759689fc,train
B线#铁水含硅量#测点42,blast_furnace,hot_metal_si,required,controlled,percent,line_point_tag,1f2bda57b2303256,train
B线#铁水硅含量#测点42,blast_furnace,hot_metal_si,required,controlled,percent,line_point_tag,cfba4a085a347248,train
DCS_03_HOT_METAL_SI_PV_17,blast_furnace,hot_metal_si,required,controlled,percent,vendor_dcs_tag,1a15c5189eb45205,train
DCS_03_Si_PV_17,blast_furnace,hot_metal_si,required,controlled,percent,vendor_dcs_tag,c858a4a2202055f5,train
DCS_03_Silicon_content_PV_17,blast_furnace,hot_metal_si,required,controlled,percent,vendor_dcs_tag,1fb9b7aa759689fc,train
DCS_03_铁水含硅量_PV_17,blast_furnace,hot_metal_si,required,controlled,percent,vendor_dcs_tag,1f2bda57b2303256,train
DCS_03_铁水硅含量_PV_17,blast_furnace,hot_metal_si,required,controlled,percent,vendor_dcs_tag,cfba4a085a347248,train
HMI.22.HOT_METAL_SI.AI,blast_furnace,hot_metal_si,required,controlled,percent,vendor_hmi_tag,1a15c5189eb45205,train
HMI.22.Si.AI,blast_furnace,hot_metal_si,required,controlled,percent,vendor_hmi_tag,c858a4a2202055f5,train
HMI.22.Silicon_content.AI,blast_furnace,hot_metal_si,required,controlled,percent,vendor_hmi_tag,1fb9b7aa759689fc,train
HMI.22.铁水含硅量.AI,blast_furnace,hot_metal_si,required,controlled,percent,vendor_hmi_tag,1f2bda57b2303256,train
HMI.22.铁水硅含量.AI,blast_furnace,hot_metal_si,required,controlled,percent,vendor_hmi_tag,cfba4a085a347248,train
HOTMETALSI,blast_furnace,hot_metal_si,required,controlled,percent,compact,1a15c5189eb45205,train
HOT_METAL_SI,blast_furnace,hot_metal_si,required,controlled,percent,template,1a15c5189eb45205,train
HOT_METAL_SI[percent],blast_furnace,hot_metal_si,required,controlled,percent,unit_bracket,1a15c5189eb45205,train
HOT_METAL_SI_01,blast_furnace,hot_metal_si,required,controlled,percent,channel_suffix,1a15c5189eb45205,train
HOT_METAL_SI_PV,blast_furnace,hot_metal_si,required,controlled,percent,control_suffix,1a15c5189eb45205,train
HOT_METAL_SI_percent,blast_furnace,hot_metal_si,required,controlled,percent,unit_suffix,1a15c5189eb45205,train
SI,blast_furnace,hot_metal_si,required,controlled,percent,uppercase,c858a4a2202055f5,train
SILICON_CONTENT,blast_furnace,hot_metal_si,required,controlled,percent,uppercase,1fb9b7aa759689fc,train
Si,blast_furnace,hot_metal_si,required,controlled,percent,template,c858a4a2202055f5,train
Si[percent],blast_furnace,hot_metal_si,required,controlled,percent,unit_bracket,c858a4a2202055f5,train
Si_01,blast_furnace,hot_metal_si,required,controlled,percent,channel_suffix,c858a4a2202055f5,train
Si_PV,blast_furnace,hot_metal_si,required,controlled,percent,control_suffix,c858a4a2202055f5,train
Si_percent,blast_furnace,hot_metal_si,required,controlled,percent,unit_suffix,c858a4a2202055f5,train
Silicon content,blast_furnace,hot_metal_si,required,controlled,percent,template,1fb9b7aa759689fc,train
Silicon content[percent],blast_furnace,hot_metal_si,required,controlled,percent,unit_bracket,1fb9b7aa759689fc,train
Silicon_content,blast_furnace,hot_metal_si,required,controlled,percent,normalized,1fb9b7aa759689fc,train
Silicon_content_01,blast_furnace,hot_metal_si,required,controlled,percent,channel_suffix,1fb9b7aa759689fc,train
Silicon_content_PV,blast_furnace,hot_metal_si,required,controlled,percent,control_suffix,1fb9b7aa759689fc,train
Silicon_content_percent,blast_furnace,hot_metal_si,required,controlled,percent,unit_suffix,1fb9b7aa759689fc,train
Siliconcontent,blast_furnace,hot_metal_si,required,controlled,percent,compact,1fb9b7aa759689fc,train
装置5-HOT_METAL_SI-CH30-VALUE,blast_furnace,hot_metal_si,required,controlled,percent,vendor_channel_tag,1a15c5189eb45205,train
装置5-Si-CH30-VALUE,blast_furnace,hot_metal_si,required,controlled,percent,vendor_channel_tag,c858a4a2202055f5,train
装置5-Silicon_content-CH30-VALUE,blast_furnace,hot_metal_si,required,controlled,percent,vendor_channel_tag,1fb9b7aa759689fc,train
装置5-铁水含硅量-CH30-VALUE,blast_furnace,hot_metal_si,required,controlled,percent,vendor_channel_tag,1f2bda57b2303256,train
装置5-铁水硅含量-CH30-VALUE,blast_furnace,hot_metal_si,required,controlled,percent,vendor_channel_tag,cfba4a085a347248,train
铁水含硅量,blast_furnace,hot_metal_si,required,controlled,percent,template,1f2bda57b2303256,train
铁水含硅量[percent],blast_furnace,hot_metal_si,required,controlled,percent,unit_bracket,1f2bda57b2303256,train
铁水含硅量_01,blast_furnace,hot_metal_si,required,controlled,percent,channel_suffix,1f2bda57b2303256,train
铁水含硅量_PV,blast_furnace,hot_metal_si,required,controlled,percent,control_suffix,1f2bda57b2303256,train
铁水含硅量_percent,blast_furnace,hot_metal_si,required,controlled,percent,unit_suffix,1f2bda57b2303256,train
铁水硅含量,blast_furnace,hot_metal_si,required,controlled,percent,template,cfba4a085a347248,train
铁水硅含量[percent],blast_furnace,hot_metal_si,required,controlled,percent,unit_bracket,cfba4a085a347248,train
铁水硅含量_01,blast_furnace,hot_metal_si,required,controlled,percent,channel_suffix,cfba4a085a347248,train
铁水硅含量_PV,blast_furnace,hot_metal_si,required,controlled,percent,control_suffix,cfba4a085a347248,train
铁水硅含量_percent,blast_furnace,hot_metal_si,required,controlled,percent,unit_suffix,cfba4a085a347248,train
1号LAB_AGE_MIN,blast_furnace,lab_age_minutes,useful,quality,min,equipment_prefix,1dace35409fa9324,train
1号lab_age_minutes,blast_furnace,lab_age_minutes,useful,quality,min,equipment_prefix,4ff77682416735a5,train
1号化验数据龄期,blast_furnace,lab_age_minutes,useful,quality,min,equipment_prefix,56a64bbb301fc2cf,train
1号化验龄期,blast_furnace,lab_age_minutes,useful,quality,min,equipment_prefix,1ecb71d6ebe04a6d,train
A线_LAB_AGE_MIN,blast_furnace,lab_age_minutes,useful,quality,min,line_prefix,1dace35409fa9324,train
A线_lab_age_minutes,blast_furnace,lab_age_minutes,useful,quality,min,line_prefix,4ff77682416735a5,train
A线_化验数据龄期,blast_furnace,lab_age_minutes,useful,quality,min,line_prefix,56a64bbb301fc2cf,train
A线_化验龄期,blast_furnace,lab_age_minutes,useful,quality,min,line_prefix,1ecb71d6ebe04a6d,train
B线#LAB_AGE_MIN#测点42,blast_furnace,lab_age_minutes,useful,quality,min,line_point_tag,1dace35409fa9324,train
B线#lab_age_minutes#测点42,blast_furnace,lab_age_minutes,useful,quality,min,line_point_tag,4ff77682416735a5,train
B线#化验数据龄期#测点42,blast_furnace,lab_age_minutes,useful,quality,min,line_point_tag,56a64bbb301fc2cf,train
B线#化验龄期#测点42,blast_furnace,lab_age_minutes,useful,quality,min,line_point_tag,1ecb71d6ebe04a6d,train
DCS_03_LAB_AGE_MIN_PV_17,blast_furnace,lab_age_minutes,useful,quality,min,vendor_dcs_tag,1dace35409fa9324,train
DCS_03_lab_age_minutes_PV_17,blast_furnace,lab_age_minutes,useful,quality,min,vendor_dcs_tag,4ff77682416735a5,train
DCS_03_化验数据龄期_PV_17,blast_furnace,lab_age_minutes,useful,quality,min,vendor_dcs_tag,56a64bbb301fc2cf,train
DCS_03_化验龄期_PV_17,blast_furnace,lab_age_minutes,useful,quality,min,vendor_dcs_tag,1ecb71d6ebe04a6d,train
HMI.22.LAB_AGE_MIN.AI,blast_furnace,lab_age_minutes,useful,quality,min,vendor_hmi_tag,1dace35409fa9324,train
HMI.22.lab_age_minutes.AI,blast_furnace,lab_age_minutes,useful,quality,min,vendor_hmi_tag,4ff77682416735a5,train
HMI.22.化验数据龄期.AI,blast_furnace,lab_age_minutes,useful,quality,min,vendor_hmi_tag,56a64bbb301fc2cf,train
HMI.22.化验龄期.AI,blast_furnace,lab_age_minutes,useful,quality,min,vendor_hmi_tag,1ecb71d6ebe04a6d,train
LABAGEMIN,blast_furnace,lab_age_minutes,useful,quality,min,compact,1dace35409fa9324,train
LAB_AGE_MIN,blast_furnace,lab_age_minutes,useful,quality,min,template,1dace35409fa9324,train
LAB_AGE_MINUTES,blast_furnace,lab_age_minutes,useful,quality,min,uppercase,4ff77682416735a5,train
LAB_AGE_MIN[min],blast_furnace,lab_age_minutes,useful,quality,min,unit_bracket,1dace35409fa9324,train
LAB_AGE_MIN_01,blast_furnace,lab_age_minutes,useful,quality,min,channel_suffix,1dace35409fa9324,train
LAB_AGE_MIN_PV,blast_furnace,lab_age_minutes,useful,quality,min,control_suffix,1dace35409fa9324,train
LAB_AGE_MIN_min,blast_furnace,lab_age_minutes,useful,quality,min,unit_suffix,1dace35409fa9324,train
lab_age_minutes,blast_furnace,lab_age_minutes,useful,quality,min,template,4ff77682416735a5,train
lab_age_minutes[min],blast_furnace,lab_age_minutes,useful,quality,min,unit_bracket,4ff77682416735a5,train
lab_age_minutes_01,blast_furnace,lab_age_minutes,useful,quality,min,channel_suffix,4ff77682416735a5,train
lab_age_minutes_PV,blast_furnace,lab_age_minutes,useful,quality,min,control_suffix,4ff77682416735a5,train
lab_age_minutes_min,blast_furnace,lab_age_minutes,useful,quality,min,unit_suffix,4ff77682416735a5,train
labageminutes,blast_furnace,lab_age_minutes,useful,quality,min,compact,4ff77682416735a5,train
化验数据龄期,blast_furnace,lab_age_minutes,useful,quality,min,template,56a64bbb301fc2cf,train
化验数据龄期[min],blast_furnace,lab_age_minutes,useful,quality,min,unit_bracket,56a64bbb301fc2cf,train
化验数据龄期_01,blast_furnace,lab_age_minutes,useful,quality,min,channel_suffix,56a64bbb301fc2cf,train
化验数据龄期_PV,blast_furnace,lab_age_minutes,useful,quality,min,control_suffix,56a64bbb301fc2cf,train
化验数据龄期_min,blast_furnace,lab_age_minutes,useful,quality,min,unit_suffix,56a64bbb301fc2cf,train
化验龄期,blast_furnace,lab_age_minutes,useful,quality,min,template,1ecb71d6ebe04a6d,train
化验龄期[min],blast_furnace,lab_age_minutes,useful,quality,min,unit_bracket,1ecb71d6ebe04a6d,train
化验龄期_01,blast_furnace,lab_age_minutes,useful,quality,min,channel_suffix,1ecb71d6ebe04a6d,train
化验龄期_PV,blast_furnace,lab_age_minutes,useful,quality,min,control_suffix,1ecb71d6ebe04a6d,train
化验龄期_min,blast_furnace,lab_age_minutes,useful,quality,min,unit_suffix,1ecb71d6ebe04a6d,train
装置5-LAB_AGE_MIN-CH30-VALUE,blast_furnace,lab_age_minutes,useful,quality,min,vendor_channel_tag,1dace35409fa9324,train
装置5-lab_age_minutes-CH30-VALUE,blast_furnace,lab_age_minutes,useful,quality,min,vendor_channel_tag,4ff77682416735a5,train
装置5-化验数据龄期-CH30-VALUE,blast_furnace,lab_age_minutes,useful,quality,min,vendor_channel_tag,56a64bbb301fc2cf,train
装置5-化验龄期-CH30-VALUE,blast_furnace,lab_age_minutes,useful,quality,min,vendor_channel_tag,1ecb71d6ebe04a6d,train
1号lab_fresh,blast_furnace,lab_fresh,useful,quality,boolean,equipment_prefix,d8daba0cdbbab45a,train
A线_lab_fresh,blast_furnace,lab_fresh,useful,quality,boolean,line_prefix,d8daba0cdbbab45a,train
B线#lab_fresh#测点42,blast_furnace,lab_fresh,useful,quality,boolean,line_point_tag,d8daba0cdbbab45a,train
DCS_03_lab_fresh_PV_17,blast_furnace,lab_fresh,useful,quality,boolean,vendor_dcs_tag,d8daba0cdbbab45a,train
HMI.22.lab_fresh.AI,blast_furnace,lab_fresh,useful,quality,boolean,vendor_hmi_tag,d8daba0cdbbab45a,train
lab_fresh,blast_furnace,lab_fresh,useful,quality,boolean,template,d8daba0cdbbab45a,train
lab_fresh_01,blast_furnace,lab_fresh,useful,quality,boolean,channel_suffix,d8daba0cdbbab45a,train
lab_fresh_PV,blast_furnace,lab_fresh,useful,quality,boolean,control_suffix,d8daba0cdbbab45a,train
labfresh,blast_furnace,lab_fresh,useful,quality,boolean,compact,d8daba0cdbbab45a,train
装置5-lab_fresh-CH30-VALUE,blast_furnace,lab_fresh,useful,quality,boolean,vendor_channel_tag,d8daba0cdbbab45a,train
1号Si_lab_timestamp,blast_furnace,lab_source_timestamp,useful,identifier,string,equipment_prefix,135dfa25dd0ea228,train
1号最近可用化验时间,blast_furnace,lab_source_timestamp,useful,identifier,string,equipment_prefix,dd93ce1220d56b94,train
A线_Si_lab_timestamp,blast_furnace,lab_source_timestamp,useful,identifier,string,line_prefix,135dfa25dd0ea228,train
A线_最近可用化验时间,blast_furnace,lab_source_timestamp,useful,identifier,string,line_prefix,dd93ce1220d56b94,train
B线#Si_lab_timestamp#测点42,blast_furnace,lab_source_timestamp,useful,identifier,string,line_point_tag,135dfa25dd0ea228,train
B线#最近可用化验时间#测点42,blast_furnace,lab_source_timestamp,useful,identifier,string,line_point_tag,dd93ce1220d56b94,train
DCS_03_Si_lab_timestamp_PV_17,blast_furnace,lab_source_timestamp,useful,identifier,string,vendor_dcs_tag,135dfa25dd0ea228,train
DCS_03_最近可用化验时间_PV_17,blast_furnace,lab_source_timestamp,useful,identifier,string,vendor_dcs_tag,dd93ce1220d56b94,train
HMI.22.Si_lab_timestamp.AI,blast_furnace,lab_source_timestamp,useful,identifier,string,vendor_hmi_tag,135dfa25dd0ea228,train
HMI.22.最近可用化验时间.AI,blast_furnace,lab_source_timestamp,useful,identifier,string,vendor_hmi_tag,dd93ce1220d56b94,train
SI_LAB_TIMESTAMP,blast_furnace,lab_source_timestamp,useful,identifier,string,uppercase,135dfa25dd0ea228,train
Si_lab_timestamp,blast_furnace,lab_source_timestamp,useful,identifier,string,template,135dfa25dd0ea228,train
Si_lab_timestamp_01,blast_furnace,lab_source_timestamp,useful,identifier,string,channel_suffix,135dfa25dd0ea228,train
Si_lab_timestamp_PV,blast_furnace,lab_source_timestamp,useful,identifier,string,control_suffix,135dfa25dd0ea228,train
Silabtimestamp,blast_furnace,lab_source_timestamp,useful,identifier,string,compact,135dfa25dd0ea228,train
最近可用化验时间,blast_furnace,lab_source_timestamp,useful,identifier,string,template,dd93ce1220d56b94,train
最近可用化验时间_01,blast_furnace,lab_source_timestamp,useful,identifier,string,channel_suffix,dd93ce1220d56b94,train
最近可用化验时间_PV,blast_furnace,lab_source_timestamp,useful,identifier,string,control_suffix,dd93ce1220d56b94,train
装置5-Si_lab_timestamp-CH30-VALUE,blast_furnace,lab_source_timestamp,useful,identifier,string,vendor_channel_tag,135dfa25dd0ea228,train
装置5-最近可用化验时间-CH30-VALUE,blast_furnace,lab_source_timestamp,useful,identifier,string,vendor_channel_tag,dd93ce1220d56b94,train
1号LOWER_DP,blast_furnace,lower_pressure_drop,useful,state,kgf/cm2,equipment_prefix,060c519adde59d90,train
1号Lower gas pressure difference,blast_furnace,lower_pressure_drop,useful,state,kgf/cm2,equipment_prefix,5e2fba64a1e3bca7,train
1号lower_pressure_drop,blast_furnace,lower_pressure_drop,useful,state,kgf/cm2,equipment_prefix,2547d21cf217882a,train
A线_LOWER_DP,blast_furnace,lower_pressure_drop,useful,state,kgf/cm2,line_prefix,060c519adde59d90,train
A线_Lower gas pressure difference,blast_furnace,lower_pressure_drop,useful,state,kgf/cm2,line_prefix,5e2fba64a1e3bca7,train
A线_lower_pressure_drop,blast_furnace,lower_pressure_drop,useful,state,kgf/cm2,line_prefix,2547d21cf217882a,train
B线#LOWER_DP#测点42,blast_furnace,lower_pressure_drop,useful,state,kgf/cm2,line_point_tag,060c519adde59d90,train
B线#Lower gas pressure difference#测点42,blast_furnace,lower_pressure_drop,useful,state,kgf/cm2,line_point_tag,5e2fba64a1e3bca7,train
B线#lower_pressure_drop#测点42,blast_furnace,lower_pressure_drop,useful,state,kgf/cm2,line_point_tag,2547d21cf217882a,train
DCS_03_LOWER_DP_PV_17,blast_furnace,lower_pressure_drop,useful,state,kgf/cm2,vendor_dcs_tag,060c519adde59d90,train
DCS_03_Lower_gas_pressure_difference_PV_17,blast_furnace,lower_pressure_drop,useful,state,kgf/cm2,vendor_dcs_tag,5e2fba64a1e3bca7,train
DCS_03_lower_pressure_drop_PV_17,blast_furnace,lower_pressure_drop,useful,state,kgf/cm2,vendor_dcs_tag,2547d21cf217882a,train
HMI.22.LOWER_DP.AI,blast_furnace,lower_pressure_drop,useful,state,kgf/cm2,vendor_hmi_tag,060c519adde59d90,train
HMI.22.Lower_gas_pressure_difference.AI,blast_furnace,lower_pressure_drop,useful,state,kgf/cm2,vendor_hmi_tag,5e2fba64a1e3bca7,train
HMI.22.lower_pressure_drop.AI,blast_furnace,lower_pressure_drop,useful,state,kgf/cm2,vendor_hmi_tag,2547d21cf217882a,train
LOWERDP,blast_furnace,lower_pressure_drop,useful,state,kgf/cm2,compact,060c519adde59d90,train
LOWER_DP,blast_furnace,lower_pressure_drop,useful,state,kgf/cm2,template,060c519adde59d90,train
LOWER_DP[kgf/cm2],blast_furnace,lower_pressure_drop,useful,state,kgf/cm2,unit_bracket,060c519adde59d90,train
LOWER_DP_01,blast_furnace,lower_pressure_drop,useful,state,kgf/cm2,channel_suffix,060c519adde59d90,train
LOWER_DP_PV,blast_furnace,lower_pressure_drop,useful,state,kgf/cm2,control_suffix,060c519adde59d90,train
LOWER_DP_kgf/cm2,blast_furnace,lower_pressure_drop,useful,state,kgf/cm2,unit_suffix,060c519adde59d90,train
LOWER_GAS_PRESSURE_DIFFERENCE,blast_furnace,lower_pressure_drop,useful,state,kgf/cm2,uppercase,5e2fba64a1e3bca7,train
LOWER_PRESSURE_DROP,blast_furnace,lower_pressure_drop,useful,state,kgf/cm2,uppercase,2547d21cf217882a,train
Lower gas pressure difference,blast_furnace,lower_pressure_drop,useful,state,kgf/cm2,template,5e2fba64a1e3bca7,train
Lower gas pressure difference[kgf/cm2],blast_furnace,lower_pressure_drop,useful,state,kgf/cm2,unit_bracket,5e2fba64a1e3bca7,train
Lower_gas_pressure_difference,blast_furnace,lower_pressure_drop,useful,state,kgf/cm2,normalized,5e2fba64a1e3bca7,train
Lower_gas_pressure_difference_01,blast_furnace,lower_pressure_drop,useful,state,kgf/cm2,channel_suffix,5e2fba64a1e3bca7,train
Lower_gas_pressure_difference_PV,blast_furnace,lower_pressure_drop,useful,state,kgf/cm2,control_suffix,5e2fba64a1e3bca7,train
Lower_gas_pressure_difference_kgf/cm2,blast_furnace,lower_pressure_drop,useful,state,kgf/cm2,unit_suffix,5e2fba64a1e3bca7,train
Lowergaspressuredifference,blast_furnace,lower_pressure_drop,useful,state,kgf/cm2,compact,5e2fba64a1e3bca7,train
lower_pressure_drop,blast_furnace,lower_pressure_drop,useful,state,kgf/cm2,template,2547d21cf217882a,train
lower_pressure_drop[kgf/cm2],blast_furnace,lower_pressure_drop,useful,state,kgf/cm2,unit_bracket,2547d21cf217882a,train
lower_pressure_drop_01,blast_furnace,lower_pressure_drop,useful,state,kgf/cm2,channel_suffix,2547d21cf217882a,train
lower_pressure_drop_PV,blast_furnace,lower_pressure_drop,useful,state,kgf/cm2,control_suffix,2547d21cf217882a,train
lower_pressure_drop_kgf/cm2,blast_furnace,lower_pressure_drop,useful,state,kgf/cm2,unit_suffix,2547d21cf217882a,train
lowerpressuredrop,blast_furnace,lower_pressure_drop,useful,state,kgf/cm2,compact,2547d21cf217882a,train
装置5-LOWER_DP-CH30-VALUE,blast_furnace,lower_pressure_drop,useful,state,kgf/cm2,vendor_channel_tag,060c519adde59d90,train
装置5-Lower_gas_pressure_difference-CH30-VALUE,blast_furnace,lower_pressure_drop,useful,state,kgf/cm2,vendor_channel_tag,5e2fba64a1e3bca7,train
装置5-lower_pressure_drop-CH30-VALUE,blast_furnace,lower_pressure_drop,useful,state,kgf/cm2,vendor_channel_tag,2547d21cf217882a,train
1号Ore-to-coke ratio,blast_furnace,ore_coke_ratio,required,manipulated,ratio,equipment_prefix,a712a64f98f796e4,train
1号矿焦比,blast_furnace,ore_coke_ratio,required,manipulated,ratio,equipment_prefix,bcdd65d0850ac1b6,train
A线_Ore-to-coke ratio,blast_furnace,ore_coke_ratio,required,manipulated,ratio,line_prefix,a712a64f98f796e4,train
A线_矿焦比,blast_furnace,ore_coke_ratio,required,manipulated,ratio,line_prefix,bcdd65d0850ac1b6,train
B线#Ore-to-coke ratio#测点42,blast_furnace,ore_coke_ratio,required,manipulated,ratio,line_point_tag,a712a64f98f796e4,train
B线#矿焦比#测点42,blast_furnace,ore_coke_ratio,required,manipulated,ratio,line_point_tag,bcdd65d0850ac1b6,train
DCS_03_Ore_to_coke_ratio_PV_17,blast_furnace,ore_coke_ratio,required,manipulated,ratio,vendor_dcs_tag,a712a64f98f796e4,train
DCS_03_矿焦比_PV_17,blast_furnace,ore_coke_ratio,required,manipulated,ratio,vendor_dcs_tag,bcdd65d0850ac1b6,train
HMI.22.Ore_to_coke_ratio.AI,blast_furnace,ore_coke_ratio,required,manipulated,ratio,vendor_hmi_tag,a712a64f98f796e4,train
HMI.22.矿焦比.AI,blast_furnace,ore_coke_ratio,required,manipulated,ratio,vendor_hmi_tag,bcdd65d0850ac1b6,train
ORE_TO_COKE_RATIO,blast_furnace,ore_coke_ratio,required,manipulated,ratio,uppercase,a712a64f98f796e4,train
Ore-to-coke ratio,blast_furnace,ore_coke_ratio,required,manipulated,ratio,template,a712a64f98f796e4,train
Ore-to-coke ratio[ratio],blast_furnace,ore_coke_ratio,required,manipulated,ratio,unit_bracket,a712a64f98f796e4,train
Ore_to_coke_ratio,blast_furnace,ore_coke_ratio,required,manipulated,ratio,normalized,a712a64f98f796e4,train
Ore_to_coke_ratio_01,blast_furnace,ore_coke_ratio,required,manipulated,ratio,channel_suffix,a712a64f98f796e4,train
Ore_to_coke_ratio_SP,blast_furnace,ore_coke_ratio,required,manipulated,ratio,control_suffix,a712a64f98f796e4,train
Ore_to_coke_ratio_ratio,blast_furnace,ore_coke_ratio,required,manipulated,ratio,unit_suffix,a712a64f98f796e4,train
Oretocokeratio,blast_furnace,ore_coke_ratio,required,manipulated,ratio,compact,a712a64f98f796e4,train
矿焦比,blast_furnace,ore_coke_ratio,required,manipulated,ratio,template,bcdd65d0850ac1b6,train
矿焦比[ratio],blast_furnace,ore_coke_ratio,required,manipulated,ratio,unit_bracket,bcdd65d0850ac1b6,train
矿焦比_01,blast_furnace,ore_coke_ratio,required,manipulated,ratio,channel_suffix,bcdd65d0850ac1b6,train
矿焦比_SP,blast_furnace,ore_coke_ratio,required,manipulated,ratio,control_suffix,bcdd65d0850ac1b6,train
矿焦比_ratio,blast_furnace,ore_coke_ratio,required,manipulated,ratio,unit_suffix,bcdd65d0850ac1b6,train
装置5-Ore_to_coke_ratio-CH30-VALUE,blast_furnace,ore_coke_ratio,required,manipulated,ratio,vendor_channel_tag,a712a64f98f796e4,train
装置5-矿焦比-CH30-VALUE,blast_furnace,ore_coke_ratio,required,manipulated,ratio,vendor_channel_tag,bcdd65d0850ac1b6,train
1号OXYGEN_FLOW,blast_furnace,oxygen_flow_rate,required,manipulated,m3/h,equipment_prefix,043eb5066a4496cd,train
1号oxygen_flow_rate,blast_furnace,oxygen_flow_rate,required,manipulated,m3/h,equipment_prefix,79c2907e645194f7,train
1号富氧流量,blast_furnace,oxygen_flow_rate,required,manipulated,m3/h,equipment_prefix,e62c51a559398a71,train
A线_OXYGEN_FLOW,blast_furnace,oxygen_flow_rate,required,manipulated,m3/h,line_prefix,043eb5066a4496cd,train
A线_oxygen_flow_rate,blast_furnace,oxygen_flow_rate,required,manipulated,m3/h,line_prefix,79c2907e645194f7,train
A线_富氧流量,blast_furnace,oxygen_flow_rate,required,manipulated,m3/h,line_prefix,e62c51a559398a71,train
B线#OXYGEN_FLOW#测点42,blast_furnace,oxygen_flow_rate,required,manipulated,m3/h,line_point_tag,043eb5066a4496cd,train
B线#oxygen_flow_rate#测点42,blast_furnace,oxygen_flow_rate,required,manipulated,m3/h,line_point_tag,79c2907e645194f7,train
B线#富氧流量#测点42,blast_furnace,oxygen_flow_rate,required,manipulated,m3/h,line_point_tag,e62c51a559398a71,train
DCS_03_OXYGEN_FLOW_PV_17,blast_furnace,oxygen_flow_rate,required,manipulated,m3/h,vendor_dcs_tag,043eb5066a4496cd,train
DCS_03_oxygen_flow_rate_PV_17,blast_furnace,oxygen_flow_rate,required,manipulated,m3/h,vendor_dcs_tag,79c2907e645194f7,train
DCS_03_富氧流量_PV_17,blast_furnace,oxygen_flow_rate,required,manipulated,m3/h,vendor_dcs_tag,e62c51a559398a71,train
HMI.22.OXYGEN_FLOW.AI,blast_furnace,oxygen_flow_rate,required,manipulated,m3/h,vendor_hmi_tag,043eb5066a4496cd,train
HMI.22.oxygen_flow_rate.AI,blast_furnace,oxygen_flow_rate,required,manipulated,m3/h,vendor_hmi_tag,79c2907e645194f7,train
HMI.22.富氧流量.AI,blast_furnace,oxygen_flow_rate,required,manipulated,m3/h,vendor_hmi_tag,e62c51a559398a71,train
OXYGENFLOW,blast_furnace,oxygen_flow_rate,required,manipulated,m3/h,compact,043eb5066a4496cd,train
OXYGEN_FLOW,blast_furnace,oxygen_flow_rate,required,manipulated,m3/h,template,043eb5066a4496cd,train
OXYGEN_FLOW[m3/h],blast_furnace,oxygen_flow_rate,required,manipulated,m3/h,unit_bracket,043eb5066a4496cd,train
OXYGEN_FLOW_01,blast_furnace,oxygen_flow_rate,required,manipulated,m3/h,channel_suffix,043eb5066a4496cd,train
OXYGEN_FLOW_RATE,blast_furnace,oxygen_flow_rate,required,manipulated,m3/h,uppercase,79c2907e645194f7,train
OXYGEN_FLOW_SP,blast_furnace,oxygen_flow_rate,required,manipulated,m3/h,control_suffix,043eb5066a4496cd,train
OXYGEN_FLOW_m3/h,blast_furnace,oxygen_flow_rate,required,manipulated,m3/h,unit_suffix,043eb5066a4496cd,train
oxygen_flow_rate,blast_furnace,oxygen_flow_rate,required,manipulated,m3/h,template,79c2907e645194f7,train
oxygen_flow_rate[m3/h],blast_furnace,oxygen_flow_rate,required,manipulated,m3/h,unit_bracket,79c2907e645194f7,train
oxygen_flow_rate_01,blast_furnace,oxygen_flow_rate,required,manipulated,m3/h,channel_suffix,79c2907e645194f7,train
oxygen_flow_rate_SP,blast_furnace,oxygen_flow_rate,required,manipulated,m3/h,control_suffix,79c2907e645194f7,train
oxygen_flow_rate_m3/h,blast_furnace,oxygen_flow_rate,required,manipulated,m3/h,unit_suffix,79c2907e645194f7,train
oxygenflowrate,blast_furnace,oxygen_flow_rate,required,manipulated,m3/h,compact,79c2907e645194f7,train
富氧流量,blast_furnace,oxygen_flow_rate,required,manipulated,m3/h,template,e62c51a559398a71,train
富氧流量[m3/h],blast_furnace,oxygen_flow_rate,required,manipulated,m3/h,unit_bracket,e62c51a559398a71,train
富氧流量_01,blast_furnace,oxygen_flow_rate,required,manipulated,m3/h,channel_suffix,e62c51a559398a71,train
富氧流量_SP,blast_furnace,oxygen_flow_rate,required,manipulated,m3/h,control_suffix,e62c51a559398a71,train
富氧流量_m3/h,blast_furnace,oxygen_flow_rate,required,manipulated,m3/h,unit_suffix,e62c51a559398a71,train
装置5-OXYGEN_FLOW-CH30-VALUE,blast_furnace,oxygen_flow_rate,required,manipulated,m3/h,vendor_channel_tag,043eb5066a4496cd,train
装置5-oxygen_flow_rate-CH30-VALUE,blast_furnace,oxygen_flow_rate,required,manipulated,m3/h,vendor_channel_tag,79c2907e645194f7,train
装置5-富氧流量-CH30-VALUE,blast_furnace,oxygen_flow_rate,required,manipulated,m3/h,vendor_channel_tag,e62c51a559398a71,train
1号Peripheral gas temperature 1,blast_furnace,peripheral_gas_temp_1,useful,state,degC,equipment_prefix,44ca714c645fe5e3,train
1号Tp1,blast_furnace,peripheral_gas_temp_1,useful,state,degC,equipment_prefix,25597c3342e15867,train
1号peripheral_gas_temp_1,blast_furnace,peripheral_gas_temp_1,useful,state,degC,equipment_prefix,bfa87afdff9c3609,train
1号周边温度1,blast_furnace,peripheral_gas_temp_1,useful,state,degC,equipment_prefix,294a6808fbea6c4e,train
A线_Peripheral gas temperature 1,blast_furnace,peripheral_gas_temp_1,useful,state,degC,line_prefix,44ca714c645fe5e3,train
A线_Tp1,blast_furnace,peripheral_gas_temp_1,useful,state,degC,line_prefix,25597c3342e15867,train
A线_peripheral_gas_temp_1,blast_furnace,peripheral_gas_temp_1,useful,state,degC,line_prefix,bfa87afdff9c3609,train
A线_周边温度1,blast_furnace,peripheral_gas_temp_1,useful,state,degC,line_prefix,294a6808fbea6c4e,train
B线#Peripheral gas temperature 1#测点42,blast_furnace,peripheral_gas_temp_1,useful,state,degC,line_point_tag,44ca714c645fe5e3,train
B线#Tp1#测点42,blast_furnace,peripheral_gas_temp_1,useful,state,degC,line_point_tag,25597c3342e15867,train
B线#peripheral_gas_temp_1#测点42,blast_furnace,peripheral_gas_temp_1,useful,state,degC,line_point_tag,bfa87afdff9c3609,train
B线#周边温度1#测点42,blast_furnace,peripheral_gas_temp_1,useful,state,degC,line_point_tag,294a6808fbea6c4e,train
DCS_03_Peripheral_gas_temperature_1_PV_17,blast_furnace,peripheral_gas_temp_1,useful,state,degC,vendor_dcs_tag,44ca714c645fe5e3,train
DCS_03_Tp1_PV_17,blast_furnace,peripheral_gas_temp_1,useful,state,degC,vendor_dcs_tag,25597c3342e15867,train
DCS_03_peripheral_gas_temp_1_PV_17,blast_furnace,peripheral_gas_temp_1,useful,state,degC,vendor_dcs_tag,bfa87afdff9c3609,train
DCS_03_周边温度1_PV_17,blast_furnace,peripheral_gas_temp_1,useful,state,degC,vendor_dcs_tag,294a6808fbea6c4e,train
HMI.22.Peripheral_gas_temperature_1.AI,blast_furnace,peripheral_gas_temp_1,useful,state,degC,vendor_hmi_tag,44ca714c645fe5e3,train
HMI.22.Tp1.AI,blast_furnace,peripheral_gas_temp_1,useful,state,degC,vendor_hmi_tag,25597c3342e15867,train
HMI.22.peripheral_gas_temp_1.AI,blast_furnace,peripheral_gas_temp_1,useful,state,degC,vendor_hmi_tag,bfa87afdff9c3609,train
HMI.22.周边温度1.AI,blast_furnace,peripheral_gas_temp_1,useful,state,degC,vendor_hmi_tag,294a6808fbea6c4e,train
PERIPHERAL_GAS_TEMPERATURE_1,blast_furnace,peripheral_gas_temp_1,useful,state,degC,uppercase,44ca714c645fe5e3,train
PERIPHERAL_GAS_TEMP_1,blast_furnace,peripheral_gas_temp_1,useful,state,degC,uppercase,bfa87afdff9c3609,train
Peripheral gas temperature 1,blast_furnace,peripheral_gas_temp_1,useful,state,degC,template,44ca714c645fe5e3,train
Peripheral gas temperature 1[degC],blast_furnace,peripheral_gas_temp_1,useful,state,degC,unit_bracket,44ca714c645fe5e3,train
Peripheral_gas_temperature_1,blast_furnace,peripheral_gas_temp_1,useful,state,degC,normalized,44ca714c645fe5e3,train
Peripheral_gas_temperature_1_01,blast_furnace,peripheral_gas_temp_1,useful,state,degC,channel_suffix,44ca714c645fe5e3,train
Peripheral_gas_temperature_1_PV,blast_furnace,peripheral_gas_temp_1,useful,state,degC,control_suffix,44ca714c645fe5e3,train
Peripheral_gas_temperature_1_degC,blast_furnace,peripheral_gas_temp_1,useful,state,degC,unit_suffix,44ca714c645fe5e3,train
Peripheralgastemperature1,blast_furnace,peripheral_gas_temp_1,useful,state,degC,compact,44ca714c645fe5e3,train
TP1,blast_furnace,peripheral_gas_temp_1,useful,state,degC,uppercase,25597c3342e15867,train
Tp1,blast_furnace,peripheral_gas_temp_1,useful,state,degC,template,25597c3342e15867,train
Tp1[degC],blast_furnace,peripheral_gas_temp_1,useful,state,degC,unit_bracket,25597c3342e15867,train
Tp1_01,blast_furnace,peripheral_gas_temp_1,useful,state,degC,channel_suffix,25597c3342e15867,train
Tp1_PV,blast_furnace,peripheral_gas_temp_1,useful,state,degC,control_suffix,25597c3342e15867,train
Tp1_degC,blast_furnace,peripheral_gas_temp_1,useful,state,degC,unit_suffix,25597c3342e15867,train
peripheral_gas_temp_1,blast_furnace,peripheral_gas_temp_1,useful,state,degC,template,bfa87afdff9c3609,train
peripheral_gas_temp_1[degC],blast_furnace,peripheral_gas_temp_1,useful,state,degC,unit_bracket,bfa87afdff9c3609,train
peripheral_gas_temp_1_01,blast_furnace,peripheral_gas_temp_1,useful,state,degC,channel_suffix,bfa87afdff9c3609,train
peripheral_gas_temp_1_PV,blast_furnace,peripheral_gas_temp_1,useful,state,degC,control_suffix,bfa87afdff9c3609,train
peripheral_gas_temp_1_degC,blast_furnace,peripheral_gas_temp_1,useful,state,degC,unit_suffix,bfa87afdff9c3609,train
peripheralgastemp1,blast_furnace,peripheral_gas_temp_1,useful,state,degC,compact,bfa87afdff9c3609,train
周边温度1,blast_furnace,peripheral_gas_temp_1,useful,state,degC,template,294a6808fbea6c4e,train
周边温度1[degC],blast_furnace,peripheral_gas_temp_1,useful,state,degC,unit_bracket,294a6808fbea6c4e,train
周边温度1_01,blast_furnace,peripheral_gas_temp_1,useful,state,degC,channel_suffix,294a6808fbea6c4e,train
周边温度1_PV,blast_furnace,peripheral_gas_temp_1,useful,state,degC,control_suffix,294a6808fbea6c4e,train
周边温度1_degC,blast_furnace,peripheral_gas_temp_1,useful,state,degC,unit_suffix,294a6808fbea6c4e,train
装置5-Peripheral_gas_temperature_1-CH30-VALUE,blast_furnace,peripheral_gas_temp_1,useful,state,degC,vendor_channel_tag,44ca714c645fe5e3,train
装置5-Tp1-CH30-VALUE,blast_furnace,peripheral_gas_temp_1,useful,state,degC,vendor_channel_tag,25597c3342e15867,train
装置5-peripheral_gas_temp_1-CH30-VALUE,blast_furnace,peripheral_gas_temp_1,useful,state,degC,vendor_channel_tag,bfa87afdff9c3609,train
装置5-周边温度1-CH30-VALUE,blast_furnace,peripheral_gas_temp_1,useful,state,degC,vendor_channel_tag,294a6808fbea6c4e,train
1号Tp10,blast_furnace,peripheral_gas_temp_10,useful,state,degC,equipment_prefix,59f0ee48bc99b565,train
1号peripheral_gas_temp_10,blast_furnace,peripheral_gas_temp_10,useful,state,degC,equipment_prefix,eea58ab3e396fb60,train
1号周边温度10,blast_furnace,peripheral_gas_temp_10,useful,state,degC,equipment_prefix,9c97d47b10a8ddb3,train
A线_Tp10,blast_furnace,peripheral_gas_temp_10,useful,state,degC,line_prefix,59f0ee48bc99b565,train
A线_peripheral_gas_temp_10,blast_furnace,peripheral_gas_temp_10,useful,state,degC,line_prefix,eea58ab3e396fb60,train
A线_周边温度10,blast_furnace,peripheral_gas_temp_10,useful,state,degC,line_prefix,9c97d47b10a8ddb3,train
B线#Tp10#测点42,blast_furnace,peripheral_gas_temp_10,useful,state,degC,line_point_tag,59f0ee48bc99b565,train
B线#peripheral_gas_temp_10#测点42,blast_furnace,peripheral_gas_temp_10,useful,state,degC,line_point_tag,eea58ab3e396fb60,train
B线#周边温度10#测点42,blast_furnace,peripheral_gas_temp_10,useful,state,degC,line_point_tag,9c97d47b10a8ddb3,train
DCS_03_Tp10_PV_17,blast_furnace,peripheral_gas_temp_10,useful,state,degC,vendor_dcs_tag,59f0ee48bc99b565,train
DCS_03_peripheral_gas_temp_10_PV_17,blast_furnace,peripheral_gas_temp_10,useful,state,degC,vendor_dcs_tag,eea58ab3e396fb60,train
DCS_03_周边温度10_PV_17,blast_furnace,peripheral_gas_temp_10,useful,state,degC,vendor_dcs_tag,9c97d47b10a8ddb3,train
HMI.22.Tp10.AI,blast_furnace,peripheral_gas_temp_10,useful,state,degC,vendor_hmi_tag,59f0ee48bc99b565,train
HMI.22.peripheral_gas_temp_10.AI,blast_furnace,peripheral_gas_temp_10,useful,state,degC,vendor_hmi_tag,eea58ab3e396fb60,train
HMI.22.周边温度10.AI,blast_furnace,peripheral_gas_temp_10,useful,state,degC,vendor_hmi_tag,9c97d47b10a8ddb3,train
PERIPHERAL_GAS_TEMP_10,blast_furnace,peripheral_gas_temp_10,useful,state,degC,uppercase,eea58ab3e396fb60,train
TP10,blast_furnace,peripheral_gas_temp_10,useful,state,degC,uppercase,59f0ee48bc99b565,train
Tp10,blast_furnace,peripheral_gas_temp_10,useful,state,degC,template,59f0ee48bc99b565,train
Tp10[degC],blast_furnace,peripheral_gas_temp_10,useful,state,degC,unit_bracket,59f0ee48bc99b565,train
Tp10_01,blast_furnace,peripheral_gas_temp_10,useful,state,degC,channel_suffix,59f0ee48bc99b565,train
Tp10_PV,blast_furnace,peripheral_gas_temp_10,useful,state,degC,control_suffix,59f0ee48bc99b565,train
Tp10_degC,blast_furnace,peripheral_gas_temp_10,useful,state,degC,unit_suffix,59f0ee48bc99b565,train
peripheral_gas_temp_10,blast_furnace,peripheral_gas_temp_10,useful,state,degC,template,eea58ab3e396fb60,train
peripheral_gas_temp_10[degC],blast_furnace,peripheral_gas_temp_10,useful,state,degC,unit_bracket,eea58ab3e396fb60,train
peripheral_gas_temp_10_01,blast_furnace,peripheral_gas_temp_10,useful,state,degC,channel_suffix,eea58ab3e396fb60,train
peripheral_gas_temp_10_PV,blast_furnace,peripheral_gas_temp_10,useful,state,degC,control_suffix,eea58ab3e396fb60,train
peripheral_gas_temp_10_degC,blast_furnace,peripheral_gas_temp_10,useful,state,degC,unit_suffix,eea58ab3e396fb60,train
peripheralgastemp10,blast_furnace,peripheral_gas_temp_10,useful,state,degC,compact,eea58ab3e396fb60,train
周边温度10,blast_furnace,peripheral_gas_temp_10,useful,state,degC,template,9c97d47b10a8ddb3,train
周边温度10[degC],blast_furnace,peripheral_gas_temp_10,useful,state,degC,unit_bracket,9c97d47b10a8ddb3,train
周边温度10_01,blast_furnace,peripheral_gas_temp_10,useful,state,degC,channel_suffix,9c97d47b10a8ddb3,train
周边温度10_PV,blast_furnace,peripheral_gas_temp_10,useful,state,degC,control_suffix,9c97d47b10a8ddb3,train
周边温度10_degC,blast_furnace,peripheral_gas_temp_10,useful,state,degC,unit_suffix,9c97d47b10a8ddb3,train
装置5-Tp10-CH30-VALUE,blast_furnace,peripheral_gas_temp_10,useful,state,degC,vendor_channel_tag,59f0ee48bc99b565,train
装置5-peripheral_gas_temp_10-CH30-VALUE,blast_furnace,peripheral_gas_temp_10,useful,state,degC,vendor_channel_tag,eea58ab3e396fb60,train
装置5-周边温度10-CH30-VALUE,blast_furnace,peripheral_gas_temp_10,useful,state,degC,vendor_channel_tag,9c97d47b10a8ddb3,train
1号PERIPHERAL_TEMP_2,blast_furnace,peripheral_gas_temp_2,useful,state,degC,equipment_prefix,de9463726506af97,train
1号Peripheral gas temperature 2,blast_furnace,peripheral_gas_temp_2,useful,state,degC,equipment_prefix,bbe994fc293affa0,train
1号Tp2,blast_furnace,peripheral_gas_temp_2,useful,state,degC,equipment_prefix,4e99cfbdbee623de,train
1号peripheral_gas_temp_2,blast_furnace,peripheral_gas_temp_2,useful,state,degC,equipment_prefix,bf853a06a88cdfaf,train
A线_PERIPHERAL_TEMP_2,blast_furnace,peripheral_gas_temp_2,useful,state,degC,line_prefix,de9463726506af97,train
A线_Peripheral gas temperature 2,blast_furnace,peripheral_gas_temp_2,useful,state,degC,line_prefix,bbe994fc293affa0,train
A线_Tp2,blast_furnace,peripheral_gas_temp_2,useful,state,degC,line_prefix,4e99cfbdbee623de,train
A线_peripheral_gas_temp_2,blast_furnace,peripheral_gas_temp_2,useful,state,degC,line_prefix,bf853a06a88cdfaf,train
B线#PERIPHERAL_TEMP_2#测点42,blast_furnace,peripheral_gas_temp_2,useful,state,degC,line_point_tag,de9463726506af97,train
B线#Peripheral gas temperature 2#测点42,blast_furnace,peripheral_gas_temp_2,useful,state,degC,line_point_tag,bbe994fc293affa0,train
B线#Tp2#测点42,blast_furnace,peripheral_gas_temp_2,useful,state,degC,line_point_tag,4e99cfbdbee623de,train
B线#peripheral_gas_temp_2#测点42,blast_furnace,peripheral_gas_temp_2,useful,state,degC,line_point_tag,bf853a06a88cdfaf,train
DCS_03_PERIPHERAL_TEMP_2_PV_17,blast_furnace,peripheral_gas_temp_2,useful,state,degC,vendor_dcs_tag,de9463726506af97,train
DCS_03_Peripheral_gas_temperature_2_PV_17,blast_furnace,peripheral_gas_temp_2,useful,state,degC,vendor_dcs_tag,bbe994fc293affa0,train
DCS_03_Tp2_PV_17,blast_furnace,peripheral_gas_temp_2,useful,state,degC,vendor_dcs_tag,4e99cfbdbee623de,train
DCS_03_peripheral_gas_temp_2_PV_17,blast_furnace,peripheral_gas_temp_2,useful,state,degC,vendor_dcs_tag,bf853a06a88cdfaf,train
HMI.22.PERIPHERAL_TEMP_2.AI,blast_furnace,peripheral_gas_temp_2,useful,state,degC,vendor_hmi_tag,de9463726506af97,train
HMI.22.Peripheral_gas_temperature_2.AI,blast_furnace,peripheral_gas_temp_2,useful,state,degC,vendor_hmi_tag,bbe994fc293affa0,train
HMI.22.Tp2.AI,blast_furnace,peripheral_gas_temp_2,useful,state,degC,vendor_hmi_tag,4e99cfbdbee623de,train
HMI.22.peripheral_gas_temp_2.AI,blast_furnace,peripheral_gas_temp_2,useful,state,degC,vendor_hmi_tag,bf853a06a88cdfaf,train
PERIPHERALTEMP2,blast_furnace,peripheral_gas_temp_2,useful,state,degC,compact,de9463726506af97,train
PERIPHERAL_GAS_TEMPERATURE_2,blast_furnace,peripheral_gas_temp_2,useful,state,degC,uppercase,bbe994fc293affa0,train
PERIPHERAL_GAS_TEMP_2,blast_furnace,peripheral_gas_temp_2,useful,state,degC,uppercase,bf853a06a88cdfaf,train
PERIPHERAL_TEMP_2,blast_furnace,peripheral_gas_temp_2,useful,state,degC,template,de9463726506af97,train
PERIPHERAL_TEMP_2[degC],blast_furnace,peripheral_gas_temp_2,useful,state,degC,unit_bracket,de9463726506af97,train
PERIPHERAL_TEMP_2_01,blast_furnace,peripheral_gas_temp_2,useful,state,degC,channel_suffix,de9463726506af97,train
PERIPHERAL_TEMP_2_PV,blast_furnace,peripheral_gas_temp_2,useful,state,degC,control_suffix,de9463726506af97,train
PERIPHERAL_TEMP_2_degC,blast_furnace,peripheral_gas_temp_2,useful,state,degC,unit_suffix,de9463726506af97,train
Peripheral gas temperature 2,blast_furnace,peripheral_gas_temp_2,useful,state,degC,template,bbe994fc293affa0,train
Peripheral gas temperature 2[degC],blast_furnace,peripheral_gas_temp_2,useful,state,degC,unit_bracket,bbe994fc293affa0,train
Peripheral_gas_temperature_2,blast_furnace,peripheral_gas_temp_2,useful,state,degC,normalized,bbe994fc293affa0,train
Peripheral_gas_temperature_2_01,blast_furnace,peripheral_gas_temp_2,useful,state,degC,channel_suffix,bbe994fc293affa0,train
Peripheral_gas_temperature_2_PV,blast_furnace,peripheral_gas_temp_2,useful,state,degC,control_suffix,bbe994fc293affa0,train
Peripheral_gas_temperature_2_degC,blast_furnace,peripheral_gas_temp_2,useful,state,degC,unit_suffix,bbe994fc293affa0,train
Peripheralgastemperature2,blast_furnace,peripheral_gas_temp_2,useful,state,degC,compact,bbe994fc293affa0,train
TP2,blast_furnace,peripheral_gas_temp_2,useful,state,degC,uppercase,4e99cfbdbee623de,train
Tp2,blast_furnace,peripheral_gas_temp_2,useful,state,degC,template,4e99cfbdbee623de,train
Tp2[degC],blast_furnace,peripheral_gas_temp_2,useful,state,degC,unit_bracket,4e99cfbdbee623de,train
Tp2_01,blast_furnace,peripheral_gas_temp_2,useful,state,degC,channel_suffix,4e99cfbdbee623de,train
Tp2_PV,blast_furnace,peripheral_gas_temp_2,useful,state,degC,control_suffix,4e99cfbdbee623de,train
Tp2_degC,blast_furnace,peripheral_gas_temp_2,useful,state,degC,unit_suffix,4e99cfbdbee623de,train
peripheral_gas_temp_2,blast_furnace,peripheral_gas_temp_2,useful,state,degC,template,bf853a06a88cdfaf,train
peripheral_gas_temp_2[degC],blast_furnace,peripheral_gas_temp_2,useful,state,degC,unit_bracket,bf853a06a88cdfaf,train
peripheral_gas_temp_2_01,blast_furnace,peripheral_gas_temp_2,useful,state,degC,channel_suffix,bf853a06a88cdfaf,train
peripheral_gas_temp_2_PV,blast_furnace,peripheral_gas_temp_2,useful,state,degC,control_suffix,bf853a06a88cdfaf,train
peripheral_gas_temp_2_degC,blast_furnace,peripheral_gas_temp_2,useful,state,degC,unit_suffix,bf853a06a88cdfaf,train
peripheralgastemp2,blast_furnace,peripheral_gas_temp_2,useful,state,degC,compact,bf853a06a88cdfaf,train
装置5-PERIPHERAL_TEMP_2-CH30-VALUE,blast_furnace,peripheral_gas_temp_2,useful,state,degC,vendor_channel_tag,de9463726506af97,train
装置5-Peripheral_gas_temperature_2-CH30-VALUE,blast_furnace,peripheral_gas_temp_2,useful,state,degC,vendor_channel_tag,bbe994fc293affa0,train
装置5-Tp2-CH30-VALUE,blast_furnace,peripheral_gas_temp_2,useful,state,degC,vendor_channel_tag,4e99cfbdbee623de,train
装置5-peripheral_gas_temp_2-CH30-VALUE,blast_furnace,peripheral_gas_temp_2,useful,state,degC,vendor_channel_tag,bf853a06a88cdfaf,train
1号Peripheral gas temperature 3,blast_furnace,peripheral_gas_temp_3,useful,state,degC,equipment_prefix,36bc37f559e4a967,train
1号Tp3,blast_furnace,peripheral_gas_temp_3,useful,state,degC,equipment_prefix,9e7336d9e43383e4,train
1号peripheral_gas_temp_3,blast_furnace,peripheral_gas_temp_3,useful,state,degC,equipment_prefix,b31644c6d7a0ffda,train
A线_Peripheral gas temperature 3,blast_furnace,peripheral_gas_temp_3,useful,state,degC,line_prefix,36bc37f559e4a967,train
A线_Tp3,blast_furnace,peripheral_gas_temp_3,useful,state,degC,line_prefix,9e7336d9e43383e4,train
A线_peripheral_gas_temp_3,blast_furnace,peripheral_gas_temp_3,useful,state,degC,line_prefix,b31644c6d7a0ffda,train
B线#Peripheral gas temperature 3#测点42,blast_furnace,peripheral_gas_temp_3,useful,state,degC,line_point_tag,36bc37f559e4a967,train
B线#Tp3#测点42,blast_furnace,peripheral_gas_temp_3,useful,state,degC,line_point_tag,9e7336d9e43383e4,train
B线#peripheral_gas_temp_3#测点42,blast_furnace,peripheral_gas_temp_3,useful,state,degC,line_point_tag,b31644c6d7a0ffda,train
DCS_03_Peripheral_gas_temperature_3_PV_17,blast_furnace,peripheral_gas_temp_3,useful,state,degC,vendor_dcs_tag,36bc37f559e4a967,train
DCS_03_Tp3_PV_17,blast_furnace,peripheral_gas_temp_3,useful,state,degC,vendor_dcs_tag,9e7336d9e43383e4,train
DCS_03_peripheral_gas_temp_3_PV_17,blast_furnace,peripheral_gas_temp_3,useful,state,degC,vendor_dcs_tag,b31644c6d7a0ffda,train
HMI.22.Peripheral_gas_temperature_3.AI,blast_furnace,peripheral_gas_temp_3,useful,state,degC,vendor_hmi_tag,36bc37f559e4a967,train
HMI.22.Tp3.AI,blast_furnace,peripheral_gas_temp_3,useful,state,degC,vendor_hmi_tag,9e7336d9e43383e4,train
HMI.22.peripheral_gas_temp_3.AI,blast_furnace,peripheral_gas_temp_3,useful,state,degC,vendor_hmi_tag,b31644c6d7a0ffda,train
PERIPHERAL_GAS_TEMPERATURE_3,blast_furnace,peripheral_gas_temp_3,useful,state,degC,uppercase,36bc37f559e4a967,train
PERIPHERAL_GAS_TEMP_3,blast_furnace,peripheral_gas_temp_3,useful,state,degC,uppercase,b31644c6d7a0ffda,train
Peripheral gas temperature 3,blast_furnace,peripheral_gas_temp_3,useful,state,degC,template,36bc37f559e4a967,train
Peripheral gas temperature 3[degC],blast_furnace,peripheral_gas_temp_3,useful,state,degC,unit_bracket,36bc37f559e4a967,train
Peripheral_gas_temperature_3,blast_furnace,peripheral_gas_temp_3,useful,state,degC,normalized,36bc37f559e4a967,train
Peripheral_gas_temperature_3_01,blast_furnace,peripheral_gas_temp_3,useful,state,degC,channel_suffix,36bc37f559e4a967,train
Peripheral_gas_temperature_3_PV,blast_furnace,peripheral_gas_temp_3,useful,state,degC,control_suffix,36bc37f559e4a967,train
Peripheral_gas_temperature_3_degC,blast_furnace,peripheral_gas_temp_3,useful,state,degC,unit_suffix,36bc37f559e4a967,train
Peripheralgastemperature3,blast_furnace,peripheral_gas_temp_3,useful,state,degC,compact,36bc37f559e4a967,train
TP3,blast_furnace,peripheral_gas_temp_3,useful,state,degC,uppercase,9e7336d9e43383e4,train
Tp3,blast_furnace,peripheral_gas_temp_3,useful,state,degC,template,9e7336d9e43383e4,train
Tp3[degC],blast_furnace,peripheral_gas_temp_3,useful,state,degC,unit_bracket,9e7336d9e43383e4,train
Tp3_01,blast_furnace,peripheral_gas_temp_3,useful,state,degC,channel_suffix,9e7336d9e43383e4,train
Tp3_PV,blast_furnace,peripheral_gas_temp_3,useful,state,degC,control_suffix,9e7336d9e43383e4,train
Tp3_degC,blast_furnace,peripheral_gas_temp_3,useful,state,degC,unit_suffix,9e7336d9e43383e4,train
peripheral_gas_temp_3,blast_furnace,peripheral_gas_temp_3,useful,state,degC,template,b31644c6d7a0ffda,train
peripheral_gas_temp_3[degC],blast_furnace,peripheral_gas_temp_3,useful,state,degC,unit_bracket,b31644c6d7a0ffda,train
peripheral_gas_temp_3_01,blast_furnace,peripheral_gas_temp_3,useful,state,degC,channel_suffix,b31644c6d7a0ffda,train
peripheral_gas_temp_3_PV,blast_furnace,peripheral_gas_temp_3,useful,state,degC,control_suffix,b31644c6d7a0ffda,train
peripheral_gas_temp_3_degC,blast_furnace,peripheral_gas_temp_3,useful,state,degC,unit_suffix,b31644c6d7a0ffda,train
peripheralgastemp3,blast_furnace,peripheral_gas_temp_3,useful,state,degC,compact,b31644c6d7a0ffda,train
装置5-Peripheral_gas_temperature_3-CH30-VALUE,blast_furnace,peripheral_gas_temp_3,useful,state,degC,vendor_channel_tag,36bc37f559e4a967,train
装置5-Tp3-CH30-VALUE,blast_furnace,peripheral_gas_temp_3,useful,state,degC,vendor_channel_tag,9e7336d9e43383e4,train
装置5-peripheral_gas_temp_3-CH30-VALUE,blast_furnace,peripheral_gas_temp_3,useful,state,degC,vendor_channel_tag,b31644c6d7a0ffda,train
1号PERIPHERAL_TEMP_4,blast_furnace,peripheral_gas_temp_4,useful,state,degC,equipment_prefix,bd9f7a1a576efdb3,train
1号Peripheral gas temperature 4,blast_furnace,peripheral_gas_temp_4,useful,state,degC,equipment_prefix,2be710f6f4baadfe,train
1号Tp4,blast_furnace,peripheral_gas_temp_4,useful,state,degC,equipment_prefix,0da1ef357e90d770,train
1号peripheral_gas_temp_4,blast_furnace,peripheral_gas_temp_4,useful,state,degC,equipment_prefix,8e46b73496ed43f8,train
1号周边温度4,blast_furnace,peripheral_gas_temp_4,useful,state,degC,equipment_prefix,7d5284cc45e2d4d1,train
A线_PERIPHERAL_TEMP_4,blast_furnace,peripheral_gas_temp_4,useful,state,degC,line_prefix,bd9f7a1a576efdb3,train
A线_Peripheral gas temperature 4,blast_furnace,peripheral_gas_temp_4,useful,state,degC,line_prefix,2be710f6f4baadfe,train
A线_Tp4,blast_furnace,peripheral_gas_temp_4,useful,state,degC,line_prefix,0da1ef357e90d770,train
A线_peripheral_gas_temp_4,blast_furnace,peripheral_gas_temp_4,useful,state,degC,line_prefix,8e46b73496ed43f8,train
A线_周边温度4,blast_furnace,peripheral_gas_temp_4,useful,state,degC,line_prefix,7d5284cc45e2d4d1,train
B线#PERIPHERAL_TEMP_4#测点42,blast_furnace,peripheral_gas_temp_4,useful,state,degC,line_point_tag,bd9f7a1a576efdb3,train
B线#Peripheral gas temperature 4#测点42,blast_furnace,peripheral_gas_temp_4,useful,state,degC,line_point_tag,2be710f6f4baadfe,train
B线#Tp4#测点42,blast_furnace,peripheral_gas_temp_4,useful,state,degC,line_point_tag,0da1ef357e90d770,train
B线#peripheral_gas_temp_4#测点42,blast_furnace,peripheral_gas_temp_4,useful,state,degC,line_point_tag,8e46b73496ed43f8,train
B线#周边温度4#测点42,blast_furnace,peripheral_gas_temp_4,useful,state,degC,line_point_tag,7d5284cc45e2d4d1,train
DCS_03_PERIPHERAL_TEMP_4_PV_17,blast_furnace,peripheral_gas_temp_4,useful,state,degC,vendor_dcs_tag,bd9f7a1a576efdb3,train
DCS_03_Peripheral_gas_temperature_4_PV_17,blast_furnace,peripheral_gas_temp_4,useful,state,degC,vendor_dcs_tag,2be710f6f4baadfe,train
DCS_03_Tp4_PV_17,blast_furnace,peripheral_gas_temp_4,useful,state,degC,vendor_dcs_tag,0da1ef357e90d770,train
DCS_03_peripheral_gas_temp_4_PV_17,blast_furnace,peripheral_gas_temp_4,useful,state,degC,vendor_dcs_tag,8e46b73496ed43f8,train
DCS_03_周边温度4_PV_17,blast_furnace,peripheral_gas_temp_4,useful,state,degC,vendor_dcs_tag,7d5284cc45e2d4d1,train
HMI.22.PERIPHERAL_TEMP_4.AI,blast_furnace,peripheral_gas_temp_4,useful,state,degC,vendor_hmi_tag,bd9f7a1a576efdb3,train
HMI.22.Peripheral_gas_temperature_4.AI,blast_furnace,peripheral_gas_temp_4,useful,state,degC,vendor_hmi_tag,2be710f6f4baadfe,train
HMI.22.Tp4.AI,blast_furnace,peripheral_gas_temp_4,useful,state,degC,vendor_hmi_tag,0da1ef357e90d770,train
HMI.22.peripheral_gas_temp_4.AI,blast_furnace,peripheral_gas_temp_4,useful,state,degC,vendor_hmi_tag,8e46b73496ed43f8,train
HMI.22.周边温度4.AI,blast_furnace,peripheral_gas_temp_4,useful,state,degC,vendor_hmi_tag,7d5284cc45e2d4d1,train
PERIPHERALTEMP4,blast_furnace,peripheral_gas_temp_4,useful,state,degC,compact,bd9f7a1a576efdb3,train
PERIPHERAL_GAS_TEMPERATURE_4,blast_furnace,peripheral_gas_temp_4,useful,state,degC,uppercase,2be710f6f4baadfe,train
PERIPHERAL_GAS_TEMP_4,blast_furnace,peripheral_gas_temp_4,useful,state,degC,uppercase,8e46b73496ed43f8,train
PERIPHERAL_TEMP_4,blast_furnace,peripheral_gas_temp_4,useful,state,degC,template,bd9f7a1a576efdb3,train
PERIPHERAL_TEMP_4[degC],blast_furnace,peripheral_gas_temp_4,useful,state,degC,unit_bracket,bd9f7a1a576efdb3,train
PERIPHERAL_TEMP_4_01,blast_furnace,peripheral_gas_temp_4,useful,state,degC,channel_suffix,bd9f7a1a576efdb3,train
PERIPHERAL_TEMP_4_PV,blast_furnace,peripheral_gas_temp_4,useful,state,degC,control_suffix,bd9f7a1a576efdb3,train
PERIPHERAL_TEMP_4_degC,blast_furnace,peripheral_gas_temp_4,useful,state,degC,unit_suffix,bd9f7a1a576efdb3,train
Peripheral gas temperature 4,blast_furnace,peripheral_gas_temp_4,useful,state,degC,template,2be710f6f4baadfe,train
Peripheral gas temperature 4[degC],blast_furnace,peripheral_gas_temp_4,useful,state,degC,unit_bracket,2be710f6f4baadfe,train
Peripheral_gas_temperature_4,blast_furnace,peripheral_gas_temp_4,useful,state,degC,normalized,2be710f6f4baadfe,train
Peripheral_gas_temperature_4_01,blast_furnace,peripheral_gas_temp_4,useful,state,degC,channel_suffix,2be710f6f4baadfe,train
Peripheral_gas_temperature_4_PV,blast_furnace,peripheral_gas_temp_4,useful,state,degC,control_suffix,2be710f6f4baadfe,train
Peripheral_gas_temperature_4_degC,blast_furnace,peripheral_gas_temp_4,useful,state,degC,unit_suffix,2be710f6f4baadfe,train
Peripheralgastemperature4,blast_furnace,peripheral_gas_temp_4,useful,state,degC,compact,2be710f6f4baadfe,train
TP4,blast_furnace,peripheral_gas_temp_4,useful,state,degC,uppercase,0da1ef357e90d770,train
Tp4,blast_furnace,peripheral_gas_temp_4,useful,state,degC,template,0da1ef357e90d770,train
Tp4[degC],blast_furnace,peripheral_gas_temp_4,useful,state,degC,unit_bracket,0da1ef357e90d770,train
Tp4_01,blast_furnace,peripheral_gas_temp_4,useful,state,degC,channel_suffix,0da1ef357e90d770,train
Tp4_PV,blast_furnace,peripheral_gas_temp_4,useful,state,degC,control_suffix,0da1ef357e90d770,train
Tp4_degC,blast_furnace,peripheral_gas_temp_4,useful,state,degC,unit_suffix,0da1ef357e90d770,train
peripheral_gas_temp_4,blast_furnace,peripheral_gas_temp_4,useful,state,degC,template,8e46b73496ed43f8,train
peripheral_gas_temp_4[degC],blast_furnace,peripheral_gas_temp_4,useful,state,degC,unit_bracket,8e46b73496ed43f8,train
peripheral_gas_temp_4_01,blast_furnace,peripheral_gas_temp_4,useful,state,degC,channel_suffix,8e46b73496ed43f8,train
peripheral_gas_temp_4_PV,blast_furnace,peripheral_gas_temp_4,useful,state,degC,control_suffix,8e46b73496ed43f8,train
peripheral_gas_temp_4_degC,blast_furnace,peripheral_gas_temp_4,useful,state,degC,unit_suffix,8e46b73496ed43f8,train
peripheralgastemp4,blast_furnace,peripheral_gas_temp_4,useful,state,degC,compact,8e46b73496ed43f8,train
周边温度4,blast_furnace,peripheral_gas_temp_4,useful,state,degC,template,7d5284cc45e2d4d1,train
周边温度4[degC],blast_furnace,peripheral_gas_temp_4,useful,state,degC,unit_bracket,7d5284cc45e2d4d1,train
周边温度4_01,blast_furnace,peripheral_gas_temp_4,useful,state,degC,channel_suffix,7d5284cc45e2d4d1,train
周边温度4_PV,blast_furnace,peripheral_gas_temp_4,useful,state,degC,control_suffix,7d5284cc45e2d4d1,train
周边温度4_degC,blast_furnace,peripheral_gas_temp_4,useful,state,degC,unit_suffix,7d5284cc45e2d4d1,train
装置5-PERIPHERAL_TEMP_4-CH30-VALUE,blast_furnace,peripheral_gas_temp_4,useful,state,degC,vendor_channel_tag,bd9f7a1a576efdb3,train
装置5-Peripheral_gas_temperature_4-CH30-VALUE,blast_furnace,peripheral_gas_temp_4,useful,state,degC,vendor_channel_tag,2be710f6f4baadfe,train
装置5-Tp4-CH30-VALUE,blast_furnace,peripheral_gas_temp_4,useful,state,degC,vendor_channel_tag,0da1ef357e90d770,train
装置5-peripheral_gas_temp_4-CH30-VALUE,blast_furnace,peripheral_gas_temp_4,useful,state,degC,vendor_channel_tag,8e46b73496ed43f8,train
装置5-周边温度4-CH30-VALUE,blast_furnace,peripheral_gas_temp_4,useful,state,degC,vendor_channel_tag,7d5284cc45e2d4d1,train
1号PERIPHERAL_TEMP_5,blast_furnace,peripheral_gas_temp_5,useful,state,degC,equipment_prefix,287c1e6894b87109,train
1号Peripheral gas temperature 5,blast_furnace,peripheral_gas_temp_5,useful,state,degC,equipment_prefix,8b401be101196d52,train
1号Tp5,blast_furnace,peripheral_gas_temp_5,useful,state,degC,equipment_prefix,0e1b6dfc6627b5b3,train
1号peripheral_gas_temp_5,blast_furnace,peripheral_gas_temp_5,useful,state,degC,equipment_prefix,c2bcdfba2b42da0e,train
1号周边温度5,blast_furnace,peripheral_gas_temp_5,useful,state,degC,equipment_prefix,f4f1a7fd70cacb90,train
A线_PERIPHERAL_TEMP_5,blast_furnace,peripheral_gas_temp_5,useful,state,degC,line_prefix,287c1e6894b87109,train
A线_Peripheral gas temperature 5,blast_furnace,peripheral_gas_temp_5,useful,state,degC,line_prefix,8b401be101196d52,train
A线_Tp5,blast_furnace,peripheral_gas_temp_5,useful,state,degC,line_prefix,0e1b6dfc6627b5b3,train
A线_peripheral_gas_temp_5,blast_furnace,peripheral_gas_temp_5,useful,state,degC,line_prefix,c2bcdfba2b42da0e,train
A线_周边温度5,blast_furnace,peripheral_gas_temp_5,useful,state,degC,line_prefix,f4f1a7fd70cacb90,train
B线#PERIPHERAL_TEMP_5#测点42,blast_furnace,peripheral_gas_temp_5,useful,state,degC,line_point_tag,287c1e6894b87109,train
B线#Peripheral gas temperature 5#测点42,blast_furnace,peripheral_gas_temp_5,useful,state,degC,line_point_tag,8b401be101196d52,train
B线#Tp5#测点42,blast_furnace,peripheral_gas_temp_5,useful,state,degC,line_point_tag,0e1b6dfc6627b5b3,train
B线#peripheral_gas_temp_5#测点42,blast_furnace,peripheral_gas_temp_5,useful,state,degC,line_point_tag,c2bcdfba2b42da0e,train
B线#周边温度5#测点42,blast_furnace,peripheral_gas_temp_5,useful,state,degC,line_point_tag,f4f1a7fd70cacb90,train
DCS_03_PERIPHERAL_TEMP_5_PV_17,blast_furnace,peripheral_gas_temp_5,useful,state,degC,vendor_dcs_tag,287c1e6894b87109,train
DCS_03_Peripheral_gas_temperature_5_PV_17,blast_furnace,peripheral_gas_temp_5,useful,state,degC,vendor_dcs_tag,8b401be101196d52,train
DCS_03_Tp5_PV_17,blast_furnace,peripheral_gas_temp_5,useful,state,degC,vendor_dcs_tag,0e1b6dfc6627b5b3,train
DCS_03_peripheral_gas_temp_5_PV_17,blast_furnace,peripheral_gas_temp_5,useful,state,degC,vendor_dcs_tag,c2bcdfba2b42da0e,train
DCS_03_周边温度5_PV_17,blast_furnace,peripheral_gas_temp_5,useful,state,degC,vendor_dcs_tag,f4f1a7fd70cacb90,train
HMI.22.PERIPHERAL_TEMP_5.AI,blast_furnace,peripheral_gas_temp_5,useful,state,degC,vendor_hmi_tag,287c1e6894b87109,train
HMI.22.Peripheral_gas_temperature_5.AI,blast_furnace,peripheral_gas_temp_5,useful,state,degC,vendor_hmi_tag,8b401be101196d52,train
HMI.22.Tp5.AI,blast_furnace,peripheral_gas_temp_5,useful,state,degC,vendor_hmi_tag,0e1b6dfc6627b5b3,train
HMI.22.peripheral_gas_temp_5.AI,blast_furnace,peripheral_gas_temp_5,useful,state,degC,vendor_hmi_tag,c2bcdfba2b42da0e,train
HMI.22.周边温度5.AI,blast_furnace,peripheral_gas_temp_5,useful,state,degC,vendor_hmi_tag,f4f1a7fd70cacb90,train
PERIPHERALTEMP5,blast_furnace,peripheral_gas_temp_5,useful,state,degC,compact,287c1e6894b87109,train
PERIPHERAL_GAS_TEMPERATURE_5,blast_furnace,peripheral_gas_temp_5,useful,state,degC,uppercase,8b401be101196d52,train
PERIPHERAL_GAS_TEMP_5,blast_furnace,peripheral_gas_temp_5,useful,state,degC,uppercase,c2bcdfba2b42da0e,train
PERIPHERAL_TEMP_5,blast_furnace,peripheral_gas_temp_5,useful,state,degC,template,287c1e6894b87109,train
PERIPHERAL_TEMP_5[degC],blast_furnace,peripheral_gas_temp_5,useful,state,degC,unit_bracket,287c1e6894b87109,train
PERIPHERAL_TEMP_5_01,blast_furnace,peripheral_gas_temp_5,useful,state,degC,channel_suffix,287c1e6894b87109,train
PERIPHERAL_TEMP_5_PV,blast_furnace,peripheral_gas_temp_5,useful,state,degC,control_suffix,287c1e6894b87109,train
PERIPHERAL_TEMP_5_degC,blast_furnace,peripheral_gas_temp_5,useful,state,degC,unit_suffix,287c1e6894b87109,train
Peripheral gas temperature 5,blast_furnace,peripheral_gas_temp_5,useful,state,degC,template,8b401be101196d52,train
Peripheral gas temperature 5[degC],blast_furnace,peripheral_gas_temp_5,useful,state,degC,unit_bracket,8b401be101196d52,train
Peripheral_gas_temperature_5,blast_furnace,peripheral_gas_temp_5,useful,state,degC,normalized,8b401be101196d52,train
Peripheral_gas_temperature_5_01,blast_furnace,peripheral_gas_temp_5,useful,state,degC,channel_suffix,8b401be101196d52,train
Peripheral_gas_temperature_5_PV,blast_furnace,peripheral_gas_temp_5,useful,state,degC,control_suffix,8b401be101196d52,train
Peripheral_gas_temperature_5_degC,blast_furnace,peripheral_gas_temp_5,useful,state,degC,unit_suffix,8b401be101196d52,train
Peripheralgastemperature5,blast_furnace,peripheral_gas_temp_5,useful,state,degC,compact,8b401be101196d52,train
TP5,blast_furnace,peripheral_gas_temp_5,useful,state,degC,uppercase,0e1b6dfc6627b5b3,train
Tp5,blast_furnace,peripheral_gas_temp_5,useful,state,degC,template,0e1b6dfc6627b5b3,train
Tp5[degC],blast_furnace,peripheral_gas_temp_5,useful,state,degC,unit_bracket,0e1b6dfc6627b5b3,train
Tp5_01,blast_furnace,peripheral_gas_temp_5,useful,state,degC,channel_suffix,0e1b6dfc6627b5b3,train
Tp5_PV,blast_furnace,peripheral_gas_temp_5,useful,state,degC,control_suffix,0e1b6dfc6627b5b3,train
Tp5_degC,blast_furnace,peripheral_gas_temp_5,useful,state,degC,unit_suffix,0e1b6dfc6627b5b3,train
peripheral_gas_temp_5,blast_furnace,peripheral_gas_temp_5,useful,state,degC,template,c2bcdfba2b42da0e,train
peripheral_gas_temp_5[degC],blast_furnace,peripheral_gas_temp_5,useful,state,degC,unit_bracket,c2bcdfba2b42da0e,train
peripheral_gas_temp_5_01,blast_furnace,peripheral_gas_temp_5,useful,state,degC,channel_suffix,c2bcdfba2b42da0e,train
peripheral_gas_temp_5_PV,blast_furnace,peripheral_gas_temp_5,useful,state,degC,control_suffix,c2bcdfba2b42da0e,train
peripheral_gas_temp_5_degC,blast_furnace,peripheral_gas_temp_5,useful,state,degC,unit_suffix,c2bcdfba2b42da0e,train
peripheralgastemp5,blast_furnace,peripheral_gas_temp_5,useful,state,degC,compact,c2bcdfba2b42da0e,train
周边温度5,blast_furnace,peripheral_gas_temp_5,useful,state,degC,template,f4f1a7fd70cacb90,train
周边温度5[degC],blast_furnace,peripheral_gas_temp_5,useful,state,degC,unit_bracket,f4f1a7fd70cacb90,train
周边温度5_01,blast_furnace,peripheral_gas_temp_5,useful,state,degC,channel_suffix,f4f1a7fd70cacb90,train
周边温度5_PV,blast_furnace,peripheral_gas_temp_5,useful,state,degC,control_suffix,f4f1a7fd70cacb90,train
周边温度5_degC,blast_furnace,peripheral_gas_temp_5,useful,state,degC,unit_suffix,f4f1a7fd70cacb90,train
装置5-PERIPHERAL_TEMP_5-CH30-VALUE,blast_furnace,peripheral_gas_temp_5,useful,state,degC,vendor_channel_tag,287c1e6894b87109,train
装置5-Peripheral_gas_temperature_5-CH30-VALUE,blast_furnace,peripheral_gas_temp_5,useful,state,degC,vendor_channel_tag,8b401be101196d52,train
装置5-Tp5-CH30-VALUE,blast_furnace,peripheral_gas_temp_5,useful,state,degC,vendor_channel_tag,0e1b6dfc6627b5b3,train
装置5-peripheral_gas_temp_5-CH30-VALUE,blast_furnace,peripheral_gas_temp_5,useful,state,degC,vendor_channel_tag,c2bcdfba2b42da0e,train
装置5-周边温度5-CH30-VALUE,blast_furnace,peripheral_gas_temp_5,useful,state,degC,vendor_channel_tag,f4f1a7fd70cacb90,train
1号PERIPHERAL_TEMP_6,blast_furnace,peripheral_gas_temp_6,useful,state,degC,equipment_prefix,1584ea4e11887bb1,train
1号Peripheral gas temperature 6,blast_furnace,peripheral_gas_temp_6,useful,state,degC,equipment_prefix,e1c22a6a8348533b,train
1号Tp6,blast_furnace,peripheral_gas_temp_6,useful,state,degC,equipment_prefix,0ecbc0628cb81cd1,train
1号peripheral_gas_temp_6,blast_furnace,peripheral_gas_temp_6,useful,state,degC,equipment_prefix,9f40719686da37ef,train
A线_PERIPHERAL_TEMP_6,blast_furnace,peripheral_gas_temp_6,useful,state,degC,line_prefix,1584ea4e11887bb1,train
A线_Peripheral gas temperature 6,blast_furnace,peripheral_gas_temp_6,useful,state,degC,line_prefix,e1c22a6a8348533b,train
A线_Tp6,blast_furnace,peripheral_gas_temp_6,useful,state,degC,line_prefix,0ecbc0628cb81cd1,train
A线_peripheral_gas_temp_6,blast_furnace,peripheral_gas_temp_6,useful,state,degC,line_prefix,9f40719686da37ef,train
B线#PERIPHERAL_TEMP_6#测点42,blast_furnace,peripheral_gas_temp_6,useful,state,degC,line_point_tag,1584ea4e11887bb1,train
B线#Peripheral gas temperature 6#测点42,blast_furnace,peripheral_gas_temp_6,useful,state,degC,line_point_tag,e1c22a6a8348533b,train
B线#Tp6#测点42,blast_furnace,peripheral_gas_temp_6,useful,state,degC,line_point_tag,0ecbc0628cb81cd1,train
B线#peripheral_gas_temp_6#测点42,blast_furnace,peripheral_gas_temp_6,useful,state,degC,line_point_tag,9f40719686da37ef,train
DCS_03_PERIPHERAL_TEMP_6_PV_17,blast_furnace,peripheral_gas_temp_6,useful,state,degC,vendor_dcs_tag,1584ea4e11887bb1,train
DCS_03_Peripheral_gas_temperature_6_PV_17,blast_furnace,peripheral_gas_temp_6,useful,state,degC,vendor_dcs_tag,e1c22a6a8348533b,train
DCS_03_Tp6_PV_17,blast_furnace,peripheral_gas_temp_6,useful,state,degC,vendor_dcs_tag,0ecbc0628cb81cd1,train
DCS_03_peripheral_gas_temp_6_PV_17,blast_furnace,peripheral_gas_temp_6,useful,state,degC,vendor_dcs_tag,9f40719686da37ef,train
HMI.22.PERIPHERAL_TEMP_6.AI,blast_furnace,peripheral_gas_temp_6,useful,state,degC,vendor_hmi_tag,1584ea4e11887bb1,train
HMI.22.Peripheral_gas_temperature_6.AI,blast_furnace,peripheral_gas_temp_6,useful,state,degC,vendor_hmi_tag,e1c22a6a8348533b,train
HMI.22.Tp6.AI,blast_furnace,peripheral_gas_temp_6,useful,state,degC,vendor_hmi_tag,0ecbc0628cb81cd1,train
HMI.22.peripheral_gas_temp_6.AI,blast_furnace,peripheral_gas_temp_6,useful,state,degC,vendor_hmi_tag,9f40719686da37ef,train
PERIPHERALTEMP6,blast_furnace,peripheral_gas_temp_6,useful,state,degC,compact,1584ea4e11887bb1,train
PERIPHERAL_GAS_TEMPERATURE_6,blast_furnace,peripheral_gas_temp_6,useful,state,degC,uppercase,e1c22a6a8348533b,train
PERIPHERAL_GAS_TEMP_6,blast_furnace,peripheral_gas_temp_6,useful,state,degC,uppercase,9f40719686da37ef,train
PERIPHERAL_TEMP_6,blast_furnace,peripheral_gas_temp_6,useful,state,degC,template,1584ea4e11887bb1,train
PERIPHERAL_TEMP_6[degC],blast_furnace,peripheral_gas_temp_6,useful,state,degC,unit_bracket,1584ea4e11887bb1,train
PERIPHERAL_TEMP_6_01,blast_furnace,peripheral_gas_temp_6,useful,state,degC,channel_suffix,1584ea4e11887bb1,train
PERIPHERAL_TEMP_6_PV,blast_furnace,peripheral_gas_temp_6,useful,state,degC,control_suffix,1584ea4e11887bb1,train
PERIPHERAL_TEMP_6_degC,blast_furnace,peripheral_gas_temp_6,useful,state,degC,unit_suffix,1584ea4e11887bb1,train
Peripheral gas temperature 6,blast_furnace,peripheral_gas_temp_6,useful,state,degC,template,e1c22a6a8348533b,train
Peripheral gas temperature 6[degC],blast_furnace,peripheral_gas_temp_6,useful,state,degC,unit_bracket,e1c22a6a8348533b,train
Peripheral_gas_temperature_6,blast_furnace,peripheral_gas_temp_6,useful,state,degC,normalized,e1c22a6a8348533b,train
Peripheral_gas_temperature_6_01,blast_furnace,peripheral_gas_temp_6,useful,state,degC,channel_suffix,e1c22a6a8348533b,train
Peripheral_gas_temperature_6_PV,blast_furnace,peripheral_gas_temp_6,useful,state,degC,control_suffix,e1c22a6a8348533b,train
Peripheral_gas_temperature_6_degC,blast_furnace,peripheral_gas_temp_6,useful,state,degC,unit_suffix,e1c22a6a8348533b,train
Peripheralgastemperature6,blast_furnace,peripheral_gas_temp_6,useful,state,degC,compact,e1c22a6a8348533b,train
TP6,blast_furnace,peripheral_gas_temp_6,useful,state,degC,uppercase,0ecbc0628cb81cd1,train
Tp6,blast_furnace,peripheral_gas_temp_6,useful,state,degC,template,0ecbc0628cb81cd1,train
Tp6[degC],blast_furnace,peripheral_gas_temp_6,useful,state,degC,unit_bracket,0ecbc0628cb81cd1,train
Tp6_01,blast_furnace,peripheral_gas_temp_6,useful,state,degC,channel_suffix,0ecbc0628cb81cd1,train
Tp6_PV,blast_furnace,peripheral_gas_temp_6,useful,state,degC,control_suffix,0ecbc0628cb81cd1,train
Tp6_degC,blast_furnace,peripheral_gas_temp_6,useful,state,degC,unit_suffix,0ecbc0628cb81cd1,train
peripheral_gas_temp_6,blast_furnace,peripheral_gas_temp_6,useful,state,degC,template,9f40719686da37ef,train
peripheral_gas_temp_6[degC],blast_furnace,peripheral_gas_temp_6,useful,state,degC,unit_bracket,9f40719686da37ef,train
peripheral_gas_temp_6_01,blast_furnace,peripheral_gas_temp_6,useful,state,degC,channel_suffix,9f40719686da37ef,train
peripheral_gas_temp_6_PV,blast_furnace,peripheral_gas_temp_6,useful,state,degC,control_suffix,9f40719686da37ef,train
peripheral_gas_temp_6_degC,blast_furnace,peripheral_gas_temp_6,useful,state,degC,unit_suffix,9f40719686da37ef,train
peripheralgastemp6,blast_furnace,peripheral_gas_temp_6,useful,state,degC,compact,9f40719686da37ef,train
装置5-PERIPHERAL_TEMP_6-CH30-VALUE,blast_furnace,peripheral_gas_temp_6,useful,state,degC,vendor_channel_tag,1584ea4e11887bb1,train
装置5-Peripheral_gas_temperature_6-CH30-VALUE,blast_furnace,peripheral_gas_temp_6,useful,state,degC,vendor_channel_tag,e1c22a6a8348533b,train
装置5-Tp6-CH30-VALUE,blast_furnace,peripheral_gas_temp_6,useful,state,degC,vendor_channel_tag,0ecbc0628cb81cd1,train
装置5-peripheral_gas_temp_6-CH30-VALUE,blast_furnace,peripheral_gas_temp_6,useful,state,degC,vendor_channel_tag,9f40719686da37ef,train
1号PERIPHERAL_TEMP_7,blast_furnace,peripheral_gas_temp_7,useful,state,degC,equipment_prefix,e7e625acc7fca055,train
1号Tp7,blast_furnace,peripheral_gas_temp_7,useful,state,degC,equipment_prefix,b8a21b640e480e2a,train
1号peripheral_gas_temp_7,blast_furnace,peripheral_gas_temp_7,useful,state,degC,equipment_prefix,7a276d33adc79818,train
A线_PERIPHERAL_TEMP_7,blast_furnace,peripheral_gas_temp_7,useful,state,degC,line_prefix,e7e625acc7fca055,train
A线_Tp7,blast_furnace,peripheral_gas_temp_7,useful,state,degC,line_prefix,b8a21b640e480e2a,train
A线_peripheral_gas_temp_7,blast_furnace,peripheral_gas_temp_7,useful,state,degC,line_prefix,7a276d33adc79818,train
B线#PERIPHERAL_TEMP_7#测点42,blast_furnace,peripheral_gas_temp_7,useful,state,degC,line_point_tag,e7e625acc7fca055,train
B线#Tp7#测点42,blast_furnace,peripheral_gas_temp_7,useful,state,degC,line_point_tag,b8a21b640e480e2a,train
B线#peripheral_gas_temp_7#测点42,blast_furnace,peripheral_gas_temp_7,useful,state,degC,line_point_tag,7a276d33adc79818,train
DCS_03_PERIPHERAL_TEMP_7_PV_17,blast_furnace,peripheral_gas_temp_7,useful,state,degC,vendor_dcs_tag,e7e625acc7fca055,train
DCS_03_Tp7_PV_17,blast_furnace,peripheral_gas_temp_7,useful,state,degC,vendor_dcs_tag,b8a21b640e480e2a,train
DCS_03_peripheral_gas_temp_7_PV_17,blast_furnace,peripheral_gas_temp_7,useful,state,degC,vendor_dcs_tag,7a276d33adc79818,train
HMI.22.PERIPHERAL_TEMP_7.AI,blast_furnace,peripheral_gas_temp_7,useful,state,degC,vendor_hmi_tag,e7e625acc7fca055,train
HMI.22.Tp7.AI,blast_furnace,peripheral_gas_temp_7,useful,state,degC,vendor_hmi_tag,b8a21b640e480e2a,train
HMI.22.peripheral_gas_temp_7.AI,blast_furnace,peripheral_gas_temp_7,useful,state,degC,vendor_hmi_tag,7a276d33adc79818,train
PERIPHERALTEMP7,blast_furnace,peripheral_gas_temp_7,useful,state,degC,compact,e7e625acc7fca055,train
PERIPHERAL_GAS_TEMP_7,blast_furnace,peripheral_gas_temp_7,useful,state,degC,uppercase,7a276d33adc79818,train
PERIPHERAL_TEMP_7,blast_furnace,peripheral_gas_temp_7,useful,state,degC,template,e7e625acc7fca055,train
PERIPHERAL_TEMP_7[degC],blast_furnace,peripheral_gas_temp_7,useful,state,degC,unit_bracket,e7e625acc7fca055,train
PERIPHERAL_TEMP_7_01,blast_furnace,peripheral_gas_temp_7,useful,state,degC,channel_suffix,e7e625acc7fca055,train
PERIPHERAL_TEMP_7_PV,blast_furnace,peripheral_gas_temp_7,useful,state,degC,control_suffix,e7e625acc7fca055,train
PERIPHERAL_TEMP_7_degC,blast_furnace,peripheral_gas_temp_7,useful,state,degC,unit_suffix,e7e625acc7fca055,train
TP7,blast_furnace,peripheral_gas_temp_7,useful,state,degC,uppercase,b8a21b640e480e2a,train
Tp7,blast_furnace,peripheral_gas_temp_7,useful,state,degC,template,b8a21b640e480e2a,train
Tp7[degC],blast_furnace,peripheral_gas_temp_7,useful,state,degC,unit_bracket,b8a21b640e480e2a,train
Tp7_01,blast_furnace,peripheral_gas_temp_7,useful,state,degC,channel_suffix,b8a21b640e480e2a,train
Tp7_PV,blast_furnace,peripheral_gas_temp_7,useful,state,degC,control_suffix,b8a21b640e480e2a,train
Tp7_degC,blast_furnace,peripheral_gas_temp_7,useful,state,degC,unit_suffix,b8a21b640e480e2a,train
peripheral_gas_temp_7,blast_furnace,peripheral_gas_temp_7,useful,state,degC,template,7a276d33adc79818,train
peripheral_gas_temp_7[degC],blast_furnace,peripheral_gas_temp_7,useful,state,degC,unit_bracket,7a276d33adc79818,train
peripheral_gas_temp_7_01,blast_furnace,peripheral_gas_temp_7,useful,state,degC,channel_suffix,7a276d33adc79818,train
peripheral_gas_temp_7_PV,blast_furnace,peripheral_gas_temp_7,useful,state,degC,control_suffix,7a276d33adc79818,train
peripheral_gas_temp_7_degC,blast_furnace,peripheral_gas_temp_7,useful,state,degC,unit_suffix,7a276d33adc79818,train
peripheralgastemp7,blast_furnace,peripheral_gas_temp_7,useful,state,degC,compact,7a276d33adc79818,train
装置5-PERIPHERAL_TEMP_7-CH30-VALUE,blast_furnace,peripheral_gas_temp_7,useful,state,degC,vendor_channel_tag,e7e625acc7fca055,train
装置5-Tp7-CH30-VALUE,blast_furnace,peripheral_gas_temp_7,useful,state,degC,vendor_channel_tag,b8a21b640e480e2a,train
装置5-peripheral_gas_temp_7-CH30-VALUE,blast_furnace,peripheral_gas_temp_7,useful,state,degC,vendor_channel_tag,7a276d33adc79818,train
1号PERIPHERAL_TEMP_8,blast_furnace,peripheral_gas_temp_8,useful,state,degC,equipment_prefix,672594ad674e2c40,train
1号Peripheral gas temperature 8,blast_furnace,peripheral_gas_temp_8,useful,state,degC,equipment_prefix,0677ae035ab215b2,train
1号周边温度8,blast_furnace,peripheral_gas_temp_8,useful,state,degC,equipment_prefix,bcafcce6681ee9b6,train
A线_PERIPHERAL_TEMP_8,blast_furnace,peripheral_gas_temp_8,useful,state,degC,line_prefix,672594ad674e2c40,train
A线_Peripheral gas temperature 8,blast_furnace,peripheral_gas_temp_8,useful,state,degC,line_prefix,0677ae035ab215b2,train
A线_周边温度8,blast_furnace,peripheral_gas_temp_8,useful,state,degC,line_prefix,bcafcce6681ee9b6,train
B线#PERIPHERAL_TEMP_8#测点42,blast_furnace,peripheral_gas_temp_8,useful,state,degC,line_point_tag,672594ad674e2c40,train
B线#Peripheral gas temperature 8#测点42,blast_furnace,peripheral_gas_temp_8,useful,state,degC,line_point_tag,0677ae035ab215b2,train
B线#周边温度8#测点42,blast_furnace,peripheral_gas_temp_8,useful,state,degC,line_point_tag,bcafcce6681ee9b6,train
DCS_03_PERIPHERAL_TEMP_8_PV_17,blast_furnace,peripheral_gas_temp_8,useful,state,degC,vendor_dcs_tag,672594ad674e2c40,train
DCS_03_Peripheral_gas_temperature_8_PV_17,blast_furnace,peripheral_gas_temp_8,useful,state,degC,vendor_dcs_tag,0677ae035ab215b2,train
DCS_03_周边温度8_PV_17,blast_furnace,peripheral_gas_temp_8,useful,state,degC,vendor_dcs_tag,bcafcce6681ee9b6,train
HMI.22.PERIPHERAL_TEMP_8.AI,blast_furnace,peripheral_gas_temp_8,useful,state,degC,vendor_hmi_tag,672594ad674e2c40,train
HMI.22.Peripheral_gas_temperature_8.AI,blast_furnace,peripheral_gas_temp_8,useful,state,degC,vendor_hmi_tag,0677ae035ab215b2,train
HMI.22.周边温度8.AI,blast_furnace,peripheral_gas_temp_8,useful,state,degC,vendor_hmi_tag,bcafcce6681ee9b6,train
PERIPHERALTEMP8,blast_furnace,peripheral_gas_temp_8,useful,state,degC,compact,672594ad674e2c40,train
PERIPHERAL_GAS_TEMPERATURE_8,blast_furnace,peripheral_gas_temp_8,useful,state,degC,uppercase,0677ae035ab215b2,train
PERIPHERAL_TEMP_8,blast_furnace,peripheral_gas_temp_8,useful,state,degC,template,672594ad674e2c40,train
PERIPHERAL_TEMP_8[degC],blast_furnace,peripheral_gas_temp_8,useful,state,degC,unit_bracket,672594ad674e2c40,train
PERIPHERAL_TEMP_8_01,blast_furnace,peripheral_gas_temp_8,useful,state,degC,channel_suffix,672594ad674e2c40,train
PERIPHERAL_TEMP_8_PV,blast_furnace,peripheral_gas_temp_8,useful,state,degC,control_suffix,672594ad674e2c40,train
PERIPHERAL_TEMP_8_degC,blast_furnace,peripheral_gas_temp_8,useful,state,degC,unit_suffix,672594ad674e2c40,train
Peripheral gas temperature 8,blast_furnace,peripheral_gas_temp_8,useful,state,degC,template,0677ae035ab215b2,train
Peripheral gas temperature 8[degC],blast_furnace,peripheral_gas_temp_8,useful,state,degC,unit_bracket,0677ae035ab215b2,train
Peripheral_gas_temperature_8,blast_furnace,peripheral_gas_temp_8,useful,state,degC,normalized,0677ae035ab215b2,train
Peripheral_gas_temperature_8_01,blast_furnace,peripheral_gas_temp_8,useful,state,degC,channel_suffix,0677ae035ab215b2,train
Peripheral_gas_temperature_8_PV,blast_furnace,peripheral_gas_temp_8,useful,state,degC,control_suffix,0677ae035ab215b2,train
Peripheral_gas_temperature_8_degC,blast_furnace,peripheral_gas_temp_8,useful,state,degC,unit_suffix,0677ae035ab215b2,train
Peripheralgastemperature8,blast_furnace,peripheral_gas_temp_8,useful,state,degC,compact,0677ae035ab215b2,train
周边温度8,blast_furnace,peripheral_gas_temp_8,useful,state,degC,template,bcafcce6681ee9b6,train
周边温度8[degC],blast_furnace,peripheral_gas_temp_8,useful,state,degC,unit_bracket,bcafcce6681ee9b6,train
周边温度8_01,blast_furnace,peripheral_gas_temp_8,useful,state,degC,channel_suffix,bcafcce6681ee9b6,train
周边温度8_PV,blast_furnace,peripheral_gas_temp_8,useful,state,degC,control_suffix,bcafcce6681ee9b6,train
周边温度8_degC,blast_furnace,peripheral_gas_temp_8,useful,state,degC,unit_suffix,bcafcce6681ee9b6,train
装置5-PERIPHERAL_TEMP_8-CH30-VALUE,blast_furnace,peripheral_gas_temp_8,useful,state,degC,vendor_channel_tag,672594ad674e2c40,train
装置5-Peripheral_gas_temperature_8-CH30-VALUE,blast_furnace,peripheral_gas_temp_8,useful,state,degC,vendor_channel_tag,0677ae035ab215b2,train
装置5-周边温度8-CH30-VALUE,blast_furnace,peripheral_gas_temp_8,useful,state,degC,vendor_channel_tag,bcafcce6681ee9b6,train
1号PERIPHERAL_TEMP_9,blast_furnace,peripheral_gas_temp_9,useful,state,degC,equipment_prefix,9c1e52fef5cbedb9,train
1号Peripheral gas temperature 9,blast_furnace,peripheral_gas_temp_9,useful,state,degC,equipment_prefix,8e8da29da9b3e54e,train
1号peripheral_gas_temp_9,blast_furnace,peripheral_gas_temp_9,useful,state,degC,equipment_prefix,4097715302405669,train
1号周边温度9,blast_furnace,peripheral_gas_temp_9,useful,state,degC,equipment_prefix,96f90411fd547eee,train
A线_PERIPHERAL_TEMP_9,blast_furnace,peripheral_gas_temp_9,useful,state,degC,line_prefix,9c1e52fef5cbedb9,train
A线_Peripheral gas temperature 9,blast_furnace,peripheral_gas_temp_9,useful,state,degC,line_prefix,8e8da29da9b3e54e,train
A线_peripheral_gas_temp_9,blast_furnace,peripheral_gas_temp_9,useful,state,degC,line_prefix,4097715302405669,train
A线_周边温度9,blast_furnace,peripheral_gas_temp_9,useful,state,degC,line_prefix,96f90411fd547eee,train
B线#PERIPHERAL_TEMP_9#测点42,blast_furnace,peripheral_gas_temp_9,useful,state,degC,line_point_tag,9c1e52fef5cbedb9,train
B线#Peripheral gas temperature 9#测点42,blast_furnace,peripheral_gas_temp_9,useful,state,degC,line_point_tag,8e8da29da9b3e54e,train
B线#peripheral_gas_temp_9#测点42,blast_furnace,peripheral_gas_temp_9,useful,state,degC,line_point_tag,4097715302405669,train
B线#周边温度9#测点42,blast_furnace,peripheral_gas_temp_9,useful,state,degC,line_point_tag,96f90411fd547eee,train
DCS_03_PERIPHERAL_TEMP_9_PV_17,blast_furnace,peripheral_gas_temp_9,useful,state,degC,vendor_dcs_tag,9c1e52fef5cbedb9,train
DCS_03_Peripheral_gas_temperature_9_PV_17,blast_furnace,peripheral_gas_temp_9,useful,state,degC,vendor_dcs_tag,8e8da29da9b3e54e,train
DCS_03_peripheral_gas_temp_9_PV_17,blast_furnace,peripheral_gas_temp_9,useful,state,degC,vendor_dcs_tag,4097715302405669,train
DCS_03_周边温度9_PV_17,blast_furnace,peripheral_gas_temp_9,useful,state,degC,vendor_dcs_tag,96f90411fd547eee,train
HMI.22.PERIPHERAL_TEMP_9.AI,blast_furnace,peripheral_gas_temp_9,useful,state,degC,vendor_hmi_tag,9c1e52fef5cbedb9,train
HMI.22.Peripheral_gas_temperature_9.AI,blast_furnace,peripheral_gas_temp_9,useful,state,degC,vendor_hmi_tag,8e8da29da9b3e54e,train
HMI.22.peripheral_gas_temp_9.AI,blast_furnace,peripheral_gas_temp_9,useful,state,degC,vendor_hmi_tag,4097715302405669,train
HMI.22.周边温度9.AI,blast_furnace,peripheral_gas_temp_9,useful,state,degC,vendor_hmi_tag,96f90411fd547eee,train
PERIPHERALTEMP9,blast_furnace,peripheral_gas_temp_9,useful,state,degC,compact,9c1e52fef5cbedb9,train
PERIPHERAL_GAS_TEMPERATURE_9,blast_furnace,peripheral_gas_temp_9,useful,state,degC,uppercase,8e8da29da9b3e54e,train
PERIPHERAL_GAS_TEMP_9,blast_furnace,peripheral_gas_temp_9,useful,state,degC,uppercase,4097715302405669,train
PERIPHERAL_TEMP_9,blast_furnace,peripheral_gas_temp_9,useful,state,degC,template,9c1e52fef5cbedb9,train
PERIPHERAL_TEMP_9[degC],blast_furnace,peripheral_gas_temp_9,useful,state,degC,unit_bracket,9c1e52fef5cbedb9,train
PERIPHERAL_TEMP_9_01,blast_furnace,peripheral_gas_temp_9,useful,state,degC,channel_suffix,9c1e52fef5cbedb9,train
PERIPHERAL_TEMP_9_PV,blast_furnace,peripheral_gas_temp_9,useful,state,degC,control_suffix,9c1e52fef5cbedb9,train
PERIPHERAL_TEMP_9_degC,blast_furnace,peripheral_gas_temp_9,useful,state,degC,unit_suffix,9c1e52fef5cbedb9,train
Peripheral gas temperature 9,blast_furnace,peripheral_gas_temp_9,useful,state,degC,template,8e8da29da9b3e54e,train
Peripheral gas temperature 9[degC],blast_furnace,peripheral_gas_temp_9,useful,state,degC,unit_bracket,8e8da29da9b3e54e,train
Peripheral_gas_temperature_9,blast_furnace,peripheral_gas_temp_9,useful,state,degC,normalized,8e8da29da9b3e54e,train
Peripheral_gas_temperature_9_01,blast_furnace,peripheral_gas_temp_9,useful,state,degC,channel_suffix,8e8da29da9b3e54e,train
Peripheral_gas_temperature_9_PV,blast_furnace,peripheral_gas_temp_9,useful,state,degC,control_suffix,8e8da29da9b3e54e,train
Peripheral_gas_temperature_9_degC,blast_furnace,peripheral_gas_temp_9,useful,state,degC,unit_suffix,8e8da29da9b3e54e,train
Peripheralgastemperature9,blast_furnace,peripheral_gas_temp_9,useful,state,degC,compact,8e8da29da9b3e54e,train
peripheral_gas_temp_9,blast_furnace,peripheral_gas_temp_9,useful,state,degC,template,4097715302405669,train
peripheral_gas_temp_9[degC],blast_furnace,peripheral_gas_temp_9,useful,state,degC,unit_bracket,4097715302405669,train
peripheral_gas_temp_9_01,blast_furnace,peripheral_gas_temp_9,useful,state,degC,channel_suffix,4097715302405669,train
peripheral_gas_temp_9_PV,blast_furnace,peripheral_gas_temp_9,useful,state,degC,control_suffix,4097715302405669,train
peripheral_gas_temp_9_degC,blast_furnace,peripheral_gas_temp_9,useful,state,degC,unit_suffix,4097715302405669,train
peripheralgastemp9,blast_furnace,peripheral_gas_temp_9,useful,state,degC,compact,4097715302405669,train
周边温度9,blast_furnace,peripheral_gas_temp_9,useful,state,degC,template,96f90411fd547eee,train
周边温度9[degC],blast_furnace,peripheral_gas_temp_9,useful,state,degC,unit_bracket,96f90411fd547eee,train
周边温度9_01,blast_furnace,peripheral_gas_temp_9,useful,state,degC,channel_suffix,96f90411fd547eee,train
周边温度9_PV,blast_furnace,peripheral_gas_temp_9,useful,state,degC,control_suffix,96f90411fd547eee,train
周边温度9_degC,blast_furnace,peripheral_gas_temp_9,useful,state,degC,unit_suffix,96f90411fd547eee,train
装置5-PERIPHERAL_TEMP_9-CH30-VALUE,blast_furnace,peripheral_gas_temp_9,useful,state,degC,vendor_channel_tag,9c1e52fef5cbedb9,train
装置5-Peripheral_gas_temperature_9-CH30-VALUE,blast_furnace,peripheral_gas_temp_9,useful,state,degC,vendor_channel_tag,8e8da29da9b3e54e,train
装置5-peripheral_gas_temp_9-CH30-VALUE,blast_furnace,peripheral_gas_temp_9,useful,state,degC,vendor_channel_tag,4097715302405669,train
装置5-周边温度9-CH30-VALUE,blast_furnace,peripheral_gas_temp_9,useful,state,degC,vendor_channel_tag,96f90411fd547eee,train
1号DATETIME,blast_furnace,timestamp,required,time,datetime,equipment_prefix,28b1d3b1023055c6,train
1号TIME,blast_furnace,timestamp,required,time,datetime,equipment_prefix,5750cb4dad60e3ae,train
1号TS,blast_furnace,timestamp,required,time,datetime,equipment_prefix,ff0053cb40a9020a,train
1号dt,blast_furnace,timestamp,required,time,datetime,equipment_prefix,9968fe10cbe72a7e,train
1号timestamp,blast_furnace,timestamp,required,time,datetime,equipment_prefix,8f404b95ae66d732,train
1号记录时间,blast_furnace,timestamp,required,time,datetime,equipment_prefix,e3f96352761c5889,train
1号采集时间,blast_furnace,timestamp,required,time,datetime,equipment_prefix,d05a602bf2f38cc8,train
A线_DATETIME,blast_furnace,timestamp,required,time,datetime,line_prefix,28b1d3b1023055c6,train
A线_TIME,blast_furnace,timestamp,required,time,datetime,line_prefix,5750cb4dad60e3ae,train
A线_TS,blast_furnace,timestamp,required,time,datetime,line_prefix,ff0053cb40a9020a,train
A线_dt,blast_furnace,timestamp,required,time,datetime,line_prefix,9968fe10cbe72a7e,train
A线_timestamp,blast_furnace,timestamp,required,time,datetime,line_prefix,8f404b95ae66d732,train
A线_记录时间,blast_furnace,timestamp,required,time,datetime,line_prefix,e3f96352761c5889,train
A线_采集时间,blast_furnace,timestamp,required,time,datetime,line_prefix,d05a602bf2f38cc8,train
B线#DATETIME#测点42,blast_furnace,timestamp,required,time,datetime,line_point_tag,28b1d3b1023055c6,train
B线#TIME#测点42,blast_furnace,timestamp,required,time,datetime,line_point_tag,5750cb4dad60e3ae,train
B线#TS#测点42,blast_furnace,timestamp,required,time,datetime,line_point_tag,ff0053cb40a9020a,train
B线#dt#测点42,blast_furnace,timestamp,required,time,datetime,line_point_tag,9968fe10cbe72a7e,train
B线#timestamp#测点42,blast_furnace,timestamp,required,time,datetime,line_point_tag,8f404b95ae66d732,train
B线#记录时间#测点42,blast_furnace,timestamp,required,time,datetime,line_point_tag,e3f96352761c5889,train
B线#采集时间#测点42,blast_furnace,timestamp,required,time,datetime,line_point_tag,d05a602bf2f38cc8,train
DATETIME,blast_furnace,timestamp,required,time,datetime,template,28b1d3b1023055c6,train
DATETIME_01,blast_furnace,timestamp,required,time,datetime,channel_suffix,28b1d3b1023055c6,train
DATETIME_PV,blast_furnace,timestamp,required,time,datetime,control_suffix,28b1d3b1023055c6,train
DCS_03_DATETIME_PV_17,blast_furnace,timestamp,required,time,datetime,vendor_dcs_tag,28b1d3b1023055c6,train
DCS_03_TIME_PV_17,blast_furnace,timestamp,required,time,datetime,vendor_dcs_tag,5750cb4dad60e3ae,train
DCS_03_TS_PV_17,blast_furnace,timestamp,required,time,datetime,vendor_dcs_tag,ff0053cb40a9020a,train
DCS_03_dt_PV_17,blast_furnace,timestamp,required,time,datetime,vendor_dcs_tag,9968fe10cbe72a7e,train
DCS_03_timestamp_PV_17,blast_furnace,timestamp,required,time,datetime,vendor_dcs_tag,8f404b95ae66d732,train
DCS_03_记录时间_PV_17,blast_furnace,timestamp,required,time,datetime,vendor_dcs_tag,e3f96352761c5889,train
DCS_03_采集时间_PV_17,blast_furnace,timestamp,required,time,datetime,vendor_dcs_tag,d05a602bf2f38cc8,train
DT,blast_furnace,timestamp,required,time,datetime,uppercase,9968fe10cbe72a7e,train
HMI.22.DATETIME.AI,blast_furnace,timestamp,required,time,datetime,vendor_hmi_tag,28b1d3b1023055c6,train
HMI.22.TIME.AI,blast_furnace,timestamp,required,time,datetime,vendor_hmi_tag,5750cb4dad60e3ae,train
HMI.22.TS.AI,blast_furnace,timestamp,required,time,datetime,vendor_hmi_tag,ff0053cb40a9020a,train
HMI.22.dt.AI,blast_furnace,timestamp,required,time,datetime,vendor_hmi_tag,9968fe10cbe72a7e,train
HMI.22.timestamp.AI,blast_furnace,timestamp,required,time,datetime,vendor_hmi_tag,8f404b95ae66d732,train
HMI.22.记录时间.AI,blast_furnace,timestamp,required,time,datetime,vendor_hmi_tag,e3f96352761c5889,train
HMI.22.采集时间.AI,blast_furnace,timestamp,required,time,datetime,vendor_hmi_tag,d05a602bf2f38cc8,train
TIME,blast_furnace,timestamp,required,time,datetime,template,5750cb4dad60e3ae,train
TIMESTAMP,blast_furnace,timestamp,required,time,datetime,uppercase,8f404b95ae66d732,train
TIME_01,blast_furnace,timestamp,required,time,datetime,channel_suffix,5750cb4dad60e3ae,train
TIME_PV,blast_furnace,timestamp,required,time,datetime,control_suffix,5750cb4dad60e3ae,train
TS,blast_furnace,timestamp,required,time,datetime,template,ff0053cb40a9020a,train
TS_01,blast_furnace,timestamp,required,time,datetime,channel_suffix,ff0053cb40a9020a,train
TS_PV,blast_furnace,timestamp,required,time,datetime,control_suffix,ff0053cb40a9020a,train
dt,blast_furnace,timestamp,required,time,datetime,template,9968fe10cbe72a7e,train
dt_01,blast_furnace,timestamp,required,time,datetime,channel_suffix,9968fe10cbe72a7e,train
dt_PV,blast_furnace,timestamp,required,time,datetime,control_suffix,9968fe10cbe72a7e,train
timestamp,blast_furnace,timestamp,required,time,datetime,template,8f404b95ae66d732,train
timestamp_01,blast_furnace,timestamp,required,time,datetime,channel_suffix,8f404b95ae66d732,train
timestamp_PV,blast_furnace,timestamp,required,time,datetime,control_suffix,8f404b95ae66d732,train
装置5-DATETIME-CH30-VALUE,blast_furnace,timestamp,required,time,datetime,vendor_channel_tag,28b1d3b1023055c6,train
装置5-TIME-CH30-VALUE,blast_furnace,timestamp,required,time,datetime,vendor_channel_tag,5750cb4dad60e3ae,train
装置5-TS-CH30-VALUE,blast_furnace,timestamp,required,time,datetime,vendor_channel_tag,ff0053cb40a9020a,train
装置5-dt-CH30-VALUE,blast_furnace,timestamp,required,time,datetime,vendor_channel_tag,9968fe10cbe72a7e,train
装置5-timestamp-CH30-VALUE,blast_furnace,timestamp,required,time,datetime,vendor_channel_tag,8f404b95ae66d732,train
装置5-记录时间-CH30-VALUE,blast_furnace,timestamp,required,time,datetime,vendor_channel_tag,e3f96352761c5889,train
装置5-采集时间-CH30-VALUE,blast_furnace,timestamp,required,time,datetime,vendor_channel_tag,d05a602bf2f38cc8,train
记录时间,blast_furnace,timestamp,required,time,datetime,template,e3f96352761c5889,train
记录时间_01,blast_furnace,timestamp,required,time,datetime,channel_suffix,e3f96352761c5889,train
记录时间_PV,blast_furnace,timestamp,required,time,datetime,control_suffix,e3f96352761c5889,train
采集时间,blast_furnace,timestamp,required,time,datetime,template,d05a602bf2f38cc8,train
采集时间_01,blast_furnace,timestamp,required,time,datetime,channel_suffix,d05a602bf2f38cc8,train
采集时间_PV,blast_furnace,timestamp,required,time,datetime,control_suffix,d05a602bf2f38cc8,train
1号CO2,blast_furnace,top_gas_co2,useful,state,percent,equipment_prefix,118f5c284ade719c,train
1号CO2 content of top gas,blast_furnace,top_gas_co2,useful,state,percent,equipment_prefix,547a6e5d99757e92,train
1号TOP_GAS_CO2,blast_furnace,top_gas_co2,useful,state,percent,equipment_prefix,75afdf37f7698e8f,train
1号top_gas_co2,blast_furnace,top_gas_co2,useful,state,percent,equipment_prefix,411f6328f54cdc9c,train
1号炉顶煤气CO2,blast_furnace,top_gas_co2,useful,state,percent,equipment_prefix,8e2feceef15aa045,train
A线_CO2,blast_furnace,top_gas_co2,useful,state,percent,line_prefix,118f5c284ade719c,train
A线_CO2 content of top gas,blast_furnace,top_gas_co2,useful,state,percent,line_prefix,547a6e5d99757e92,train
A线_TOP_GAS_CO2,blast_furnace,top_gas_co2,useful,state,percent,line_prefix,75afdf37f7698e8f,train
A线_top_gas_co2,blast_furnace,top_gas_co2,useful,state,percent,line_prefix,411f6328f54cdc9c,train
A线_炉顶煤气CO2,blast_furnace,top_gas_co2,useful,state,percent,line_prefix,8e2feceef15aa045,train
B线#CO2 content of top gas#测点42,blast_furnace,top_gas_co2,useful,state,percent,line_point_tag,547a6e5d99757e92,train
B线#CO2#测点42,blast_furnace,top_gas_co2,useful,state,percent,line_point_tag,118f5c284ade719c,train
B线#TOP_GAS_CO2#测点42,blast_furnace,top_gas_co2,useful,state,percent,line_point_tag,75afdf37f7698e8f,train
B线#top_gas_co2#测点42,blast_furnace,top_gas_co2,useful,state,percent,line_point_tag,411f6328f54cdc9c,train
B线#炉顶煤气CO2#测点42,blast_furnace,top_gas_co2,useful,state,percent,line_point_tag,8e2feceef15aa045,train
CO2,blast_furnace,top_gas_co2,useful,state,percent,template,118f5c284ade719c,train
CO2 content of top gas,blast_furnace,top_gas_co2,useful,state,percent,template,547a6e5d99757e92,train
CO2 content of top gas[percent],blast_furnace,top_gas_co2,useful,state,percent,unit_bracket,547a6e5d99757e92,train
CO2[percent],blast_furnace,top_gas_co2,useful,state,percent,unit_bracket,118f5c284ade719c,train
CO2_01,blast_furnace,top_gas_co2,useful,state,percent,channel_suffix,118f5c284ade719c,train
CO2_CONTENT_OF_TOP_GAS,blast_furnace,top_gas_co2,useful,state,percent,uppercase,547a6e5d99757e92,train
CO2_PV,blast_furnace,top_gas_co2,useful,state,percent,control_suffix,118f5c284ade719c,train
CO2_content_of_top_gas,blast_furnace,top_gas_co2,useful,state,percent,normalized,547a6e5d99757e92,train
CO2_content_of_top_gas_01,blast_furnace,top_gas_co2,useful,state,percent,channel_suffix,547a6e5d99757e92,train
CO2_content_of_top_gas_PV,blast_furnace,top_gas_co2,useful,state,percent,control_suffix,547a6e5d99757e92,train
CO2_content_of_top_gas_percent,blast_furnace,top_gas_co2,useful,state,percent,unit_suffix,547a6e5d99757e92,train
CO2_percent,blast_furnace,top_gas_co2,useful,state,percent,unit_suffix,118f5c284ade719c,train
CO2contentoftopgas,blast_furnace,top_gas_co2,useful,state,percent,compact,547a6e5d99757e92,train
DCS_03_CO2_PV_17,blast_furnace,top_gas_co2,useful,state,percent,vendor_dcs_tag,118f5c284ade719c,train
DCS_03_CO2_content_of_top_gas_PV_17,blast_furnace,top_gas_co2,useful,state,percent,vendor_dcs_tag,547a6e5d99757e92,train
DCS_03_TOP_GAS_CO2_PV_17,blast_furnace,top_gas_co2,useful,state,percent,vendor_dcs_tag,75afdf37f7698e8f,train
DCS_03_top_gas_co2_PV_17,blast_furnace,top_gas_co2,useful,state,percent,vendor_dcs_tag,411f6328f54cdc9c,train
DCS_03_炉顶煤气CO2_PV_17,blast_furnace,top_gas_co2,useful,state,percent,vendor_dcs_tag,8e2feceef15aa045,train
HMI.22.CO2.AI,blast_furnace,top_gas_co2,useful,state,percent,vendor_hmi_tag,118f5c284ade719c,train
HMI.22.CO2_content_of_top_gas.AI,blast_furnace,top_gas_co2,useful,state,percent,vendor_hmi_tag,547a6e5d99757e92,train
HMI.22.TOP_GAS_CO2.AI,blast_furnace,top_gas_co2,useful,state,percent,vendor_hmi_tag,75afdf37f7698e8f,train
HMI.22.top_gas_co2.AI,blast_furnace,top_gas_co2,useful,state,percent,vendor_hmi_tag,411f6328f54cdc9c,train
HMI.22.炉顶煤气CO2.AI,blast_furnace,top_gas_co2,useful,state,percent,vendor_hmi_tag,8e2feceef15aa045,train
TOPGASCO2,blast_furnace,top_gas_co2,useful,state,percent,compact,75afdf37f7698e8f,train
TOP_GAS_CO2,blast_furnace,top_gas_co2,useful,state,percent,template,75afdf37f7698e8f,train
TOP_GAS_CO2[percent],blast_furnace,top_gas_co2,useful,state,percent,unit_bracket,75afdf37f7698e8f,train
TOP_GAS_CO2_01,blast_furnace,top_gas_co2,useful,state,percent,channel_suffix,75afdf37f7698e8f,train
TOP_GAS_CO2_PV,blast_furnace,top_gas_co2,useful,state,percent,control_suffix,75afdf37f7698e8f,train
TOP_GAS_CO2_percent,blast_furnace,top_gas_co2,useful,state,percent,unit_suffix,75afdf37f7698e8f,train
top_gas_co2,blast_furnace,top_gas_co2,useful,state,percent,template,411f6328f54cdc9c,train
top_gas_co2[percent],blast_furnace,top_gas_co2,useful,state,percent,unit_bracket,411f6328f54cdc9c,train
top_gas_co2_01,blast_furnace,top_gas_co2,useful,state,percent,channel_suffix,411f6328f54cdc9c,train
top_gas_co2_PV,blast_furnace,top_gas_co2,useful,state,percent,control_suffix,411f6328f54cdc9c,train
top_gas_co2_percent,blast_furnace,top_gas_co2,useful,state,percent,unit_suffix,411f6328f54cdc9c,train
topgasco2,blast_furnace,top_gas_co2,useful,state,percent,compact,411f6328f54cdc9c,train
炉顶煤气CO2,blast_furnace,top_gas_co2,useful,state,percent,template,8e2feceef15aa045,train
炉顶煤气CO2[percent],blast_furnace,top_gas_co2,useful,state,percent,unit_bracket,8e2feceef15aa045,train
炉顶煤气CO2_01,blast_furnace,top_gas_co2,useful,state,percent,channel_suffix,8e2feceef15aa045,train
炉顶煤气CO2_PV,blast_furnace,top_gas_co2,useful,state,percent,control_suffix,8e2feceef15aa045,train
炉顶煤气CO2_percent,blast_furnace,top_gas_co2,useful,state,percent,unit_suffix,8e2feceef15aa045,train
装置5-CO2-CH30-VALUE,blast_furnace,top_gas_co2,useful,state,percent,vendor_channel_tag,118f5c284ade719c,train
装置5-CO2_content_of_top_gas-CH30-VALUE,blast_furnace,top_gas_co2,useful,state,percent,vendor_channel_tag,547a6e5d99757e92,train
装置5-TOP_GAS_CO2-CH30-VALUE,blast_furnace,top_gas_co2,useful,state,percent,vendor_channel_tag,75afdf37f7698e8f,train
装置5-top_gas_co2-CH30-VALUE,blast_furnace,top_gas_co2,useful,state,percent,vendor_channel_tag,411f6328f54cdc9c,train
装置5-炉顶煤气CO2-CH30-VALUE,blast_furnace,top_gas_co2,useful,state,percent,vendor_channel_tag,8e2feceef15aa045,train
1号H2,blast_furnace,top_gas_h2,useful,state,percent,equipment_prefix,e7869eabce414944,train
1号TOP_GAS_H2,blast_furnace,top_gas_h2,useful,state,percent,equipment_prefix,8852670381223b31,train
1号top_gas_h2,blast_furnace,top_gas_h2,useful,state,percent,equipment_prefix,2df7505591d4c4f0,train
1号炉顶H2,blast_furnace,top_gas_h2,useful,state,percent,equipment_prefix,dd1714ea29eb621c,train
1号炉顶煤气H2,blast_furnace,top_gas_h2,useful,state,percent,equipment_prefix,f860b464a32e2cc8,train
A线_H2,blast_furnace,top_gas_h2,useful,state,percent,line_prefix,e7869eabce414944,train
A线_TOP_GAS_H2,blast_furnace,top_gas_h2,useful,state,percent,line_prefix,8852670381223b31,train
A线_top_gas_h2,blast_furnace,top_gas_h2,useful,state,percent,line_prefix,2df7505591d4c4f0,train
A线_炉顶H2,blast_furnace,top_gas_h2,useful,state,percent,line_prefix,dd1714ea29eb621c,train
A线_炉顶煤气H2,blast_furnace,top_gas_h2,useful,state,percent,line_prefix,f860b464a32e2cc8,train
B线#H2#测点42,blast_furnace,top_gas_h2,useful,state,percent,line_point_tag,e7869eabce414944,train
B线#TOP_GAS_H2#测点42,blast_furnace,top_gas_h2,useful,state,percent,line_point_tag,8852670381223b31,train
B线#top_gas_h2#测点42,blast_furnace,top_gas_h2,useful,state,percent,line_point_tag,2df7505591d4c4f0,train
B线#炉顶H2#测点42,blast_furnace,top_gas_h2,useful,state,percent,line_point_tag,dd1714ea29eb621c,train
B线#炉顶煤气H2#测点42,blast_furnace,top_gas_h2,useful,state,percent,line_point_tag,f860b464a32e2cc8,train
DCS_03_H2_PV_17,blast_furnace,top_gas_h2,useful,state,percent,vendor_dcs_tag,e7869eabce414944,train
DCS_03_TOP_GAS_H2_PV_17,blast_furnace,top_gas_h2,useful,state,percent,vendor_dcs_tag,8852670381223b31,train
DCS_03_top_gas_h2_PV_17,blast_furnace,top_gas_h2,useful,state,percent,vendor_dcs_tag,2df7505591d4c4f0,train
DCS_03_炉顶H2_PV_17,blast_furnace,top_gas_h2,useful,state,percent,vendor_dcs_tag,dd1714ea29eb621c,train
DCS_03_炉顶煤气H2_PV_17,blast_furnace,top_gas_h2,useful,state,percent,vendor_dcs_tag,f860b464a32e2cc8,train
H2,blast_furnace,top_gas_h2,useful,state,percent,template,e7869eabce414944,train
H2[percent],blast_furnace,top_gas_h2,useful,state,percent,unit_bracket,e7869eabce414944,train
H2_01,blast_furnace,top_gas_h2,useful,state,percent,channel_suffix,e7869eabce414944,train
H2_PV,blast_furnace,top_gas_h2,useful,state,percent,control_suffix,e7869eabce414944,train
H2_percent,blast_furnace,top_gas_h2,useful,state,percent,unit_suffix,e7869eabce414944,train
HMI.22.H2.AI,blast_furnace,top_gas_h2,useful,state,percent,vendor_hmi_tag,e7869eabce414944,train
HMI.22.TOP_GAS_H2.AI,blast_furnace,top_gas_h2,useful,state,percent,vendor_hmi_tag,8852670381223b31,train
HMI.22.top_gas_h2.AI,blast_furnace,top_gas_h2,useful,state,percent,vendor_hmi_tag,2df7505591d4c4f0,train
HMI.22.炉顶H2.AI,blast_furnace,top_gas_h2,useful,state,percent,vendor_hmi_tag,dd1714ea29eb621c,train
HMI.22.炉顶煤气H2.AI,blast_furnace,top_gas_h2,useful,state,percent,vendor_hmi_tag,f860b464a32e2cc8,train
TOPGASH2,blast_furnace,top_gas_h2,useful,state,percent,compact,8852670381223b31,train
TOP_GAS_H2,blast_furnace,top_gas_h2,useful,state,percent,template,8852670381223b31,train
TOP_GAS_H2[percent],blast_furnace,top_gas_h2,useful,state,percent,unit_bracket,8852670381223b31,train
TOP_GAS_H2_01,blast_furnace,top_gas_h2,useful,state,percent,channel_suffix,8852670381223b31,train
TOP_GAS_H2_PV,blast_furnace,top_gas_h2,useful,state,percent,control_suffix,8852670381223b31,train
TOP_GAS_H2_percent,blast_furnace,top_gas_h2,useful,state,percent,unit_suffix,8852670381223b31,train
top_gas_h2,blast_furnace,top_gas_h2,useful,state,percent,template,2df7505591d4c4f0,train
top_gas_h2[percent],blast_furnace,top_gas_h2,useful,state,percent,unit_bracket,2df7505591d4c4f0,train
top_gas_h2_01,blast_furnace,top_gas_h2,useful,state,percent,channel_suffix,2df7505591d4c4f0,train
top_gas_h2_PV,blast_furnace,top_gas_h2,useful,state,percent,control_suffix,2df7505591d4c4f0,train
top_gas_h2_percent,blast_furnace,top_gas_h2,useful,state,percent,unit_suffix,2df7505591d4c4f0,train
topgash2,blast_furnace,top_gas_h2,useful,state,percent,compact,2df7505591d4c4f0,train
炉顶H2,blast_furnace,top_gas_h2,useful,state,percent,template,dd1714ea29eb621c,train
炉顶H2[percent],blast_furnace,top_gas_h2,useful,state,percent,unit_bracket,dd1714ea29eb621c,train
炉顶H2_01,blast_furnace,top_gas_h2,useful,state,percent,channel_suffix,dd1714ea29eb621c,train
炉顶H2_PV,blast_furnace,top_gas_h2,useful,state,percent,control_suffix,dd1714ea29eb621c,train
炉顶H2_percent,blast_furnace,top_gas_h2,useful,state,percent,unit_suffix,dd1714ea29eb621c,train
炉顶煤气H2,blast_furnace,top_gas_h2,useful,state,percent,template,f860b464a32e2cc8,train
炉顶煤气H2[percent],blast_furnace,top_gas_h2,useful,state,percent,unit_bracket,f860b464a32e2cc8,train
炉顶煤气H2_01,blast_furnace,top_gas_h2,useful,state,percent,channel_suffix,f860b464a32e2cc8,train
炉顶煤气H2_PV,blast_furnace,top_gas_h2,useful,state,percent,control_suffix,f860b464a32e2cc8,train
炉顶煤气H2_percent,blast_furnace,top_gas_h2,useful,state,percent,unit_suffix,f860b464a32e2cc8,train
装置5-H2-CH30-VALUE,blast_furnace,top_gas_h2,useful,state,percent,vendor_channel_tag,e7869eabce414944,train
装置5-TOP_GAS_H2-CH30-VALUE,blast_furnace,top_gas_h2,useful,state,percent,vendor_channel_tag,8852670381223b31,train
装置5-top_gas_h2-CH30-VALUE,blast_furnace,top_gas_h2,useful,state,percent,vendor_channel_tag,2df7505591d4c4f0,train
装置5-炉顶H2-CH30-VALUE,blast_furnace,top_gas_h2,useful,state,percent,vendor_channel_tag,dd1714ea29eb621c,train
装置5-炉顶煤气H2-CH30-VALUE,blast_furnace,top_gas_h2,useful,state,percent,vendor_channel_tag,f860b464a32e2cc8,train
1号Pt,blast_furnace,top_gas_pressure,useful,state,kgf/cm2,equipment_prefix,a0c408820d3f572e,train
1号TOP_GAS_PRESSURE,blast_furnace,top_gas_pressure,useful,state,kgf/cm2,equipment_prefix,8c6ea5690c93a2a4,train
1号top_gas_pressure,blast_furnace,top_gas_pressure,useful,state,kgf/cm2,equipment_prefix,b6782029f51f75bc,train
1号炉顶压力,blast_furnace,top_gas_pressure,useful,state,kgf/cm2,equipment_prefix,61154c3823526d6f,train
1号炉顶煤气压力,blast_furnace,top_gas_pressure,useful,state,kgf/cm2,equipment_prefix,65b284ad7b9ca8d1,train
A线_Pt,blast_furnace,top_gas_pressure,useful,state,kgf/cm2,line_prefix,a0c408820d3f572e,train
A线_TOP_GAS_PRESSURE,blast_furnace,top_gas_pressure,useful,state,kgf/cm2,line_prefix,8c6ea5690c93a2a4,train
A线_top_gas_pressure,blast_furnace,top_gas_pressure,useful,state,kgf/cm2,line_prefix,b6782029f51f75bc,train
A线_炉顶压力,blast_furnace,top_gas_pressure,useful,state,kgf/cm2,line_prefix,61154c3823526d6f,train
A线_炉顶煤气压力,blast_furnace,top_gas_pressure,useful,state,kgf/cm2,line_prefix,65b284ad7b9ca8d1,train
B线#Pt#测点42,blast_furnace,top_gas_pressure,useful,state,kgf/cm2,line_point_tag,a0c408820d3f572e,train
B线#TOP_GAS_PRESSURE#测点42,blast_furnace,top_gas_pressure,useful,state,kgf/cm2,line_point_tag,8c6ea5690c93a2a4,train
B线#top_gas_pressure#测点42,blast_furnace,top_gas_pressure,useful,state,kgf/cm2,line_point_tag,b6782029f51f75bc,train
B线#炉顶压力#测点42,blast_furnace,top_gas_pressure,useful,state,kgf/cm2,line_point_tag,61154c3823526d6f,train
B线#炉顶煤气压力#测点42,blast_furnace,top_gas_pressure,useful,state,kgf/cm2,line_point_tag,65b284ad7b9ca8d1,train
DCS_03_Pt_PV_17,blast_furnace,top_gas_pressure,useful,state,kgf/cm2,vendor_dcs_tag,a0c408820d3f572e,train
DCS_03_TOP_GAS_PRESSURE_PV_17,blast_furnace,top_gas_pressure,useful,state,kgf/cm2,vendor_dcs_tag,8c6ea5690c93a2a4,train
DCS_03_top_gas_pressure_PV_17,blast_furnace,top_gas_pressure,useful,state,kgf/cm2,vendor_dcs_tag,b6782029f51f75bc,train
DCS_03_炉顶压力_PV_17,blast_furnace,top_gas_pressure,useful,state,kgf/cm2,vendor_dcs_tag,61154c3823526d6f,train
DCS_03_炉顶煤气压力_PV_17,blast_furnace,top_gas_pressure,useful,state,kgf/cm2,vendor_dcs_tag,65b284ad7b9ca8d1,train
HMI.22.Pt.AI,blast_furnace,top_gas_pressure,useful,state,kgf/cm2,vendor_hmi_tag,a0c408820d3f572e,train
HMI.22.TOP_GAS_PRESSURE.AI,blast_furnace,top_gas_pressure,useful,state,kgf/cm2,vendor_hmi_tag,8c6ea5690c93a2a4,train
HMI.22.top_gas_pressure.AI,blast_furnace,top_gas_pressure,useful,state,kgf/cm2,vendor_hmi_tag,b6782029f51f75bc,train
HMI.22.炉顶压力.AI,blast_furnace,top_gas_pressure,useful,state,kgf/cm2,vendor_hmi_tag,61154c3823526d6f,train
HMI.22.炉顶煤气压力.AI,blast_furnace,top_gas_pressure,useful,state,kgf/cm2,vendor_hmi_tag,65b284ad7b9ca8d1,train
PT,blast_furnace,top_gas_pressure,useful,state,kgf/cm2,uppercase,a0c408820d3f572e,train
Pt,blast_furnace,top_gas_pressure,useful,state,kgf/cm2,template,a0c408820d3f572e,train
Pt[kgf/cm2],blast_furnace,top_gas_pressure,useful,state,kgf/cm2,unit_bracket,a0c408820d3f572e,train
Pt_01,blast_furnace,top_gas_pressure,useful,state,kgf/cm2,channel_suffix,a0c408820d3f572e,train
Pt_PV,blast_furnace,top_gas_pressure,useful,state,kgf/cm2,control_suffix,a0c408820d3f572e,train
Pt_kgf/cm2,blast_furnace,top_gas_pressure,useful,state,kgf/cm2,unit_suffix,a0c408820d3f572e,train
TOPGASPRESSURE,blast_furnace,top_gas_pressure,useful,state,kgf/cm2,compact,8c6ea5690c93a2a4,train
TOP_GAS_PRESSURE,blast_furnace,top_gas_pressure,useful,state,kgf/cm2,template,8c6ea5690c93a2a4,train
TOP_GAS_PRESSURE[kgf/cm2],blast_furnace,top_gas_pressure,useful,state,kgf/cm2,unit_bracket,8c6ea5690c93a2a4,train
TOP_GAS_PRESSURE_01,blast_furnace,top_gas_pressure,useful,state,kgf/cm2,channel_suffix,8c6ea5690c93a2a4,train
TOP_GAS_PRESSURE_PV,blast_furnace,top_gas_pressure,useful,state,kgf/cm2,control_suffix,8c6ea5690c93a2a4,train
TOP_GAS_PRESSURE_kgf/cm2,blast_furnace,top_gas_pressure,useful,state,kgf/cm2,unit_suffix,8c6ea5690c93a2a4,train
top_gas_pressure,blast_furnace,top_gas_pressure,useful,state,kgf/cm2,template,b6782029f51f75bc,train
top_gas_pressure[kgf/cm2],blast_furnace,top_gas_pressure,useful,state,kgf/cm2,unit_bracket,b6782029f51f75bc,train
top_gas_pressure_01,blast_furnace,top_gas_pressure,useful,state,kgf/cm2,channel_suffix,b6782029f51f75bc,train
top_gas_pressure_PV,blast_furnace,top_gas_pressure,useful,state,kgf/cm2,control_suffix,b6782029f51f75bc,train
top_gas_pressure_kgf/cm2,blast_furnace,top_gas_pressure,useful,state,kgf/cm2,unit_suffix,b6782029f51f75bc,train
topgaspressure,blast_furnace,top_gas_pressure,useful,state,kgf/cm2,compact,b6782029f51f75bc,train
炉顶压力,blast_furnace,top_gas_pressure,useful,state,kgf/cm2,template,61154c3823526d6f,train
炉顶压力[kgf/cm2],blast_furnace,top_gas_pressure,useful,state,kgf/cm2,unit_bracket,61154c3823526d6f,train
炉顶压力_01,blast_furnace,top_gas_pressure,useful,state,kgf/cm2,channel_suffix,61154c3823526d6f,train
炉顶压力_PV,blast_furnace,top_gas_pressure,useful,state,kgf/cm2,control_suffix,61154c3823526d6f,train
炉顶压力_kgf/cm2,blast_furnace,top_gas_pressure,useful,state,kgf/cm2,unit_suffix,61154c3823526d6f,train
炉顶煤气压力,blast_furnace,top_gas_pressure,useful,state,kgf/cm2,template,65b284ad7b9ca8d1,train
炉顶煤气压力[kgf/cm2],blast_furnace,top_gas_pressure,useful,state,kgf/cm2,unit_bracket,65b284ad7b9ca8d1,train
炉顶煤气压力_01,blast_furnace,top_gas_pressure,useful,state,kgf/cm2,channel_suffix,65b284ad7b9ca8d1,train
炉顶煤气压力_PV,blast_furnace,top_gas_pressure,useful,state,kgf/cm2,control_suffix,65b284ad7b9ca8d1,train
炉顶煤气压力_kgf/cm2,blast_furnace,top_gas_pressure,useful,state,kgf/cm2,unit_suffix,65b284ad7b9ca8d1,train
装置5-Pt-CH30-VALUE,blast_furnace,top_gas_pressure,useful,state,kgf/cm2,vendor_channel_tag,a0c408820d3f572e,train
装置5-TOP_GAS_PRESSURE-CH30-VALUE,blast_furnace,top_gas_pressure,useful,state,kgf/cm2,vendor_channel_tag,8c6ea5690c93a2a4,train
装置5-top_gas_pressure-CH30-VALUE,blast_furnace,top_gas_pressure,useful,state,kgf/cm2,vendor_channel_tag,b6782029f51f75bc,train
装置5-炉顶压力-CH30-VALUE,blast_furnace,top_gas_pressure,useful,state,kgf/cm2,vendor_channel_tag,61154c3823526d6f,train
装置5-炉顶煤气压力-CH30-VALUE,blast_furnace,top_gas_pressure,useful,state,kgf/cm2,vendor_channel_tag,65b284ad7b9ca8d1,train
1号Top gas temperature 1,blast_furnace,top_gas_temp_1,useful,state,degC,equipment_prefix,6b0fdc1c7b32a047,train
1号Tt1,blast_furnace,top_gas_temp_1,useful,state,degC,equipment_prefix,c5bec8d90f13f52d,train
1号top_gas_temp_1,blast_furnace,top_gas_temp_1,useful,state,degC,equipment_prefix,6e9183ad433e587d,train
1号炉顶温度1,blast_furnace,top_gas_temp_1,useful,state,degC,equipment_prefix,dd0711c2fa30b5e1,train
A线_Top gas temperature 1,blast_furnace,top_gas_temp_1,useful,state,degC,line_prefix,6b0fdc1c7b32a047,train
A线_Tt1,blast_furnace,top_gas_temp_1,useful,state,degC,line_prefix,c5bec8d90f13f52d,train
A线_top_gas_temp_1,blast_furnace,top_gas_temp_1,useful,state,degC,line_prefix,6e9183ad433e587d,train
A线_炉顶温度1,blast_furnace,top_gas_temp_1,useful,state,degC,line_prefix,dd0711c2fa30b5e1,train
B线#Top gas temperature 1#测点42,blast_furnace,top_gas_temp_1,useful,state,degC,line_point_tag,6b0fdc1c7b32a047,train
B线#Tt1#测点42,blast_furnace,top_gas_temp_1,useful,state,degC,line_point_tag,c5bec8d90f13f52d,train
B线#top_gas_temp_1#测点42,blast_furnace,top_gas_temp_1,useful,state,degC,line_point_tag,6e9183ad433e587d,train
B线#炉顶温度1#测点42,blast_furnace,top_gas_temp_1,useful,state,degC,line_point_tag,dd0711c2fa30b5e1,train
DCS_03_Top_gas_temperature_1_PV_17,blast_furnace,top_gas_temp_1,useful,state,degC,vendor_dcs_tag,6b0fdc1c7b32a047,train
DCS_03_Tt1_PV_17,blast_furnace,top_gas_temp_1,useful,state,degC,vendor_dcs_tag,c5bec8d90f13f52d,train
DCS_03_top_gas_temp_1_PV_17,blast_furnace,top_gas_temp_1,useful,state,degC,vendor_dcs_tag,6e9183ad433e587d,train
DCS_03_炉顶温度1_PV_17,blast_furnace,top_gas_temp_1,useful,state,degC,vendor_dcs_tag,dd0711c2fa30b5e1,train
HMI.22.Top_gas_temperature_1.AI,blast_furnace,top_gas_temp_1,useful,state,degC,vendor_hmi_tag,6b0fdc1c7b32a047,train
HMI.22.Tt1.AI,blast_furnace,top_gas_temp_1,useful,state,degC,vendor_hmi_tag,c5bec8d90f13f52d,train
HMI.22.top_gas_temp_1.AI,blast_furnace,top_gas_temp_1,useful,state,degC,vendor_hmi_tag,6e9183ad433e587d,train
HMI.22.炉顶温度1.AI,blast_furnace,top_gas_temp_1,useful,state,degC,vendor_hmi_tag,dd0711c2fa30b5e1,train
TOP_GAS_TEMPERATURE_1,blast_furnace,top_gas_temp_1,useful,state,degC,uppercase,6b0fdc1c7b32a047,train
TOP_GAS_TEMP_1,blast_furnace,top_gas_temp_1,useful,state,degC,uppercase,6e9183ad433e587d,train
TT1,blast_furnace,top_gas_temp_1,useful,state,degC,uppercase,c5bec8d90f13f52d,train
Top gas temperature 1,blast_furnace,top_gas_temp_1,useful,state,degC,template,6b0fdc1c7b32a047,train
Top gas temperature 1[degC],blast_furnace,top_gas_temp_1,useful,state,degC,unit_bracket,6b0fdc1c7b32a047,train
Top_gas_temperature_1,blast_furnace,top_gas_temp_1,useful,state,degC,normalized,6b0fdc1c7b32a047,train
Top_gas_temperature_1_01,blast_furnace,top_gas_temp_1,useful,state,degC,channel_suffix,6b0fdc1c7b32a047,train
Top_gas_temperature_1_PV,blast_furnace,top_gas_temp_1,useful,state,degC,control_suffix,6b0fdc1c7b32a047,train
Top_gas_temperature_1_degC,blast_furnace,top_gas_temp_1,useful,state,degC,unit_suffix,6b0fdc1c7b32a047,train
Topgastemperature1,blast_furnace,top_gas_temp_1,useful,state,degC,compact,6b0fdc1c7b32a047,train
Tt1,blast_furnace,top_gas_temp_1,useful,state,degC,template,c5bec8d90f13f52d,train
Tt1[degC],blast_furnace,top_gas_temp_1,useful,state,degC,unit_bracket,c5bec8d90f13f52d,train
Tt1_01,blast_furnace,top_gas_temp_1,useful,state,degC,channel_suffix,c5bec8d90f13f52d,train
Tt1_PV,blast_furnace,top_gas_temp_1,useful,state,degC,control_suffix,c5bec8d90f13f52d,train
Tt1_degC,blast_furnace,top_gas_temp_1,useful,state,degC,unit_suffix,c5bec8d90f13f52d,train
top_gas_temp_1,blast_furnace,top_gas_temp_1,useful,state,degC,template,6e9183ad433e587d,train
top_gas_temp_1[degC],blast_furnace,top_gas_temp_1,useful,state,degC,unit_bracket,6e9183ad433e587d,train
top_gas_temp_1_01,blast_furnace,top_gas_temp_1,useful,state,degC,channel_suffix,6e9183ad433e587d,train
top_gas_temp_1_PV,blast_furnace,top_gas_temp_1,useful,state,degC,control_suffix,6e9183ad433e587d,train
top_gas_temp_1_degC,blast_furnace,top_gas_temp_1,useful,state,degC,unit_suffix,6e9183ad433e587d,train
topgastemp1,blast_furnace,top_gas_temp_1,useful,state,degC,compact,6e9183ad433e587d,train
炉顶温度1,blast_furnace,top_gas_temp_1,useful,state,degC,template,dd0711c2fa30b5e1,train
炉顶温度1[degC],blast_furnace,top_gas_temp_1,useful,state,degC,unit_bracket,dd0711c2fa30b5e1,train
炉顶温度1_01,blast_furnace,top_gas_temp_1,useful,state,degC,channel_suffix,dd0711c2fa30b5e1,train
炉顶温度1_PV,blast_furnace,top_gas_temp_1,useful,state,degC,control_suffix,dd0711c2fa30b5e1,train
炉顶温度1_degC,blast_furnace,top_gas_temp_1,useful,state,degC,unit_suffix,dd0711c2fa30b5e1,train
装置5-Top_gas_temperature_1-CH30-VALUE,blast_furnace,top_gas_temp_1,useful,state,degC,vendor_channel_tag,6b0fdc1c7b32a047,train
装置5-Tt1-CH30-VALUE,blast_furnace,top_gas_temp_1,useful,state,degC,vendor_channel_tag,c5bec8d90f13f52d,train
装置5-top_gas_temp_1-CH30-VALUE,blast_furnace,top_gas_temp_1,useful,state,degC,vendor_channel_tag,6e9183ad433e587d,train
装置5-炉顶温度1-CH30-VALUE,blast_furnace,top_gas_temp_1,useful,state,degC,vendor_channel_tag,dd0711c2fa30b5e1,train
1号TOP_TEMP_2,blast_furnace,top_gas_temp_2,useful,state,degC,equipment_prefix,f2f9f90908594b39,train
1号Top gas temperature 2,blast_furnace,top_gas_temp_2,useful,state,degC,equipment_prefix,860ce65864abd62b,train
1号炉顶温度2,blast_furnace,top_gas_temp_2,useful,state,degC,equipment_prefix,e93e2f5812efbe8f,train
A线_TOP_TEMP_2,blast_furnace,top_gas_temp_2,useful,state,degC,line_prefix,f2f9f90908594b39,train
A线_Top gas temperature 2,blast_furnace,top_gas_temp_2,useful,state,degC,line_prefix,860ce65864abd62b,train
A线_炉顶温度2,blast_furnace,top_gas_temp_2,useful,state,degC,line_prefix,e93e2f5812efbe8f,train
B线#TOP_TEMP_2#测点42,blast_furnace,top_gas_temp_2,useful,state,degC,line_point_tag,f2f9f90908594b39,train
B线#Top gas temperature 2#测点42,blast_furnace,top_gas_temp_2,useful,state,degC,line_point_tag,860ce65864abd62b,train
B线#炉顶温度2#测点42,blast_furnace,top_gas_temp_2,useful,state,degC,line_point_tag,e93e2f5812efbe8f,train
DCS_03_TOP_TEMP_2_PV_17,blast_furnace,top_gas_temp_2,useful,state,degC,vendor_dcs_tag,f2f9f90908594b39,train
DCS_03_Top_gas_temperature_2_PV_17,blast_furnace,top_gas_temp_2,useful,state,degC,vendor_dcs_tag,860ce65864abd62b,train
DCS_03_炉顶温度2_PV_17,blast_furnace,top_gas_temp_2,useful,state,degC,vendor_dcs_tag,e93e2f5812efbe8f,train
HMI.22.TOP_TEMP_2.AI,blast_furnace,top_gas_temp_2,useful,state,degC,vendor_hmi_tag,f2f9f90908594b39,train
HMI.22.Top_gas_temperature_2.AI,blast_furnace,top_gas_temp_2,useful,state,degC,vendor_hmi_tag,860ce65864abd62b,train
HMI.22.炉顶温度2.AI,blast_furnace,top_gas_temp_2,useful,state,degC,vendor_hmi_tag,e93e2f5812efbe8f,train
TOPTEMP2,blast_furnace,top_gas_temp_2,useful,state,degC,compact,f2f9f90908594b39,train
TOP_GAS_TEMPERATURE_2,blast_furnace,top_gas_temp_2,useful,state,degC,uppercase,860ce65864abd62b,train
TOP_TEMP_2,blast_furnace,top_gas_temp_2,useful,state,degC,template,f2f9f90908594b39,train
TOP_TEMP_2[degC],blast_furnace,top_gas_temp_2,useful,state,degC,unit_bracket,f2f9f90908594b39,train
TOP_TEMP_2_01,blast_furnace,top_gas_temp_2,useful,state,degC,channel_suffix,f2f9f90908594b39,train
TOP_TEMP_2_PV,blast_furnace,top_gas_temp_2,useful,state,degC,control_suffix,f2f9f90908594b39,train
TOP_TEMP_2_degC,blast_furnace,top_gas_temp_2,useful,state,degC,unit_suffix,f2f9f90908594b39,train
Top gas temperature 2,blast_furnace,top_gas_temp_2,useful,state,degC,template,860ce65864abd62b,train
Top gas temperature 2[degC],blast_furnace,top_gas_temp_2,useful,state,degC,unit_bracket,860ce65864abd62b,train
Top_gas_temperature_2,blast_furnace,top_gas_temp_2,useful,state,degC,normalized,860ce65864abd62b,train
Top_gas_temperature_2_01,blast_furnace,top_gas_temp_2,useful,state,degC,channel_suffix,860ce65864abd62b,train
Top_gas_temperature_2_PV,blast_furnace,top_gas_temp_2,useful,state,degC,control_suffix,860ce65864abd62b,train
Top_gas_temperature_2_degC,blast_furnace,top_gas_temp_2,useful,state,degC,unit_suffix,860ce65864abd62b,train
Topgastemperature2,blast_furnace,top_gas_temp_2,useful,state,degC,compact,860ce65864abd62b,train
炉顶温度2,blast_furnace,top_gas_temp_2,useful,state,degC,template,e93e2f5812efbe8f,train
炉顶温度2[degC],blast_furnace,top_gas_temp_2,useful,state,degC,unit_bracket,e93e2f5812efbe8f,train
炉顶温度2_01,blast_furnace,top_gas_temp_2,useful,state,degC,channel_suffix,e93e2f5812efbe8f,train
炉顶温度2_PV,blast_furnace,top_gas_temp_2,useful,state,degC,control_suffix,e93e2f5812efbe8f,train
炉顶温度2_degC,blast_furnace,top_gas_temp_2,useful,state,degC,unit_suffix,e93e2f5812efbe8f,train
装置5-TOP_TEMP_2-CH30-VALUE,blast_furnace,top_gas_temp_2,useful,state,degC,vendor_channel_tag,f2f9f90908594b39,train
装置5-Top_gas_temperature_2-CH30-VALUE,blast_furnace,top_gas_temp_2,useful,state,degC,vendor_channel_tag,860ce65864abd62b,train
装置5-炉顶温度2-CH30-VALUE,blast_furnace,top_gas_temp_2,useful,state,degC,vendor_channel_tag,e93e2f5812efbe8f,train
1号TOP_TEMP_3,blast_furnace,top_gas_temp_3,useful,state,degC,equipment_prefix,26eb89123dd14ef2,train
1号Tt3,blast_furnace,top_gas_temp_3,useful,state,degC,equipment_prefix,b8609ca727403330,train
1号炉顶温度3,blast_furnace,top_gas_temp_3,useful,state,degC,equipment_prefix,0ea26b1730546dcd,train
A线_TOP_TEMP_3,blast_furnace,top_gas_temp_3,useful,state,degC,line_prefix,26eb89123dd14ef2,train
A线_Tt3,blast_furnace,top_gas_temp_3,useful,state,degC,line_prefix,b8609ca727403330,train
A线_炉顶温度3,blast_furnace,top_gas_temp_3,useful,state,degC,line_prefix,0ea26b1730546dcd,train
B线#TOP_TEMP_3#测点42,blast_furnace,top_gas_temp_3,useful,state,degC,line_point_tag,26eb89123dd14ef2,train
B线#Tt3#测点42,blast_furnace,top_gas_temp_3,useful,state,degC,line_point_tag,b8609ca727403330,train
B线#炉顶温度3#测点42,blast_furnace,top_gas_temp_3,useful,state,degC,line_point_tag,0ea26b1730546dcd,train
DCS_03_TOP_TEMP_3_PV_17,blast_furnace,top_gas_temp_3,useful,state,degC,vendor_dcs_tag,26eb89123dd14ef2,train
DCS_03_Tt3_PV_17,blast_furnace,top_gas_temp_3,useful,state,degC,vendor_dcs_tag,b8609ca727403330,train
DCS_03_炉顶温度3_PV_17,blast_furnace,top_gas_temp_3,useful,state,degC,vendor_dcs_tag,0ea26b1730546dcd,train
HMI.22.TOP_TEMP_3.AI,blast_furnace,top_gas_temp_3,useful,state,degC,vendor_hmi_tag,26eb89123dd14ef2,train
HMI.22.Tt3.AI,blast_furnace,top_gas_temp_3,useful,state,degC,vendor_hmi_tag,b8609ca727403330,train
HMI.22.炉顶温度3.AI,blast_furnace,top_gas_temp_3,useful,state,degC,vendor_hmi_tag,0ea26b1730546dcd,train
TOPTEMP3,blast_furnace,top_gas_temp_3,useful,state,degC,compact,26eb89123dd14ef2,train
TOP_TEMP_3,blast_furnace,top_gas_temp_3,useful,state,degC,template,26eb89123dd14ef2,train
TOP_TEMP_3[degC],blast_furnace,top_gas_temp_3,useful,state,degC,unit_bracket,26eb89123dd14ef2,train
TOP_TEMP_3_01,blast_furnace,top_gas_temp_3,useful,state,degC,channel_suffix,26eb89123dd14ef2,train
TOP_TEMP_3_PV,blast_furnace,top_gas_temp_3,useful,state,degC,control_suffix,26eb89123dd14ef2,train
TOP_TEMP_3_degC,blast_furnace,top_gas_temp_3,useful,state,degC,unit_suffix,26eb89123dd14ef2,train
TT3,blast_furnace,top_gas_temp_3,useful,state,degC,uppercase,b8609ca727403330,train
Tt3,blast_furnace,top_gas_temp_3,useful,state,degC,template,b8609ca727403330,train
Tt3[degC],blast_furnace,top_gas_temp_3,useful,state,degC,unit_bracket,b8609ca727403330,train
Tt3_01,blast_furnace,top_gas_temp_3,useful,state,degC,channel_suffix,b8609ca727403330,train
Tt3_PV,blast_furnace,top_gas_temp_3,useful,state,degC,control_suffix,b8609ca727403330,train
Tt3_degC,blast_furnace,top_gas_temp_3,useful,state,degC,unit_suffix,b8609ca727403330,train
炉顶温度3,blast_furnace,top_gas_temp_3,useful,state,degC,template,0ea26b1730546dcd,train
炉顶温度3[degC],blast_furnace,top_gas_temp_3,useful,state,degC,unit_bracket,0ea26b1730546dcd,train
炉顶温度3_01,blast_furnace,top_gas_temp_3,useful,state,degC,channel_suffix,0ea26b1730546dcd,train
炉顶温度3_PV,blast_furnace,top_gas_temp_3,useful,state,degC,control_suffix,0ea26b1730546dcd,train
炉顶温度3_degC,blast_furnace,top_gas_temp_3,useful,state,degC,unit_suffix,0ea26b1730546dcd,train
装置5-TOP_TEMP_3-CH30-VALUE,blast_furnace,top_gas_temp_3,useful,state,degC,vendor_channel_tag,26eb89123dd14ef2,train
装置5-Tt3-CH30-VALUE,blast_furnace,top_gas_temp_3,useful,state,degC,vendor_channel_tag,b8609ca727403330,train
装置5-炉顶温度3-CH30-VALUE,blast_furnace,top_gas_temp_3,useful,state,degC,vendor_channel_tag,0ea26b1730546dcd,train
1号TOP_TEMP_4,blast_furnace,top_gas_temp_4,useful,state,degC,equipment_prefix,900d33bbf78d6d53,train
1号Top gas temperature 4,blast_furnace,top_gas_temp_4,useful,state,degC,equipment_prefix,75941e92b7da7a6f,train
1号Tt4,blast_furnace,top_gas_temp_4,useful,state,degC,equipment_prefix,5a4d1cd6fca91b33,train
1号炉顶温度4,blast_furnace,top_gas_temp_4,useful,state,degC,equipment_prefix,575d57813fa38146,train
A线_TOP_TEMP_4,blast_furnace,top_gas_temp_4,useful,state,degC,line_prefix,900d33bbf78d6d53,train
A线_Top gas temperature 4,blast_furnace,top_gas_temp_4,useful,state,degC,line_prefix,75941e92b7da7a6f,train
A线_Tt4,blast_furnace,top_gas_temp_4,useful,state,degC,line_prefix,5a4d1cd6fca91b33,train
A线_炉顶温度4,blast_furnace,top_gas_temp_4,useful,state,degC,line_prefix,575d57813fa38146,train
B线#TOP_TEMP_4#测点42,blast_furnace,top_gas_temp_4,useful,state,degC,line_point_tag,900d33bbf78d6d53,train
B线#Top gas temperature 4#测点42,blast_furnace,top_gas_temp_4,useful,state,degC,line_point_tag,75941e92b7da7a6f,train
B线#Tt4#测点42,blast_furnace,top_gas_temp_4,useful,state,degC,line_point_tag,5a4d1cd6fca91b33,train
B线#炉顶温度4#测点42,blast_furnace,top_gas_temp_4,useful,state,degC,line_point_tag,575d57813fa38146,train
DCS_03_TOP_TEMP_4_PV_17,blast_furnace,top_gas_temp_4,useful,state,degC,vendor_dcs_tag,900d33bbf78d6d53,train
DCS_03_Top_gas_temperature_4_PV_17,blast_furnace,top_gas_temp_4,useful,state,degC,vendor_dcs_tag,75941e92b7da7a6f,train
DCS_03_Tt4_PV_17,blast_furnace,top_gas_temp_4,useful,state,degC,vendor_dcs_tag,5a4d1cd6fca91b33,train
DCS_03_炉顶温度4_PV_17,blast_furnace,top_gas_temp_4,useful,state,degC,vendor_dcs_tag,575d57813fa38146,train
HMI.22.TOP_TEMP_4.AI,blast_furnace,top_gas_temp_4,useful,state,degC,vendor_hmi_tag,900d33bbf78d6d53,train
HMI.22.Top_gas_temperature_4.AI,blast_furnace,top_gas_temp_4,useful,state,degC,vendor_hmi_tag,75941e92b7da7a6f,train
HMI.22.Tt4.AI,blast_furnace,top_gas_temp_4,useful,state,degC,vendor_hmi_tag,5a4d1cd6fca91b33,train
HMI.22.炉顶温度4.AI,blast_furnace,top_gas_temp_4,useful,state,degC,vendor_hmi_tag,575d57813fa38146,train
TOPTEMP4,blast_furnace,top_gas_temp_4,useful,state,degC,compact,900d33bbf78d6d53,train
TOP_GAS_TEMPERATURE_4,blast_furnace,top_gas_temp_4,useful,state,degC,uppercase,75941e92b7da7a6f,train
TOP_TEMP_4,blast_furnace,top_gas_temp_4,useful,state,degC,template,900d33bbf78d6d53,train
TOP_TEMP_4[degC],blast_furnace,top_gas_temp_4,useful,state,degC,unit_bracket,900d33bbf78d6d53,train
TOP_TEMP_4_01,blast_furnace,top_gas_temp_4,useful,state,degC,channel_suffix,900d33bbf78d6d53,train
TOP_TEMP_4_PV,blast_furnace,top_gas_temp_4,useful,state,degC,control_suffix,900d33bbf78d6d53,train
TOP_TEMP_4_degC,blast_furnace,top_gas_temp_4,useful,state,degC,unit_suffix,900d33bbf78d6d53,train
TT4,blast_furnace,top_gas_temp_4,useful,state,degC,uppercase,5a4d1cd6fca91b33,train
Top gas temperature 4,blast_furnace,top_gas_temp_4,useful,state,degC,template,75941e92b7da7a6f,train
Top gas temperature 4[degC],blast_furnace,top_gas_temp_4,useful,state,degC,unit_bracket,75941e92b7da7a6f,train
Top_gas_temperature_4,blast_furnace,top_gas_temp_4,useful,state,degC,normalized,75941e92b7da7a6f,train
Top_gas_temperature_4_01,blast_furnace,top_gas_temp_4,useful,state,degC,channel_suffix,75941e92b7da7a6f,train
Top_gas_temperature_4_PV,blast_furnace,top_gas_temp_4,useful,state,degC,control_suffix,75941e92b7da7a6f,train
Top_gas_temperature_4_degC,blast_furnace,top_gas_temp_4,useful,state,degC,unit_suffix,75941e92b7da7a6f,train
Topgastemperature4,blast_furnace,top_gas_temp_4,useful,state,degC,compact,75941e92b7da7a6f,train
Tt4,blast_furnace,top_gas_temp_4,useful,state,degC,template,5a4d1cd6fca91b33,train
Tt4[degC],blast_furnace,top_gas_temp_4,useful,state,degC,unit_bracket,5a4d1cd6fca91b33,train
Tt4_01,blast_furnace,top_gas_temp_4,useful,state,degC,channel_suffix,5a4d1cd6fca91b33,train
Tt4_PV,blast_furnace,top_gas_temp_4,useful,state,degC,control_suffix,5a4d1cd6fca91b33,train
Tt4_degC,blast_furnace,top_gas_temp_4,useful,state,degC,unit_suffix,5a4d1cd6fca91b33,train
炉顶温度4,blast_furnace,top_gas_temp_4,useful,state,degC,template,575d57813fa38146,train
炉顶温度4[degC],blast_furnace,top_gas_temp_4,useful,state,degC,unit_bracket,575d57813fa38146,train
炉顶温度4_01,blast_furnace,top_gas_temp_4,useful,state,degC,channel_suffix,575d57813fa38146,train
炉顶温度4_PV,blast_furnace,top_gas_temp_4,useful,state,degC,control_suffix,575d57813fa38146,train
炉顶温度4_degC,blast_furnace,top_gas_temp_4,useful,state,degC,unit_suffix,575d57813fa38146,train
装置5-TOP_TEMP_4-CH30-VALUE,blast_furnace,top_gas_temp_4,useful,state,degC,vendor_channel_tag,900d33bbf78d6d53,train
装置5-Top_gas_temperature_4-CH30-VALUE,blast_furnace,top_gas_temp_4,useful,state,degC,vendor_channel_tag,75941e92b7da7a6f,train
装置5-Tt4-CH30-VALUE,blast_furnace,top_gas_temp_4,useful,state,degC,vendor_channel_tag,5a4d1cd6fca91b33,train
装置5-炉顶温度4-CH30-VALUE,blast_furnace,top_gas_temp_4,useful,state,degC,vendor_channel_tag,575d57813fa38146,train
1号TOTAL_DP,blast_furnace,total_pressure_drop,useful,state,kgf/cm2,equipment_prefix,6eb3e32755773e86,train
1号total_pressure_drop,blast_furnace,total_pressure_drop,useful,state,kgf/cm2,equipment_prefix,d2e5113c87865f5f,train
1号全压差,blast_furnace,total_pressure_drop,useful,state,kgf/cm2,equipment_prefix,3fdf7d2f9343ac75,train
1号高炉总压差,blast_furnace,total_pressure_drop,useful,state,kgf/cm2,equipment_prefix,026f12e09aff1692,train
A线_TOTAL_DP,blast_furnace,total_pressure_drop,useful,state,kgf/cm2,line_prefix,6eb3e32755773e86,train
A线_total_pressure_drop,blast_furnace,total_pressure_drop,useful,state,kgf/cm2,line_prefix,d2e5113c87865f5f,train
A线_全压差,blast_furnace,total_pressure_drop,useful,state,kgf/cm2,line_prefix,3fdf7d2f9343ac75,train
A线_高炉总压差,blast_furnace,total_pressure_drop,useful,state,kgf/cm2,line_prefix,026f12e09aff1692,train
B线#TOTAL_DP#测点42,blast_furnace,total_pressure_drop,useful,state,kgf/cm2,line_point_tag,6eb3e32755773e86,train
B线#total_pressure_drop#测点42,blast_furnace,total_pressure_drop,useful,state,kgf/cm2,line_point_tag,d2e5113c87865f5f,train
B线#全压差#测点42,blast_furnace,total_pressure_drop,useful,state,kgf/cm2,line_point_tag,3fdf7d2f9343ac75,train
B线#高炉总压差#测点42,blast_furnace,total_pressure_drop,useful,state,kgf/cm2,line_point_tag,026f12e09aff1692,train
DCS_03_TOTAL_DP_PV_17,blast_furnace,total_pressure_drop,useful,state,kgf/cm2,vendor_dcs_tag,6eb3e32755773e86,train
DCS_03_total_pressure_drop_PV_17,blast_furnace,total_pressure_drop,useful,state,kgf/cm2,vendor_dcs_tag,d2e5113c87865f5f,train
DCS_03_全压差_PV_17,blast_furnace,total_pressure_drop,useful,state,kgf/cm2,vendor_dcs_tag,3fdf7d2f9343ac75,train
DCS_03_高炉总压差_PV_17,blast_furnace,total_pressure_drop,useful,state,kgf/cm2,vendor_dcs_tag,026f12e09aff1692,train
HMI.22.TOTAL_DP.AI,blast_furnace,total_pressure_drop,useful,state,kgf/cm2,vendor_hmi_tag,6eb3e32755773e86,train
HMI.22.total_pressure_drop.AI,blast_furnace,total_pressure_drop,useful,state,kgf/cm2,vendor_hmi_tag,d2e5113c87865f5f,train
HMI.22.全压差.AI,blast_furnace,total_pressure_drop,useful,state,kgf/cm2,vendor_hmi_tag,3fdf7d2f9343ac75,train
HMI.22.高炉总压差.AI,blast_furnace,total_pressure_drop,useful,state,kgf/cm2,vendor_hmi_tag,026f12e09aff1692,train
TOTALDP,blast_furnace,total_pressure_drop,useful,state,kgf/cm2,compact,6eb3e32755773e86,train
TOTAL_DP,blast_furnace,total_pressure_drop,useful,state,kgf/cm2,template,6eb3e32755773e86,train
TOTAL_DP[kgf/cm2],blast_furnace,total_pressure_drop,useful,state,kgf/cm2,unit_bracket,6eb3e32755773e86,train
TOTAL_DP_01,blast_furnace,total_pressure_drop,useful,state,kgf/cm2,channel_suffix,6eb3e32755773e86,train
TOTAL_DP_PV,blast_furnace,total_pressure_drop,useful,state,kgf/cm2,control_suffix,6eb3e32755773e86,train
TOTAL_DP_kgf/cm2,blast_furnace,total_pressure_drop,useful,state,kgf/cm2,unit_suffix,6eb3e32755773e86,train
TOTAL_PRESSURE_DROP,blast_furnace,total_pressure_drop,useful,state,kgf/cm2,uppercase,d2e5113c87865f5f,train
total_pressure_drop,blast_furnace,total_pressure_drop,useful,state,kgf/cm2,template,d2e5113c87865f5f,train
total_pressure_drop[kgf/cm2],blast_furnace,total_pressure_drop,useful,state,kgf/cm2,unit_bracket,d2e5113c87865f5f,train
total_pressure_drop_01,blast_furnace,total_pressure_drop,useful,state,kgf/cm2,channel_suffix,d2e5113c87865f5f,train
total_pressure_drop_PV,blast_furnace,total_pressure_drop,useful,state,kgf/cm2,control_suffix,d2e5113c87865f5f,train
total_pressure_drop_kgf/cm2,blast_furnace,total_pressure_drop,useful,state,kgf/cm2,unit_suffix,d2e5113c87865f5f,train
totalpressuredrop,blast_furnace,total_pressure_drop,useful,state,kgf/cm2,compact,d2e5113c87865f5f,train
全压差,blast_furnace,total_pressure_drop,useful,state,kgf/cm2,template,3fdf7d2f9343ac75,train
全压差[kgf/cm2],blast_furnace,total_pressure_drop,useful,state,kgf/cm2,unit_bracket,3fdf7d2f9343ac75,train
全压差_01,blast_furnace,total_pressure_drop,useful,state,kgf/cm2,channel_suffix,3fdf7d2f9343ac75,train
全压差_PV,blast_furnace,total_pressure_drop,useful,state,kgf/cm2,control_suffix,3fdf7d2f9343ac75,train
全压差_kgf/cm2,blast_furnace,total_pressure_drop,useful,state,kgf/cm2,unit_suffix,3fdf7d2f9343ac75,train
装置5-TOTAL_DP-CH30-VALUE,blast_furnace,total_pressure_drop,useful,state,kgf/cm2,vendor_channel_tag,6eb3e32755773e86,train
装置5-total_pressure_drop-CH30-VALUE,blast_furnace,total_pressure_drop,useful,state,kgf/cm2,vendor_channel_tag,d2e5113c87865f5f,train
装置5-全压差-CH30-VALUE,blast_furnace,total_pressure_drop,useful,state,kgf/cm2,vendor_channel_tag,3fdf7d2f9343ac75,train
装置5-高炉总压差-CH30-VALUE,blast_furnace,total_pressure_drop,useful,state,kgf/cm2,vendor_channel_tag,026f12e09aff1692,train
高炉总压差,blast_furnace,total_pressure_drop,useful,state,kgf/cm2,template,026f12e09aff1692,train
高炉总压差[kgf/cm2],blast_furnace,total_pressure_drop,useful,state,kgf/cm2,unit_bracket,026f12e09aff1692,train
高炉总压差_01,blast_furnace,total_pressure_drop,useful,state,kgf/cm2,channel_suffix,026f12e09aff1692,train
高炉总压差_PV,blast_furnace,total_pressure_drop,useful,state,kgf/cm2,control_suffix,026f12e09aff1692,train
高炉总压差_kgf/cm2,blast_furnace,total_pressure_drop,useful,state,kgf/cm2,unit_suffix,026f12e09aff1692,train
1号UPPER_DP,blast_furnace,upper_pressure_drop,useful,state,kgf/cm2,equipment_prefix,3f219e1899170fc4,train
1号Upper gas pressure difference,blast_furnace,upper_pressure_drop,useful,state,kgf/cm2,equipment_prefix,bda2e6e224a10b72,train
A线_UPPER_DP,blast_furnace,upper_pressure_drop,useful,state,kgf/cm2,line_prefix,3f219e1899170fc4,train
A线_Upper gas pressure difference,blast_furnace,upper_pressure_drop,useful,state,kgf/cm2,line_prefix,bda2e6e224a10b72,train
B线#UPPER_DP#测点42,blast_furnace,upper_pressure_drop,useful,state,kgf/cm2,line_point_tag,3f219e1899170fc4,train
B线#Upper gas pressure difference#测点42,blast_furnace,upper_pressure_drop,useful,state,kgf/cm2,line_point_tag,bda2e6e224a10b72,train
DCS_03_UPPER_DP_PV_17,blast_furnace,upper_pressure_drop,useful,state,kgf/cm2,vendor_dcs_tag,3f219e1899170fc4,train
DCS_03_Upper_gas_pressure_difference_PV_17,blast_furnace,upper_pressure_drop,useful,state,kgf/cm2,vendor_dcs_tag,bda2e6e224a10b72,train
HMI.22.UPPER_DP.AI,blast_furnace,upper_pressure_drop,useful,state,kgf/cm2,vendor_hmi_tag,3f219e1899170fc4,train
HMI.22.Upper_gas_pressure_difference.AI,blast_furnace,upper_pressure_drop,useful,state,kgf/cm2,vendor_hmi_tag,bda2e6e224a10b72,train
UPPERDP,blast_furnace,upper_pressure_drop,useful,state,kgf/cm2,compact,3f219e1899170fc4,train
UPPER_DP,blast_furnace,upper_pressure_drop,useful,state,kgf/cm2,template,3f219e1899170fc4,train
UPPER_DP[kgf/cm2],blast_furnace,upper_pressure_drop,useful,state,kgf/cm2,unit_bracket,3f219e1899170fc4,train
UPPER_DP_01,blast_furnace,upper_pressure_drop,useful,state,kgf/cm2,channel_suffix,3f219e1899170fc4,train
UPPER_DP_PV,blast_furnace,upper_pressure_drop,useful,state,kgf/cm2,control_suffix,3f219e1899170fc4,train
UPPER_DP_kgf/cm2,blast_furnace,upper_pressure_drop,useful,state,kgf/cm2,unit_suffix,3f219e1899170fc4,train
UPPER_GAS_PRESSURE_DIFFERENCE,blast_furnace,upper_pressure_drop,useful,state,kgf/cm2,uppercase,bda2e6e224a10b72,train
Upper gas pressure difference,blast_furnace,upper_pressure_drop,useful,state,kgf/cm2,template,bda2e6e224a10b72,train
Upper gas pressure difference[kgf/cm2],blast_furnace,upper_pressure_drop,useful,state,kgf/cm2,unit_bracket,bda2e6e224a10b72,train
Upper_gas_pressure_difference,blast_furnace,upper_pressure_drop,useful,state,kgf/cm2,normalized,bda2e6e224a10b72,train
Upper_gas_pressure_difference_01,blast_furnace,upper_pressure_drop,useful,state,kgf/cm2,channel_suffix,bda2e6e224a10b72,train
Upper_gas_pressure_difference_PV,blast_furnace,upper_pressure_drop,useful,state,kgf/cm2,control_suffix,bda2e6e224a10b72,train
Upper_gas_pressure_difference_kgf/cm2,blast_furnace,upper_pressure_drop,useful,state,kgf/cm2,unit_suffix,bda2e6e224a10b72,train
Uppergaspressuredifference,blast_furnace,upper_pressure_drop,useful,state,kgf/cm2,compact,bda2e6e224a10b72,train
装置5-UPPER_DP-CH30-VALUE,blast_furnace,upper_pressure_drop,useful,state,kgf/cm2,vendor_channel_tag,3f219e1899170fc4,train
装置5-Upper_gas_pressure_difference-CH30-VALUE,blast_furnace,upper_pressure_drop,useful,state,kgf/cm2,vendor_channel_tag,bda2e6e224a10b72,train
DCS_交换机端口状态_25,debutanizer_column,__irrelevant__,irrelevant,none,,negative_vendor,17d584d7ee4edca2,train
DCS_会议室预约状态_25,debutanizer_column,__irrelevant__,irrelevant,none,,negative_vendor,541197076421146c,train
DCS_值班员电子签名_25,debutanizer_column,__irrelevant__,irrelevant,none,,negative_vendor,1d4170b7c3de4f86,train
DCS_办公室温度_25,debutanizer_column,__irrelevant__,irrelevant,none,,negative_vendor,7ce16f7fd2a49f6d,train
DCS_厂区门禁记录_25,debutanizer_column,__irrelevant__,irrelevant,none,,negative_vendor,dbe924320f3c70b6,train
DCS_厂商备用测点_25,debutanizer_column,__irrelevant__,irrelevant,none,,negative_vendor,880d58d38a1e9bff,train
DCS_巡检照片地址_25,debutanizer_column,__irrelevant__,irrelevant,none,,negative_vendor,a47e2ca39deb0c5b,train
DCS_工单审批人_25,debutanizer_column,__irrelevant__,irrelevant,none,,negative_vendor,3ae81357ca340b91,train
DCS_打印机墨粉余量_25,debutanizer_column,__irrelevant__,irrelevant,none,,negative_vendor,68bab66dfd539668,train
DCS_报警文本_25,debutanizer_column,__irrelevant__,irrelevant,none,,negative_vendor,f767dc450e07051d,train
DCS_摄像头在线标志_25,debutanizer_column,__irrelevant__,irrelevant,none,,negative_vendor,78dcc6cfaa5d3567,train
DCS_操作员姓名_25,debutanizer_column,__irrelevant__,irrelevant,none,,negative_vendor,e38c846fed41edc5,train
DCS_数据库备份状态_25,debutanizer_column,__irrelevant__,irrelevant,none,,negative_vendor,08989fd2686536f6,train
DCS_文件上传时间_25,debutanizer_column,__irrelevant__,irrelevant,none,,negative_vendor,bb421cdba09d5865,train
DCS_日报打印次数_25,debutanizer_column,__irrelevant__,irrelevant,none,,negative_vendor,007e34100a68e1b0,train
DCS_检修记录_25,debutanizer_column,__irrelevant__,irrelevant,none,,negative_vendor,bcbdc3acf5fb487b,train
DCS_班组备注_25,debutanizer_column,__irrelevant__,irrelevant,none,,negative_vendor,be242c420528dc61,train
DCS_班车到站时间_25,debutanizer_column,__irrelevant__,irrelevant,none,,negative_vendor,01dce56983d3e58f,train
DCS_画面刷新周期_25,debutanizer_column,__irrelevant__,irrelevant,none,,negative_vendor,3868c40054ed20d0,train
DCS_画面颜色_25,debutanizer_column,__irrelevant__,irrelevant,none,,negative_vendor,2d83b8295211248c,train
DCS_视频码率_25,debutanizer_column,__irrelevant__,irrelevant,none,,negative_vendor,ac1b250668dac075,train
DCS_设备描述_25,debutanizer_column,__irrelevant__,irrelevant,none,,negative_vendor,7f7e11fd8948ea04,train
DCS_账户登录次数_25,debutanizer_column,__irrelevant__,irrelevant,none,,negative_vendor,84f3408d43da28b6,train
DCS_软件版本说明_25,debutanizer_column,__irrelevant__,irrelevant,none,,negative_vendor,565dc75dc58ba6b3,train
DCS_通讯状态字_25,debutanizer_column,__irrelevant__,irrelevant,none,,negative_vendor,a01ce2ddf4d0c555,train
DCS_鼠标点击计数_25,debutanizer_column,__irrelevant__,irrelevant,none,,negative_vendor,345074e37e025651,train
HMI.60.交换机端口状态.RAW,debutanizer_column,__irrelevant__,irrelevant,none,,negative_vendor,17d584d7ee4edca2,train
HMI.60.会议室预约状态.RAW,debutanizer_column,__irrelevant__,irrelevant,none,,negative_vendor,541197076421146c,train
HMI.60.值班员电子签名.RAW,debutanizer_column,__irrelevant__,irrelevant,none,,negative_vendor,1d4170b7c3de4f86,train
HMI.60.办公室温度.RAW,debutanizer_column,__irrelevant__,irrelevant,none,,negative_vendor,7ce16f7fd2a49f6d,train
HMI.60.厂区门禁记录.RAW,debutanizer_column,__irrelevant__,irrelevant,none,,negative_vendor,dbe924320f3c70b6,train
HMI.60.厂商备用测点.RAW,debutanizer_column,__irrelevant__,irrelevant,none,,negative_vendor,880d58d38a1e9bff,train
HMI.60.巡检照片地址.RAW,debutanizer_column,__irrelevant__,irrelevant,none,,negative_vendor,a47e2ca39deb0c5b,train
HMI.60.工单审批人.RAW,debutanizer_column,__irrelevant__,irrelevant,none,,negative_vendor,3ae81357ca340b91,train
HMI.60.打印机墨粉余量.RAW,debutanizer_column,__irrelevant__,irrelevant,none,,negative_vendor,68bab66dfd539668,train
HMI.60.报警文本.RAW,debutanizer_column,__irrelevant__,irrelevant,none,,negative_vendor,f767dc450e07051d,train
HMI.60.摄像头在线标志.RAW,debutanizer_column,__irrelevant__,irrelevant,none,,negative_vendor,78dcc6cfaa5d3567,train
HMI.60.操作员姓名.RAW,debutanizer_column,__irrelevant__,irrelevant,none,,negative_vendor,e38c846fed41edc5,train
HMI.60.数据库备份状态.RAW,debutanizer_column,__irrelevant__,irrelevant,none,,negative_vendor,08989fd2686536f6,train
HMI.60.文件上传时间.RAW,debutanizer_column,__irrelevant__,irrelevant,none,,negative_vendor,bb421cdba09d5865,train
HMI.60.日报打印次数.RAW,debutanizer_column,__irrelevant__,irrelevant,none,,negative_vendor,007e34100a68e1b0,train
HMI.60.检修记录.RAW,debutanizer_column,__irrelevant__,irrelevant,none,,negative_vendor,bcbdc3acf5fb487b,train
HMI.60.班组备注.RAW,debutanizer_column,__irrelevant__,irrelevant,none,,negative_vendor,be242c420528dc61,train
HMI.60.班车到站时间.RAW,debutanizer_column,__irrelevant__,irrelevant,none,,negative_vendor,01dce56983d3e58f,train
HMI.60.画面刷新周期.RAW,debutanizer_column,__irrelevant__,irrelevant,none,,negative_vendor,3868c40054ed20d0,train
HMI.60.画面颜色.RAW,debutanizer_column,__irrelevant__,irrelevant,none,,negative_vendor,2d83b8295211248c,train
HMI.60.视频码率.RAW,debutanizer_column,__irrelevant__,irrelevant,none,,negative_vendor,ac1b250668dac075,train
HMI.60.设备描述.RAW,debutanizer_column,__irrelevant__,irrelevant,none,,negative_vendor,7f7e11fd8948ea04,train
HMI.60.账户登录次数.RAW,debutanizer_column,__irrelevant__,irrelevant,none,,negative_vendor,84f3408d43da28b6,train
HMI.60.软件版本说明.RAW,debutanizer_column,__irrelevant__,irrelevant,none,,negative_vendor,565dc75dc58ba6b3,train
HMI.60.通讯状态字.RAW,debutanizer_column,__irrelevant__,irrelevant,none,,negative_vendor,a01ce2ddf4d0c555,train
HMI.60.鼠标点击计数.RAW,debutanizer_column,__irrelevant__,irrelevant,none,,negative_vendor,345074e37e025651,train
交换机端口状态,debutanizer_column,__irrelevant__,irrelevant,none,,negative,17d584d7ee4edca2,train
会议室预约状态,debutanizer_column,__irrelevant__,irrelevant,none,,negative,541197076421146c,train
值班员电子签名,debutanizer_column,__irrelevant__,irrelevant,none,,negative,1d4170b7c3de4f86,train
办公室温度,debutanizer_column,__irrelevant__,irrelevant,none,,negative,7ce16f7fd2a49f6d,train
厂区门禁记录,debutanizer_column,__irrelevant__,irrelevant,none,,negative,dbe924320f3c70b6,train
厂商备用测点,debutanizer_column,__irrelevant__,irrelevant,none,,negative,880d58d38a1e9bff,train
巡检照片地址,debutanizer_column,__irrelevant__,irrelevant,none,,negative,a47e2ca39deb0c5b,train
工单审批人,debutanizer_column,__irrelevant__,irrelevant,none,,negative,3ae81357ca340b91,train
打印机墨粉余量,debutanizer_column,__irrelevant__,irrelevant,none,,negative,68bab66dfd539668,train
报警文本,debutanizer_column,__irrelevant__,irrelevant,none,,negative,f767dc450e07051d,train
摄像头在线标志,debutanizer_column,__irrelevant__,irrelevant,none,,negative,78dcc6cfaa5d3567,train
操作员姓名,debutanizer_column,__irrelevant__,irrelevant,none,,negative,e38c846fed41edc5,train
数据库备份状态,debutanizer_column,__irrelevant__,irrelevant,none,,negative,08989fd2686536f6,train
文件上传时间,debutanizer_column,__irrelevant__,irrelevant,none,,negative,bb421cdba09d5865,train
日报打印次数,debutanizer_column,__irrelevant__,irrelevant,none,,negative,007e34100a68e1b0,train
检修记录,debutanizer_column,__irrelevant__,irrelevant,none,,negative,bcbdc3acf5fb487b,train
班组备注,debutanizer_column,__irrelevant__,irrelevant,none,,negative,be242c420528dc61,train
班车到站时间,debutanizer_column,__irrelevant__,irrelevant,none,,negative,01dce56983d3e58f,train
画面刷新周期,debutanizer_column,__irrelevant__,irrelevant,none,,negative,3868c40054ed20d0,train
画面颜色,debutanizer_column,__irrelevant__,irrelevant,none,,negative,2d83b8295211248c,train
视频码率,debutanizer_column,__irrelevant__,irrelevant,none,,negative,ac1b250668dac075,train
设备描述,debutanizer_column,__irrelevant__,irrelevant,none,,negative,7f7e11fd8948ea04,train
账户登录次数,debutanizer_column,__irrelevant__,irrelevant,none,,negative,84f3408d43da28b6,train
软件版本说明,debutanizer_column,__irrelevant__,irrelevant,none,,negative,565dc75dc58ba6b3,train
通讯状态字,debutanizer_column,__irrelevant__,irrelevant,none,,negative,a01ce2ddf4d0c555,train
鼠标点击计数,debutanizer_column,__irrelevant__,irrelevant,none,,negative,345074e37e025651,train
1号BOTTOM_C4,debutanizer_column,bottom_butane_content,required,controlled,percent,equipment_prefix,b696a37e0aabe32e,train
1号C4浓度,debutanizer_column,bottom_butane_content,required,controlled,percent,equipment_prefix,f09759b3f577f814,train
1号bottom_butane_content,debutanizer_column,bottom_butane_content,required,controlled,percent,equipment_prefix,3b16eaa6e0aa6e0f,train
1号butane content,debutanizer_column,bottom_butane_content,required,controlled,percent,equipment_prefix,9f545b365e87780b,train
1号u8,debutanizer_column,bottom_butane_content,required,controlled,percent,equipment_prefix,91ffe511e47c0888,train
1号丁烷含量,debutanizer_column,bottom_butane_content,required,controlled,percent,equipment_prefix,fce486fae08ae0dd,train
1号塔底C4,debutanizer_column,bottom_butane_content,required,controlled,percent,equipment_prefix,88479a9166e677ed,train
1号塔底C4浓度,debutanizer_column,bottom_butane_content,required,controlled,percent,equipment_prefix,dc6fd962eff39cd3,train
1号塔底丁烷含量,debutanizer_column,bottom_butane_content,required,controlled,percent,equipment_prefix,1e1ced227bda0f4c,train
A线_BOTTOM_C4,debutanizer_column,bottom_butane_content,required,controlled,percent,line_prefix,b696a37e0aabe32e,train
A线_C4浓度,debutanizer_column,bottom_butane_content,required,controlled,percent,line_prefix,f09759b3f577f814,train
A线_bottom_butane_content,debutanizer_column,bottom_butane_content,required,controlled,percent,line_prefix,3b16eaa6e0aa6e0f,train
A线_butane content,debutanizer_column,bottom_butane_content,required,controlled,percent,line_prefix,9f545b365e87780b,train
A线_u8,debutanizer_column,bottom_butane_content,required,controlled,percent,line_prefix,91ffe511e47c0888,train
A线_丁烷含量,debutanizer_column,bottom_butane_content,required,controlled,percent,line_prefix,fce486fae08ae0dd,train
A线_塔底C4,debutanizer_column,bottom_butane_content,required,controlled,percent,line_prefix,88479a9166e677ed,train
A线_塔底C4浓度,debutanizer_column,bottom_butane_content,required,controlled,percent,line_prefix,dc6fd962eff39cd3,train
A线_塔底丁烷含量,debutanizer_column,bottom_butane_content,required,controlled,percent,line_prefix,1e1ced227bda0f4c,train
BOTTOMC4,debutanizer_column,bottom_butane_content,required,controlled,percent,compact,b696a37e0aabe32e,train
BOTTOM_BUTANE_CONTENT,debutanizer_column,bottom_butane_content,required,controlled,percent,uppercase,3b16eaa6e0aa6e0f,train
BOTTOM_C4,debutanizer_column,bottom_butane_content,required,controlled,percent,template,b696a37e0aabe32e,train
BOTTOM_C4[percent],debutanizer_column,bottom_butane_content,required,controlled,percent,unit_bracket,b696a37e0aabe32e,train
BOTTOM_C4_01,debutanizer_column,bottom_butane_content,required,controlled,percent,channel_suffix,b696a37e0aabe32e,train
BOTTOM_C4_PV,debutanizer_column,bottom_butane_content,required,controlled,percent,control_suffix,b696a37e0aabe32e,train
BOTTOM_C4_percent,debutanizer_column,bottom_butane_content,required,controlled,percent,unit_suffix,b696a37e0aabe32e,train
BUTANE_CONTENT,debutanizer_column,bottom_butane_content,required,controlled,percent,uppercase,9f545b365e87780b,train
B线#BOTTOM_C4#测点42,debutanizer_column,bottom_butane_content,required,controlled,percent,line_point_tag,b696a37e0aabe32e,train
B线#C4浓度#测点42,debutanizer_column,bottom_butane_content,required,controlled,percent,line_point_tag,f09759b3f577f814,train
B线#bottom_butane_content#测点42,debutanizer_column,bottom_butane_content,required,controlled,percent,line_point_tag,3b16eaa6e0aa6e0f,train
B线#butane content#测点42,debutanizer_column,bottom_butane_content,required,controlled,percent,line_point_tag,9f545b365e87780b,train
B线#u8#测点42,debutanizer_column,bottom_butane_content,required,controlled,percent,line_point_tag,91ffe511e47c0888,train
B线#丁烷含量#测点42,debutanizer_column,bottom_butane_content,required,controlled,percent,line_point_tag,fce486fae08ae0dd,train
B线#塔底C4#测点42,debutanizer_column,bottom_butane_content,required,controlled,percent,line_point_tag,88479a9166e677ed,train
B线#塔底C4浓度#测点42,debutanizer_column,bottom_butane_content,required,controlled,percent,line_point_tag,dc6fd962eff39cd3,train
B线#塔底丁烷含量#测点42,debutanizer_column,bottom_butane_content,required,controlled,percent,line_point_tag,1e1ced227bda0f4c,train
C4浓度,debutanizer_column,bottom_butane_content,required,controlled,percent,template,f09759b3f577f814,train
C4浓度[percent],debutanizer_column,bottom_butane_content,required,controlled,percent,unit_bracket,f09759b3f577f814,train
C4浓度_01,debutanizer_column,bottom_butane_content,required,controlled,percent,channel_suffix,f09759b3f577f814,train
C4浓度_PV,debutanizer_column,bottom_butane_content,required,controlled,percent,control_suffix,f09759b3f577f814,train
C4浓度_percent,debutanizer_column,bottom_butane_content,required,controlled,percent,unit_suffix,f09759b3f577f814,train
DCS_03_BOTTOM_C4_PV_17,debutanizer_column,bottom_butane_content,required,controlled,percent,vendor_dcs_tag,b696a37e0aabe32e,train
DCS_03_C4浓度_PV_17,debutanizer_column,bottom_butane_content,required,controlled,percent,vendor_dcs_tag,f09759b3f577f814,train
DCS_03_bottom_butane_content_PV_17,debutanizer_column,bottom_butane_content,required,controlled,percent,vendor_dcs_tag,3b16eaa6e0aa6e0f,train
DCS_03_butane_content_PV_17,debutanizer_column,bottom_butane_content,required,controlled,percent,vendor_dcs_tag,9f545b365e87780b,train
DCS_03_u8_PV_17,debutanizer_column,bottom_butane_content,required,controlled,percent,vendor_dcs_tag,91ffe511e47c0888,train
DCS_03_丁烷含量_PV_17,debutanizer_column,bottom_butane_content,required,controlled,percent,vendor_dcs_tag,fce486fae08ae0dd,train
DCS_03_塔底C4_PV_17,debutanizer_column,bottom_butane_content,required,controlled,percent,vendor_dcs_tag,88479a9166e677ed,train
DCS_03_塔底C4浓度_PV_17,debutanizer_column,bottom_butane_content,required,controlled,percent,vendor_dcs_tag,dc6fd962eff39cd3,train
DCS_03_塔底丁烷含量_PV_17,debutanizer_column,bottom_butane_content,required,controlled,percent,vendor_dcs_tag,1e1ced227bda0f4c,train
HMI.22.BOTTOM_C4.AI,debutanizer_column,bottom_butane_content,required,controlled,percent,vendor_hmi_tag,b696a37e0aabe32e,train
HMI.22.C4浓度.AI,debutanizer_column,bottom_butane_content,required,controlled,percent,vendor_hmi_tag,f09759b3f577f814,train
HMI.22.bottom_butane_content.AI,debutanizer_column,bottom_butane_content,required,controlled,percent,vendor_hmi_tag,3b16eaa6e0aa6e0f,train
HMI.22.butane_content.AI,debutanizer_column,bottom_butane_content,required,controlled,percent,vendor_hmi_tag,9f545b365e87780b,train
HMI.22.u8.AI,debutanizer_column,bottom_butane_content,required,controlled,percent,vendor_hmi_tag,91ffe511e47c0888,train
HMI.22.丁烷含量.AI,debutanizer_column,bottom_butane_content,required,controlled,percent,vendor_hmi_tag,fce486fae08ae0dd,train
HMI.22.塔底C4.AI,debutanizer_column,bottom_butane_content,required,controlled,percent,vendor_hmi_tag,88479a9166e677ed,train
HMI.22.塔底C4浓度.AI,debutanizer_column,bottom_butane_content,required,controlled,percent,vendor_hmi_tag,dc6fd962eff39cd3,train
HMI.22.塔底丁烷含量.AI,debutanizer_column,bottom_butane_content,required,controlled,percent,vendor_hmi_tag,1e1ced227bda0f4c,train
U8,debutanizer_column,bottom_butane_content,required,controlled,percent,uppercase,91ffe511e47c0888,train
bottom_butane_content,debutanizer_column,bottom_butane_content,required,controlled,percent,template,3b16eaa6e0aa6e0f,train
bottom_butane_content[percent],debutanizer_column,bottom_butane_content,required,controlled,percent,unit_bracket,3b16eaa6e0aa6e0f,train
bottom_butane_content_01,debutanizer_column,bottom_butane_content,required,controlled,percent,channel_suffix,3b16eaa6e0aa6e0f,train
bottom_butane_content_PV,debutanizer_column,bottom_butane_content,required,controlled,percent,control_suffix,3b16eaa6e0aa6e0f,train
bottom_butane_content_percent,debutanizer_column,bottom_butane_content,required,controlled,percent,unit_suffix,3b16eaa6e0aa6e0f,train
bottombutanecontent,debutanizer_column,bottom_butane_content,required,controlled,percent,compact,3b16eaa6e0aa6e0f,train
butane content,debutanizer_column,bottom_butane_content,required,controlled,percent,template,9f545b365e87780b,train
butane content[percent],debutanizer_column,bottom_butane_content,required,controlled,percent,unit_bracket,9f545b365e87780b,train
butane_content,debutanizer_column,bottom_butane_content,required,controlled,percent,normalized,9f545b365e87780b,train
butane_content_01,debutanizer_column,bottom_butane_content,required,controlled,percent,channel_suffix,9f545b365e87780b,train
butane_content_PV,debutanizer_column,bottom_butane_content,required,controlled,percent,control_suffix,9f545b365e87780b,train
butane_content_percent,debutanizer_column,bottom_butane_content,required,controlled,percent,unit_suffix,9f545b365e87780b,train
butanecontent,debutanizer_column,bottom_butane_content,required,controlled,percent,compact,9f545b365e87780b,train
u8,debutanizer_column,bottom_butane_content,required,controlled,percent,template,91ffe511e47c0888,train
u8[percent],debutanizer_column,bottom_butane_content,required,controlled,percent,unit_bracket,91ffe511e47c0888,train
u8_01,debutanizer_column,bottom_butane_content,required,controlled,percent,channel_suffix,91ffe511e47c0888,train
u8_PV,debutanizer_column,bottom_butane_content,required,controlled,percent,control_suffix,91ffe511e47c0888,train
u8_percent,debutanizer_column,bottom_butane_content,required,controlled,percent,unit_suffix,91ffe511e47c0888,train
丁烷含量,debutanizer_column,bottom_butane_content,required,controlled,percent,template,fce486fae08ae0dd,train
丁烷含量[percent],debutanizer_column,bottom_butane_content,required,controlled,percent,unit_bracket,fce486fae08ae0dd,train
丁烷含量_01,debutanizer_column,bottom_butane_content,required,controlled,percent,channel_suffix,fce486fae08ae0dd,train
丁烷含量_PV,debutanizer_column,bottom_butane_content,required,controlled,percent,control_suffix,fce486fae08ae0dd,train
丁烷含量_percent,debutanizer_column,bottom_butane_content,required,controlled,percent,unit_suffix,fce486fae08ae0dd,train
塔底C4,debutanizer_column,bottom_butane_content,required,controlled,percent,template,88479a9166e677ed,train
塔底C4[percent],debutanizer_column,bottom_butane_content,required,controlled,percent,unit_bracket,88479a9166e677ed,train
塔底C4_01,debutanizer_column,bottom_butane_content,required,controlled,percent,channel_suffix,88479a9166e677ed,train
塔底C4_PV,debutanizer_column,bottom_butane_content,required,controlled,percent,control_suffix,88479a9166e677ed,train
塔底C4_percent,debutanizer_column,bottom_butane_content,required,controlled,percent,unit_suffix,88479a9166e677ed,train
塔底C4浓度,debutanizer_column,bottom_butane_content,required,controlled,percent,template,dc6fd962eff39cd3,train
塔底C4浓度[percent],debutanizer_column,bottom_butane_content,required,controlled,percent,unit_bracket,dc6fd962eff39cd3,train
塔底C4浓度_01,debutanizer_column,bottom_butane_content,required,controlled,percent,channel_suffix,dc6fd962eff39cd3,train
塔底C4浓度_PV,debutanizer_column,bottom_butane_content,required,controlled,percent,control_suffix,dc6fd962eff39cd3,train
塔底C4浓度_percent,debutanizer_column,bottom_butane_content,required,controlled,percent,unit_suffix,dc6fd962eff39cd3,train
塔底丁烷含量,debutanizer_column,bottom_butane_content,required,controlled,percent,template,1e1ced227bda0f4c,train
塔底丁烷含量[percent],debutanizer_column,bottom_butane_content,required,controlled,percent,unit_bracket,1e1ced227bda0f4c,train
塔底丁烷含量_01,debutanizer_column,bottom_butane_content,required,controlled,percent,channel_suffix,1e1ced227bda0f4c,train
塔底丁烷含量_PV,debutanizer_column,bottom_butane_content,required,controlled,percent,control_suffix,1e1ced227bda0f4c,train
塔底丁烷含量_percent,debutanizer_column,bottom_butane_content,required,controlled,percent,unit_suffix,1e1ced227bda0f4c,train
装置5-BOTTOM_C4-CH30-VALUE,debutanizer_column,bottom_butane_content,required,controlled,percent,vendor_channel_tag,b696a37e0aabe32e,train
装置5-C4浓度-CH30-VALUE,debutanizer_column,bottom_butane_content,required,controlled,percent,vendor_channel_tag,f09759b3f577f814,train
装置5-bottom_butane_content-CH30-VALUE,debutanizer_column,bottom_butane_content,required,controlled,percent,vendor_channel_tag,3b16eaa6e0aa6e0f,train
装置5-butane_content-CH30-VALUE,debutanizer_column,bottom_butane_content,required,controlled,percent,vendor_channel_tag,9f545b365e87780b,train
装置5-u8-CH30-VALUE,debutanizer_column,bottom_butane_content,required,controlled,percent,vendor_channel_tag,91ffe511e47c0888,train
装置5-丁烷含量-CH30-VALUE,debutanizer_column,bottom_butane_content,required,controlled,percent,vendor_channel_tag,fce486fae08ae0dd,train
装置5-塔底C4-CH30-VALUE,debutanizer_column,bottom_butane_content,required,controlled,percent,vendor_channel_tag,88479a9166e677ed,train
装置5-塔底C4浓度-CH30-VALUE,debutanizer_column,bottom_butane_content,required,controlled,percent,vendor_channel_tag,dc6fd962eff39cd3,train
装置5-塔底丁烷含量-CH30-VALUE,debutanizer_column,bottom_butane_content,required,controlled,percent,vendor_channel_tag,1e1ced227bda0f4c,train
1号Bottom_Temperature_A,debutanizer_column,bottom_temperature_a,required,state,degC,equipment_prefix,46ae17fecca3ccfb,train
1号DEBUT_BOTTOM_TEMP_A,debutanizer_column,bottom_temperature_a,required,state,degC,equipment_prefix,b7546dde22c18bda,train
1号TT_BOTTOM_A,debutanizer_column,bottom_temperature_a,required,state,degC,equipment_prefix,336610298e318f09,train
1号U6,debutanizer_column,bottom_temperature_a,required,state,degC,equipment_prefix,b9fc2554d157e47a,train
1号bottom temperature a,debutanizer_column,bottom_temperature_a,required,state,degC,equipment_prefix,28d95af8b7c95a6f,train
1号塔底温度A,debutanizer_column,bottom_temperature_a,required,state,degC,equipment_prefix,38189863ee5f8176,train
1号塔釜温度A,debutanizer_column,bottom_temperature_a,required,state,degC,equipment_prefix,e027902d558a2e56,train
A线_Bottom_Temperature_A,debutanizer_column,bottom_temperature_a,required,state,degC,line_prefix,46ae17fecca3ccfb,train
A线_DEBUT_BOTTOM_TEMP_A,debutanizer_column,bottom_temperature_a,required,state,degC,line_prefix,b7546dde22c18bda,train
A线_TT_BOTTOM_A,debutanizer_column,bottom_temperature_a,required,state,degC,line_prefix,336610298e318f09,train
A线_U6,debutanizer_column,bottom_temperature_a,required,state,degC,line_prefix,b9fc2554d157e47a,train
A线_bottom temperature a,debutanizer_column,bottom_temperature_a,required,state,degC,line_prefix,28d95af8b7c95a6f,train
A线_塔底温度A,debutanizer_column,bottom_temperature_a,required,state,degC,line_prefix,38189863ee5f8176,train
A线_塔釜温度A,debutanizer_column,bottom_temperature_a,required,state,degC,line_prefix,e027902d558a2e56,train
BOTTOM_TEMPERATURE_A,debutanizer_column,bottom_temperature_a,required,state,degC,uppercase,28d95af8b7c95a6f,train
BottomTemperatureA,debutanizer_column,bottom_temperature_a,required,state,degC,compact,46ae17fecca3ccfb,train
Bottom_Temperature_A,debutanizer_column,bottom_temperature_a,required,state,degC,template,46ae17fecca3ccfb,train
Bottom_Temperature_A[degC],debutanizer_column,bottom_temperature_a,required,state,degC,unit_bracket,46ae17fecca3ccfb,train
Bottom_Temperature_A_01,debutanizer_column,bottom_temperature_a,required,state,degC,channel_suffix,46ae17fecca3ccfb,train
Bottom_Temperature_A_PV,debutanizer_column,bottom_temperature_a,required,state,degC,control_suffix,46ae17fecca3ccfb,train
Bottom_Temperature_A_degC,debutanizer_column,bottom_temperature_a,required,state,degC,unit_suffix,46ae17fecca3ccfb,train
B线#Bottom_Temperature_A#测点42,debutanizer_column,bottom_temperature_a,required,state,degC,line_point_tag,46ae17fecca3ccfb,train
B线#DEBUT_BOTTOM_TEMP_A#测点42,debutanizer_column,bottom_temperature_a,required,state,degC,line_point_tag,b7546dde22c18bda,train
B线#TT_BOTTOM_A#测点42,debutanizer_column,bottom_temperature_a,required,state,degC,line_point_tag,336610298e318f09,train
B线#U6#测点42,debutanizer_column,bottom_temperature_a,required,state,degC,line_point_tag,b9fc2554d157e47a,train
B线#bottom temperature a#测点42,debutanizer_column,bottom_temperature_a,required,state,degC,line_point_tag,28d95af8b7c95a6f,train
B线#塔底温度A#测点42,debutanizer_column,bottom_temperature_a,required,state,degC,line_point_tag,38189863ee5f8176,train
B线#塔釜温度A#测点42,debutanizer_column,bottom_temperature_a,required,state,degC,line_point_tag,e027902d558a2e56,train
DCS_03_Bottom_Temperature_A_PV_17,debutanizer_column,bottom_temperature_a,required,state,degC,vendor_dcs_tag,46ae17fecca3ccfb,train
DCS_03_DEBUT_BOTTOM_TEMP_A_PV_17,debutanizer_column,bottom_temperature_a,required,state,degC,vendor_dcs_tag,b7546dde22c18bda,train
DCS_03_TT_BOTTOM_A_PV_17,debutanizer_column,bottom_temperature_a,required,state,degC,vendor_dcs_tag,336610298e318f09,train
DCS_03_U6_PV_17,debutanizer_column,bottom_temperature_a,required,state,degC,vendor_dcs_tag,b9fc2554d157e47a,train
DCS_03_bottom_temperature_a_PV_17,debutanizer_column,bottom_temperature_a,required,state,degC,vendor_dcs_tag,28d95af8b7c95a6f,train
DCS_03_塔底温度A_PV_17,debutanizer_column,bottom_temperature_a,required,state,degC,vendor_dcs_tag,38189863ee5f8176,train
DCS_03_塔釜温度A_PV_17,debutanizer_column,bottom_temperature_a,required,state,degC,vendor_dcs_tag,e027902d558a2e56,train
DEBUTBOTTOMTEMPA,debutanizer_column,bottom_temperature_a,required,state,degC,compact,b7546dde22c18bda,train
DEBUT_BOTTOM_TEMP_A,debutanizer_column,bottom_temperature_a,required,state,degC,template,b7546dde22c18bda,train
DEBUT_BOTTOM_TEMP_A[degC],debutanizer_column,bottom_temperature_a,required,state,degC,unit_bracket,b7546dde22c18bda,train
DEBUT_BOTTOM_TEMP_A_01,debutanizer_column,bottom_temperature_a,required,state,degC,channel_suffix,b7546dde22c18bda,train
DEBUT_BOTTOM_TEMP_A_PV,debutanizer_column,bottom_temperature_a,required,state,degC,control_suffix,b7546dde22c18bda,train
DEBUT_BOTTOM_TEMP_A_degC,debutanizer_column,bottom_temperature_a,required,state,degC,unit_suffix,b7546dde22c18bda,train
HMI.22.Bottom_Temperature_A.AI,debutanizer_column,bottom_temperature_a,required,state,degC,vendor_hmi_tag,46ae17fecca3ccfb,train
HMI.22.DEBUT_BOTTOM_TEMP_A.AI,debutanizer_column,bottom_temperature_a,required,state,degC,vendor_hmi_tag,b7546dde22c18bda,train
HMI.22.TT_BOTTOM_A.AI,debutanizer_column,bottom_temperature_a,required,state,degC,vendor_hmi_tag,336610298e318f09,train
HMI.22.U6.AI,debutanizer_column,bottom_temperature_a,required,state,degC,vendor_hmi_tag,b9fc2554d157e47a,train
HMI.22.bottom_temperature_a.AI,debutanizer_column,bottom_temperature_a,required,state,degC,vendor_hmi_tag,28d95af8b7c95a6f,train
HMI.22.塔底温度A.AI,debutanizer_column,bottom_temperature_a,required,state,degC,vendor_hmi_tag,38189863ee5f8176,train
HMI.22.塔釜温度A.AI,debutanizer_column,bottom_temperature_a,required,state,degC,vendor_hmi_tag,e027902d558a2e56,train
TTBOTTOMA,debutanizer_column,bottom_temperature_a,required,state,degC,compact,336610298e318f09,train
TT_BOTTOM_A,debutanizer_column,bottom_temperature_a,required,state,degC,template,336610298e318f09,train
TT_BOTTOM_A[degC],debutanizer_column,bottom_temperature_a,required,state,degC,unit_bracket,336610298e318f09,train
TT_BOTTOM_A_01,debutanizer_column,bottom_temperature_a,required,state,degC,channel_suffix,336610298e318f09,train
TT_BOTTOM_A_PV,debutanizer_column,bottom_temperature_a,required,state,degC,control_suffix,336610298e318f09,train
TT_BOTTOM_A_degC,debutanizer_column,bottom_temperature_a,required,state,degC,unit_suffix,336610298e318f09,train
U6[degC],debutanizer_column,bottom_temperature_a,required,state,degC,unit_bracket,b9fc2554d157e47a,train
U6_01,debutanizer_column,bottom_temperature_a,required,state,degC,channel_suffix,b9fc2554d157e47a,train
U6_PV,debutanizer_column,bottom_temperature_a,required,state,degC,control_suffix,b9fc2554d157e47a,train
U6_degC,debutanizer_column,bottom_temperature_a,required,state,degC,unit_suffix,b9fc2554d157e47a,train
bottom temperature a,debutanizer_column,bottom_temperature_a,required,state,degC,template,28d95af8b7c95a6f,train
bottom temperature a[degC],debutanizer_column,bottom_temperature_a,required,state,degC,unit_bracket,28d95af8b7c95a6f,train
bottom_temperature_a,debutanizer_column,bottom_temperature_a,required,state,degC,normalized,28d95af8b7c95a6f,train
bottom_temperature_a_01,debutanizer_column,bottom_temperature_a,required,state,degC,channel_suffix,28d95af8b7c95a6f,train
bottom_temperature_a_PV,debutanizer_column,bottom_temperature_a,required,state,degC,control_suffix,28d95af8b7c95a6f,train
bottom_temperature_a_degC,debutanizer_column,bottom_temperature_a,required,state,degC,unit_suffix,28d95af8b7c95a6f,train
bottomtemperaturea,debutanizer_column,bottom_temperature_a,required,state,degC,compact,28d95af8b7c95a6f,train
塔底温度A,debutanizer_column,bottom_temperature_a,required,state,degC,template,38189863ee5f8176,train
塔底温度A[degC],debutanizer_column,bottom_temperature_a,required,state,degC,unit_bracket,38189863ee5f8176,train
塔底温度A_01,debutanizer_column,bottom_temperature_a,required,state,degC,channel_suffix,38189863ee5f8176,train
塔底温度A_PV,debutanizer_column,bottom_temperature_a,required,state,degC,control_suffix,38189863ee5f8176,train
塔底温度A_degC,debutanizer_column,bottom_temperature_a,required,state,degC,unit_suffix,38189863ee5f8176,train
塔釜温度A,debutanizer_column,bottom_temperature_a,required,state,degC,template,e027902d558a2e56,train
塔釜温度A[degC],debutanizer_column,bottom_temperature_a,required,state,degC,unit_bracket,e027902d558a2e56,train
塔釜温度A_01,debutanizer_column,bottom_temperature_a,required,state,degC,channel_suffix,e027902d558a2e56,train
塔釜温度A_PV,debutanizer_column,bottom_temperature_a,required,state,degC,control_suffix,e027902d558a2e56,train
塔釜温度A_degC,debutanizer_column,bottom_temperature_a,required,state,degC,unit_suffix,e027902d558a2e56,train
装置5-Bottom_Temperature_A-CH30-VALUE,debutanizer_column,bottom_temperature_a,required,state,degC,vendor_channel_tag,46ae17fecca3ccfb,train
装置5-DEBUT_BOTTOM_TEMP_A-CH30-VALUE,debutanizer_column,bottom_temperature_a,required,state,degC,vendor_channel_tag,b7546dde22c18bda,train
装置5-TT_BOTTOM_A-CH30-VALUE,debutanizer_column,bottom_temperature_a,required,state,degC,vendor_channel_tag,336610298e318f09,train
装置5-U6-CH30-VALUE,debutanizer_column,bottom_temperature_a,required,state,degC,vendor_channel_tag,b9fc2554d157e47a,train
装置5-bottom_temperature_a-CH30-VALUE,debutanizer_column,bottom_temperature_a,required,state,degC,vendor_channel_tag,28d95af8b7c95a6f,train
装置5-塔底温度A-CH30-VALUE,debutanizer_column,bottom_temperature_a,required,state,degC,vendor_channel_tag,38189863ee5f8176,train
装置5-塔釜温度A-CH30-VALUE,debutanizer_column,bottom_temperature_a,required,state,degC,vendor_channel_tag,e027902d558a2e56,train
1号DEBUT_BOTTOM_TEMP_B,debutanizer_column,bottom_temperature_b,required,state,degC,equipment_prefix,d77b64bb0a1b67f0,train
1号TT_BOTTOM_B,debutanizer_column,bottom_temperature_b,required,state,degC,equipment_prefix,00d48f0435e5cf7a,train
1号U7,debutanizer_column,bottom_temperature_b,required,state,degC,equipment_prefix,7990428aef1acc00,train
1号bottom temperature b,debutanizer_column,bottom_temperature_b,required,state,degC,equipment_prefix,0833c0d512d2e88b,train
1号bottom_temperature_b,debutanizer_column,bottom_temperature_b,required,state,degC,equipment_prefix,add7a34f9dce48bd,train
1号塔底温度B,debutanizer_column,bottom_temperature_b,required,state,degC,equipment_prefix,ce93661eb6f1d978,train
A线_DEBUT_BOTTOM_TEMP_B,debutanizer_column,bottom_temperature_b,required,state,degC,line_prefix,d77b64bb0a1b67f0,train
A线_TT_BOTTOM_B,debutanizer_column,bottom_temperature_b,required,state,degC,line_prefix,00d48f0435e5cf7a,train
A线_U7,debutanizer_column,bottom_temperature_b,required,state,degC,line_prefix,7990428aef1acc00,train
A线_bottom temperature b,debutanizer_column,bottom_temperature_b,required,state,degC,line_prefix,0833c0d512d2e88b,train
A线_bottom_temperature_b,debutanizer_column,bottom_temperature_b,required,state,degC,line_prefix,add7a34f9dce48bd,train
A线_塔底温度B,debutanizer_column,bottom_temperature_b,required,state,degC,line_prefix,ce93661eb6f1d978,train
BOTTOM_TEMPERATURE_B,debutanizer_column,bottom_temperature_b,required,state,degC,uppercase,0833c0d512d2e88b,train
B线#DEBUT_BOTTOM_TEMP_B#测点42,debutanizer_column,bottom_temperature_b,required,state,degC,line_point_tag,d77b64bb0a1b67f0,train
B线#TT_BOTTOM_B#测点42,debutanizer_column,bottom_temperature_b,required,state,degC,line_point_tag,00d48f0435e5cf7a,train
B线#U7#测点42,debutanizer_column,bottom_temperature_b,required,state,degC,line_point_tag,7990428aef1acc00,train
B线#bottom temperature b#测点42,debutanizer_column,bottom_temperature_b,required,state,degC,line_point_tag,0833c0d512d2e88b,train
B线#bottom_temperature_b#测点42,debutanizer_column,bottom_temperature_b,required,state,degC,line_point_tag,add7a34f9dce48bd,train
B线#塔底温度B#测点42,debutanizer_column,bottom_temperature_b,required,state,degC,line_point_tag,ce93661eb6f1d978,train
DCS_03_DEBUT_BOTTOM_TEMP_B_PV_17,debutanizer_column,bottom_temperature_b,required,state,degC,vendor_dcs_tag,d77b64bb0a1b67f0,train
DCS_03_TT_BOTTOM_B_PV_17,debutanizer_column,bottom_temperature_b,required,state,degC,vendor_dcs_tag,00d48f0435e5cf7a,train
DCS_03_U7_PV_17,debutanizer_column,bottom_temperature_b,required,state,degC,vendor_dcs_tag,7990428aef1acc00,train
DCS_03_bottom_temperature_b_PV_17,debutanizer_column,bottom_temperature_b,required,state,degC,vendor_dcs_tag,0833c0d512d2e88b,train
DCS_03_塔底温度B_PV_17,debutanizer_column,bottom_temperature_b,required,state,degC,vendor_dcs_tag,ce93661eb6f1d978,train
DEBUTBOTTOMTEMPB,debutanizer_column,bottom_temperature_b,required,state,degC,compact,d77b64bb0a1b67f0,train
DEBUT_BOTTOM_TEMP_B,debutanizer_column,bottom_temperature_b,required,state,degC,template,d77b64bb0a1b67f0,train
DEBUT_BOTTOM_TEMP_B[degC],debutanizer_column,bottom_temperature_b,required,state,degC,unit_bracket,d77b64bb0a1b67f0,train
DEBUT_BOTTOM_TEMP_B_01,debutanizer_column,bottom_temperature_b,required,state,degC,channel_suffix,d77b64bb0a1b67f0,train
DEBUT_BOTTOM_TEMP_B_PV,debutanizer_column,bottom_temperature_b,required,state,degC,control_suffix,d77b64bb0a1b67f0,train
DEBUT_BOTTOM_TEMP_B_degC,debutanizer_column,bottom_temperature_b,required,state,degC,unit_suffix,d77b64bb0a1b67f0,train
HMI.22.DEBUT_BOTTOM_TEMP_B.AI,debutanizer_column,bottom_temperature_b,required,state,degC,vendor_hmi_tag,d77b64bb0a1b67f0,train
HMI.22.TT_BOTTOM_B.AI,debutanizer_column,bottom_temperature_b,required,state,degC,vendor_hmi_tag,00d48f0435e5cf7a,train
HMI.22.U7.AI,debutanizer_column,bottom_temperature_b,required,state,degC,vendor_hmi_tag,7990428aef1acc00,train
HMI.22.bottom_temperature_b.AI,debutanizer_column,bottom_temperature_b,required,state,degC,vendor_hmi_tag,0833c0d512d2e88b,train
HMI.22.塔底温度B.AI,debutanizer_column,bottom_temperature_b,required,state,degC,vendor_hmi_tag,ce93661eb6f1d978,train
TTBOTTOMB,debutanizer_column,bottom_temperature_b,required,state,degC,compact,00d48f0435e5cf7a,train
TT_BOTTOM_B,debutanizer_column,bottom_temperature_b,required,state,degC,template,00d48f0435e5cf7a,train
TT_BOTTOM_B[degC],debutanizer_column,bottom_temperature_b,required,state,degC,unit_bracket,00d48f0435e5cf7a,train
TT_BOTTOM_B_01,debutanizer_column,bottom_temperature_b,required,state,degC,channel_suffix,00d48f0435e5cf7a,train
TT_BOTTOM_B_PV,debutanizer_column,bottom_temperature_b,required,state,degC,control_suffix,00d48f0435e5cf7a,train
TT_BOTTOM_B_degC,debutanizer_column,bottom_temperature_b,required,state,degC,unit_suffix,00d48f0435e5cf7a,train
U7[degC],debutanizer_column,bottom_temperature_b,required,state,degC,unit_bracket,7990428aef1acc00,train
U7_01,debutanizer_column,bottom_temperature_b,required,state,degC,channel_suffix,7990428aef1acc00,train
U7_PV,debutanizer_column,bottom_temperature_b,required,state,degC,control_suffix,7990428aef1acc00,train
U7_degC,debutanizer_column,bottom_temperature_b,required,state,degC,unit_suffix,7990428aef1acc00,train
bottom temperature b,debutanizer_column,bottom_temperature_b,required,state,degC,template,0833c0d512d2e88b,train
bottom temperature b[degC],debutanizer_column,bottom_temperature_b,required,state,degC,unit_bracket,0833c0d512d2e88b,train
bottom_temperature_b,debutanizer_column,bottom_temperature_b,required,state,degC,normalized,0833c0d512d2e88b,train
bottom_temperature_b[degC],debutanizer_column,bottom_temperature_b,required,state,degC,unit_bracket,add7a34f9dce48bd,train
bottom_temperature_b_01,debutanizer_column,bottom_temperature_b,required,state,degC,channel_suffix,0833c0d512d2e88b,train
bottom_temperature_b_PV,debutanizer_column,bottom_temperature_b,required,state,degC,control_suffix,0833c0d512d2e88b,train
bottom_temperature_b_degC,debutanizer_column,bottom_temperature_b,required,state,degC,unit_suffix,0833c0d512d2e88b,train
bottomtemperatureb,debutanizer_column,bottom_temperature_b,required,state,degC,compact,0833c0d512d2e88b,train
塔底温度B,debutanizer_column,bottom_temperature_b,required,state,degC,template,ce93661eb6f1d978,train
塔底温度B[degC],debutanizer_column,bottom_temperature_b,required,state,degC,unit_bracket,ce93661eb6f1d978,train
塔底温度B_01,debutanizer_column,bottom_temperature_b,required,state,degC,channel_suffix,ce93661eb6f1d978,train
塔底温度B_PV,debutanizer_column,bottom_temperature_b,required,state,degC,control_suffix,ce93661eb6f1d978,train
塔底温度B_degC,debutanizer_column,bottom_temperature_b,required,state,degC,unit_suffix,ce93661eb6f1d978,train
装置5-DEBUT_BOTTOM_TEMP_B-CH30-VALUE,debutanizer_column,bottom_temperature_b,required,state,degC,vendor_channel_tag,d77b64bb0a1b67f0,train
装置5-TT_BOTTOM_B-CH30-VALUE,debutanizer_column,bottom_temperature_b,required,state,degC,vendor_channel_tag,00d48f0435e5cf7a,train
装置5-U7-CH30-VALUE,debutanizer_column,bottom_temperature_b,required,state,degC,vendor_channel_tag,7990428aef1acc00,train
装置5-bottom_temperature_b-CH30-VALUE,debutanizer_column,bottom_temperature_b,required,state,degC,vendor_channel_tag,0833c0d512d2e88b,train
装置5-塔底温度B-CH30-VALUE,debutanizer_column,bottom_temperature_b,required,state,degC,vendor_channel_tag,ce93661eb6f1d978,train
1号Flow_To_Next_Process,debutanizer_column,next_process_flow,required,manipulated,t/h,equipment_prefix,a4013b7f28758c00,train
1号U4,debutanizer_column,next_process_flow,required,manipulated,t/h,equipment_prefix,0e4c9faac6428063,train
1号flow to next process,debutanizer_column,next_process_flow,required,manipulated,t/h,equipment_prefix,dd8dd3e3fbe5a2eb,train
1号u4,debutanizer_column,next_process_flow,required,manipulated,t/h,equipment_prefix,1dbe999fcea7e528,train
1号出料流量,debutanizer_column,next_process_flow,required,manipulated,t/h,equipment_prefix,80b930f5eeaa0eae,train
1号后续流程流量,debutanizer_column,next_process_flow,required,manipulated,t/h,equipment_prefix,8daa7927acc9f867,train
1号塔底产品流量,debutanizer_column,next_process_flow,required,manipulated,t/h,equipment_prefix,d9f9df62d716d657,train
A线_Flow_To_Next_Process,debutanizer_column,next_process_flow,required,manipulated,t/h,line_prefix,a4013b7f28758c00,train
A线_U4,debutanizer_column,next_process_flow,required,manipulated,t/h,line_prefix,0e4c9faac6428063,train
A线_flow to next process,debutanizer_column,next_process_flow,required,manipulated,t/h,line_prefix,dd8dd3e3fbe5a2eb,train
A线_u4,debutanizer_column,next_process_flow,required,manipulated,t/h,line_prefix,1dbe999fcea7e528,train
A线_出料流量,debutanizer_column,next_process_flow,required,manipulated,t/h,line_prefix,80b930f5eeaa0eae,train
A线_后续流程流量,debutanizer_column,next_process_flow,required,manipulated,t/h,line_prefix,8daa7927acc9f867,train
A线_塔底产品流量,debutanizer_column,next_process_flow,required,manipulated,t/h,line_prefix,d9f9df62d716d657,train
B线#Flow_To_Next_Process#测点42,debutanizer_column,next_process_flow,required,manipulated,t/h,line_point_tag,a4013b7f28758c00,train
B线#U4#测点42,debutanizer_column,next_process_flow,required,manipulated,t/h,line_point_tag,0e4c9faac6428063,train
B线#flow to next process#测点42,debutanizer_column,next_process_flow,required,manipulated,t/h,line_point_tag,dd8dd3e3fbe5a2eb,train
B线#u4#测点42,debutanizer_column,next_process_flow,required,manipulated,t/h,line_point_tag,1dbe999fcea7e528,train
B线#出料流量#测点42,debutanizer_column,next_process_flow,required,manipulated,t/h,line_point_tag,80b930f5eeaa0eae,train
B线#后续流程流量#测点42,debutanizer_column,next_process_flow,required,manipulated,t/h,line_point_tag,8daa7927acc9f867,train
B线#塔底产品流量#测点42,debutanizer_column,next_process_flow,required,manipulated,t/h,line_point_tag,d9f9df62d716d657,train
DCS_03_Flow_To_Next_Process_PV_17,debutanizer_column,next_process_flow,required,manipulated,t/h,vendor_dcs_tag,a4013b7f28758c00,train
DCS_03_U4_PV_17,debutanizer_column,next_process_flow,required,manipulated,t/h,vendor_dcs_tag,0e4c9faac6428063,train
DCS_03_flow_to_next_process_PV_17,debutanizer_column,next_process_flow,required,manipulated,t/h,vendor_dcs_tag,dd8dd3e3fbe5a2eb,train
DCS_03_u4_PV_17,debutanizer_column,next_process_flow,required,manipulated,t/h,vendor_dcs_tag,1dbe999fcea7e528,train
DCS_03_出料流量_PV_17,debutanizer_column,next_process_flow,required,manipulated,t/h,vendor_dcs_tag,80b930f5eeaa0eae,train
DCS_03_后续流程流量_PV_17,debutanizer_column,next_process_flow,required,manipulated,t/h,vendor_dcs_tag,8daa7927acc9f867,train
DCS_03_塔底产品流量_PV_17,debutanizer_column,next_process_flow,required,manipulated,t/h,vendor_dcs_tag,d9f9df62d716d657,train
FLOW_TO_NEXT_PROCESS,debutanizer_column,next_process_flow,required,manipulated,t/h,uppercase,dd8dd3e3fbe5a2eb,train
FlowToNextProcess,debutanizer_column,next_process_flow,required,manipulated,t/h,compact,a4013b7f28758c00,train
Flow_To_Next_Process,debutanizer_column,next_process_flow,required,manipulated,t/h,template,a4013b7f28758c00,train
Flow_To_Next_Process[t/h],debutanizer_column,next_process_flow,required,manipulated,t/h,unit_bracket,a4013b7f28758c00,train
Flow_To_Next_Process_01,debutanizer_column,next_process_flow,required,manipulated,t/h,channel_suffix,a4013b7f28758c00,train
Flow_To_Next_Process_SP,debutanizer_column,next_process_flow,required,manipulated,t/h,control_suffix,a4013b7f28758c00,train
Flow_To_Next_Process_t/h,debutanizer_column,next_process_flow,required,manipulated,t/h,unit_suffix,a4013b7f28758c00,train
HMI.22.Flow_To_Next_Process.AI,debutanizer_column,next_process_flow,required,manipulated,t/h,vendor_hmi_tag,a4013b7f28758c00,train
HMI.22.U4.AI,debutanizer_column,next_process_flow,required,manipulated,t/h,vendor_hmi_tag,0e4c9faac6428063,train
HMI.22.flow_to_next_process.AI,debutanizer_column,next_process_flow,required,manipulated,t/h,vendor_hmi_tag,dd8dd3e3fbe5a2eb,train
HMI.22.u4.AI,debutanizer_column,next_process_flow,required,manipulated,t/h,vendor_hmi_tag,1dbe999fcea7e528,train
HMI.22.出料流量.AI,debutanizer_column,next_process_flow,required,manipulated,t/h,vendor_hmi_tag,80b930f5eeaa0eae,train
HMI.22.后续流程流量.AI,debutanizer_column,next_process_flow,required,manipulated,t/h,vendor_hmi_tag,8daa7927acc9f867,train
HMI.22.塔底产品流量.AI,debutanizer_column,next_process_flow,required,manipulated,t/h,vendor_hmi_tag,d9f9df62d716d657,train
U4,debutanizer_column,next_process_flow,required,manipulated,t/h,uppercase,1dbe999fcea7e528,train
U4[t/h],debutanizer_column,next_process_flow,required,manipulated,t/h,unit_bracket,0e4c9faac6428063,train
U4_01,debutanizer_column,next_process_flow,required,manipulated,t/h,channel_suffix,0e4c9faac6428063,train
U4_SP,debutanizer_column,next_process_flow,required,manipulated,t/h,control_suffix,0e4c9faac6428063,train
U4_t/h,debutanizer_column,next_process_flow,required,manipulated,t/h,unit_suffix,0e4c9faac6428063,train
flow to next process,debutanizer_column,next_process_flow,required,manipulated,t/h,template,dd8dd3e3fbe5a2eb,train
flow to next process[t/h],debutanizer_column,next_process_flow,required,manipulated,t/h,unit_bracket,dd8dd3e3fbe5a2eb,train
flow_to_next_process,debutanizer_column,next_process_flow,required,manipulated,t/h,normalized,dd8dd3e3fbe5a2eb,train
flow_to_next_process_01,debutanizer_column,next_process_flow,required,manipulated,t/h,channel_suffix,dd8dd3e3fbe5a2eb,train
flow_to_next_process_SP,debutanizer_column,next_process_flow,required,manipulated,t/h,control_suffix,dd8dd3e3fbe5a2eb,train
flow_to_next_process_t/h,debutanizer_column,next_process_flow,required,manipulated,t/h,unit_suffix,dd8dd3e3fbe5a2eb,train
flowtonextprocess,debutanizer_column,next_process_flow,required,manipulated,t/h,compact,dd8dd3e3fbe5a2eb,train
u4,debutanizer_column,next_process_flow,required,manipulated,t/h,template,1dbe999fcea7e528,train
u4[t/h],debutanizer_column,next_process_flow,required,manipulated,t/h,unit_bracket,1dbe999fcea7e528,train
u4_01,debutanizer_column,next_process_flow,required,manipulated,t/h,channel_suffix,1dbe999fcea7e528,train
u4_SP,debutanizer_column,next_process_flow,required,manipulated,t/h,control_suffix,1dbe999fcea7e528,train
u4_t/h,debutanizer_column,next_process_flow,required,manipulated,t/h,unit_suffix,1dbe999fcea7e528,train
出料流量,debutanizer_column,next_process_flow,required,manipulated,t/h,template,80b930f5eeaa0eae,train
出料流量[t/h],debutanizer_column,next_process_flow,required,manipulated,t/h,unit_bracket,80b930f5eeaa0eae,train
出料流量_01,debutanizer_column,next_process_flow,required,manipulated,t/h,channel_suffix,80b930f5eeaa0eae,train
出料流量_SP,debutanizer_column,next_process_flow,required,manipulated,t/h,control_suffix,80b930f5eeaa0eae,train
出料流量_t/h,debutanizer_column,next_process_flow,required,manipulated,t/h,unit_suffix,80b930f5eeaa0eae,train
后续流程流量,debutanizer_column,next_process_flow,required,manipulated,t/h,template,8daa7927acc9f867,train
后续流程流量[t/h],debutanizer_column,next_process_flow,required,manipulated,t/h,unit_bracket,8daa7927acc9f867,train
后续流程流量_01,debutanizer_column,next_process_flow,required,manipulated,t/h,channel_suffix,8daa7927acc9f867,train
后续流程流量_SP,debutanizer_column,next_process_flow,required,manipulated,t/h,control_suffix,8daa7927acc9f867,train
后续流程流量_t/h,debutanizer_column,next_process_flow,required,manipulated,t/h,unit_suffix,8daa7927acc9f867,train
塔底产品流量,debutanizer_column,next_process_flow,required,manipulated,t/h,template,d9f9df62d716d657,train
塔底产品流量[t/h],debutanizer_column,next_process_flow,required,manipulated,t/h,unit_bracket,d9f9df62d716d657,train
塔底产品流量_01,debutanizer_column,next_process_flow,required,manipulated,t/h,channel_suffix,d9f9df62d716d657,train
塔底产品流量_SP,debutanizer_column,next_process_flow,required,manipulated,t/h,control_suffix,d9f9df62d716d657,train
塔底产品流量_t/h,debutanizer_column,next_process_flow,required,manipulated,t/h,unit_suffix,d9f9df62d716d657,train
装置5-Flow_To_Next_Process-CH30-VALUE,debutanizer_column,next_process_flow,required,manipulated,t/h,vendor_channel_tag,a4013b7f28758c00,train
装置5-U4-CH30-VALUE,debutanizer_column,next_process_flow,required,manipulated,t/h,vendor_channel_tag,0e4c9faac6428063,train
装置5-flow_to_next_process-CH30-VALUE,debutanizer_column,next_process_flow,required,manipulated,t/h,vendor_channel_tag,dd8dd3e3fbe5a2eb,train
装置5-u4-CH30-VALUE,debutanizer_column,next_process_flow,required,manipulated,t/h,vendor_channel_tag,1dbe999fcea7e528,train
装置5-出料流量-CH30-VALUE,debutanizer_column,next_process_flow,required,manipulated,t/h,vendor_channel_tag,80b930f5eeaa0eae,train
装置5-后续流程流量-CH30-VALUE,debutanizer_column,next_process_flow,required,manipulated,t/h,vendor_channel_tag,8daa7927acc9f867,train
装置5-塔底产品流量-CH30-VALUE,debutanizer_column,next_process_flow,required,manipulated,t/h,vendor_channel_tag,d9f9df62d716d657,train
1号FT_REFLUX,debutanizer_column,reflux_flow,required,manipulated,t/h,equipment_prefix,924da9f0b0f0fbe1,train
1号Reflux_Flow,debutanizer_column,reflux_flow,required,manipulated,t/h,equipment_prefix,a648944689ebb53f,train
1号U3,debutanizer_column,reflux_flow,required,manipulated,t/h,equipment_prefix,1e3db98d74b22695,train
1号u3,debutanizer_column,reflux_flow,required,manipulated,t/h,equipment_prefix,90d2ddbf05d5267f,train
1号回流流量,debutanizer_column,reflux_flow,required,manipulated,t/h,equipment_prefix,fc4afd7e8a588897,train
1号回流量,debutanizer_column,reflux_flow,required,manipulated,t/h,equipment_prefix,df8430c0b7ffc9be,train
A线_FT_REFLUX,debutanizer_column,reflux_flow,required,manipulated,t/h,line_prefix,924da9f0b0f0fbe1,train
A线_Reflux_Flow,debutanizer_column,reflux_flow,required,manipulated,t/h,line_prefix,a648944689ebb53f,train
A线_U3,debutanizer_column,reflux_flow,required,manipulated,t/h,line_prefix,1e3db98d74b22695,train
A线_u3,debutanizer_column,reflux_flow,required,manipulated,t/h,line_prefix,90d2ddbf05d5267f,train
A线_回流流量,debutanizer_column,reflux_flow,required,manipulated,t/h,line_prefix,fc4afd7e8a588897,train
A线_回流量,debutanizer_column,reflux_flow,required,manipulated,t/h,line_prefix,df8430c0b7ffc9be,train
B线#FT_REFLUX#测点42,debutanizer_column,reflux_flow,required,manipulated,t/h,line_point_tag,924da9f0b0f0fbe1,train
B线#Reflux_Flow#测点42,debutanizer_column,reflux_flow,required,manipulated,t/h,line_point_tag,a648944689ebb53f,train
B线#U3#测点42,debutanizer_column,reflux_flow,required,manipulated,t/h,line_point_tag,1e3db98d74b22695,train
B线#u3#测点42,debutanizer_column,reflux_flow,required,manipulated,t/h,line_point_tag,90d2ddbf05d5267f,train
B线#回流流量#测点42,debutanizer_column,reflux_flow,required,manipulated,t/h,line_point_tag,fc4afd7e8a588897,train
B线#回流量#测点42,debutanizer_column,reflux_flow,required,manipulated,t/h,line_point_tag,df8430c0b7ffc9be,train
DCS_03_FT_REFLUX_PV_17,debutanizer_column,reflux_flow,required,manipulated,t/h,vendor_dcs_tag,924da9f0b0f0fbe1,train
DCS_03_Reflux_Flow_PV_17,debutanizer_column,reflux_flow,required,manipulated,t/h,vendor_dcs_tag,a648944689ebb53f,train
DCS_03_U3_PV_17,debutanizer_column,reflux_flow,required,manipulated,t/h,vendor_dcs_tag,1e3db98d74b22695,train
DCS_03_u3_PV_17,debutanizer_column,reflux_flow,required,manipulated,t/h,vendor_dcs_tag,90d2ddbf05d5267f,train
DCS_03_回流流量_PV_17,debutanizer_column,reflux_flow,required,manipulated,t/h,vendor_dcs_tag,fc4afd7e8a588897,train
DCS_03_回流量_PV_17,debutanizer_column,reflux_flow,required,manipulated,t/h,vendor_dcs_tag,df8430c0b7ffc9be,train
FTREFLUX,debutanizer_column,reflux_flow,required,manipulated,t/h,compact,924da9f0b0f0fbe1,train
FT_REFLUX,debutanizer_column,reflux_flow,required,manipulated,t/h,template,924da9f0b0f0fbe1,train
FT_REFLUX[t/h],debutanizer_column,reflux_flow,required,manipulated,t/h,unit_bracket,924da9f0b0f0fbe1,train
FT_REFLUX_01,debutanizer_column,reflux_flow,required,manipulated,t/h,channel_suffix,924da9f0b0f0fbe1,train
FT_REFLUX_SP,debutanizer_column,reflux_flow,required,manipulated,t/h,control_suffix,924da9f0b0f0fbe1,train
FT_REFLUX_t/h,debutanizer_column,reflux_flow,required,manipulated,t/h,unit_suffix,924da9f0b0f0fbe1,train
HMI.22.FT_REFLUX.AI,debutanizer_column,reflux_flow,required,manipulated,t/h,vendor_hmi_tag,924da9f0b0f0fbe1,train
HMI.22.Reflux_Flow.AI,debutanizer_column,reflux_flow,required,manipulated,t/h,vendor_hmi_tag,a648944689ebb53f,train
HMI.22.U3.AI,debutanizer_column,reflux_flow,required,manipulated,t/h,vendor_hmi_tag,1e3db98d74b22695,train
HMI.22.u3.AI,debutanizer_column,reflux_flow,required,manipulated,t/h,vendor_hmi_tag,90d2ddbf05d5267f,train
HMI.22.回流流量.AI,debutanizer_column,reflux_flow,required,manipulated,t/h,vendor_hmi_tag,fc4afd7e8a588897,train
HMI.22.回流量.AI,debutanizer_column,reflux_flow,required,manipulated,t/h,vendor_hmi_tag,df8430c0b7ffc9be,train
RefluxFlow,debutanizer_column,reflux_flow,required,manipulated,t/h,compact,a648944689ebb53f,train
Reflux_Flow,debutanizer_column,reflux_flow,required,manipulated,t/h,template,a648944689ebb53f,train
Reflux_Flow[t/h],debutanizer_column,reflux_flow,required,manipulated,t/h,unit_bracket,a648944689ebb53f,train
Reflux_Flow_01,debutanizer_column,reflux_flow,required,manipulated,t/h,channel_suffix,a648944689ebb53f,train
Reflux_Flow_SP,debutanizer_column,reflux_flow,required,manipulated,t/h,control_suffix,a648944689ebb53f,train
Reflux_Flow_t/h,debutanizer_column,reflux_flow,required,manipulated,t/h,unit_suffix,a648944689ebb53f,train
U3,debutanizer_column,reflux_flow,required,manipulated,t/h,uppercase,90d2ddbf05d5267f,train
U3[t/h],debutanizer_column,reflux_flow,required,manipulated,t/h,unit_bracket,1e3db98d74b22695,train
U3_01,debutanizer_column,reflux_flow,required,manipulated,t/h,channel_suffix,1e3db98d74b22695,train
U3_SP,debutanizer_column,reflux_flow,required,manipulated,t/h,control_suffix,1e3db98d74b22695,train
U3_t/h,debutanizer_column,reflux_flow,required,manipulated,t/h,unit_suffix,1e3db98d74b22695,train
u3,debutanizer_column,reflux_flow,required,manipulated,t/h,template,90d2ddbf05d5267f,train
u3[t/h],debutanizer_column,reflux_flow,required,manipulated,t/h,unit_bracket,90d2ddbf05d5267f,train
u3_01,debutanizer_column,reflux_flow,required,manipulated,t/h,channel_suffix,90d2ddbf05d5267f,train
u3_SP,debutanizer_column,reflux_flow,required,manipulated,t/h,control_suffix,90d2ddbf05d5267f,train
u3_t/h,debutanizer_column,reflux_flow,required,manipulated,t/h,unit_suffix,90d2ddbf05d5267f,train
回流流量,debutanizer_column,reflux_flow,required,manipulated,t/h,template,fc4afd7e8a588897,train
回流流量[t/h],debutanizer_column,reflux_flow,required,manipulated,t/h,unit_bracket,fc4afd7e8a588897,train
回流流量_01,debutanizer_column,reflux_flow,required,manipulated,t/h,channel_suffix,fc4afd7e8a588897,train
回流流量_SP,debutanizer_column,reflux_flow,required,manipulated,t/h,control_suffix,fc4afd7e8a588897,train
回流流量_t/h,debutanizer_column,reflux_flow,required,manipulated,t/h,unit_suffix,fc4afd7e8a588897,train
回流量,debutanizer_column,reflux_flow,required,manipulated,t/h,template,df8430c0b7ffc9be,train
回流量[t/h],debutanizer_column,reflux_flow,required,manipulated,t/h,unit_bracket,df8430c0b7ffc9be,train
回流量_01,debutanizer_column,reflux_flow,required,manipulated,t/h,channel_suffix,df8430c0b7ffc9be,train
回流量_SP,debutanizer_column,reflux_flow,required,manipulated,t/h,control_suffix,df8430c0b7ffc9be,train
回流量_t/h,debutanizer_column,reflux_flow,required,manipulated,t/h,unit_suffix,df8430c0b7ffc9be,train
装置5-FT_REFLUX-CH30-VALUE,debutanizer_column,reflux_flow,required,manipulated,t/h,vendor_channel_tag,924da9f0b0f0fbe1,train
装置5-Reflux_Flow-CH30-VALUE,debutanizer_column,reflux_flow,required,manipulated,t/h,vendor_channel_tag,a648944689ebb53f,train
装置5-U3-CH30-VALUE,debutanizer_column,reflux_flow,required,manipulated,t/h,vendor_channel_tag,1e3db98d74b22695,train
装置5-u3-CH30-VALUE,debutanizer_column,reflux_flow,required,manipulated,t/h,vendor_channel_tag,90d2ddbf05d5267f,train
装置5-回流流量-CH30-VALUE,debutanizer_column,reflux_flow,required,manipulated,t/h,vendor_channel_tag,fc4afd7e8a588897,train
装置5-回流量-CH30-VALUE,debutanizer_column,reflux_flow,required,manipulated,t/h,vendor_channel_tag,df8430c0b7ffc9be,train
1号row_number,debutanizer_column,sample_index,useful,identifier,string,equipment_prefix,582b1cfab8b037d1,train
1号sample,debutanizer_column,sample_index,useful,identifier,string,equipment_prefix,5b252f5f612e2059,train
1号sample_index,debutanizer_column,sample_index,useful,identifier,string,equipment_prefix,59921377548de244,train
1号样本序号,debutanizer_column,sample_index,useful,identifier,string,equipment_prefix,7efe3537e6ca05e0,train
A线_row_number,debutanizer_column,sample_index,useful,identifier,string,line_prefix,582b1cfab8b037d1,train
A线_sample,debutanizer_column,sample_index,useful,identifier,string,line_prefix,5b252f5f612e2059,train
A线_sample_index,debutanizer_column,sample_index,useful,identifier,string,line_prefix,59921377548de244,train
A线_样本序号,debutanizer_column,sample_index,useful,identifier,string,line_prefix,7efe3537e6ca05e0,train
B线#row_number#测点42,debutanizer_column,sample_index,useful,identifier,string,line_point_tag,582b1cfab8b037d1,train
B线#sample#测点42,debutanizer_column,sample_index,useful,identifier,string,line_point_tag,5b252f5f612e2059,train
B线#sample_index#测点42,debutanizer_column,sample_index,useful,identifier,string,line_point_tag,59921377548de244,train
B线#样本序号#测点42,debutanizer_column,sample_index,useful,identifier,string,line_point_tag,7efe3537e6ca05e0,train
DCS_03_row_number_PV_17,debutanizer_column,sample_index,useful,identifier,string,vendor_dcs_tag,582b1cfab8b037d1,train
DCS_03_sample_PV_17,debutanizer_column,sample_index,useful,identifier,string,vendor_dcs_tag,5b252f5f612e2059,train
DCS_03_sample_index_PV_17,debutanizer_column,sample_index,useful,identifier,string,vendor_dcs_tag,59921377548de244,train
DCS_03_样本序号_PV_17,debutanizer_column,sample_index,useful,identifier,string,vendor_dcs_tag,7efe3537e6ca05e0,train
HMI.22.row_number.AI,debutanizer_column,sample_index,useful,identifier,string,vendor_hmi_tag,582b1cfab8b037d1,train
HMI.22.sample.AI,debutanizer_column,sample_index,useful,identifier,string,vendor_hmi_tag,5b252f5f612e2059,train
HMI.22.sample_index.AI,debutanizer_column,sample_index,useful,identifier,string,vendor_hmi_tag,59921377548de244,train
HMI.22.样本序号.AI,debutanizer_column,sample_index,useful,identifier,string,vendor_hmi_tag,7efe3537e6ca05e0,train
ROW_NUMBER,debutanizer_column,sample_index,useful,identifier,string,uppercase,582b1cfab8b037d1,train
SAMPLE,debutanizer_column,sample_index,useful,identifier,string,uppercase,5b252f5f612e2059,train
SAMPLE_INDEX,debutanizer_column,sample_index,useful,identifier,string,uppercase,59921377548de244,train
row_number,debutanizer_column,sample_index,useful,identifier,string,template,582b1cfab8b037d1,train
row_number_01,debutanizer_column,sample_index,useful,identifier,string,channel_suffix,582b1cfab8b037d1,train
row_number_PV,debutanizer_column,sample_index,useful,identifier,string,control_suffix,582b1cfab8b037d1,train
rownumber,debutanizer_column,sample_index,useful,identifier,string,compact,582b1cfab8b037d1,train
sample,debutanizer_column,sample_index,useful,identifier,string,template,5b252f5f612e2059,train
sample_01,debutanizer_column,sample_index,useful,identifier,string,channel_suffix,5b252f5f612e2059,train
sample_PV,debutanizer_column,sample_index,useful,identifier,string,control_suffix,5b252f5f612e2059,train
sample_index,debutanizer_column,sample_index,useful,identifier,string,template,59921377548de244,train
sample_index_01,debutanizer_column,sample_index,useful,identifier,string,channel_suffix,59921377548de244,train
sample_index_PV,debutanizer_column,sample_index,useful,identifier,string,control_suffix,59921377548de244,train
sampleindex,debutanizer_column,sample_index,useful,identifier,string,compact,59921377548de244,train
样本序号,debutanizer_column,sample_index,useful,identifier,string,template,7efe3537e6ca05e0,train
样本序号_01,debutanizer_column,sample_index,useful,identifier,string,channel_suffix,7efe3537e6ca05e0,train
样本序号_PV,debutanizer_column,sample_index,useful,identifier,string,control_suffix,7efe3537e6ca05e0,train
装置5-row_number-CH30-VALUE,debutanizer_column,sample_index,useful,identifier,string,vendor_channel_tag,582b1cfab8b037d1,train
装置5-sample-CH30-VALUE,debutanizer_column,sample_index,useful,identifier,string,vendor_channel_tag,5b252f5f612e2059,train
装置5-sample_index-CH30-VALUE,debutanizer_column,sample_index,useful,identifier,string,vendor_channel_tag,59921377548de244,train
装置5-样本序号-CH30-VALUE,debutanizer_column,sample_index,useful,identifier,string,vendor_channel_tag,7efe3537e6ca05e0,train
1号TIME,debutanizer_column,timestamp,required,time,datetime,equipment_prefix,e97d34a38b7919e7,train
1号TS,debutanizer_column,timestamp,required,time,datetime,equipment_prefix,a3d8dffd8c2a01b8,train
1号sample_timestamp,debutanizer_column,timestamp,required,time,datetime,equipment_prefix,6e7627bb8a7edfc0,train
1号sequence_time,debutanizer_column,timestamp,required,time,datetime,equipment_prefix,46f73fc82b553caa,train
1号time,debutanizer_column,timestamp,required,time,datetime,equipment_prefix,1b5a4d36b699726e,train
1号timestamp,debutanizer_column,timestamp,required,time,datetime,equipment_prefix,de1273b8913154af,train
1号时间,debutanizer_column,timestamp,required,time,datetime,equipment_prefix,3289d8a221b712c6,train
1号采集时间,debutanizer_column,timestamp,required,time,datetime,equipment_prefix,5c3303cb79324353,train
A线_TIME,debutanizer_column,timestamp,required,time,datetime,line_prefix,e97d34a38b7919e7,train
A线_TS,debutanizer_column,timestamp,required,time,datetime,line_prefix,a3d8dffd8c2a01b8,train
A线_sample_timestamp,debutanizer_column,timestamp,required,time,datetime,line_prefix,6e7627bb8a7edfc0,train
A线_sequence_time,debutanizer_column,timestamp,required,time,datetime,line_prefix,46f73fc82b553caa,train
A线_time,debutanizer_column,timestamp,required,time,datetime,line_prefix,1b5a4d36b699726e,train
A线_timestamp,debutanizer_column,timestamp,required,time,datetime,line_prefix,de1273b8913154af,train
A线_时间,debutanizer_column,timestamp,required,time,datetime,line_prefix,3289d8a221b712c6,train
A线_采集时间,debutanizer_column,timestamp,required,time,datetime,line_prefix,5c3303cb79324353,train
B线#TIME#测点42,debutanizer_column,timestamp,required,time,datetime,line_point_tag,e97d34a38b7919e7,train
B线#TS#测点42,debutanizer_column,timestamp,required,time,datetime,line_point_tag,a3d8dffd8c2a01b8,train
B线#sample_timestamp#测点42,debutanizer_column,timestamp,required,time,datetime,line_point_tag,6e7627bb8a7edfc0,train
B线#sequence_time#测点42,debutanizer_column,timestamp,required,time,datetime,line_point_tag,46f73fc82b553caa,train
B线#time#测点42,debutanizer_column,timestamp,required,time,datetime,line_point_tag,1b5a4d36b699726e,train
B线#timestamp#测点42,debutanizer_column,timestamp,required,time,datetime,line_point_tag,de1273b8913154af,train
B线#时间#测点42,debutanizer_column,timestamp,required,time,datetime,line_point_tag,3289d8a221b712c6,train
B线#采集时间#测点42,debutanizer_column,timestamp,required,time,datetime,line_point_tag,5c3303cb79324353,train
DCS_03_TIME_PV_17,debutanizer_column,timestamp,required,time,datetime,vendor_dcs_tag,e97d34a38b7919e7,train
DCS_03_TS_PV_17,debutanizer_column,timestamp,required,time,datetime,vendor_dcs_tag,a3d8dffd8c2a01b8,train
DCS_03_sample_timestamp_PV_17,debutanizer_column,timestamp,required,time,datetime,vendor_dcs_tag,6e7627bb8a7edfc0,train
DCS_03_sequence_time_PV_17,debutanizer_column,timestamp,required,time,datetime,vendor_dcs_tag,46f73fc82b553caa,train
DCS_03_time_PV_17,debutanizer_column,timestamp,required,time,datetime,vendor_dcs_tag,1b5a4d36b699726e,train
DCS_03_timestamp_PV_17,debutanizer_column,timestamp,required,time,datetime,vendor_dcs_tag,de1273b8913154af,train
DCS_03_时间_PV_17,debutanizer_column,timestamp,required,time,datetime,vendor_dcs_tag,3289d8a221b712c6,train
DCS_03_采集时间_PV_17,debutanizer_column,timestamp,required,time,datetime,vendor_dcs_tag,5c3303cb79324353,train
HMI.22.TIME.AI,debutanizer_column,timestamp,required,time,datetime,vendor_hmi_tag,e97d34a38b7919e7,train
HMI.22.TS.AI,debutanizer_column,timestamp,required,time,datetime,vendor_hmi_tag,a3d8dffd8c2a01b8,train
HMI.22.sample_timestamp.AI,debutanizer_column,timestamp,required,time,datetime,vendor_hmi_tag,6e7627bb8a7edfc0,train
HMI.22.sequence_time.AI,debutanizer_column,timestamp,required,time,datetime,vendor_hmi_tag,46f73fc82b553caa,train
HMI.22.time.AI,debutanizer_column,timestamp,required,time,datetime,vendor_hmi_tag,1b5a4d36b699726e,train
HMI.22.timestamp.AI,debutanizer_column,timestamp,required,time,datetime,vendor_hmi_tag,de1273b8913154af,train
HMI.22.时间.AI,debutanizer_column,timestamp,required,time,datetime,vendor_hmi_tag,3289d8a221b712c6,train
HMI.22.采集时间.AI,debutanizer_column,timestamp,required,time,datetime,vendor_hmi_tag,5c3303cb79324353,train
SAMPLE_TIMESTAMP,debutanizer_column,timestamp,required,time,datetime,uppercase,6e7627bb8a7edfc0,train
SEQUENCE_TIME,debutanizer_column,timestamp,required,time,datetime,uppercase,46f73fc82b553caa,train
TIME,debutanizer_column,timestamp,required,time,datetime,template,e97d34a38b7919e7,train
TIMESTAMP,debutanizer_column,timestamp,required,time,datetime,uppercase,de1273b8913154af,train
TIME_01,debutanizer_column,timestamp,required,time,datetime,channel_suffix,e97d34a38b7919e7,train
TIME_PV,debutanizer_column,timestamp,required,time,datetime,control_suffix,e97d34a38b7919e7,train
TS,debutanizer_column,timestamp,required,time,datetime,template,a3d8dffd8c2a01b8,train
TS_01,debutanizer_column,timestamp,required,time,datetime,channel_suffix,a3d8dffd8c2a01b8,train
TS_PV,debutanizer_column,timestamp,required,time,datetime,control_suffix,a3d8dffd8c2a01b8,train
sample_timestamp,debutanizer_column,timestamp,required,time,datetime,template,6e7627bb8a7edfc0,train
sample_timestamp_01,debutanizer_column,timestamp,required,time,datetime,channel_suffix,6e7627bb8a7edfc0,train
sample_timestamp_PV,debutanizer_column,timestamp,required,time,datetime,control_suffix,6e7627bb8a7edfc0,train
sampletimestamp,debutanizer_column,timestamp,required,time,datetime,compact,6e7627bb8a7edfc0,train
sequence_time,debutanizer_column,timestamp,required,time,datetime,template,46f73fc82b553caa,train
sequence_time_01,debutanizer_column,timestamp,required,time,datetime,channel_suffix,46f73fc82b553caa,train
sequence_time_PV,debutanizer_column,timestamp,required,time,datetime,control_suffix,46f73fc82b553caa,train
sequencetime,debutanizer_column,timestamp,required,time,datetime,compact,46f73fc82b553caa,train
time,debutanizer_column,timestamp,required,time,datetime,template,1b5a4d36b699726e,train
time_01,debutanizer_column,timestamp,required,time,datetime,channel_suffix,1b5a4d36b699726e,train
time_PV,debutanizer_column,timestamp,required,time,datetime,control_suffix,1b5a4d36b699726e,train
timestamp,debutanizer_column,timestamp,required,time,datetime,template,de1273b8913154af,train
timestamp_01,debutanizer_column,timestamp,required,time,datetime,channel_suffix,de1273b8913154af,train
timestamp_PV,debutanizer_column,timestamp,required,time,datetime,control_suffix,de1273b8913154af,train
时间,debutanizer_column,timestamp,required,time,datetime,template,3289d8a221b712c6,train
时间_01,debutanizer_column,timestamp,required,time,datetime,channel_suffix,3289d8a221b712c6,train
时间_PV,debutanizer_column,timestamp,required,time,datetime,control_suffix,3289d8a221b712c6,train
装置5-TIME-CH30-VALUE,debutanizer_column,timestamp,required,time,datetime,vendor_channel_tag,e97d34a38b7919e7,train
装置5-TS-CH30-VALUE,debutanizer_column,timestamp,required,time,datetime,vendor_channel_tag,a3d8dffd8c2a01b8,train
装置5-sample_timestamp-CH30-VALUE,debutanizer_column,timestamp,required,time,datetime,vendor_channel_tag,6e7627bb8a7edfc0,train
装置5-sequence_time-CH30-VALUE,debutanizer_column,timestamp,required,time,datetime,vendor_channel_tag,46f73fc82b553caa,train
装置5-time-CH30-VALUE,debutanizer_column,timestamp,required,time,datetime,vendor_channel_tag,1b5a4d36b699726e,train
装置5-timestamp-CH30-VALUE,debutanizer_column,timestamp,required,time,datetime,vendor_channel_tag,de1273b8913154af,train
装置5-时间-CH30-VALUE,debutanizer_column,timestamp,required,time,datetime,vendor_channel_tag,3289d8a221b712c6,train
装置5-采集时间-CH30-VALUE,debutanizer_column,timestamp,required,time,datetime,vendor_channel_tag,5c3303cb79324353,train
采集时间,debutanizer_column,timestamp,required,time,datetime,template,5c3303cb79324353,train
采集时间_01,debutanizer_column,timestamp,required,time,datetime,channel_suffix,5c3303cb79324353,train
采集时间_PV,debutanizer_column,timestamp,required,time,datetime,control_suffix,5c3303cb79324353,train
1号DEBUT_TOP_PRESS,debutanizer_column,top_pressure,required,state,Pa,equipment_prefix,52680b4c8d369daa,train
1号PT_TOP,debutanizer_column,top_pressure,required,state,Pa,equipment_prefix,2b99fee8fe4c99c3,train
1号U2,debutanizer_column,top_pressure,required,state,Pa,equipment_prefix,3e33769c78213a1c,train
1号u2,debutanizer_column,top_pressure,required,state,Pa,equipment_prefix,7b52f4e35210a730,train
1号塔压,debutanizer_column,top_pressure,required,state,Pa,equipment_prefix,e934b67a3c6c3ed6,train
1号塔顶压力,debutanizer_column,top_pressure,required,state,Pa,equipment_prefix,1ae6aadb25847fe9,train
A线_DEBUT_TOP_PRESS,debutanizer_column,top_pressure,required,state,Pa,line_prefix,52680b4c8d369daa,train
A线_PT_TOP,debutanizer_column,top_pressure,required,state,Pa,line_prefix,2b99fee8fe4c99c3,train
A线_U2,debutanizer_column,top_pressure,required,state,Pa,line_prefix,3e33769c78213a1c,train
A线_u2,debutanizer_column,top_pressure,required,state,Pa,line_prefix,7b52f4e35210a730,train
A线_塔压,debutanizer_column,top_pressure,required,state,Pa,line_prefix,e934b67a3c6c3ed6,train
A线_塔顶压力,debutanizer_column,top_pressure,required,state,Pa,line_prefix,1ae6aadb25847fe9,train
B线#DEBUT_TOP_PRESS#测点42,debutanizer_column,top_pressure,required,state,Pa,line_point_tag,52680b4c8d369daa,train
B线#PT_TOP#测点42,debutanizer_column,top_pressure,required,state,Pa,line_point_tag,2b99fee8fe4c99c3,train
B线#U2#测点42,debutanizer_column,top_pressure,required,state,Pa,line_point_tag,3e33769c78213a1c,train
B线#u2#测点42,debutanizer_column,top_pressure,required,state,Pa,line_point_tag,7b52f4e35210a730,train
B线#塔压#测点42,debutanizer_column,top_pressure,required,state,Pa,line_point_tag,e934b67a3c6c3ed6,train
B线#塔顶压力#测点42,debutanizer_column,top_pressure,required,state,Pa,line_point_tag,1ae6aadb25847fe9,train
DCS_03_DEBUT_TOP_PRESS_PV_17,debutanizer_column,top_pressure,required,state,Pa,vendor_dcs_tag,52680b4c8d369daa,train
DCS_03_PT_TOP_PV_17,debutanizer_column,top_pressure,required,state,Pa,vendor_dcs_tag,2b99fee8fe4c99c3,train
DCS_03_U2_PV_17,debutanizer_column,top_pressure,required,state,Pa,vendor_dcs_tag,3e33769c78213a1c,train
DCS_03_u2_PV_17,debutanizer_column,top_pressure,required,state,Pa,vendor_dcs_tag,7b52f4e35210a730,train
DCS_03_塔压_PV_17,debutanizer_column,top_pressure,required,state,Pa,vendor_dcs_tag,e934b67a3c6c3ed6,train
DCS_03_塔顶压力_PV_17,debutanizer_column,top_pressure,required,state,Pa,vendor_dcs_tag,1ae6aadb25847fe9,train
DEBUTTOPPRESS,debutanizer_column,top_pressure,required,state,Pa,compact,52680b4c8d369daa,train
DEBUT_TOP_PRESS,debutanizer_column,top_pressure,required,state,Pa,template,52680b4c8d369daa,train
DEBUT_TOP_PRESS[Pa],debutanizer_column,top_pressure,required,state,Pa,unit_bracket,52680b4c8d369daa,train
DEBUT_TOP_PRESS_01,debutanizer_column,top_pressure,required,state,Pa,channel_suffix,52680b4c8d369daa,train
DEBUT_TOP_PRESS_PV,debutanizer_column,top_pressure,required,state,Pa,control_suffix,52680b4c8d369daa,train
DEBUT_TOP_PRESS_Pa,debutanizer_column,top_pressure,required,state,Pa,unit_suffix,52680b4c8d369daa,train
HMI.22.DEBUT_TOP_PRESS.AI,debutanizer_column,top_pressure,required,state,Pa,vendor_hmi_tag,52680b4c8d369daa,train
HMI.22.PT_TOP.AI,debutanizer_column,top_pressure,required,state,Pa,vendor_hmi_tag,2b99fee8fe4c99c3,train
HMI.22.U2.AI,debutanizer_column,top_pressure,required,state,Pa,vendor_hmi_tag,3e33769c78213a1c,train
HMI.22.u2.AI,debutanizer_column,top_pressure,required,state,Pa,vendor_hmi_tag,7b52f4e35210a730,train
HMI.22.塔压.AI,debutanizer_column,top_pressure,required,state,Pa,vendor_hmi_tag,e934b67a3c6c3ed6,train
HMI.22.塔顶压力.AI,debutanizer_column,top_pressure,required,state,Pa,vendor_hmi_tag,1ae6aadb25847fe9,train
PTTOP,debutanizer_column,top_pressure,required,state,Pa,compact,2b99fee8fe4c99c3,train
PT_TOP,debutanizer_column,top_pressure,required,state,Pa,template,2b99fee8fe4c99c3,train
PT_TOP[Pa],debutanizer_column,top_pressure,required,state,Pa,unit_bracket,2b99fee8fe4c99c3,train
PT_TOP_01,debutanizer_column,top_pressure,required,state,Pa,channel_suffix,2b99fee8fe4c99c3,train
PT_TOP_PV,debutanizer_column,top_pressure,required,state,Pa,control_suffix,2b99fee8fe4c99c3,train
PT_TOP_Pa,debutanizer_column,top_pressure,required,state,Pa,unit_suffix,2b99fee8fe4c99c3,train
U2,debutanizer_column,top_pressure,required,state,Pa,uppercase,7b52f4e35210a730,train
U2[Pa],debutanizer_column,top_pressure,required,state,Pa,unit_bracket,3e33769c78213a1c,train
U2_01,debutanizer_column,top_pressure,required,state,Pa,channel_suffix,3e33769c78213a1c,train
U2_PV,debutanizer_column,top_pressure,required,state,Pa,control_suffix,3e33769c78213a1c,train
U2_Pa,debutanizer_column,top_pressure,required,state,Pa,unit_suffix,3e33769c78213a1c,train
u2,debutanizer_column,top_pressure,required,state,Pa,template,7b52f4e35210a730,train
u2[Pa],debutanizer_column,top_pressure,required,state,Pa,unit_bracket,7b52f4e35210a730,train
u2_01,debutanizer_column,top_pressure,required,state,Pa,channel_suffix,7b52f4e35210a730,train
u2_PV,debutanizer_column,top_pressure,required,state,Pa,control_suffix,7b52f4e35210a730,train
u2_Pa,debutanizer_column,top_pressure,required,state,Pa,unit_suffix,7b52f4e35210a730,train
塔压,debutanizer_column,top_pressure,required,state,Pa,template,e934b67a3c6c3ed6,train
塔压[Pa],debutanizer_column,top_pressure,required,state,Pa,unit_bracket,e934b67a3c6c3ed6,train
塔压_01,debutanizer_column,top_pressure,required,state,Pa,channel_suffix,e934b67a3c6c3ed6,train
塔压_PV,debutanizer_column,top_pressure,required,state,Pa,control_suffix,e934b67a3c6c3ed6,train
塔压_Pa,debutanizer_column,top_pressure,required,state,Pa,unit_suffix,e934b67a3c6c3ed6,train
塔顶压力,debutanizer_column,top_pressure,required,state,Pa,template,1ae6aadb25847fe9,train
塔顶压力[Pa],debutanizer_column,top_pressure,required,state,Pa,unit_bracket,1ae6aadb25847fe9,train
塔顶压力_01,debutanizer_column,top_pressure,required,state,Pa,channel_suffix,1ae6aadb25847fe9,train
塔顶压力_PV,debutanizer_column,top_pressure,required,state,Pa,control_suffix,1ae6aadb25847fe9,train
塔顶压力_Pa,debutanizer_column,top_pressure,required,state,Pa,unit_suffix,1ae6aadb25847fe9,train
装置5-DEBUT_TOP_PRESS-CH30-VALUE,debutanizer_column,top_pressure,required,state,Pa,vendor_channel_tag,52680b4c8d369daa,train
装置5-PT_TOP-CH30-VALUE,debutanizer_column,top_pressure,required,state,Pa,vendor_channel_tag,2b99fee8fe4c99c3,train
装置5-U2-CH30-VALUE,debutanizer_column,top_pressure,required,state,Pa,vendor_channel_tag,3e33769c78213a1c,train
装置5-u2-CH30-VALUE,debutanizer_column,top_pressure,required,state,Pa,vendor_channel_tag,7b52f4e35210a730,train
装置5-塔压-CH30-VALUE,debutanizer_column,top_pressure,required,state,Pa,vendor_channel_tag,e934b67a3c6c3ed6,train
装置5-塔顶压力-CH30-VALUE,debutanizer_column,top_pressure,required,state,Pa,vendor_channel_tag,1ae6aadb25847fe9,train
1号TT_TOP,debutanizer_column,top_temperature,required,state,degC,equipment_prefix,023f43a79df79928,train
1号Top_Temperature,debutanizer_column,top_temperature,required,state,degC,equipment_prefix,b845a7211809ccb9,train
1号U1,debutanizer_column,top_temperature,required,state,degC,equipment_prefix,7ac41a0d3e4c172a,train
1号top temperature,debutanizer_column,top_temperature,required,state,degC,equipment_prefix,a99a7dc8d0d3ebb1,train
1号top_temperature,debutanizer_column,top_temperature,required,state,degC,equipment_prefix,e1f8d485d8809f91,train
1号u1,debutanizer_column,top_temperature,required,state,degC,equipment_prefix,9c71b249d9401c2a,train
1号顶温,debutanizer_column,top_temperature,required,state,degC,equipment_prefix,1be5ee5d483f0f95,train
A线_TT_TOP,debutanizer_column,top_temperature,required,state,degC,line_prefix,023f43a79df79928,train
A线_Top_Temperature,debutanizer_column,top_temperature,required,state,degC,line_prefix,b845a7211809ccb9,train
A线_U1,debutanizer_column,top_temperature,required,state,degC,line_prefix,7ac41a0d3e4c172a,train
A线_top temperature,debutanizer_column,top_temperature,required,state,degC,line_prefix,a99a7dc8d0d3ebb1,train
A线_top_temperature,debutanizer_column,top_temperature,required,state,degC,line_prefix,e1f8d485d8809f91,train
A线_u1,debutanizer_column,top_temperature,required,state,degC,line_prefix,9c71b249d9401c2a,train
A线_顶温,debutanizer_column,top_temperature,required,state,degC,line_prefix,1be5ee5d483f0f95,train
B线#TT_TOP#测点42,debutanizer_column,top_temperature,required,state,degC,line_point_tag,023f43a79df79928,train
B线#Top_Temperature#测点42,debutanizer_column,top_temperature,required,state,degC,line_point_tag,b845a7211809ccb9,train
B线#U1#测点42,debutanizer_column,top_temperature,required,state,degC,line_point_tag,7ac41a0d3e4c172a,train
B线#top temperature#测点42,debutanizer_column,top_temperature,required,state,degC,line_point_tag,a99a7dc8d0d3ebb1,train
B线#top_temperature#测点42,debutanizer_column,top_temperature,required,state,degC,line_point_tag,e1f8d485d8809f91,train
B线#u1#测点42,debutanizer_column,top_temperature,required,state,degC,line_point_tag,9c71b249d9401c2a,train
B线#顶温#测点42,debutanizer_column,top_temperature,required,state,degC,line_point_tag,1be5ee5d483f0f95,train
DCS_03_TT_TOP_PV_17,debutanizer_column,top_temperature,required,state,degC,vendor_dcs_tag,023f43a79df79928,train
DCS_03_Top_Temperature_PV_17,debutanizer_column,top_temperature,required,state,degC,vendor_dcs_tag,b845a7211809ccb9,train
DCS_03_U1_PV_17,debutanizer_column,top_temperature,required,state,degC,vendor_dcs_tag,7ac41a0d3e4c172a,train
DCS_03_top_temperature_PV_17,debutanizer_column,top_temperature,required,state,degC,vendor_dcs_tag,a99a7dc8d0d3ebb1,train
DCS_03_u1_PV_17,debutanizer_column,top_temperature,required,state,degC,vendor_dcs_tag,9c71b249d9401c2a,train
DCS_03_顶温_PV_17,debutanizer_column,top_temperature,required,state,degC,vendor_dcs_tag,1be5ee5d483f0f95,train
HMI.22.TT_TOP.AI,debutanizer_column,top_temperature,required,state,degC,vendor_hmi_tag,023f43a79df79928,train
HMI.22.Top_Temperature.AI,debutanizer_column,top_temperature,required,state,degC,vendor_hmi_tag,b845a7211809ccb9,train
HMI.22.U1.AI,debutanizer_column,top_temperature,required,state,degC,vendor_hmi_tag,7ac41a0d3e4c172a,train
HMI.22.top_temperature.AI,debutanizer_column,top_temperature,required,state,degC,vendor_hmi_tag,a99a7dc8d0d3ebb1,train
HMI.22.u1.AI,debutanizer_column,top_temperature,required,state,degC,vendor_hmi_tag,9c71b249d9401c2a,train
HMI.22.顶温.AI,debutanizer_column,top_temperature,required,state,degC,vendor_hmi_tag,1be5ee5d483f0f95,train
TOP_TEMPERATURE,debutanizer_column,top_temperature,required,state,degC,uppercase,a99a7dc8d0d3ebb1,train
TTTOP,debutanizer_column,top_temperature,required,state,degC,compact,023f43a79df79928,train
TT_TOP,debutanizer_column,top_temperature,required,state,degC,template,023f43a79df79928,train
TT_TOP[degC],debutanizer_column,top_temperature,required,state,degC,unit_bracket,023f43a79df79928,train
TT_TOP_01,debutanizer_column,top_temperature,required,state,degC,channel_suffix,023f43a79df79928,train
TT_TOP_PV,debutanizer_column,top_temperature,required,state,degC,control_suffix,023f43a79df79928,train
TT_TOP_degC,debutanizer_column,top_temperature,required,state,degC,unit_suffix,023f43a79df79928,train
TopTemperature,debutanizer_column,top_temperature,required,state,degC,compact,b845a7211809ccb9,train
Top_Temperature,debutanizer_column,top_temperature,required,state,degC,template,b845a7211809ccb9,train
Top_Temperature[degC],debutanizer_column,top_temperature,required,state,degC,unit_bracket,b845a7211809ccb9,train
Top_Temperature_01,debutanizer_column,top_temperature,required,state,degC,channel_suffix,b845a7211809ccb9,train
Top_Temperature_PV,debutanizer_column,top_temperature,required,state,degC,control_suffix,b845a7211809ccb9,train
Top_Temperature_degC,debutanizer_column,top_temperature,required,state,degC,unit_suffix,b845a7211809ccb9,train
U1,debutanizer_column,top_temperature,required,state,degC,uppercase,9c71b249d9401c2a,train
U1[degC],debutanizer_column,top_temperature,required,state,degC,unit_bracket,7ac41a0d3e4c172a,train
U1_01,debutanizer_column,top_temperature,required,state,degC,channel_suffix,7ac41a0d3e4c172a,train
U1_PV,debutanizer_column,top_temperature,required,state,degC,control_suffix,7ac41a0d3e4c172a,train
U1_degC,debutanizer_column,top_temperature,required,state,degC,unit_suffix,7ac41a0d3e4c172a,train
top temperature,debutanizer_column,top_temperature,required,state,degC,template,a99a7dc8d0d3ebb1,train
top temperature[degC],debutanizer_column,top_temperature,required,state,degC,unit_bracket,a99a7dc8d0d3ebb1,train
top_temperature,debutanizer_column,top_temperature,required,state,degC,normalized,a99a7dc8d0d3ebb1,train
top_temperature[degC],debutanizer_column,top_temperature,required,state,degC,unit_bracket,e1f8d485d8809f91,train
top_temperature_01,debutanizer_column,top_temperature,required,state,degC,channel_suffix,a99a7dc8d0d3ebb1,train
top_temperature_PV,debutanizer_column,top_temperature,required,state,degC,control_suffix,a99a7dc8d0d3ebb1,train
top_temperature_degC,debutanizer_column,top_temperature,required,state,degC,unit_suffix,a99a7dc8d0d3ebb1,train
toptemperature,debutanizer_column,top_temperature,required,state,degC,compact,a99a7dc8d0d3ebb1,train
u1,debutanizer_column,top_temperature,required,state,degC,template,9c71b249d9401c2a,train
u1[degC],debutanizer_column,top_temperature,required,state,degC,unit_bracket,9c71b249d9401c2a,train
u1_01,debutanizer_column,top_temperature,required,state,degC,channel_suffix,9c71b249d9401c2a,train
u1_PV,debutanizer_column,top_temperature,required,state,degC,control_suffix,9c71b249d9401c2a,train
u1_degC,debutanizer_column,top_temperature,required,state,degC,unit_suffix,9c71b249d9401c2a,train
装置5-TT_TOP-CH30-VALUE,debutanizer_column,top_temperature,required,state,degC,vendor_channel_tag,023f43a79df79928,train
装置5-Top_Temperature-CH30-VALUE,debutanizer_column,top_temperature,required,state,degC,vendor_channel_tag,b845a7211809ccb9,train
装置5-U1-CH30-VALUE,debutanizer_column,top_temperature,required,state,degC,vendor_channel_tag,7ac41a0d3e4c172a,train
装置5-top_temperature-CH30-VALUE,debutanizer_column,top_temperature,required,state,degC,vendor_channel_tag,a99a7dc8d0d3ebb1,train
装置5-u1-CH30-VALUE,debutanizer_column,top_temperature,required,state,degC,vendor_channel_tag,9c71b249d9401c2a,train
装置5-顶温-CH30-VALUE,debutanizer_column,top_temperature,required,state,degC,vendor_channel_tag,1be5ee5d483f0f95,train
顶温,debutanizer_column,top_temperature,required,state,degC,template,1be5ee5d483f0f95,train
顶温[degC],debutanizer_column,top_temperature,required,state,degC,unit_bracket,1be5ee5d483f0f95,train
顶温_01,debutanizer_column,top_temperature,required,state,degC,channel_suffix,1be5ee5d483f0f95,train
顶温_PV,debutanizer_column,top_temperature,required,state,degC,control_suffix,1be5ee5d483f0f95,train
顶温_degC,debutanizer_column,top_temperature,required,state,degC,unit_suffix,1be5ee5d483f0f95,train
1号DEBUT_TRAY6_TEMP,debutanizer_column,tray6_temperature,required,state,degC,equipment_prefix,ad5e34099083d8ee,train
1号TT_TRAY6,debutanizer_column,tray6_temperature,required,state,degC,equipment_prefix,35a20dcdfc7c3523,train
1号Tray6_Temperature,debutanizer_column,tray6_temperature,required,state,degC,equipment_prefix,c02c89085913bbb5,train
1号U5,debutanizer_column,tray6_temperature,required,state,degC,equipment_prefix,9926170921c226af,train
1号sixth tray temperature,debutanizer_column,tray6_temperature,required,state,degC,equipment_prefix,ed413068629a8d7f,train
1号tray6_temperature,debutanizer_column,tray6_temperature,required,state,degC,equipment_prefix,87545216a94cadb1,train
1号u5,debutanizer_column,tray6_temperature,required,state,degC,equipment_prefix,faf42d4328df764a,train
A线_DEBUT_TRAY6_TEMP,debutanizer_column,tray6_temperature,required,state,degC,line_prefix,ad5e34099083d8ee,train
A线_TT_TRAY6,debutanizer_column,tray6_temperature,required,state,degC,line_prefix,35a20dcdfc7c3523,train
A线_Tray6_Temperature,debutanizer_column,tray6_temperature,required,state,degC,line_prefix,c02c89085913bbb5,train
A线_U5,debutanizer_column,tray6_temperature,required,state,degC,line_prefix,9926170921c226af,train
A线_sixth tray temperature,debutanizer_column,tray6_temperature,required,state,degC,line_prefix,ed413068629a8d7f,train
A线_tray6_temperature,debutanizer_column,tray6_temperature,required,state,degC,line_prefix,87545216a94cadb1,train
A线_u5,debutanizer_column,tray6_temperature,required,state,degC,line_prefix,faf42d4328df764a,train
B线#DEBUT_TRAY6_TEMP#测点42,debutanizer_column,tray6_temperature,required,state,degC,line_point_tag,ad5e34099083d8ee,train
B线#TT_TRAY6#测点42,debutanizer_column,tray6_temperature,required,state,degC,line_point_tag,35a20dcdfc7c3523,train
B线#Tray6_Temperature#测点42,debutanizer_column,tray6_temperature,required,state,degC,line_point_tag,c02c89085913bbb5,train
B线#U5#测点42,debutanizer_column,tray6_temperature,required,state,degC,line_point_tag,9926170921c226af,train
B线#sixth tray temperature#测点42,debutanizer_column,tray6_temperature,required,state,degC,line_point_tag,ed413068629a8d7f,train
B线#tray6_temperature#测点42,debutanizer_column,tray6_temperature,required,state,degC,line_point_tag,87545216a94cadb1,train
B线#u5#测点42,debutanizer_column,tray6_temperature,required,state,degC,line_point_tag,faf42d4328df764a,train
DCS_03_DEBUT_TRAY6_TEMP_PV_17,debutanizer_column,tray6_temperature,required,state,degC,vendor_dcs_tag,ad5e34099083d8ee,train
DCS_03_TT_TRAY6_PV_17,debutanizer_column,tray6_temperature,required,state,degC,vendor_dcs_tag,35a20dcdfc7c3523,train
DCS_03_Tray6_Temperature_PV_17,debutanizer_column,tray6_temperature,required,state,degC,vendor_dcs_tag,c02c89085913bbb5,train
DCS_03_U5_PV_17,debutanizer_column,tray6_temperature,required,state,degC,vendor_dcs_tag,9926170921c226af,train
DCS_03_sixth_tray_temperature_PV_17,debutanizer_column,tray6_temperature,required,state,degC,vendor_dcs_tag,ed413068629a8d7f,train
DCS_03_tray6_temperature_PV_17,debutanizer_column,tray6_temperature,required,state,degC,vendor_dcs_tag,87545216a94cadb1,train
DCS_03_u5_PV_17,debutanizer_column,tray6_temperature,required,state,degC,vendor_dcs_tag,faf42d4328df764a,train
DEBUTTRAY6TEMP,debutanizer_column,tray6_temperature,required,state,degC,compact,ad5e34099083d8ee,train
DEBUT_TRAY6_TEMP,debutanizer_column,tray6_temperature,required,state,degC,template,ad5e34099083d8ee,train
DEBUT_TRAY6_TEMP[degC],debutanizer_column,tray6_temperature,required,state,degC,unit_bracket,ad5e34099083d8ee,train
DEBUT_TRAY6_TEMP_01,debutanizer_column,tray6_temperature,required,state,degC,channel_suffix,ad5e34099083d8ee,train
DEBUT_TRAY6_TEMP_PV,debutanizer_column,tray6_temperature,required,state,degC,control_suffix,ad5e34099083d8ee,train
DEBUT_TRAY6_TEMP_degC,debutanizer_column,tray6_temperature,required,state,degC,unit_suffix,ad5e34099083d8ee,train
HMI.22.DEBUT_TRAY6_TEMP.AI,debutanizer_column,tray6_temperature,required,state,degC,vendor_hmi_tag,ad5e34099083d8ee,train
HMI.22.TT_TRAY6.AI,debutanizer_column,tray6_temperature,required,state,degC,vendor_hmi_tag,35a20dcdfc7c3523,train
HMI.22.Tray6_Temperature.AI,debutanizer_column,tray6_temperature,required,state,degC,vendor_hmi_tag,c02c89085913bbb5,train
HMI.22.U5.AI,debutanizer_column,tray6_temperature,required,state,degC,vendor_hmi_tag,9926170921c226af,train
HMI.22.sixth_tray_temperature.AI,debutanizer_column,tray6_temperature,required,state,degC,vendor_hmi_tag,ed413068629a8d7f,train
HMI.22.tray6_temperature.AI,debutanizer_column,tray6_temperature,required,state,degC,vendor_hmi_tag,87545216a94cadb1,train
HMI.22.u5.AI,debutanizer_column,tray6_temperature,required,state,degC,vendor_hmi_tag,faf42d4328df764a,train
SIXTH_TRAY_TEMPERATURE,debutanizer_column,tray6_temperature,required,state,degC,uppercase,ed413068629a8d7f,train
TRAY6_TEMPERATURE,debutanizer_column,tray6_temperature,required,state,degC,uppercase,c02c89085913bbb5,train
TTTRAY6,debutanizer_column,tray6_temperature,required,state,degC,compact,35a20dcdfc7c3523,train
TT_TRAY6,debutanizer_column,tray6_temperature,required,state,degC,template,35a20dcdfc7c3523,train
TT_TRAY6[degC],debutanizer_column,tray6_temperature,required,state,degC,unit_bracket,35a20dcdfc7c3523,train
TT_TRAY6_01,debutanizer_column,tray6_temperature,required,state,degC,channel_suffix,35a20dcdfc7c3523,train
TT_TRAY6_PV,debutanizer_column,tray6_temperature,required,state,degC,control_suffix,35a20dcdfc7c3523,train
TT_TRAY6_degC,debutanizer_column,tray6_temperature,required,state,degC,unit_suffix,35a20dcdfc7c3523,train
Tray6Temperature,debutanizer_column,tray6_temperature,required,state,degC,compact,c02c89085913bbb5,train
Tray6_Temperature,debutanizer_column,tray6_temperature,required,state,degC,template,c02c89085913bbb5,train
Tray6_Temperature[degC],debutanizer_column,tray6_temperature,required,state,degC,unit_bracket,c02c89085913bbb5,train
Tray6_Temperature_01,debutanizer_column,tray6_temperature,required,state,degC,channel_suffix,c02c89085913bbb5,train
Tray6_Temperature_PV,debutanizer_column,tray6_temperature,required,state,degC,control_suffix,c02c89085913bbb5,train
Tray6_Temperature_degC,debutanizer_column,tray6_temperature,required,state,degC,unit_suffix,c02c89085913bbb5,train
U5,debutanizer_column,tray6_temperature,required,state,degC,uppercase,faf42d4328df764a,train
U5[degC],debutanizer_column,tray6_temperature,required,state,degC,unit_bracket,9926170921c226af,train
U5_01,debutanizer_column,tray6_temperature,required,state,degC,channel_suffix,9926170921c226af,train
U5_PV,debutanizer_column,tray6_temperature,required,state,degC,control_suffix,9926170921c226af,train
U5_degC,debutanizer_column,tray6_temperature,required,state,degC,unit_suffix,9926170921c226af,train
sixth tray temperature,debutanizer_column,tray6_temperature,required,state,degC,template,ed413068629a8d7f,train
sixth tray temperature[degC],debutanizer_column,tray6_temperature,required,state,degC,unit_bracket,ed413068629a8d7f,train
sixth_tray_temperature,debutanizer_column,tray6_temperature,required,state,degC,normalized,ed413068629a8d7f,train
sixth_tray_temperature_01,debutanizer_column,tray6_temperature,required,state,degC,channel_suffix,ed413068629a8d7f,train
sixth_tray_temperature_PV,debutanizer_column,tray6_temperature,required,state,degC,control_suffix,ed413068629a8d7f,train
sixth_tray_temperature_degC,debutanizer_column,tray6_temperature,required,state,degC,unit_suffix,ed413068629a8d7f,train
sixthtraytemperature,debutanizer_column,tray6_temperature,required,state,degC,compact,ed413068629a8d7f,train
tray6_temperature,debutanizer_column,tray6_temperature,required,state,degC,template,87545216a94cadb1,train
tray6_temperature[degC],debutanizer_column,tray6_temperature,required,state,degC,unit_bracket,87545216a94cadb1,train
tray6_temperature_01,debutanizer_column,tray6_temperature,required,state,degC,channel_suffix,87545216a94cadb1,train
tray6_temperature_PV,debutanizer_column,tray6_temperature,required,state,degC,control_suffix,87545216a94cadb1,train
tray6_temperature_degC,debutanizer_column,tray6_temperature,required,state,degC,unit_suffix,87545216a94cadb1,train
tray6temperature,debutanizer_column,tray6_temperature,required,state,degC,compact,87545216a94cadb1,train
u5,debutanizer_column,tray6_temperature,required,state,degC,template,faf42d4328df764a,train
u5[degC],debutanizer_column,tray6_temperature,required,state,degC,unit_bracket,faf42d4328df764a,train
u5_01,debutanizer_column,tray6_temperature,required,state,degC,channel_suffix,faf42d4328df764a,train
u5_PV,debutanizer_column,tray6_temperature,required,state,degC,control_suffix,faf42d4328df764a,train
u5_degC,debutanizer_column,tray6_temperature,required,state,degC,unit_suffix,faf42d4328df764a,train
装置5-DEBUT_TRAY6_TEMP-CH30-VALUE,debutanizer_column,tray6_temperature,required,state,degC,vendor_channel_tag,ad5e34099083d8ee,train
装置5-TT_TRAY6-CH30-VALUE,debutanizer_column,tray6_temperature,required,state,degC,vendor_channel_tag,35a20dcdfc7c3523,train
装置5-Tray6_Temperature-CH30-VALUE,debutanizer_column,tray6_temperature,required,state,degC,vendor_channel_tag,c02c89085913bbb5,train
装置5-U5-CH30-VALUE,debutanizer_column,tray6_temperature,required,state,degC,vendor_channel_tag,9926170921c226af,train
装置5-sixth_tray_temperature-CH30-VALUE,debutanizer_column,tray6_temperature,required,state,degC,vendor_channel_tag,ed413068629a8d7f,train
装置5-tray6_temperature-CH30-VALUE,debutanizer_column,tray6_temperature,required,state,degC,vendor_channel_tag,87545216a94cadb1,train
装置5-u5-CH30-VALUE,debutanizer_column,tray6_temperature,required,state,degC,vendor_channel_tag,faf42d4328df764a,train
DCS_会议室预约状态_25,industrial_dryer,__irrelevant__,irrelevant,none,,negative_vendor,546325cfaecb3430,train
DCS_值班员电子签名_25,industrial_dryer,__irrelevant__,irrelevant,none,,negative_vendor,76c92bf083061de8,train
DCS_办公室温度_25,industrial_dryer,__irrelevant__,irrelevant,none,,negative_vendor,2732b0ab9c772398,train
DCS_厂区门禁记录_25,industrial_dryer,__irrelevant__,irrelevant,none,,negative_vendor,600b341904b8c46d,train
DCS_厂商备用测点_25,industrial_dryer,__irrelevant__,irrelevant,none,,negative_vendor,76947e7f5319c9ae,train
DCS_巡检照片地址_25,industrial_dryer,__irrelevant__,irrelevant,none,,negative_vendor,e68ead385759527e,train
DCS_工单审批人_25,industrial_dryer,__irrelevant__,irrelevant,none,,negative_vendor,4766834c6d402019,train
DCS_打印机墨粉余量_25,industrial_dryer,__irrelevant__,irrelevant,none,,negative_vendor,9aca76f8b45df977,train
DCS_报警文本_25,industrial_dryer,__irrelevant__,irrelevant,none,,negative_vendor,47c9d4d89d818575,train
DCS_摄像头在线标志_25,industrial_dryer,__irrelevant__,irrelevant,none,,negative_vendor,64360d47c3005938,train
DCS_操作员姓名_25,industrial_dryer,__irrelevant__,irrelevant,none,,negative_vendor,94e421995be41c9a,train
DCS_日报打印次数_25,industrial_dryer,__irrelevant__,irrelevant,none,,negative_vendor,b788e3279296eaf2,train
DCS_检修记录_25,industrial_dryer,__irrelevant__,irrelevant,none,,negative_vendor,236b5aa7d7b51993,train
DCS_班组备注_25,industrial_dryer,__irrelevant__,irrelevant,none,,negative_vendor,bd008d6d8ece98d4,train
DCS_画面刷新周期_25,industrial_dryer,__irrelevant__,irrelevant,none,,negative_vendor,f0a91cbdb05ad662,train
DCS_视频码率_25,industrial_dryer,__irrelevant__,irrelevant,none,,negative_vendor,9bf9af7027e8d66b,train
DCS_账户登录次数_25,industrial_dryer,__irrelevant__,irrelevant,none,,negative_vendor,586d0903f2e8490a,train
DCS_软件版本说明_25,industrial_dryer,__irrelevant__,irrelevant,none,,negative_vendor,6611395eb14a768c,train
DCS_通讯状态字_25,industrial_dryer,__irrelevant__,irrelevant,none,,negative_vendor,16fad8af7caeaa34,train
HMI.60.会议室预约状态.RAW,industrial_dryer,__irrelevant__,irrelevant,none,,negative_vendor,546325cfaecb3430,train
HMI.60.值班员电子签名.RAW,industrial_dryer,__irrelevant__,irrelevant,none,,negative_vendor,76c92bf083061de8,train
HMI.60.办公室温度.RAW,industrial_dryer,__irrelevant__,irrelevant,none,,negative_vendor,2732b0ab9c772398,train
HMI.60.厂区门禁记录.RAW,industrial_dryer,__irrelevant__,irrelevant,none,,negative_vendor,600b341904b8c46d,train
HMI.60.厂商备用测点.RAW,industrial_dryer,__irrelevant__,irrelevant,none,,negative_vendor,76947e7f5319c9ae,train
HMI.60.巡检照片地址.RAW,industrial_dryer,__irrelevant__,irrelevant,none,,negative_vendor,e68ead385759527e,train
HMI.60.工单审批人.RAW,industrial_dryer,__irrelevant__,irrelevant,none,,negative_vendor,4766834c6d402019,train
HMI.60.打印机墨粉余量.RAW,industrial_dryer,__irrelevant__,irrelevant,none,,negative_vendor,9aca76f8b45df977,train
HMI.60.报警文本.RAW,industrial_dryer,__irrelevant__,irrelevant,none,,negative_vendor,47c9d4d89d818575,train
HMI.60.摄像头在线标志.RAW,industrial_dryer,__irrelevant__,irrelevant,none,,negative_vendor,64360d47c3005938,train
HMI.60.操作员姓名.RAW,industrial_dryer,__irrelevant__,irrelevant,none,,negative_vendor,94e421995be41c9a,train
HMI.60.日报打印次数.RAW,industrial_dryer,__irrelevant__,irrelevant,none,,negative_vendor,b788e3279296eaf2,train
HMI.60.检修记录.RAW,industrial_dryer,__irrelevant__,irrelevant,none,,negative_vendor,236b5aa7d7b51993,train
HMI.60.班组备注.RAW,industrial_dryer,__irrelevant__,irrelevant,none,,negative_vendor,bd008d6d8ece98d4,train
HMI.60.画面刷新周期.RAW,industrial_dryer,__irrelevant__,irrelevant,none,,negative_vendor,f0a91cbdb05ad662,train
HMI.60.视频码率.RAW,industrial_dryer,__irrelevant__,irrelevant,none,,negative_vendor,9bf9af7027e8d66b,train
HMI.60.账户登录次数.RAW,industrial_dryer,__irrelevant__,irrelevant,none,,negative_vendor,586d0903f2e8490a,train
HMI.60.软件版本说明.RAW,industrial_dryer,__irrelevant__,irrelevant,none,,negative_vendor,6611395eb14a768c,train
HMI.60.通讯状态字.RAW,industrial_dryer,__irrelevant__,irrelevant,none,,negative_vendor,16fad8af7caeaa34,train
会议室预约状态,industrial_dryer,__irrelevant__,irrelevant,none,,negative,546325cfaecb3430,train
值班员电子签名,industrial_dryer,__irrelevant__,irrelevant,none,,negative,76c92bf083061de8,train
办公室温度,industrial_dryer,__irrelevant__,irrelevant,none,,negative,2732b0ab9c772398,train
厂区门禁记录,industrial_dryer,__irrelevant__,irrelevant,none,,negative,600b341904b8c46d,train
厂商备用测点,industrial_dryer,__irrelevant__,irrelevant,none,,negative,76947e7f5319c9ae,train
巡检照片地址,industrial_dryer,__irrelevant__,irrelevant,none,,negative,e68ead385759527e,train
工单审批人,industrial_dryer,__irrelevant__,irrelevant,none,,negative,4766834c6d402019,train
打印机墨粉余量,industrial_dryer,__irrelevant__,irrelevant,none,,negative,9aca76f8b45df977,train
报警文本,industrial_dryer,__irrelevant__,irrelevant,none,,negative,47c9d4d89d818575,train
摄像头在线标志,industrial_dryer,__irrelevant__,irrelevant,none,,negative,64360d47c3005938,train
操作员姓名,industrial_dryer,__irrelevant__,irrelevant,none,,negative,94e421995be41c9a,train
日报打印次数,industrial_dryer,__irrelevant__,irrelevant,none,,negative,b788e3279296eaf2,train
检修记录,industrial_dryer,__irrelevant__,irrelevant,none,,negative,236b5aa7d7b51993,train
班组备注,industrial_dryer,__irrelevant__,irrelevant,none,,negative,bd008d6d8ece98d4,train
画面刷新周期,industrial_dryer,__irrelevant__,irrelevant,none,,negative,f0a91cbdb05ad662,train
视频码率,industrial_dryer,__irrelevant__,irrelevant,none,,negative,9bf9af7027e8d66b,train
账户登录次数,industrial_dryer,__irrelevant__,irrelevant,none,,negative,586d0903f2e8490a,train
软件版本说明,industrial_dryer,__irrelevant__,irrelevant,none,,negative,6611395eb14a768c,train
通讯状态字,industrial_dryer,__irrelevant__,irrelevant,none,,negative,16fad8af7caeaa34,train
1号AIR_FLOW,industrial_dryer,drying_air_flow,required,manipulated,Nm3/h,equipment_prefix,7a93545e18ae5fc2,train
1号DRYING_AIR_FLOW,industrial_dryer,drying_air_flow,required,manipulated,Nm3/h,equipment_prefix,ec98117191529528,train
1号drying_air_flow,industrial_dryer,drying_air_flow,required,manipulated,Nm3/h,equipment_prefix,3e9cb470a45c9ffb,train
1号干燥空气流量,industrial_dryer,drying_air_flow,required,manipulated,Nm3/h,equipment_prefix,2536e869526d4e41,train
1号干燥风量,industrial_dryer,drying_air_flow,required,manipulated,Nm3/h,equipment_prefix,78ce4e0559e5aeb3,train
1号热风流量,industrial_dryer,drying_air_flow,required,manipulated,Nm3/h,equipment_prefix,32ae60ec3e2a529a,train
AIRFLOW,industrial_dryer,drying_air_flow,required,manipulated,Nm3/h,compact,7a93545e18ae5fc2,train
AIR_FLOW,industrial_dryer,drying_air_flow,required,manipulated,Nm3/h,template,7a93545e18ae5fc2,train
AIR_FLOW[Nm3/h],industrial_dryer,drying_air_flow,required,manipulated,Nm3/h,unit_bracket,7a93545e18ae5fc2,train
AIR_FLOW_01,industrial_dryer,drying_air_flow,required,manipulated,Nm3/h,channel_suffix,7a93545e18ae5fc2,train
AIR_FLOW_Nm3/h,industrial_dryer,drying_air_flow,required,manipulated,Nm3/h,unit_suffix,7a93545e18ae5fc2,train
AIR_FLOW_SP,industrial_dryer,drying_air_flow,required,manipulated,Nm3/h,control_suffix,7a93545e18ae5fc2,train
A线_AIR_FLOW,industrial_dryer,drying_air_flow,required,manipulated,Nm3/h,line_prefix,7a93545e18ae5fc2,train
A线_DRYING_AIR_FLOW,industrial_dryer,drying_air_flow,required,manipulated,Nm3/h,line_prefix,ec98117191529528,train
A线_drying_air_flow,industrial_dryer,drying_air_flow,required,manipulated,Nm3/h,line_prefix,3e9cb470a45c9ffb,train
A线_干燥空气流量,industrial_dryer,drying_air_flow,required,manipulated,Nm3/h,line_prefix,2536e869526d4e41,train
A线_干燥风量,industrial_dryer,drying_air_flow,required,manipulated,Nm3/h,line_prefix,78ce4e0559e5aeb3,train
A线_热风流量,industrial_dryer,drying_air_flow,required,manipulated,Nm3/h,line_prefix,32ae60ec3e2a529a,train
B线#AIR_FLOW#测点42,industrial_dryer,drying_air_flow,required,manipulated,Nm3/h,line_point_tag,7a93545e18ae5fc2,train
B线#DRYING_AIR_FLOW#测点42,industrial_dryer,drying_air_flow,required,manipulated,Nm3/h,line_point_tag,ec98117191529528,train
B线#drying_air_flow#测点42,industrial_dryer,drying_air_flow,required,manipulated,Nm3/h,line_point_tag,3e9cb470a45c9ffb,train
B线#干燥空气流量#测点42,industrial_dryer,drying_air_flow,required,manipulated,Nm3/h,line_point_tag,2536e869526d4e41,train
B线#干燥风量#测点42,industrial_dryer,drying_air_flow,required,manipulated,Nm3/h,line_point_tag,78ce4e0559e5aeb3,train
B线#热风流量#测点42,industrial_dryer,drying_air_flow,required,manipulated,Nm3/h,line_point_tag,32ae60ec3e2a529a,train
DCS_03_AIR_FLOW_PV_17,industrial_dryer,drying_air_flow,required,manipulated,Nm3/h,vendor_dcs_tag,7a93545e18ae5fc2,train
DCS_03_DRYING_AIR_FLOW_PV_17,industrial_dryer,drying_air_flow,required,manipulated,Nm3/h,vendor_dcs_tag,ec98117191529528,train
DCS_03_drying_air_flow_PV_17,industrial_dryer,drying_air_flow,required,manipulated,Nm3/h,vendor_dcs_tag,3e9cb470a45c9ffb,train
DCS_03_干燥空气流量_PV_17,industrial_dryer,drying_air_flow,required,manipulated,Nm3/h,vendor_dcs_tag,2536e869526d4e41,train
DCS_03_干燥风量_PV_17,industrial_dryer,drying_air_flow,required,manipulated,Nm3/h,vendor_dcs_tag,78ce4e0559e5aeb3,train
DCS_03_热风流量_PV_17,industrial_dryer,drying_air_flow,required,manipulated,Nm3/h,vendor_dcs_tag,32ae60ec3e2a529a,train
DRYINGAIRFLOW,industrial_dryer,drying_air_flow,required,manipulated,Nm3/h,compact,ec98117191529528,train
DRYING_AIR_FLOW,industrial_dryer,drying_air_flow,required,manipulated,Nm3/h,template,ec98117191529528,train
DRYING_AIR_FLOW[Nm3/h],industrial_dryer,drying_air_flow,required,manipulated,Nm3/h,unit_bracket,ec98117191529528,train
DRYING_AIR_FLOW_01,industrial_dryer,drying_air_flow,required,manipulated,Nm3/h,channel_suffix,ec98117191529528,train
DRYING_AIR_FLOW_Nm3/h,industrial_dryer,drying_air_flow,required,manipulated,Nm3/h,unit_suffix,ec98117191529528,train
DRYING_AIR_FLOW_SP,industrial_dryer,drying_air_flow,required,manipulated,Nm3/h,control_suffix,ec98117191529528,train
HMI.22.AIR_FLOW.AI,industrial_dryer,drying_air_flow,required,manipulated,Nm3/h,vendor_hmi_tag,7a93545e18ae5fc2,train
HMI.22.DRYING_AIR_FLOW.AI,industrial_dryer,drying_air_flow,required,manipulated,Nm3/h,vendor_hmi_tag,ec98117191529528,train
HMI.22.drying_air_flow.AI,industrial_dryer,drying_air_flow,required,manipulated,Nm3/h,vendor_hmi_tag,3e9cb470a45c9ffb,train
HMI.22.干燥空气流量.AI,industrial_dryer,drying_air_flow,required,manipulated,Nm3/h,vendor_hmi_tag,2536e869526d4e41,train
HMI.22.干燥风量.AI,industrial_dryer,drying_air_flow,required,manipulated,Nm3/h,vendor_hmi_tag,78ce4e0559e5aeb3,train
HMI.22.热风流量.AI,industrial_dryer,drying_air_flow,required,manipulated,Nm3/h,vendor_hmi_tag,32ae60ec3e2a529a,train
drying_air_flow,industrial_dryer,drying_air_flow,required,manipulated,Nm3/h,template,3e9cb470a45c9ffb,train
drying_air_flow[Nm3/h],industrial_dryer,drying_air_flow,required,manipulated,Nm3/h,unit_bracket,3e9cb470a45c9ffb,train
drying_air_flow_01,industrial_dryer,drying_air_flow,required,manipulated,Nm3/h,channel_suffix,3e9cb470a45c9ffb,train
drying_air_flow_Nm3/h,industrial_dryer,drying_air_flow,required,manipulated,Nm3/h,unit_suffix,3e9cb470a45c9ffb,train
drying_air_flow_SP,industrial_dryer,drying_air_flow,required,manipulated,Nm3/h,control_suffix,3e9cb470a45c9ffb,train
dryingairflow,industrial_dryer,drying_air_flow,required,manipulated,Nm3/h,compact,3e9cb470a45c9ffb,train
干燥空气流量,industrial_dryer,drying_air_flow,required,manipulated,Nm3/h,template,2536e869526d4e41,train
干燥空气流量[Nm3/h],industrial_dryer,drying_air_flow,required,manipulated,Nm3/h,unit_bracket,2536e869526d4e41,train
干燥空气流量_01,industrial_dryer,drying_air_flow,required,manipulated,Nm3/h,channel_suffix,2536e869526d4e41,train
干燥空气流量_Nm3/h,industrial_dryer,drying_air_flow,required,manipulated,Nm3/h,unit_suffix,2536e869526d4e41,train
干燥空气流量_SP,industrial_dryer,drying_air_flow,required,manipulated,Nm3/h,control_suffix,2536e869526d4e41,train
干燥风量,industrial_dryer,drying_air_flow,required,manipulated,Nm3/h,template,78ce4e0559e5aeb3,train
干燥风量[Nm3/h],industrial_dryer,drying_air_flow,required,manipulated,Nm3/h,unit_bracket,78ce4e0559e5aeb3,train
干燥风量_01,industrial_dryer,drying_air_flow,required,manipulated,Nm3/h,channel_suffix,78ce4e0559e5aeb3,train
干燥风量_Nm3/h,industrial_dryer,drying_air_flow,required,manipulated,Nm3/h,unit_suffix,78ce4e0559e5aeb3,train
干燥风量_SP,industrial_dryer,drying_air_flow,required,manipulated,Nm3/h,control_suffix,78ce4e0559e5aeb3,train
热风流量,industrial_dryer,drying_air_flow,required,manipulated,Nm3/h,template,32ae60ec3e2a529a,train
热风流量[Nm3/h],industrial_dryer,drying_air_flow,required,manipulated,Nm3/h,unit_bracket,32ae60ec3e2a529a,train
热风流量_01,industrial_dryer,drying_air_flow,required,manipulated,Nm3/h,channel_suffix,32ae60ec3e2a529a,train
热风流量_Nm3/h,industrial_dryer,drying_air_flow,required,manipulated,Nm3/h,unit_suffix,32ae60ec3e2a529a,train
热风流量_SP,industrial_dryer,drying_air_flow,required,manipulated,Nm3/h,control_suffix,32ae60ec3e2a529a,train
装置5-AIR_FLOW-CH30-VALUE,industrial_dryer,drying_air_flow,required,manipulated,Nm3/h,vendor_channel_tag,7a93545e18ae5fc2,train
装置5-DRYING_AIR_FLOW-CH30-VALUE,industrial_dryer,drying_air_flow,required,manipulated,Nm3/h,vendor_channel_tag,ec98117191529528,train
装置5-drying_air_flow-CH30-VALUE,industrial_dryer,drying_air_flow,required,manipulated,Nm3/h,vendor_channel_tag,3e9cb470a45c9ffb,train
装置5-干燥空气流量-CH30-VALUE,industrial_dryer,drying_air_flow,required,manipulated,Nm3/h,vendor_channel_tag,2536e869526d4e41,train
装置5-干燥风量-CH30-VALUE,industrial_dryer,drying_air_flow,required,manipulated,Nm3/h,vendor_channel_tag,78ce4e0559e5aeb3,train
装置5-热风流量-CH30-VALUE,industrial_dryer,drying_air_flow,required,manipulated,Nm3/h,vendor_channel_tag,32ae60ec3e2a529a,train
1号EXHAUST_HUMIDITY,industrial_dryer,exhaust_humidity,required,controlled,percent,equipment_prefix,6b0ef7620aa52fc7,train
1号出口空气湿度,industrial_dryer,exhaust_humidity,required,controlled,percent,equipment_prefix,7a7a1c7556acc30c,train
1号排气湿度,industrial_dryer,exhaust_humidity,required,controlled,percent,equipment_prefix,49abf488453b0992,train
A线_EXHAUST_HUMIDITY,industrial_dryer,exhaust_humidity,required,controlled,percent,line_prefix,6b0ef7620aa52fc7,train
A线_出口空气湿度,industrial_dryer,exhaust_humidity,required,controlled,percent,line_prefix,7a7a1c7556acc30c,train
A线_排气湿度,industrial_dryer,exhaust_humidity,required,controlled,percent,line_prefix,49abf488453b0992,train
B线#EXHAUST_HUMIDITY#测点42,industrial_dryer,exhaust_humidity,required,controlled,percent,line_point_tag,6b0ef7620aa52fc7,train
B线#出口空气湿度#测点42,industrial_dryer,exhaust_humidity,required,controlled,percent,line_point_tag,7a7a1c7556acc30c,train
B线#排气湿度#测点42,industrial_dryer,exhaust_humidity,required,controlled,percent,line_point_tag,49abf488453b0992,train
DCS_03_EXHAUST_HUMIDITY_PV_17,industrial_dryer,exhaust_humidity,required,controlled,percent,vendor_dcs_tag,6b0ef7620aa52fc7,train
DCS_03_出口空气湿度_PV_17,industrial_dryer,exhaust_humidity,required,controlled,percent,vendor_dcs_tag,7a7a1c7556acc30c,train
DCS_03_排气湿度_PV_17,industrial_dryer,exhaust_humidity,required,controlled,percent,vendor_dcs_tag,49abf488453b0992,train
EXHAUSTHUMIDITY,industrial_dryer,exhaust_humidity,required,controlled,percent,compact,6b0ef7620aa52fc7,train
EXHAUST_HUMIDITY,industrial_dryer,exhaust_humidity,required,controlled,percent,template,6b0ef7620aa52fc7,train
EXHAUST_HUMIDITY[percent],industrial_dryer,exhaust_humidity,required,controlled,percent,unit_bracket,6b0ef7620aa52fc7,train
EXHAUST_HUMIDITY_01,industrial_dryer,exhaust_humidity,required,controlled,percent,channel_suffix,6b0ef7620aa52fc7,train
EXHAUST_HUMIDITY_PV,industrial_dryer,exhaust_humidity,required,controlled,percent,control_suffix,6b0ef7620aa52fc7,train
EXHAUST_HUMIDITY_percent,industrial_dryer,exhaust_humidity,required,controlled,percent,unit_suffix,6b0ef7620aa52fc7,train
HMI.22.EXHAUST_HUMIDITY.AI,industrial_dryer,exhaust_humidity,required,controlled,percent,vendor_hmi_tag,6b0ef7620aa52fc7,train
HMI.22.出口空气湿度.AI,industrial_dryer,exhaust_humidity,required,controlled,percent,vendor_hmi_tag,7a7a1c7556acc30c,train
HMI.22.排气湿度.AI,industrial_dryer,exhaust_humidity,required,controlled,percent,vendor_hmi_tag,49abf488453b0992,train
出口空气湿度,industrial_dryer,exhaust_humidity,required,controlled,percent,template,7a7a1c7556acc30c,train
出口空气湿度[percent],industrial_dryer,exhaust_humidity,required,controlled,percent,unit_bracket,7a7a1c7556acc30c,train
出口空气湿度_01,industrial_dryer,exhaust_humidity,required,controlled,percent,channel_suffix,7a7a1c7556acc30c,train
出口空气湿度_PV,industrial_dryer,exhaust_humidity,required,controlled,percent,control_suffix,7a7a1c7556acc30c,train
出口空气湿度_percent,industrial_dryer,exhaust_humidity,required,controlled,percent,unit_suffix,7a7a1c7556acc30c,train
排气湿度,industrial_dryer,exhaust_humidity,required,controlled,percent,template,49abf488453b0992,train
排气湿度[percent],industrial_dryer,exhaust_humidity,required,controlled,percent,unit_bracket,49abf488453b0992,train
排气湿度_01,industrial_dryer,exhaust_humidity,required,controlled,percent,channel_suffix,49abf488453b0992,train
排气湿度_PV,industrial_dryer,exhaust_humidity,required,controlled,percent,control_suffix,49abf488453b0992,train
排气湿度_percent,industrial_dryer,exhaust_humidity,required,controlled,percent,unit_suffix,49abf488453b0992,train
装置5-EXHAUST_HUMIDITY-CH30-VALUE,industrial_dryer,exhaust_humidity,required,controlled,percent,vendor_channel_tag,6b0ef7620aa52fc7,train
装置5-出口空气湿度-CH30-VALUE,industrial_dryer,exhaust_humidity,required,controlled,percent,vendor_channel_tag,7a7a1c7556acc30c,train
装置5-排气湿度-CH30-VALUE,industrial_dryer,exhaust_humidity,required,controlled,percent,vendor_channel_tag,49abf488453b0992,train
1号HOT_AIR_TEMP,industrial_dryer,hot_air_temperature,required,manipulated,degC,equipment_prefix,819edfb5afe34f54,train
1号hot_air_temperature,industrial_dryer,hot_air_temperature,required,manipulated,degC,equipment_prefix,b1815068f5dd424a,train
1号入口热风温度,industrial_dryer,hot_air_temperature,required,manipulated,degC,equipment_prefix,b86f8558cf62bbab,train
1号进风温度,industrial_dryer,hot_air_temperature,required,manipulated,degC,equipment_prefix,2e335ea97f0d89b4,train
A线_HOT_AIR_TEMP,industrial_dryer,hot_air_temperature,required,manipulated,degC,line_prefix,819edfb5afe34f54,train
A线_hot_air_temperature,industrial_dryer,hot_air_temperature,required,manipulated,degC,line_prefix,b1815068f5dd424a,train
A线_入口热风温度,industrial_dryer,hot_air_temperature,required,manipulated,degC,line_prefix,b86f8558cf62bbab,train
A线_进风温度,industrial_dryer,hot_air_temperature,required,manipulated,degC,line_prefix,2e335ea97f0d89b4,train
B线#HOT_AIR_TEMP#测点42,industrial_dryer,hot_air_temperature,required,manipulated,degC,line_point_tag,819edfb5afe34f54,train
B线#hot_air_temperature#测点42,industrial_dryer,hot_air_temperature,required,manipulated,degC,line_point_tag,b1815068f5dd424a,train
B线#入口热风温度#测点42,industrial_dryer,hot_air_temperature,required,manipulated,degC,line_point_tag,b86f8558cf62bbab,train
B线#进风温度#测点42,industrial_dryer,hot_air_temperature,required,manipulated,degC,line_point_tag,2e335ea97f0d89b4,train
DCS_03_HOT_AIR_TEMP_PV_17,industrial_dryer,hot_air_temperature,required,manipulated,degC,vendor_dcs_tag,819edfb5afe34f54,train
DCS_03_hot_air_temperature_PV_17,industrial_dryer,hot_air_temperature,required,manipulated,degC,vendor_dcs_tag,b1815068f5dd424a,train
DCS_03_入口热风温度_PV_17,industrial_dryer,hot_air_temperature,required,manipulated,degC,vendor_dcs_tag,b86f8558cf62bbab,train
DCS_03_进风温度_PV_17,industrial_dryer,hot_air_temperature,required,manipulated,degC,vendor_dcs_tag,2e335ea97f0d89b4,train
HMI.22.HOT_AIR_TEMP.AI,industrial_dryer,hot_air_temperature,required,manipulated,degC,vendor_hmi_tag,819edfb5afe34f54,train
HMI.22.hot_air_temperature.AI,industrial_dryer,hot_air_temperature,required,manipulated,degC,vendor_hmi_tag,b1815068f5dd424a,train
HMI.22.入口热风温度.AI,industrial_dryer,hot_air_temperature,required,manipulated,degC,vendor_hmi_tag,b86f8558cf62bbab,train
HMI.22.进风温度.AI,industrial_dryer,hot_air_temperature,required,manipulated,degC,vendor_hmi_tag,2e335ea97f0d89b4,train
HOTAIRTEMP,industrial_dryer,hot_air_temperature,required,manipulated,degC,compact,819edfb5afe34f54,train
HOT_AIR_TEMP,industrial_dryer,hot_air_temperature,required,manipulated,degC,template,819edfb5afe34f54,train
HOT_AIR_TEMPERATURE,industrial_dryer,hot_air_temperature,required,manipulated,degC,uppercase,b1815068f5dd424a,train
HOT_AIR_TEMP[degC],industrial_dryer,hot_air_temperature,required,manipulated,degC,unit_bracket,819edfb5afe34f54,train
HOT_AIR_TEMP_01,industrial_dryer,hot_air_temperature,required,manipulated,degC,channel_suffix,819edfb5afe34f54,train
HOT_AIR_TEMP_SP,industrial_dryer,hot_air_temperature,required,manipulated,degC,control_suffix,819edfb5afe34f54,train
HOT_AIR_TEMP_degC,industrial_dryer,hot_air_temperature,required,manipulated,degC,unit_suffix,819edfb5afe34f54,train
hot_air_temperature,industrial_dryer,hot_air_temperature,required,manipulated,degC,template,b1815068f5dd424a,train
hot_air_temperature[degC],industrial_dryer,hot_air_temperature,required,manipulated,degC,unit_bracket,b1815068f5dd424a,train
hot_air_temperature_01,industrial_dryer,hot_air_temperature,required,manipulated,degC,channel_suffix,b1815068f5dd424a,train
hot_air_temperature_SP,industrial_dryer,hot_air_temperature,required,manipulated,degC,control_suffix,b1815068f5dd424a,train
hot_air_temperature_degC,industrial_dryer,hot_air_temperature,required,manipulated,degC,unit_suffix,b1815068f5dd424a,train
hotairtemperature,industrial_dryer,hot_air_temperature,required,manipulated,degC,compact,b1815068f5dd424a,train
入口热风温度,industrial_dryer,hot_air_temperature,required,manipulated,degC,template,b86f8558cf62bbab,train
入口热风温度[degC],industrial_dryer,hot_air_temperature,required,manipulated,degC,unit_bracket,b86f8558cf62bbab,train
入口热风温度_01,industrial_dryer,hot_air_temperature,required,manipulated,degC,channel_suffix,b86f8558cf62bbab,train
入口热风温度_SP,industrial_dryer,hot_air_temperature,required,manipulated,degC,control_suffix,b86f8558cf62bbab,train
入口热风温度_degC,industrial_dryer,hot_air_temperature,required,manipulated,degC,unit_suffix,b86f8558cf62bbab,train
装置5-HOT_AIR_TEMP-CH30-VALUE,industrial_dryer,hot_air_temperature,required,manipulated,degC,vendor_channel_tag,819edfb5afe34f54,train
装置5-hot_air_temperature-CH30-VALUE,industrial_dryer,hot_air_temperature,required,manipulated,degC,vendor_channel_tag,b1815068f5dd424a,train
装置5-入口热风温度-CH30-VALUE,industrial_dryer,hot_air_temperature,required,manipulated,degC,vendor_channel_tag,b86f8558cf62bbab,train
装置5-进风温度-CH30-VALUE,industrial_dryer,hot_air_temperature,required,manipulated,degC,vendor_channel_tag,2e335ea97f0d89b4,train
进风温度,industrial_dryer,hot_air_temperature,required,manipulated,degC,template,2e335ea97f0d89b4,train
进风温度[degC],industrial_dryer,hot_air_temperature,required,manipulated,degC,unit_bracket,2e335ea97f0d89b4,train
进风温度_01,industrial_dryer,hot_air_temperature,required,manipulated,degC,channel_suffix,2e335ea97f0d89b4,train
进风温度_SP,industrial_dryer,hot_air_temperature,required,manipulated,degC,control_suffix,2e335ea97f0d89b4,train
进风温度_degC,industrial_dryer,hot_air_temperature,required,manipulated,degC,unit_suffix,2e335ea97f0d89b4,train
1号product_moisture,industrial_dryer,product_moisture,required,controlled,percent,equipment_prefix,4738869f759210be,train
1号产品含水率,industrial_dryer,product_moisture,required,controlled,percent,equipment_prefix,8aa4febca89430eb,train
1号产品水分,industrial_dryer,product_moisture,required,controlled,percent,equipment_prefix,6f613bb2cd9b3643,train
1号物料含水率,industrial_dryer,product_moisture,required,controlled,percent,equipment_prefix,1f3977b06a6d3bcf,train
A线_product_moisture,industrial_dryer,product_moisture,required,controlled,percent,line_prefix,4738869f759210be,train
A线_产品含水率,industrial_dryer,product_moisture,required,controlled,percent,line_prefix,8aa4febca89430eb,train
A线_产品水分,industrial_dryer,product_moisture,required,controlled,percent,line_prefix,6f613bb2cd9b3643,train
A线_物料含水率,industrial_dryer,product_moisture,required,controlled,percent,line_prefix,1f3977b06a6d3bcf,train
B线#product_moisture#测点42,industrial_dryer,product_moisture,required,controlled,percent,line_point_tag,4738869f759210be,train
B线#产品含水率#测点42,industrial_dryer,product_moisture,required,controlled,percent,line_point_tag,8aa4febca89430eb,train
B线#产品水分#测点42,industrial_dryer,product_moisture,required,controlled,percent,line_point_tag,6f613bb2cd9b3643,train
B线#物料含水率#测点42,industrial_dryer,product_moisture,required,controlled,percent,line_point_tag,1f3977b06a6d3bcf,train
DCS_03_product_moisture_PV_17,industrial_dryer,product_moisture,required,controlled,percent,vendor_dcs_tag,4738869f759210be,train
DCS_03_产品含水率_PV_17,industrial_dryer,product_moisture,required,controlled,percent,vendor_dcs_tag,8aa4febca89430eb,train
DCS_03_产品水分_PV_17,industrial_dryer,product_moisture,required,controlled,percent,vendor_dcs_tag,6f613bb2cd9b3643,train
DCS_03_物料含水率_PV_17,industrial_dryer,product_moisture,required,controlled,percent,vendor_dcs_tag,1f3977b06a6d3bcf,train
HMI.22.product_moisture.AI,industrial_dryer,product_moisture,required,controlled,percent,vendor_hmi_tag,4738869f759210be,train
HMI.22.产品含水率.AI,industrial_dryer,product_moisture,required,controlled,percent,vendor_hmi_tag,8aa4febca89430eb,train
HMI.22.产品水分.AI,industrial_dryer,product_moisture,required,controlled,percent,vendor_hmi_tag,6f613bb2cd9b3643,train
HMI.22.物料含水率.AI,industrial_dryer,product_moisture,required,controlled,percent,vendor_hmi_tag,1f3977b06a6d3bcf,train
product_moisture,industrial_dryer,product_moisture,required,controlled,percent,template,4738869f759210be,train
product_moisture[percent],industrial_dryer,product_moisture,required,controlled,percent,unit_bracket,4738869f759210be,train
product_moisture_01,industrial_dryer,product_moisture,required,controlled,percent,channel_suffix,4738869f759210be,train
product_moisture_PV,industrial_dryer,product_moisture,required,controlled,percent,control_suffix,4738869f759210be,train
product_moisture_percent,industrial_dryer,product_moisture,required,controlled,percent,unit_suffix,4738869f759210be,train
productmoisture,industrial_dryer,product_moisture,required,controlled,percent,compact,4738869f759210be,train
产品含水率,industrial_dryer,product_moisture,required,controlled,percent,template,8aa4febca89430eb,train
产品含水率[percent],industrial_dryer,product_moisture,required,controlled,percent,unit_bracket,8aa4febca89430eb,train
产品含水率_01,industrial_dryer,product_moisture,required,controlled,percent,channel_suffix,8aa4febca89430eb,train
产品含水率_PV,industrial_dryer,product_moisture,required,controlled,percent,control_suffix,8aa4febca89430eb,train
产品含水率_percent,industrial_dryer,product_moisture,required,controlled,percent,unit_suffix,8aa4febca89430eb,train
产品水分,industrial_dryer,product_moisture,required,controlled,percent,template,6f613bb2cd9b3643,train
产品水分[percent],industrial_dryer,product_moisture,required,controlled,percent,unit_bracket,6f613bb2cd9b3643,train
产品水分_01,industrial_dryer,product_moisture,required,controlled,percent,channel_suffix,6f613bb2cd9b3643,train
产品水分_PV,industrial_dryer,product_moisture,required,controlled,percent,control_suffix,6f613bb2cd9b3643,train
产品水分_percent,industrial_dryer,product_moisture,required,controlled,percent,unit_suffix,6f613bb2cd9b3643,train
物料含水率,industrial_dryer,product_moisture,required,controlled,percent,template,1f3977b06a6d3bcf,train
物料含水率[percent],industrial_dryer,product_moisture,required,controlled,percent,unit_bracket,1f3977b06a6d3bcf,train
物料含水率_01,industrial_dryer,product_moisture,required,controlled,percent,channel_suffix,1f3977b06a6d3bcf,train
物料含水率_PV,industrial_dryer,product_moisture,required,controlled,percent,control_suffix,1f3977b06a6d3bcf,train
物料含水率_percent,industrial_dryer,product_moisture,required,controlled,percent,unit_suffix,1f3977b06a6d3bcf,train
装置5-product_moisture-CH30-VALUE,industrial_dryer,product_moisture,required,controlled,percent,vendor_channel_tag,4738869f759210be,train
装置5-产品含水率-CH30-VALUE,industrial_dryer,product_moisture,required,controlled,percent,vendor_channel_tag,8aa4febca89430eb,train
装置5-产品水分-CH30-VALUE,industrial_dryer,product_moisture,required,controlled,percent,vendor_channel_tag,6f613bb2cd9b3643,train
装置5-物料含水率-CH30-VALUE,industrial_dryer,product_moisture,required,controlled,percent,vendor_channel_tag,1f3977b06a6d3bcf,train
1号PRODUCT_TEMP,industrial_dryer,product_temperature,required,controlled,degC,equipment_prefix,9072f78498571e96,train
1号product_temperature,industrial_dryer,product_temperature,required,controlled,degC,equipment_prefix,04ac3899148bc06c,train
1号产品出口温度,industrial_dryer,product_temperature,required,controlled,degC,equipment_prefix,5ed28bdf1fb613eb,train
1号产品温度,industrial_dryer,product_temperature,required,controlled,degC,equipment_prefix,f85a527b9392ebf7,train
1号物料出口温度,industrial_dryer,product_temperature,required,controlled,degC,equipment_prefix,0f8d6b5349239be7,train
A线_PRODUCT_TEMP,industrial_dryer,product_temperature,required,controlled,degC,line_prefix,9072f78498571e96,train
A线_product_temperature,industrial_dryer,product_temperature,required,controlled,degC,line_prefix,04ac3899148bc06c,train
A线_产品出口温度,industrial_dryer,product_temperature,required,controlled,degC,line_prefix,5ed28bdf1fb613eb,train
A线_产品温度,industrial_dryer,product_temperature,required,controlled,degC,line_prefix,f85a527b9392ebf7,train
A线_物料出口温度,industrial_dryer,product_temperature,required,controlled,degC,line_prefix,0f8d6b5349239be7,train
B线#PRODUCT_TEMP#测点42,industrial_dryer,product_temperature,required,controlled,degC,line_point_tag,9072f78498571e96,train
B线#product_temperature#测点42,industrial_dryer,product_temperature,required,controlled,degC,line_point_tag,04ac3899148bc06c,train
B线#产品出口温度#测点42,industrial_dryer,product_temperature,required,controlled,degC,line_point_tag,5ed28bdf1fb613eb,train
B线#产品温度#测点42,industrial_dryer,product_temperature,required,controlled,degC,line_point_tag,f85a527b9392ebf7,train
B线#物料出口温度#测点42,industrial_dryer,product_temperature,required,controlled,degC,line_point_tag,0f8d6b5349239be7,train
DCS_03_PRODUCT_TEMP_PV_17,industrial_dryer,product_temperature,required,controlled,degC,vendor_dcs_tag,9072f78498571e96,train
DCS_03_product_temperature_PV_17,industrial_dryer,product_temperature,required,controlled,degC,vendor_dcs_tag,04ac3899148bc06c,train
DCS_03_产品出口温度_PV_17,industrial_dryer,product_temperature,required,controlled,degC,vendor_dcs_tag,5ed28bdf1fb613eb,train
DCS_03_产品温度_PV_17,industrial_dryer,product_temperature,required,controlled,degC,vendor_dcs_tag,f85a527b9392ebf7,train
DCS_03_物料出口温度_PV_17,industrial_dryer,product_temperature,required,controlled,degC,vendor_dcs_tag,0f8d6b5349239be7,train
HMI.22.PRODUCT_TEMP.AI,industrial_dryer,product_temperature,required,controlled,degC,vendor_hmi_tag,9072f78498571e96,train
HMI.22.product_temperature.AI,industrial_dryer,product_temperature,required,controlled,degC,vendor_hmi_tag,04ac3899148bc06c,train
HMI.22.产品出口温度.AI,industrial_dryer,product_temperature,required,controlled,degC,vendor_hmi_tag,5ed28bdf1fb613eb,train
HMI.22.产品温度.AI,industrial_dryer,product_temperature,required,controlled,degC,vendor_hmi_tag,f85a527b9392ebf7,train
HMI.22.物料出口温度.AI,industrial_dryer,product_temperature,required,controlled,degC,vendor_hmi_tag,0f8d6b5349239be7,train
PRODUCTTEMP,industrial_dryer,product_temperature,required,controlled,degC,compact,9072f78498571e96,train
PRODUCT_TEMP,industrial_dryer,product_temperature,required,controlled,degC,template,9072f78498571e96,train
PRODUCT_TEMPERATURE,industrial_dryer,product_temperature,required,controlled,degC,uppercase,04ac3899148bc06c,train
PRODUCT_TEMP[degC],industrial_dryer,product_temperature,required,controlled,degC,unit_bracket,9072f78498571e96,train
PRODUCT_TEMP_01,industrial_dryer,product_temperature,required,controlled,degC,channel_suffix,9072f78498571e96,train
PRODUCT_TEMP_PV,industrial_dryer,product_temperature,required,controlled,degC,control_suffix,9072f78498571e96,train
PRODUCT_TEMP_degC,industrial_dryer,product_temperature,required,controlled,degC,unit_suffix,9072f78498571e96,train
product_temperature,industrial_dryer,product_temperature,required,controlled,degC,template,04ac3899148bc06c,train
product_temperature[degC],industrial_dryer,product_temperature,required,controlled,degC,unit_bracket,04ac3899148bc06c,train
product_temperature_01,industrial_dryer,product_temperature,required,controlled,degC,channel_suffix,04ac3899148bc06c,train
product_temperature_PV,industrial_dryer,product_temperature,required,controlled,degC,control_suffix,04ac3899148bc06c,train
product_temperature_degC,industrial_dryer,product_temperature,required,controlled,degC,unit_suffix,04ac3899148bc06c,train
producttemperature,industrial_dryer,product_temperature,required,controlled,degC,compact,04ac3899148bc06c,train
产品出口温度,industrial_dryer,product_temperature,required,controlled,degC,template,5ed28bdf1fb613eb,train
产品出口温度[degC],industrial_dryer,product_temperature,required,controlled,degC,unit_bracket,5ed28bdf1fb613eb,train
产品出口温度_01,industrial_dryer,product_temperature,required,controlled,degC,channel_suffix,5ed28bdf1fb613eb,train
产品出口温度_PV,industrial_dryer,product_temperature,required,controlled,degC,control_suffix,5ed28bdf1fb613eb,train
产品出口温度_degC,industrial_dryer,product_temperature,required,controlled,degC,unit_suffix,5ed28bdf1fb613eb,train
产品温度,industrial_dryer,product_temperature,required,controlled,degC,template,f85a527b9392ebf7,train
产品温度[degC],industrial_dryer,product_temperature,required,controlled,degC,unit_bracket,f85a527b9392ebf7,train
产品温度_01,industrial_dryer,product_temperature,required,controlled,degC,channel_suffix,f85a527b9392ebf7,train
产品温度_PV,industrial_dryer,product_temperature,required,controlled,degC,control_suffix,f85a527b9392ebf7,train
产品温度_degC,industrial_dryer,product_temperature,required,controlled,degC,unit_suffix,f85a527b9392ebf7,train
物料出口温度,industrial_dryer,product_temperature,required,controlled,degC,template,0f8d6b5349239be7,train
物料出口温度[degC],industrial_dryer,product_temperature,required,controlled,degC,unit_bracket,0f8d6b5349239be7,train
物料出口温度_01,industrial_dryer,product_temperature,required,controlled,degC,channel_suffix,0f8d6b5349239be7,train
物料出口温度_PV,industrial_dryer,product_temperature,required,controlled,degC,control_suffix,0f8d6b5349239be7,train
物料出口温度_degC,industrial_dryer,product_temperature,required,controlled,degC,unit_suffix,0f8d6b5349239be7,train
装置5-PRODUCT_TEMP-CH30-VALUE,industrial_dryer,product_temperature,required,controlled,degC,vendor_channel_tag,9072f78498571e96,train
装置5-product_temperature-CH30-VALUE,industrial_dryer,product_temperature,required,controlled,degC,vendor_channel_tag,04ac3899148bc06c,train
装置5-产品出口温度-CH30-VALUE,industrial_dryer,product_temperature,required,controlled,degC,vendor_channel_tag,5ed28bdf1fb613eb,train
装置5-产品温度-CH30-VALUE,industrial_dryer,product_temperature,required,controlled,degC,vendor_channel_tag,f85a527b9392ebf7,train
装置5-物料出口温度-CH30-VALUE,industrial_dryer,product_temperature,required,controlled,degC,vendor_channel_tag,0f8d6b5349239be7,train
1号TIME,industrial_dryer,timestamp,required,time,datetime,equipment_prefix,1598014fca6a867e,train
1号时间,industrial_dryer,timestamp,required,time,datetime,equipment_prefix,fe8bb2a57747c95d,train
1号时间戳,industrial_dryer,timestamp,required,time,datetime,equipment_prefix,a92da81a411f0b72,train
1号记录时间,industrial_dryer,timestamp,required,time,datetime,equipment_prefix,bff5abdf738debe6,train
1号采集时间,industrial_dryer,timestamp,required,time,datetime,equipment_prefix,5f5afcb6578dc193,train
A线_TIME,industrial_dryer,timestamp,required,time,datetime,line_prefix,1598014fca6a867e,train
A线_时间,industrial_dryer,timestamp,required,time,datetime,line_prefix,fe8bb2a57747c95d,train
A线_时间戳,industrial_dryer,timestamp,required,time,datetime,line_prefix,a92da81a411f0b72,train
A线_记录时间,industrial_dryer,timestamp,required,time,datetime,line_prefix,bff5abdf738debe6,train
A线_采集时间,industrial_dryer,timestamp,required,time,datetime,line_prefix,5f5afcb6578dc193,train
B线#TIME#测点42,industrial_dryer,timestamp,required,time,datetime,line_point_tag,1598014fca6a867e,train
B线#时间#测点42,industrial_dryer,timestamp,required,time,datetime,line_point_tag,fe8bb2a57747c95d,train
B线#时间戳#测点42,industrial_dryer,timestamp,required,time,datetime,line_point_tag,a92da81a411f0b72,train
B线#记录时间#测点42,industrial_dryer,timestamp,required,time,datetime,line_point_tag,bff5abdf738debe6,train
B线#采集时间#测点42,industrial_dryer,timestamp,required,time,datetime,line_point_tag,5f5afcb6578dc193,train
DCS_03_TIME_PV_17,industrial_dryer,timestamp,required,time,datetime,vendor_dcs_tag,1598014fca6a867e,train
DCS_03_时间_PV_17,industrial_dryer,timestamp,required,time,datetime,vendor_dcs_tag,fe8bb2a57747c95d,train
DCS_03_时间戳_PV_17,industrial_dryer,timestamp,required,time,datetime,vendor_dcs_tag,a92da81a411f0b72,train
DCS_03_记录时间_PV_17,industrial_dryer,timestamp,required,time,datetime,vendor_dcs_tag,bff5abdf738debe6,train
DCS_03_采集时间_PV_17,industrial_dryer,timestamp,required,time,datetime,vendor_dcs_tag,5f5afcb6578dc193,train
HMI.22.TIME.AI,industrial_dryer,timestamp,required,time,datetime,vendor_hmi_tag,1598014fca6a867e,train
HMI.22.时间.AI,industrial_dryer,timestamp,required,time,datetime,vendor_hmi_tag,fe8bb2a57747c95d,train
HMI.22.时间戳.AI,industrial_dryer,timestamp,required,time,datetime,vendor_hmi_tag,a92da81a411f0b72,train
HMI.22.记录时间.AI,industrial_dryer,timestamp,required,time,datetime,vendor_hmi_tag,bff5abdf738debe6,train
HMI.22.采集时间.AI,industrial_dryer,timestamp,required,time,datetime,vendor_hmi_tag,5f5afcb6578dc193,train
TIME,industrial_dryer,timestamp,required,time,datetime,template,1598014fca6a867e,train
TIME_01,industrial_dryer,timestamp,required,time,datetime,channel_suffix,1598014fca6a867e,train
TIME_PV,industrial_dryer,timestamp,required,time,datetime,control_suffix,1598014fca6a867e,train
时间,industrial_dryer,timestamp,required,time,datetime,template,fe8bb2a57747c95d,train
时间_01,industrial_dryer,timestamp,required,time,datetime,channel_suffix,fe8bb2a57747c95d,train
时间_PV,industrial_dryer,timestamp,required,time,datetime,control_suffix,fe8bb2a57747c95d,train
时间戳,industrial_dryer,timestamp,required,time,datetime,template,a92da81a411f0b72,train
时间戳_01,industrial_dryer,timestamp,required,time,datetime,channel_suffix,a92da81a411f0b72,train
时间戳_PV,industrial_dryer,timestamp,required,time,datetime,control_suffix,a92da81a411f0b72,train
装置5-TIME-CH30-VALUE,industrial_dryer,timestamp,required,time,datetime,vendor_channel_tag,1598014fca6a867e,train
装置5-时间-CH30-VALUE,industrial_dryer,timestamp,required,time,datetime,vendor_channel_tag,fe8bb2a57747c95d,train
装置5-时间戳-CH30-VALUE,industrial_dryer,timestamp,required,time,datetime,vendor_channel_tag,a92da81a411f0b72,train
装置5-记录时间-CH30-VALUE,industrial_dryer,timestamp,required,time,datetime,vendor_channel_tag,bff5abdf738debe6,train
装置5-采集时间-CH30-VALUE,industrial_dryer,timestamp,required,time,datetime,vendor_channel_tag,5f5afcb6578dc193,train
记录时间,industrial_dryer,timestamp,required,time,datetime,template,bff5abdf738debe6,train
记录时间_01,industrial_dryer,timestamp,required,time,datetime,channel_suffix,bff5abdf738debe6,train
记录时间_PV,industrial_dryer,timestamp,required,time,datetime,control_suffix,bff5abdf738debe6,train
采集时间,industrial_dryer,timestamp,required,time,datetime,template,5f5afcb6578dc193,train
采集时间_01,industrial_dryer,timestamp,required,time,datetime,channel_suffix,5f5afcb6578dc193,train
采集时间_PV,industrial_dryer,timestamp,required,time,datetime,control_suffix,5f5afcb6578dc193,train
1号FEED_RATE,industrial_dryer,wet_feed_rate,required,manipulated,t/h,equipment_prefix,9ac68534f3d15ded,train
1号wet_feed_rate,industrial_dryer,wet_feed_rate,required,manipulated,t/h,equipment_prefix,6473061381dc4a6f,train
1号湿料流量,industrial_dryer,wet_feed_rate,required,manipulated,t/h,equipment_prefix,52fd66e86ebde61e,train
1号湿料进料量,industrial_dryer,wet_feed_rate,required,manipulated,t/h,equipment_prefix,9c905c3e47b4ccbb,train
1号给料量,industrial_dryer,wet_feed_rate,required,manipulated,t/h,equipment_prefix,66595f7d716537fb,train
1号进料量,industrial_dryer,wet_feed_rate,required,manipulated,t/h,equipment_prefix,3e18846fecfbccf7,train
A线_FEED_RATE,industrial_dryer,wet_feed_rate,required,manipulated,t/h,line_prefix,9ac68534f3d15ded,train
A线_wet_feed_rate,industrial_dryer,wet_feed_rate,required,manipulated,t/h,line_prefix,6473061381dc4a6f,train
A线_湿料流量,industrial_dryer,wet_feed_rate,required,manipulated,t/h,line_prefix,52fd66e86ebde61e,train
A线_湿料进料量,industrial_dryer,wet_feed_rate,required,manipulated,t/h,line_prefix,9c905c3e47b4ccbb,train
A线_给料量,industrial_dryer,wet_feed_rate,required,manipulated,t/h,line_prefix,66595f7d716537fb,train
A线_进料量,industrial_dryer,wet_feed_rate,required,manipulated,t/h,line_prefix,3e18846fecfbccf7,train
B线#FEED_RATE#测点42,industrial_dryer,wet_feed_rate,required,manipulated,t/h,line_point_tag,9ac68534f3d15ded,train
B线#wet_feed_rate#测点42,industrial_dryer,wet_feed_rate,required,manipulated,t/h,line_point_tag,6473061381dc4a6f,train
B线#湿料流量#测点42,industrial_dryer,wet_feed_rate,required,manipulated,t/h,line_point_tag,52fd66e86ebde61e,train
B线#湿料进料量#测点42,industrial_dryer,wet_feed_rate,required,manipulated,t/h,line_point_tag,9c905c3e47b4ccbb,train
B线#给料量#测点42,industrial_dryer,wet_feed_rate,required,manipulated,t/h,line_point_tag,66595f7d716537fb,train
B线#进料量#测点42,industrial_dryer,wet_feed_rate,required,manipulated,t/h,line_point_tag,3e18846fecfbccf7,train
DCS_03_FEED_RATE_PV_17,industrial_dryer,wet_feed_rate,required,manipulated,t/h,vendor_dcs_tag,9ac68534f3d15ded,train
DCS_03_wet_feed_rate_PV_17,industrial_dryer,wet_feed_rate,required,manipulated,t/h,vendor_dcs_tag,6473061381dc4a6f,train
DCS_03_湿料流量_PV_17,industrial_dryer,wet_feed_rate,required,manipulated,t/h,vendor_dcs_tag,52fd66e86ebde61e,train
DCS_03_湿料进料量_PV_17,industrial_dryer,wet_feed_rate,required,manipulated,t/h,vendor_dcs_tag,9c905c3e47b4ccbb,train
DCS_03_给料量_PV_17,industrial_dryer,wet_feed_rate,required,manipulated,t/h,vendor_dcs_tag,66595f7d716537fb,train
DCS_03_进料量_PV_17,industrial_dryer,wet_feed_rate,required,manipulated,t/h,vendor_dcs_tag,3e18846fecfbccf7,train
FEEDRATE,industrial_dryer,wet_feed_rate,required,manipulated,t/h,compact,9ac68534f3d15ded,train
FEED_RATE,industrial_dryer,wet_feed_rate,required,manipulated,t/h,template,9ac68534f3d15ded,train
FEED_RATE[t/h],industrial_dryer,wet_feed_rate,required,manipulated,t/h,unit_bracket,9ac68534f3d15ded,train
FEED_RATE_01,industrial_dryer,wet_feed_rate,required,manipulated,t/h,channel_suffix,9ac68534f3d15ded,train
FEED_RATE_SP,industrial_dryer,wet_feed_rate,required,manipulated,t/h,control_suffix,9ac68534f3d15ded,train
FEED_RATE_t/h,industrial_dryer,wet_feed_rate,required,manipulated,t/h,unit_suffix,9ac68534f3d15ded,train
HMI.22.FEED_RATE.AI,industrial_dryer,wet_feed_rate,required,manipulated,t/h,vendor_hmi_tag,9ac68534f3d15ded,train
HMI.22.wet_feed_rate.AI,industrial_dryer,wet_feed_rate,required,manipulated,t/h,vendor_hmi_tag,6473061381dc4a6f,train
HMI.22.湿料流量.AI,industrial_dryer,wet_feed_rate,required,manipulated,t/h,vendor_hmi_tag,52fd66e86ebde61e,train
HMI.22.湿料进料量.AI,industrial_dryer,wet_feed_rate,required,manipulated,t/h,vendor_hmi_tag,9c905c3e47b4ccbb,train
HMI.22.给料量.AI,industrial_dryer,wet_feed_rate,required,manipulated,t/h,vendor_hmi_tag,66595f7d716537fb,train
HMI.22.进料量.AI,industrial_dryer,wet_feed_rate,required,manipulated,t/h,vendor_hmi_tag,3e18846fecfbccf7,train
wet_feed_rate,industrial_dryer,wet_feed_rate,required,manipulated,t/h,template,6473061381dc4a6f,train
wet_feed_rate[t/h],industrial_dryer,wet_feed_rate,required,manipulated,t/h,unit_bracket,6473061381dc4a6f,train
wet_feed_rate_01,industrial_dryer,wet_feed_rate,required,manipulated,t/h,channel_suffix,6473061381dc4a6f,train
wet_feed_rate_SP,industrial_dryer,wet_feed_rate,required,manipulated,t/h,control_suffix,6473061381dc4a6f,train
wet_feed_rate_t/h,industrial_dryer,wet_feed_rate,required,manipulated,t/h,unit_suffix,6473061381dc4a6f,train
wetfeedrate,industrial_dryer,wet_feed_rate,required,manipulated,t/h,compact,6473061381dc4a6f,train
湿料流量,industrial_dryer,wet_feed_rate,required,manipulated,t/h,template,52fd66e86ebde61e,train
湿料流量[t/h],industrial_dryer,wet_feed_rate,required,manipulated,t/h,unit_bracket,52fd66e86ebde61e,train
湿料流量_01,industrial_dryer,wet_feed_rate,required,manipulated,t/h,channel_suffix,52fd66e86ebde61e,train
湿料流量_SP,industrial_dryer,wet_feed_rate,required,manipulated,t/h,control_suffix,52fd66e86ebde61e,train
湿料流量_t/h,industrial_dryer,wet_feed_rate,required,manipulated,t/h,unit_suffix,52fd66e86ebde61e,train
湿料进料量,industrial_dryer,wet_feed_rate,required,manipulated,t/h,template,9c905c3e47b4ccbb,train
湿料进料量[t/h],industrial_dryer,wet_feed_rate,required,manipulated,t/h,unit_bracket,9c905c3e47b4ccbb,train
湿料进料量_01,industrial_dryer,wet_feed_rate,required,manipulated,t/h,channel_suffix,9c905c3e47b4ccbb,train
湿料进料量_SP,industrial_dryer,wet_feed_rate,required,manipulated,t/h,control_suffix,9c905c3e47b4ccbb,train
湿料进料量_t/h,industrial_dryer,wet_feed_rate,required,manipulated,t/h,unit_suffix,9c905c3e47b4ccbb,train
给料量,industrial_dryer,wet_feed_rate,required,manipulated,t/h,template,66595f7d716537fb,train
给料量[t/h],industrial_dryer,wet_feed_rate,required,manipulated,t/h,unit_bracket,66595f7d716537fb,train
给料量_01,industrial_dryer,wet_feed_rate,required,manipulated,t/h,channel_suffix,66595f7d716537fb,train
给料量_SP,industrial_dryer,wet_feed_rate,required,manipulated,t/h,control_suffix,66595f7d716537fb,train
给料量_t/h,industrial_dryer,wet_feed_rate,required,manipulated,t/h,unit_suffix,66595f7d716537fb,train
装置5-FEED_RATE-CH30-VALUE,industrial_dryer,wet_feed_rate,required,manipulated,t/h,vendor_channel_tag,9ac68534f3d15ded,train
装置5-wet_feed_rate-CH30-VALUE,industrial_dryer,wet_feed_rate,required,manipulated,t/h,vendor_channel_tag,6473061381dc4a6f,train
装置5-湿料流量-CH30-VALUE,industrial_dryer,wet_feed_rate,required,manipulated,t/h,vendor_channel_tag,52fd66e86ebde61e,train
装置5-湿料进料量-CH30-VALUE,industrial_dryer,wet_feed_rate,required,manipulated,t/h,vendor_channel_tag,9c905c3e47b4ccbb,train
装置5-给料量-CH30-VALUE,industrial_dryer,wet_feed_rate,required,manipulated,t/h,vendor_channel_tag,66595f7d716537fb,train
装置5-进料量-CH30-VALUE,industrial_dryer,wet_feed_rate,required,manipulated,t/h,vendor_channel_tag,3e18846fecfbccf7,train
进料量,industrial_dryer,wet_feed_rate,required,manipulated,t/h,template,3e18846fecfbccf7,train
进料量[t/h],industrial_dryer,wet_feed_rate,required,manipulated,t/h,unit_bracket,3e18846fecfbccf7,train
进料量_01,industrial_dryer,wet_feed_rate,required,manipulated,t/h,channel_suffix,3e18846fecfbccf7,train
进料量_SP,industrial_dryer,wet_feed_rate,required,manipulated,t/h,control_suffix,3e18846fecfbccf7,train
进料量_t/h,industrial_dryer,wet_feed_rate,required,manipulated,t/h,unit_suffix,3e18846fecfbccf7,train
