timestamp,blast_flow_rate,hot_blast_pressure,cold_blast_pressure,cold_blast_temperature,oxygen_flow_rate,total_pressure_drop,upper_pressure_drop,lower_pressure_drop,top_gas_pressure,hot_blast_temperature,top_gas_co2,top_gas_h2,top_gas_temp_1,top_gas_temp_2,top_gas_temp_3,top_gas_temp_4,peripheral_gas_temp_1,peripheral_gas_temp_2,peripheral_gas_temp_3,peripheral_gas_temp_4,peripheral_gas_temp_5,peripheral_gas_temp_6,peripheral_gas_temp_7,peripheral_gas_temp_8,peripheral_gas_temp_9,peripheral_gas_temp_10,ore_coke_ratio,hot_metal_si,lab_source_timestamp,lab_age_minutes,lab_fresh
2013-01-01 00:00:00,3488.4,2.77,2.89,82.08,12511.37,1.47,0.54,0.93,1.3,1116.78,22.62,6.16,174.65,176.13,176.26,163.67,401.87,711.22,695.53,528.45,511.66,557.98,531.63,364.04,326.6,382.85,3.84,,,,False
2013-01-01 01:00:00,3514.32,2.78,2.91,81.6,15091.73,1.48,0.55,0.93,1.3,1117.57,22.97,6.13,174.99,161.15,161.91,160.65,357.66,670.27,608.44,479.42,492.85,483.2,455.37,333.48,301.2,336.32,3.83,0.5,2013-01-01 00:55:00,5.0,True
2013-01-01 02:00:00,3509.19,2.81,2.94,81.51,16910.19,1.52,0.58,0.94,1.3,1131.21,23.31,6.03,153.14,143.62,135.46,138.68,346.96,665.66,599.67,450.3,459.69,435.77,402.08,312.06,279.43,335.72,3.81,0.5,2013-01-01 00:55:00,65.0,True
2013-01-01 03:00:00,3504.78,2.8,2.96,80.68,17102.4,1.5,0.54,0.96,1.3,1111.66,23.38,6.1,158.64,143.24,136.45,142.12,324.85,626.72,532.38,418.98,433.73,391.76,361.85,281.23,245.95,314.39,3.8,0.5,2013-01-01 02:55:00,5.0,True
2013-01-01 04:00:00,3535.08,2.82,2.94,80.69,16821.54,1.51,0.52,0.99,1.31,1129.31,23.1,6.19,152.22,143.21,132.85,136.79,317.1,626.29,541.74,431.59,428.51,394.17,362.35,276.63,241.76,305.69,3.84,0.5,2013-01-01 02:55:00,65.0,True
2013-01-01 05:00:00,3560.28,2.9,3.03,81.12,16708.76,1.52,0.54,0.98,1.38,1124.26,23.04,6.15,147.71,140.49,134.02,139.17,297.38,598.66,549.98,428.73,418.51,379.33,352.55,259.93,229.28,295.19,3.85,0.62,2013-01-01 04:40:00,20.0,True
2013-01-01 06:00:00,3593.3,2.93,3.07,81.29,17402.6,1.53,0.56,0.98,1.4,1131.01,23.34,5.97,153.57,145.05,142.35,139.59,269.49,538.36,504.77,422.19,412.35,380.17,347.32,243.56,219.11,253.98,3.81,0.62,2013-01-01 04:40:00,80.0,True
2013-01-01 07:00:00,3586.97,2.93,3.07,81.31,17666.52,1.53,0.57,0.97,1.4,1129.29,23.21,6.12,140.67,138.72,130.01,134.68,252.65,498.89,490.87,428.48,405.68,354.14,347.87,247.41,205.64,255.21,3.82,0.62,2013-01-01 06:10:00,50.0,True
2013-01-01 08:00:00,3627.32,2.94,3.03,80.52,16303.48,1.54,0.57,0.97,1.4,1129.32,22.91,6.17,131.4,128.6,117.02,122.91,257.31,496.77,493.66,405.17,402.25,352.24,343.32,251.29,207.29,251.71,3.8,0.6,2013-01-01 07:50:00,10.0,True
2013-01-01 09:00:00,3560.38,2.96,3.03,79.91,15664.59,1.56,0.6,0.96,1.4,1130.4,22.73,6.28,129.21,123.31,114.46,118.15,283.87,522.22,492.87,393.79,390.39,360.1,343.92,244.75,220.28,257.41,3.82,0.6,2013-01-01 07:50:00,70.0,True
2013-01-01 10:00:00,3539.69,2.95,3.04,80.14,15414.59,1.55,0.59,0.96,1.4,1130.97,22.84,6.22,120.27,116.82,106.3,109.55,269.2,481.3,457.97,375.82,383.91,345.19,316.77,223.31,192.82,214.73,3.85,0.49,2013-01-01 09:50:00,10.0,True
2013-01-01 11:00:00,3525.77,2.97,3.03,79.53,15066.39,1.57,0.58,0.99,1.4,1147.23,22.99,6.25,138.97,130.0,123.63,128.12,262.68,525.63,478.98,381.85,386.03,362.02,321.39,218.78,195.89,238.51,3.87,0.49,2013-01-01 09:50:00,70.0,True
2013-01-01 12:00:00,3546.03,2.9,2.98,80.17,14933.86,1.51,0.54,0.97,1.4,1140.69,22.8,6.34,168.81,153.43,151.1,150.82,278.64,553.89,534.16,398.83,392.4,357.83,324.19,220.28,199.77,254.04,3.88,0.62,2013-01-01 12:00:00,0.0,True
2013-01-01 13:00:00,3589.76,2.87,2.93,80.72,14894.88,1.47,0.52,0.95,1.4,1139.18,22.78,6.32,164.54,153.1,147.47,151.43,291.2,587.73,542.86,419.77,402.59,366.76,329.84,239.28,218.31,268.54,3.89,0.62,2013-01-01 12:00:00,60.0,True
2013-01-01 14:00:00,3558.16,2.88,2.95,81.02,14768.09,1.48,0.53,0.94,1.4,1141.21,22.66,6.45,158.82,145.28,136.96,142.12,267.82,533.12,473.44,391.79,389.72,352.26,314.24,233.08,206.29,254.73,3.92,0.63,2013-01-01 13:30:00,30.0,True
2013-01-01 15:00:00,3505.86,2.87,2.95,81.46,14482.34,1.47,0.56,0.91,1.4,1128.37,22.47,6.55,135.6,132.58,124.5,127.69,266.18,527.1,452.27,399.57,385.52,355.25,322.98,232.05,190.43,236.39,3.89,0.43,2013-01-01 14:45:00,15.0,True
2013-01-01 16:00:00,3485.88,2.92,2.99,81.79,14153.21,1.52,0.58,0.95,1.4,1130.92,22.72,6.39,140.7,138.99,134.32,134.98,273.56,553.94,474.48,397.58,381.73,375.99,334.35,242.81,200.76,253.48,3.89,0.43,2013-01-01 14:45:00,75.0,True
2013-01-01 17:00:00,3462.72,2.89,2.97,81.34,14231.77,1.49,0.55,0.94,1.4,1130.94,22.88,6.4,144.14,134.74,127.12,133.71,276.46,551.34,520.5,406.6,385.27,372.13,336.46,240.88,204.8,252.68,3.86,0.46,2013-01-01 16:15:00,45.0,True
2013-01-01 18:00:00,3497.55,2.89,2.97,81.24,14162.33,1.5,0.57,0.93,1.4,1124.02,22.81,6.37,147.19,141.63,133.35,135.58,302.59,589.38,549.43,422.89,390.99,371.66,329.0,233.5,202.92,263.69,3.89,0.46,2013-01-01 16:15:00,105.0,True
2013-01-01 19:00:00,3504.84,2.9,3.02,82.27,14487.49,1.51,0.58,0.92,1.4,1131.39,22.85,6.33,164.91,151.9,150.82,142.45,327.03,640.83,648.4,447.35,410.75,423.57,375.25,252.01,224.69,284.87,3.91,0.63,2013-01-01 18:15:00,45.0,True
2013-01-01 20:00:00,3522.76,2.91,2.97,82.45,15638.44,1.51,0.55,0.96,1.4,1128.81,22.95,6.28,163.37,155.79,151.59,149.87,329.82,640.59,612.9,464.33,423.59,400.69,368.29,264.57,233.91,292.19,3.86,0.53,2013-01-01 19:50:00,10.0,True
2013-01-01 21:00:00,3475.61,2.91,3.01,82.61,15512.59,1.51,0.57,0.94,1.4,1127.18,23.16,6.28,128.87,130.14,122.9,126.73,316.4,590.01,550.87,435.47,410.51,380.04,357.67,257.97,253.74,325.64,3.74,0.53,2013-01-01 19:50:00,70.0,True
2013-01-01 22:00:00,3506.15,2.95,3.01,81.48,15383.7,1.55,0.58,0.97,1.39,1130.67,23.22,6.21,117.07,125.08,113.63,120.26,318.27,619.11,590.96,442.3,401.92,385.53,348.41,260.05,281.53,329.11,3.77,0.58,2013-01-01 21:15:00,45.0,True
2013-01-01 23:00:00,3513.52,2.95,3.01,80.89,15261.39,1.55,0.59,0.96,1.4,1131.9,23.38,6.23,111.27,117.91,104.79,111.5,387.45,637.48,632.54,429.83,415.8,430.88,363.64,296.0,322.14,329.36,3.9,0.59,2013-01-01 22:45:00,15.0,True
2013-01-02 00:00:00,3518.55,2.93,3.02,81.27,15507.1,1.53,0.58,0.95,1.4,1130.53,23.26,6.17,127.28,126.44,122.88,125.12,350.73,628.54,650.33,447.62,428.86,427.47,369.54,317.97,301.66,317.34,3.95,0.59,2013-01-01 22:45:00,75.0,True
2013-01-02 01:00:00,3502.14,2.97,3.03,81.18,15266.87,1.57,0.61,0.96,1.4,1124.57,22.85,6.26,119.73,135.05,127.24,119.26,398.32,623.66,632.54,470.96,436.43,432.8,361.34,355.27,337.87,317.13,3.96,0.51,2013-01-02 00:30:00,30.0,True
2013-01-02 02:00:00,3516.64,2.95,3.03,81.32,15003.39,1.55,0.6,0.95,1.4,1131.42,22.62,6.27,118.65,119.49,111.04,112.76,338.47,583.78,542.7,439.09,434.93,404.78,339.21,341.16,300.69,294.68,3.86,0.55,2013-01-02 02:00:00,0.0,True
2013-01-02 03:00:00,3572.13,2.92,2.99,81.27,15155.92,1.52,0.58,0.95,1.4,1131.35,23.05,6.13,101.94,105.12,91.8,101.04,269.18,529.36,454.76,386.71,411.32,316.36,295.3,284.16,241.78,259.18,3.92,0.55,2013-01-02 02:00:00,60.0,True
2013-01-02 04:00:00,3567.25,2.91,2.98,81.49,14643.68,1.52,0.56,0.96,1.39,1130.31,22.55,6.34,115.22,113.58,106.72,110.31,277.12,518.05,402.26,392.86,399.3,325.45,291.97,257.37,225.28,228.78,3.95,0.65,2013-01-02 03:20:00,40.0,True
2013-01-02 05:00:00,3574.87,2.9,2.98,81.84,14902.48,1.5,0.53,0.97,1.4,1124.19,22.41,6.37,135.9,128.47,124.33,123.89,275.57,535.85,424.49,415.06,400.78,343.37,311.16,294.73,228.93,239.36,3.96,0.51,2013-01-02 04:30:00,30.0,True
2013-01-02 06:00:00,3526.86,2.94,3.04,81.65,15245.2,1.54,0.55,1.0,1.39,1131.16,22.97,6.16,141.27,129.64,125.74,124.62,277.58,539.78,424.75,427.37,408.55,365.37,327.6,282.18,236.41,230.46,3.96,0.51,2013-01-02 04:30:00,90.0,True
2013-01-02 07:00:00,3545.07,2.96,3.04,81.52,15826.08,1.56,0.59,0.97,1.4,1125.25,22.8,6.3,133.09,124.8,117.79,120.5,276.82,543.31,411.52,403.93,403.43,361.02,318.11,265.32,226.17,218.93,3.95,0.47,2013-01-02 06:25:00,35.0,True
2013-01-02 08:00:00,3575.93,2.95,3.02,81.14,15001.92,1.55,0.61,0.94,1.4,1109.71,22.78,6.12,128.18,124.38,121.57,122.77,284.81,551.44,420.53,398.13,394.89,370.86,319.31,250.8,231.35,234.69,3.88,0.47,2013-01-02 06:25:00,95.0,True
2013-01-02 09:00:00,3570.99,2.92,2.99,82.38,15511.12,1.52,0.58,0.94,1.4,1131.24,22.99,6.15,123.48,120.85,113.0,114.51,271.71,534.54,418.14,393.89,395.95,358.48,321.43,252.17,225.2,233.29,3.88,0.45,2013-01-02 08:35:00,25.0,True
2013-01-02 10:00:00,3608.01,2.92,2.98,82.46,15093.68,1.52,0.53,0.99,1.4,1130.4,22.75,6.0,128.64,133.33,126.12,124.18,252.68,517.66,432.21,384.52,390.39,343.82,318.98,235.95,214.55,236.18,3.85,0.47,2013-01-02 09:40:00,20.0,True
2013-01-02 11:00:00,3619.43,2.9,3.0,83.99,14798.51,1.5,0.5,1.01,1.4,1116.52,22.82,5.89,114.18,117.74,103.21,109.35,258.48,497.44,461.0,399.6,393.88,341.3,322.82,237.42,203.72,243.82,3.85,0.47,2013-01-02 09:40:00,80.0,True
2013-01-02 12:00:00,3563.46,2.92,3.0,84.8,14249.31,1.52,0.54,0.99,1.4,1124.23,22.81,5.9,119.45,118.13,111.79,114.76,291.84,506.97,494.8,402.71,387.7,334.72,306.35,231.58,203.35,246.03,3.93,0.4,2013-01-02 11:05:00,55.0,True
2013-01-02 13:00:00,3603.45,2.9,2.97,85.58,14216.02,1.51,0.55,0.95,1.4,1127.59,22.44,5.86,130.27,128.32,118.82,124.46,341.59,495.92,454.42,413.54,389.05,337.23,323.58,222.8,223.46,236.37,3.89,0.39,2013-01-02 12:50:00,10.0,True
2013-01-02 14:00:00,3599.33,2.92,3.01,85.68,15441.48,1.52,0.58,0.94,1.4,1117.27,22.44,5.9,108.66,113.95,105.07,107.42,332.92,496.73,445.96,404.43,381.77,356.08,320.94,260.39,243.34,253.1,3.83,0.39,2013-01-02 12:50:00,70.0,True
2013-01-02 15:00:00,3627.42,2.93,3.02,86.07,16778.59,1.53,0.59,0.94,1.4,1129.58,22.36,5.91,138.29,128.9,121.57,126.47,333.71,477.16,404.11,376.65,385.26,326.86,333.26,261.41,268.56,257.33,3.97,0.39,2013-01-02 14:25:00,35.0,True
2013-01-02 16:00:00,3677.57,2.9,2.97,85.49,15458.24,1.5,0.55,0.96,1.4,1129.05,22.41,5.96,129.59,125.76,119.75,121.72,314.99,435.53,370.13,340.46,370.8,299.08,308.06,270.8,252.5,229.72,3.92,0.42,2013-01-02 15:55:00,5.0,True
2013-01-02 17:00:00,3615.53,2.92,3.01,85.52,15355.48,1.53,0.59,0.94,1.4,1114.46,22.24,6.43,122.85,115.33,107.09,114.32,330.03,465.52,387.17,349.44,358.83,316.98,304.8,289.15,257.96,255.2,3.93,0.42,2013-01-02 15:55:00,65.0,True
2013-01-02 18:00:00,3482.23,2.92,3.01,85.63,13668.71,1.52,0.6,0.92,1.4,1130.3,22.21,6.58,138.64,136.14,129.44,127.96,344.42,503.73,460.58,388.09,375.24,356.74,319.59,259.95,225.11,217.2,3.9,0.37,2013-01-02 17:05:00,55.0,True
2013-01-02 19:00:00,3522.13,2.92,2.98,84.96,14687.41,1.53,0.63,0.89,1.4,1129.38,21.9,6.77,123.93,123.0,110.67,117.42,333.58,476.91,444.32,396.02,374.66,342.61,321.45,261.1,206.67,203.25,3.89,0.38,2013-01-02 19:00:00,0.0,True
2013-01-02 20:00:00,3561.99,2.89,2.96,85.33,15329.85,1.49,0.59,0.9,1.4,1130.95,22.01,6.72,130.25,130.29,118.89,124.07,303.41,462.79,406.37,403.87,377.11,348.63,316.66,233.02,194.36,193.02,3.91,0.38,2013-01-02 19:00:00,60.0,True
2013-01-02 21:00:00,3527.98,2.9,2.97,86.16,15052.12,1.5,0.57,0.93,1.4,1125.62,22.22,6.6,130.6,126.38,119.59,122.59,295.12,463.3,392.1,398.82,374.1,335.7,308.35,216.49,195.91,203.87,3.91,0.43,2013-01-02 20:25:00,35.0,True
2013-01-02 22:00:00,3495.04,2.86,2.96,86.15,14127.38,1.46,0.53,0.93,1.4,1118.2,21.82,6.84,142.54,145.29,136.06,135.89,302.84,474.82,422.04,403.35,366.23,333.77,307.44,209.51,198.38,207.06,3.96,0.44,2013-01-02 21:45:00,15.0,True
2013-01-02 23:00:00,3503.21,2.9,2.97,85.99,13429.62,1.5,0.55,0.96,1.4,1131.45,21.85,6.76,151.23,148.5,138.61,139.59,369.0,533.17,530.25,458.01,389.99,367.13,344.84,258.05,228.35,254.49,3.96,0.44,2013-01-02 21:45:00,75.0,True
2013-01-03 00:00:00,3443.02,2.9,3.02,86.56,13387.98,1.5,0.57,0.94,1.4,1126.78,22.29,6.64,154.99,150.89,145.97,147.24,428.08,584.39,606.95,517.35,430.85,437.85,384.35,342.26,310.93,297.4,3.93,0.45,2013-01-02 23:20:00,40.0,True
2013-01-03 01:00:00,3473.37,2.86,3.02,86.92,14575.53,1.46,0.53,0.93,1.4,1117.04,22.25,6.64,167.11,157.44,147.29,148.81,405.95,573.41,553.48,482.65,430.43,406.62,381.12,301.69,280.82,294.93,3.93,0.49,2013-01-03 00:55:00,5.0,True
2013-01-03 02:00:00,3509.09,2.9,3.02,86.3,14883.93,1.5,0.57,0.94,1.4,1125.98,22.38,6.57,151.12,147.14,141.82,144.43,409.69,586.82,544.97,477.76,425.2,385.1,366.16,282.18,266.83,309.78,3.92,0.49,2013-01-03 00:55:00,65.0,True
2013-01-03 03:00:00,3524.66,2.92,3.0,86.18,16309.29,1.52,0.6,0.92,1.4,1125.53,22.74,6.49,149.41,144.53,137.99,141.58,390.36,561.54,500.46,450.19,412.49,382.54,348.95,276.33,257.95,303.83,3.9,0.5,2013-01-03 02:30:00,30.0,True
2013-01-03 04:00:00,3523.39,2.92,3.01,85.75,16525.96,1.52,0.6,0.92,1.4,1131.51,22.64,6.5,144.58,137.44,130.56,134.43,361.05,551.01,491.17,438.59,404.74,377.05,331.91,254.78,234.05,277.77,3.94,0.5,2013-01-03 02:30:00,90.0,True
2013-01-03 05:00:00,3576.67,2.9,2.97,86.33,17118.79,1.5,0.54,0.97,1.4,1130.59,22.68,6.44,133.24,131.66,120.39,125.27,363.11,529.15,482.19,428.13,404.0,379.6,339.02,246.09,206.35,251.63,3.93,0.48,2013-01-03 04:10:00,50.0,True
2013-01-03 06:00:00,3600.62,2.89,2.96,86.28,15833.78,1.49,0.55,0.94,1.4,1130.97,22.59,6.54,138.6,131.4,125.54,128.65,355.7,511.74,463.76,418.6,401.2,353.45,318.38,234.46,196.32,245.64,3.93,0.48,2013-01-03 05:50:00,10.0,True
2013-01-03 07:00:00,3600.26,2.89,2.96,86.06,15530.5,1.49,0.57,0.92,1.4,1130.03,22.73,6.52,144.32,135.07,126.31,134.37,351.98,501.52,451.06,415.67,397.0,355.47,323.78,240.34,187.34,229.59,3.89,0.48,2013-01-03 05:50:00,70.0,True
2013-01-03 08:00:00,3543.41,2.92,3.04,86.45,16006.45,1.52,0.59,0.93,1.4,1102.2,22.87,6.56,138.86,132.8,129.35,132.05,349.92,508.22,464.52,410.13,391.68,368.06,333.61,232.27,182.43,219.28,3.85,0.43,2013-01-03 07:35:00,25.0,True
2013-01-03 09:00:00,3570.9,2.93,3.06,85.18,16326.3,1.53,0.6,0.94,1.4,1123.97,22.93,6.51,137.73,133.74,125.6,127.15,360.64,529.1,512.44,436.61,400.86,388.69,343.03,251.65,190.24,237.86,3.84,0.43,2013-01-03 07:35:00,85.0,True
2013-01-03 10:00:00,3556.09,2.93,3.04,85.88,16348.79,1.53,0.57,0.96,1.4,1129.86,22.91,6.75,122.45,126.85,119.77,123.04,331.8,500.64,479.84,429.27,402.59,373.71,351.18,234.21,174.18,221.93,3.78,0.41,2013-01-03 09:40:00,20.0,True
2013-01-03 11:00:00,3612.01,2.89,3.0,86.02,16447.65,1.49,0.5,0.99,1.4,1131.05,22.73,6.97,163.76,162.57,152.37,147.35,332.23,500.72,485.57,452.43,408.97,355.69,337.77,260.05,198.01,235.34,3.94,0.41,2013-01-03 09:40:00,80.0,True
2013-01-03 12:00:00,3542.65,2.89,3.06,86.18,15859.21,1.49,0.54,0.95,1.4,1119.12,22.81,6.97,130.94,133.04,126.6,124.89,363.95,503.62,509.98,458.21,409.15,354.09,339.85,288.72,239.17,274.84,3.9,0.35,2013-01-03 11:20:00,40.0,True
2013-01-03 13:00:00,3541.17,2.91,3.04,86.52,15926.45,1.51,0.59,0.92,1.4,1123.17,22.79,7.03,109.99,121.45,107.1,108.83,411.61,525.59,577.54,472.96,425.29,403.67,373.85,290.39,276.79,308.1,3.74,0.38,2013-01-03 12:50:00,10.0,True
2013-01-03 14:00:00,3527.85,2.94,3.05,86.2,16226.28,1.54,0.6,0.94,1.4,1131.72,22.81,6.95,101.76,114.17,106.95,106.49,453.88,584.54,562.63,504.37,432.47,423.01,405.04,316.01,296.69,327.62,3.75,0.38,2013-01-03 12:50:00,70.0,True
2013-01-03 15:00:00,3514.79,2.93,3.05,85.97,15904.43,1.54,0.62,0.92,1.4,1130.44,22.67,7.13,101.21,111.95,102.43,107.68,465.16,564.67,582.74,509.58,441.06,427.66,386.91,325.68,329.38,326.31,3.87,0.39,2013-01-03 14:20:00,40.0,True
2013-01-03 16:00:00,3517.6,2.94,3.05,85.51,15750.46,1.54,0.63,0.92,1.4,1129.73,22.79,7.1,105.79,115.14,105.84,110.6,494.61,608.5,607.05,467.01,433.18,383.34,359.93,311.66,334.4,338.13,3.89,0.39,2013-01-03 15:40:00,20.0,True
2013-01-03 17:00:00,3493.96,2.97,3.07,85.4,16941.17,1.57,0.63,0.94,1.4,1126.83,23.02,7.03,124.7,125.67,118.44,124.67,481.18,603.65,567.29,454.16,425.1,377.09,352.32,320.02,304.96,351.54,3.97,0.39,2013-01-03 16:50:00,10.0,True
2013-01-03 18:00:00,3413.86,2.98,3.12,85.53,15583.36,1.58,0.66,0.92,1.4,1129.78,23.02,7.12,134.22,138.82,132.51,127.93,507.11,646.99,552.52,486.56,440.12,409.41,372.19,363.47,334.25,363.09,3.95,0.39,2013-01-03 16:50:00,70.0,True
2013-01-03 19:00:00,3512.26,2.94,3.05,85.09,14654.42,1.54,0.64,0.9,1.4,1130.69,22.9,7.13,131.83,136.55,126.84,124.57,458.53,645.83,499.46,472.61,440.92,399.55,377.82,318.06,299.74,329.81,3.89,0.36,2013-01-03 18:35:00,25.0,True
2013-01-03 20:00:00,3516.28,2.96,3.05,84.25,14448.05,1.56,0.6,0.96,1.4,1131.79,22.64,7.13,136.91,136.4,129.71,135.93,451.26,642.36,489.39,456.68,438.39,374.63,360.6,293.14,264.97,312.07,3.9,0.47,2013-01-03 19:55:00,5.0,True
2013-01-03 21:00:00,3510.44,2.99,3.06,84.26,15859.03,1.59,0.6,0.99,1.4,1137.59,22.93,6.98,136.58,147.29,141.85,137.87,469.54,652.26,530.54,462.4,457.72,410.04,397.98,304.86,294.33,341.07,3.97,0.47,2013-01-03 19:55:00,65.0,True
2013-01-03 22:00:00,3493.01,2.94,3.0,83.0,14162.93,1.54,0.58,0.97,1.4,1138.18,22.48,7.29,200.57,185.81,189.19,188.07,497.66,680.56,597.07,488.61,472.01,437.0,415.58,333.48,320.12,364.22,3.96,0.5,2013-01-03 21:20:00,40.0,True
2013-01-03 23:00:00,3479.14,2.93,3.01,82.37,14003.33,1.53,0.58,0.95,1.39,1141.44,22.27,7.25,181.9,176.92,184.38,174.17,532.08,694.59,635.83,507.26,493.44,457.68,452.2,358.76,338.94,376.83,3.95,0.5,2013-01-03 21:20:00,100.0,True
2013-01-04 00:00:00,3473.1,2.94,3.02,82.69,13994.29,1.54,0.58,0.96,1.4,1138.43,22.01,7.28,182.57,177.46,173.89,172.25,546.51,686.74,587.16,450.67,465.52,439.68,419.78,338.95,323.96,383.51,3.89,0.52,2013-01-03 23:30:00,30.0,True
2013-01-04 01:00:00,3498.05,2.98,3.04,82.6,15528.82,1.58,0.58,1.0,1.4,1140.26,22.09,7.11,148.79,160.98,149.76,152.14,514.15,700.22,598.66,470.59,462.25,476.88,456.95,380.49,335.13,413.87,3.79,0.52,2013-01-03 23:30:00,90.0,True
2013-01-04 02:00:00,3477.86,2.96,3.05,82.3,15909.37,1.56,0.58,0.98,1.4,1140.6,21.98,7.17,168.19,163.84,152.84,161.39,619.17,752.24,719.95,517.53,486.1,532.54,526.94,452.03,387.62,494.54,3.83,0.59,2013-01-04 01:20:00,40.0,True
2013-01-04 03:00:00,3499.41,2.99,3.06,82.57,18413.34,1.59,0.61,0.98,1.4,1130.65,22.51,6.82,166.84,169.94,166.17,158.61,649.35,746.31,700.42,529.01,501.09,523.53,511.99,446.19,404.24,503.01,3.89,0.6,2013-01-04 03:00:00,0.0,True
2013-01-04 04:00:00,3595.2,2.93,2.99,82.69,18437.92,1.53,0.59,0.95,1.4,1136.31,22.58,6.6,158.74,170.7,162.6,154.46,650.85,744.41,701.31,534.29,506.49,532.07,522.77,440.95,384.68,502.96,3.87,0.6,2013-01-04 03:00:00,60.0,True
2013-01-04 05:00:00,3632.76,2.95,3.04,83.39,18467.24,1.55,0.54,1.02,1.39,1139.8,22.48,6.54,189.23,194.77,197.63,184.61,645.16,754.46,689.08,531.47,508.18,513.52,506.72,445.27,386.85,464.57,3.91,0.5,2013-01-04 04:45:00,15.0,True
2013-01-04 06:00:00,3772.62,2.93,3.02,83.26,19786.92,1.53,0.52,1.01,1.4,1136.96,23.03,6.16,188.62,187.2,186.64,179.2,598.47,711.85,654.82,520.54,494.62,505.75,481.08,403.74,361.34,424.93,4.0,0.5,2013-01-04 04:45:00,75.0,True
2013-01-04 07:00:00,3631.75,2.94,3.0,81.86,15016.18,1.54,0.58,0.96,1.4,1139.95,22.7,6.43,127.2,129.74,126.22,120.78,274.28,381.53,374.28,360.85,424.64,326.18,252.25,234.79,182.51,155.0,4.0,0.49,2013-01-04 06:45:00,15.0,True
2013-01-04 08:00:00,3583.39,2.88,2.98,82.36,4197.86,1.49,0.6,0.89,1.4,1140.61,20.99,6.89,111.58,112.05,102.31,105.62,292.88,421.85,381.84,338.95,384.25,325.0,260.19,208.18,202.48,139.98,3.95,0.55,2013-01-04 08:00:00,0.0,True
2013-01-04 09:00:00,3617.97,2.93,3.0,82.19,19281.82,1.54,0.6,0.94,1.39,1137.19,23.07,6.62,116.78,121.17,112.34,114.28,408.84,540.88,404.87,408.18,394.33,369.91,323.69,255.05,261.04,230.17,3.91,0.55,2013-01-04 08:00:00,60.0,True
2013-01-04 10:00:00,3563.18,2.95,3.04,82.58,20024.01,1.55,0.59,0.96,1.4,1138.97,23.5,6.82,120.6,123.6,112.12,115.64,482.42,569.51,391.41,419.38,410.73,375.85,318.69,266.15,251.88,264.98,3.89,0.54,2013-01-04 09:20:00,40.0,True
2013-01-04 11:00:00,3513.12,2.96,3.02,83.23,20079.36,1.56,0.63,0.93,1.4,1138.73,23.36,7.03,122.96,129.35,113.71,126.05,478.34,601.69,431.64,428.58,423.54,389.39,339.91,273.03,251.74,254.99,3.86,0.49,2013-01-04 10:35:00,25.0,True
2013-01-04 12:00:00,3252.67,2.93,3.02,79.5,20124.49,1.55,0.63,0.92,1.39,1140.57,23.79,6.88,148.88,139.22,136.07,139.34,527.49,689.79,512.92,445.85,435.76,410.3,370.36,280.26,269.15,306.34,3.95,0.52,2013-01-04 11:45:00,15.0,True
2013-01-04 13:00:00,3260.36,2.96,3.01,80.75,20164.0,1.56,0.65,0.91,1.4,1137.41,23.31,7.35,163.57,163.26,160.45,156.58,567.39,713.3,513.05,487.0,460.32,438.01,376.96,311.24,295.83,353.23,3.97,0.53,2013-01-04 13:00:00,0.0,True
2013-01-04 14:00:00,3308.39,2.9,2.97,81.65,19952.51,1.51,0.63,0.89,1.39,1140.45,19.27,6.9,172.4,163.06,158.99,160.89,543.58,705.66,500.8,526.15,471.38,451.39,397.42,338.38,306.09,371.13,4.02,0.53,2013-01-04 13:00:00,60.0,True
2013-01-04 15:00:00,3435.67,2.86,2.92,82.45,20216.47,1.46,0.55,0.91,1.4,1138.49,21.72,7.15,163.33,159.65,153.04,153.66,527.16,667.76,411.56,442.3,451.37,374.04,365.09,312.98,299.31,341.03,4.05,0.64,2013-01-04 14:05:00,55.0,True
2013-01-04 16:00:00,3376.2,2.92,2.99,83.31,20423.91,1.53,0.59,0.94,1.4,1140.47,22.31,7.01,115.33,119.36,111.71,116.7,470.73,603.03,371.15,392.7,406.07,291.32,291.71,251.16,257.45,278.26,4.03,0.61,2013-01-04 15:40:00,20.0,True
2013-01-04 17:00:00,3366.49,2.93,3.01,83.19,19672.2,1.54,0.59,0.95,1.4,1139.93,22.48,6.98,121.67,127.34,123.15,121.16,468.97,581.51,410.82,387.93,387.64,330.63,304.02,254.11,254.1,286.35,4.02,0.61,2013-01-04 16:55:00,5.0,True
2013-01-04 18:00:00,3424.93,2.88,2.96,82.69,19519.38,1.48,0.58,0.9,1.4,1140.27,22.48,7.14,138.44,139.3,135.95,132.38,468.92,609.91,465.8,398.34,395.69,350.23,322.4,274.86,255.2,298.13,4.0,0.61,2013-01-04 16:55:00,65.0,True
2013-01-04 19:00:00,3469.05,2.88,2.93,81.59,19416.07,1.48,0.58,0.9,1.4,1138.26,22.44,7.1,136.33,136.32,131.96,129.97,455.06,601.03,486.26,411.23,400.75,354.95,329.41,275.81,245.25,294.39,4.0,0.53,2013-01-04 18:10:00,50.0,True
2013-01-04 20:00:00,3425.95,2.92,2.98,82.11,19548.78,1.52,0.6,0.92,1.4,1126.87,22.51,7.1,131.16,135.57,126.46,128.53,450.85,579.78,498.06,423.99,398.32,369.77,333.67,280.49,236.99,281.67,3.91,0.54,2013-01-04 19:35:00,25.0,True
2013-01-04 21:00:00,3391.78,2.93,2.99,82.28,17849.78,1.53,0.62,0.91,1.4,1140.69,21.91,7.33,144.8,145.46,146.85,145.96,521.08,626.72,545.9,462.63,418.64,429.57,363.22,344.86,273.31,340.54,3.97,0.56,2013-01-04 20:50:00,10.0,True
2013-01-04 22:00:00,3382.29,2.91,2.97,81.47,18128.73,1.51,0.6,0.92,1.4,1139.35,22.11,7.23,125.55,121.3,117.62,123.61,498.82,608.62,551.01,447.36,429.1,410.56,361.62,340.72,284.59,342.76,4.0,0.56,2013-01-04 20:50:00,70.0,True
2013-01-04 23:00:00,3414.06,2.87,2.94,80.2,16669.12,1.47,0.55,0.92,1.4,1128.09,22.22,7.15,139.28,138.39,130.74,127.05,467.77,584.57,497.25,441.65,413.07,369.16,340.12,291.03,262.68,315.3,4.03,0.53,2013-01-04 22:10:00,50.0,True
2013-01-05 00:00:00,3468.64,2.82,2.93,80.36,17475.29,1.42,0.51,0.92,1.4,1140.41,22.19,7.14,156.58,154.55,161.88,147.9,462.22,591.68,467.82,442.71,424.57,378.15,352.06,280.23,251.47,310.09,3.98,0.47,2013-01-04 23:55:00,5.0,True
2013-01-05 01:00:00,3565.86,2.84,2.9,81.57,18281.09,1.44,0.51,0.93,1.4,1135.07,22.16,7.04,149.21,152.2,148.0,140.32,479.81,572.97,493.68,475.66,440.2,398.65,374.06,304.08,276.91,340.31,3.96,0.47,2013-01-04 23:55:00,65.0,True
2013-01-05 02:00:00,3513.75,2.87,2.94,80.86,18339.76,1.47,0.55,0.92,1.4,1133.21,22.26,7.01,134.49,139.64,133.49,128.4,468.82,585.89,532.5,459.46,429.7,394.28,377.36,324.46,283.69,321.73,4.01,0.48,2013-01-05 01:20:00,40.0,True
2013-01-05 03:00:00,3517.02,2.9,2.96,81.67,15095.5,1.5,0.55,0.95,1.4,1137.89,22.32,6.88,133.6,136.97,126.41,128.01,462.75,580.79,527.15,445.29,422.81,386.41,359.75,283.54,250.0,301.73,3.97,0.46,2013-01-05 02:45:00,15.0,True
2013-01-05 04:00:00,3501.64,2.92,2.99,81.07,12585.64,1.53,0.58,0.95,1.4,1139.34,22.51,6.87,128.45,128.53,126.16,123.16,486.42,619.01,546.99,452.05,420.03,384.04,340.65,271.69,239.5,299.54,3.97,0.46,2013-01-05 02:45:00,75.0,True
2013-01-05 05:00:00,3519.89,2.9,2.97,81.28,12527.99,1.5,0.57,0.93,1.4,1124.18,22.33,6.92,144.88,144.05,135.16,138.31,485.03,611.1,580.69,479.74,428.22,390.08,354.77,278.02,236.8,306.26,3.96,0.44,2013-01-05 04:05:00,55.0,True
2013-01-05 06:00:00,3543.12,2.85,2.91,80.74,18348.78,1.46,0.52,0.94,1.4,1137.7,22.46,6.98,132.09,136.65,131.88,127.92,482.55,595.43,567.53,468.71,436.79,391.88,357.04,279.0,227.28,321.07,3.96,0.41,2013-01-05 06:00:00,0.0,True
2013-01-05 07:00:00,3506.71,2.85,2.93,80.28,15311.49,1.45,0.52,0.93,1.4,1140.7,22.48,7.02,150.37,157.17,147.06,141.33,507.71,628.53,598.74,508.94,456.87,408.09,381.61,300.32,266.57,355.93,3.97,0.41,2013-01-05 06:00:00,60.0,True
2013-01-05 08:00:00,3495.77,2.89,2.96,81.51,3648.11,1.5,0.58,0.92,1.4,1137.58,22.48,6.93,166.56,159.68,160.32,157.96,530.69,620.22,632.77,562.43,478.06,458.2,407.38,319.11,265.26,357.95,3.94,0.48,2013-01-05 07:30:00,30.0,True
2013-01-05 09:00:00,3431.06,2.91,2.98,81.96,1117.93,1.52,0.62,0.9,1.4,1138.52,22.33,7.01,138.2,139.82,138.4,133.73,523.92,617.39,627.22,537.18,482.93,454.47,392.62,307.57,259.11,328.88,3.95,0.48,2013-01-05 07:30:00,90.0,True
2013-01-05 10:00:00,3339.17,2.84,2.95,80.56,0.86,1.45,0.58,0.86,1.4,1133.02,22.33,6.78,123.5,128.22,124.79,118.59,524.45,635.67,577.11,479.48,459.79,380.08,343.85,277.31,261.12,315.95,3.95,0.54,2013-01-05 09:05:00,55.0,True
2013-01-05 11:00:00,3383.45,2.8,2.9,80.93,0.04,1.4,0.55,0.86,1.4,1140.54,22.47,6.78,108.76,115.79,112.98,110.29,441.96,522.77,413.35,411.68,415.7,277.24,276.13,221.27,205.08,247.46,3.98,0.57,2013-01-05 11:00:00,0.0,True
2013-01-05 12:00:00,3382.99,2.82,2.87,82.18,0.25,1.42,0.57,0.85,1.4,1127.9,22.27,6.8,117.72,120.55,115.58,115.19,422.26,525.7,394.27,426.18,402.5,317.64,292.01,226.23,218.49,261.26,4.03,0.57,2013-01-05 11:00:00,60.0,True
2013-01-05 13:00:00,3333.18,2.84,2.9,82.02,0.2,1.44,0.61,0.83,1.4,1133.56,21.76,6.87,114.98,118.35,114.3,114.59,397.87,489.57,358.28,408.64,393.88,306.49,280.53,214.37,204.52,236.36,4.04,0.42,2013-01-05 12:30:00,30.0,True
2013-01-05 14:00:00,3281.7,2.84,2.92,82.25,0.77,1.44,0.6,0.85,1.4,1140.51,22.19,6.86,127.83,130.22,126.84,122.48,416.51,527.39,387.97,418.14,400.76,339.75,307.13,224.02,222.58,247.75,3.98,0.51,2013-01-05 14:00:00,0.0,True
2013-01-05 15:00:00,3279.47,2.87,2.93,82.36,1.15,1.47,0.6,0.87,1.4,1136.66,21.84,7.3,121.41,129.51,119.35,118.51,448.07,543.59,393.38,417.93,403.52,349.04,325.94,250.67,230.97,266.03,3.97,0.51,2013-01-05 14:00:00,60.0,True
2013-01-05 16:00:00,3282.64,2.85,2.89,82.2,6917.71,1.45,0.58,0.87,1.4,1139.05,21.78,7.43,128.93,123.86,124.91,121.39,431.35,533.01,389.85,405.46,393.31,337.81,300.2,236.54,233.31,268.08,3.97,0.41,2013-01-05 15:30:00,30.0,True
2013-01-05 17:00:00,3286.49,2.82,2.88,82.79,20881.47,1.42,0.57,0.85,1.4,1138.26,22.04,7.27,127.43,128.99,125.07,120.05,438.68,598.59,428.91,403.65,388.73,334.53,300.8,219.14,230.85,276.51,3.9,0.41,2013-01-05 15:30:00,90.0,True
2013-01-05 18:00:00,3286.52,2.84,2.9,83.02,19802.83,1.44,0.57,0.87,1.4,1131.77,21.72,7.29,126.79,127.09,123.99,125.85,466.13,638.67,487.87,421.36,396.07,327.51,299.03,212.92,248.62,312.44,3.96,0.44,2013-01-05 17:10:00,50.0,True
2013-01-05 19:00:00,3287.7,2.83,2.92,81.28,18663.72,1.43,0.57,0.86,1.4,1140.3,21.89,7.17,125.82,120.38,113.59,114.9,459.05,620.65,496.92,414.38,400.14,337.52,298.61,220.61,244.02,297.45,3.94,0.44,2013-01-05 17:10:00,110.0,True
2013-01-05 20:00:00,3334.86,2.89,2.95,82.02,17771.7,1.5,0.65,0.85,1.4,1137.98,21.71,7.14,124.62,130.09,134.71,121.58,393.98,622.09,518.68,443.17,411.51,393.82,316.66,244.96,261.38,287.6,3.92,0.45,2013-01-05 19:10:00,50.0,True
2013-01-05 21:00:00,3209.59,2.77,2.85,80.46,17998.79,1.38,0.56,0.81,1.4,1140.44,21.67,7.44,120.9,129.49,126.53,112.13,372.06,698.76,633.1,502.92,439.73,441.88,354.19,298.03,352.71,421.45,3.97,0.49,2013-01-05 20:20:00,40.0,True
2013-01-05 22:00:00,3284.46,2.8,2.86,81.54,19094.63,1.41,0.56,0.84,1.39,1135.44,21.73,7.24,141.67,137.74,150.77,131.79,478.74,711.41,652.75,511.17,441.39,403.5,333.86,283.26,326.83,417.08,4.08,0.45,2013-01-05 21:45:00,15.0,True
2013-01-05 23:00:00,3282.17,2.77,2.85,80.73,19083.2,1.37,0.54,0.83,1.4,1140.17,21.7,7.2,139.25,142.63,140.86,128.87,479.99,684.52,592.26,500.12,444.93,416.64,350.62,289.86,339.12,399.62,4.03,0.35,2013-01-05 23:00:00,0.0,True
2013-01-06 00:00:00,3320.31,2.77,2.83,80.86,19242.3,1.37,0.52,0.85,1.4,1139.27,21.75,7.13,141.19,140.75,138.8,136.18,475.62,646.24,565.22,464.68,434.83,355.11,321.28,255.69,284.2,345.75,4.02,0.35,2013-01-05 23:00:00,60.0,True
2013-01-06 01:00:00,3320.66,2.76,2.84,80.94,19344.89,1.36,0.53,0.84,1.4,1140.05,22.05,7.1,172.18,161.52,155.59,155.13,522.2,682.22,618.25,487.67,441.62,374.81,328.15,264.63,284.68,377.86,4.04,0.37,2013-01-06 00:35:00,25.0,True
2013-01-06 02:00:00,3327.51,2.76,2.83,79.73,19610.49,1.36,0.5,0.86,1.4,1132.68,21.77,7.17,167.0,153.24,156.22,153.07,542.94,716.71,655.98,502.44,455.68,394.69,343.54,281.12,305.78,375.0,4.03,0.39,2013-01-06 01:50:00,10.0,True
2013-01-06 03:00:00,3289.56,2.78,2.85,80.81,19790.89,1.38,0.52,0.86,1.4,1139.64,21.77,7.08,165.85,158.68,158.74,150.37,541.77,713.89,650.78,493.46,450.29,405.13,368.4,289.02,299.62,371.37,4.03,0.39,2013-01-06 01:50:00,70.0,True
2013-01-06 04:00:00,3376.61,2.77,2.84,81.82,20685.39,1.37,0.53,0.84,1.4,1138.63,21.88,7.02,160.48,147.98,144.68,140.34,515.7,677.08,622.49,506.73,438.93,401.0,369.92,294.14,279.25,348.38,4.03,0.41,2013-01-06 03:20:00,40.0,True
2013-01-06 05:00:00,3429.69,2.79,2.87,81.88,20125.06,1.4,0.52,0.88,1.4,1139.68,21.82,6.92,157.33,140.78,146.22,141.32,485.2,654.12,544.9,450.54,426.96,366.93,346.19,275.63,256.45,320.89,4.03,0.41,2013-01-06 04:45:00,15.0,True
2013-01-06 06:00:00,3444.13,2.79,2.88,82.28,19950.34,1.39,0.47,0.92,1.4,1125.82,21.7,6.83,168.31,151.53,153.39,153.67,497.26,657.04,570.92,442.89,417.5,350.51,329.75,266.88,255.66,320.03,3.95,0.41,2013-01-06 04:45:00,75.0,True
2013-01-06 07:00:00,3473.8,2.77,2.86,81.3,20228.27,1.37,0.48,0.9,1.4,1140.63,21.81,6.67,145.0,140.24,139.17,134.81,481.47,662.45,558.32,427.77,415.24,347.72,328.66,264.1,244.95,330.99,3.98,0.44,2013-01-06 06:15:00,45.0,True
2013-01-06 08:00:00,3638.32,2.88,2.95,83.7,20330.19,1.48,0.57,0.91,1.4,1138.15,22.1,6.37,134.07,133.72,130.57,126.12,457.94,647.89,547.98,435.03,417.91,362.1,337.93,276.75,265.81,319.31,3.99,0.39,2013-01-06 07:50:00,10.0,True
2013-01-06 09:00:00,3673.31,2.96,3.04,85.48,21161.94,1.57,0.63,0.93,1.4,1134.1,22.43,6.4,129.55,126.89,126.68,122.18,421.33,576.95,553.25,453.07,411.22,355.08,332.48,262.89,243.47,283.03,3.94,0.39,2013-01-06 07:50:00,70.0,True
2013-01-06 10:00:00,3710.62,3.0,3.06,85.88,22281.97,1.6,0.64,0.96,1.4,1111.38,22.52,6.36,126.07,126.22,120.8,121.11,439.12,537.57,494.75,454.14,403.78,334.36,316.52,250.52,231.56,271.4,3.9,0.31,2013-01-06 09:15:00,45.0,True
2013-01-06 11:00:00,3728.23,2.97,3.06,85.64,22130.04,1.57,0.59,0.98,1.4,1108.7,22.46,6.39,134.24,125.45,122.78,125.9,380.19,488.95,431.56,418.08,393.45,326.7,300.73,235.18,203.2,231.52,3.89,0.37,2013-01-06 10:45:00,15.0,True
2013-01-06 12:00:00,3740.91,2.94,3.04,86.19,20661.08,1.54,0.57,0.98,1.4,1129.96,22.38,6.31,137.75,133.56,133.49,132.15,359.07,459.32,426.81,422.19,391.19,320.98,300.27,230.42,186.84,241.87,3.87,0.37,2013-01-06 11:55:00,5.0,True
2013-01-06 13:00:00,3777.14,3.01,3.08,86.65,21490.62,1.62,0.6,1.02,1.39,1129.91,22.27,6.43,132.35,126.26,120.66,125.04,338.29,445.96,393.82,431.55,390.14,326.35,303.26,237.04,205.95,251.35,3.97,0.37,2013-01-06 11:55:00,65.0,True
2013-01-06 14:00:00,3741.96,3.02,3.11,86.75,20968.84,1.62,0.63,0.99,1.4,1119.53,22.12,7.18,135.25,135.89,129.91,133.49,350.7,486.2,455.16,438.48,391.3,343.02,311.02,218.98,208.14,247.6,3.97,0.42,2013-01-06 13:05:00,55.0,True
2013-01-06 15:00:00,3746.92,2.99,3.08,86.86,21216.99,1.59,0.59,1.0,1.4,1127.62,22.22,6.68,138.25,132.86,128.43,130.47,368.36,456.02,396.65,397.19,377.87,330.04,314.43,242.43,215.03,263.54,3.99,0.42,2013-01-06 13:05:00,115.0,True
2013-01-06 16:00:00,3770.04,3.01,3.08,86.95,21129.73,1.61,0.59,1.03,1.4,1118.48,22.3,6.64,145.32,139.97,140.06,141.05,369.51,480.29,433.4,394.44,382.84,337.34,314.05,247.14,215.98,268.73,4.02,0.34,2013-01-06 15:10:00,50.0,True
2013-01-06 17:00:00,3772.19,3.0,3.09,86.34,21075.9,1.61,0.58,1.03,1.4,1104.58,22.21,6.87,158.71,151.34,150.18,149.75,364.5,474.92,442.77,413.84,395.82,355.99,330.65,247.83,206.04,249.41,4.02,0.39,2013-01-06 16:50:00,10.0,True
2013-01-06 18:00:00,3725.17,3.01,3.11,85.88,20903.19,1.61,0.57,1.04,1.4,1120.44,22.08,6.94,159.46,157.88,152.92,152.5,393.66,467.74,452.47,413.06,399.23,378.98,356.36,281.79,231.31,274.38,4.06,0.39,2013-01-06 16:50:00,70.0,True
2013-01-06 19:00:00,3760.17,3.0,3.07,85.3,20605.78,1.61,0.58,1.03,1.4,1118.4,22.08,7.01,151.81,145.09,136.77,139.85,433.07,514.32,453.19,405.02,385.74,366.61,336.57,284.01,251.13,296.27,4.01,0.43,2013-01-06 18:45:00,15.0,True
2013-01-06 20:00:00,3613.31,2.94,3.01,83.21,21332.42,1.54,0.56,0.97,1.4,1114.49,22.22,7.34,149.44,146.42,145.86,145.59,405.67,498.05,440.23,405.73,390.28,373.08,332.7,271.87,234.04,264.39,3.9,0.43,2013-01-06 18:45:00,75.0,True
2013-01-06 21:00:00,3616.1,2.94,3.02,82.6,21631.99,1.54,0.58,0.96,1.4,1117.51,22.43,7.17,139.42,142.24,136.28,132.16,397.31,509.81,466.99,427.71,411.59,401.26,363.4,289.39,237.42,283.47,3.93,0.44,2013-01-06 20:25:00,35.0,True
2013-01-06 22:00:00,3650.23,2.92,3.01,81.93,21655.58,1.52,0.53,0.99,1.4,1107.74,21.99,7.26,155.33,161.83,159.63,148.75,402.22,522.78,494.98,465.72,423.3,417.97,388.98,306.44,253.84,283.09,4.0,0.37,2013-01-06 21:50:00,10.0,True
2013-01-06 23:00:00,3659.01,2.91,2.98,81.64,22631.57,1.51,0.51,1.0,1.4,1118.53,22.03,7.19,121.97,135.65,129.86,124.94,440.11,533.17,488.74,464.06,444.83,438.98,415.02,328.86,277.87,331.88,3.98,0.37,2013-01-06 21:50:00,70.0,True
2013-01-07 00:00:00,3614.2,2.97,3.06,80.54,22450.88,1.57,0.57,1.0,1.4,1120.33,22.27,6.96,114.37,125.8,115.74,115.86,404.7,480.5,405.61,444.94,435.06,414.82,376.7,311.59,282.12,308.58,3.92,0.42,2013-01-06 23:25:00,35.0,True
2013-01-07 01:00:00,3611.99,2.93,3.09,80.62,23373.11,1.53,0.57,0.95,1.4,1114.77,22.2,7.11,109.6,119.85,112.69,113.94,377.11,455.59,355.25,431.59,415.24,349.97,332.2,293.13,258.41,295.63,3.99,0.42,2013-01-06 23:25:00,95.0,True
2013-01-07 02:00:00,3646.61,2.93,3.06,80.53,23212.53,1.53,0.57,0.96,1.4,1108.03,22.24,7.06,118.79,119.86,117.72,121.16,359.39,465.14,352.52,398.72,403.66,335.13,304.13,269.29,240.58,271.87,3.91,0.35,2013-01-07 01:10:00,50.0,True
2013-01-07 03:00:00,3657.67,2.92,3.05,80.86,23458.05,1.52,0.57,0.95,1.4,1114.04,22.37,7.01,129.36,130.78,131.82,126.81,354.77,452.28,381.55,383.11,395.3,318.59,308.98,243.13,216.76,246.68,3.89,0.31,2013-01-07 02:45:00,15.0,True
2013-01-07 04:00:00,3664.9,2.92,3.05,81.41,23408.08,1.52,0.55,0.96,1.4,1120.3,22.52,6.85,150.93,146.97,142.63,140.59,330.54,428.83,337.93,384.27,390.12,310.44,301.53,245.49,207.72,224.77,3.89,0.31,2013-01-07 02:45:00,75.0,True
2013-01-07 05:00:00,3689.13,2.94,3.04,82.36,23241.91,1.54,0.55,0.98,1.4,1117.54,22.26,7.04,126.99,121.27,116.59,121.54,320.16,399.59,331.0,390.85,377.25,300.87,279.09,260.02,233.78,237.62,3.88,0.39,2013-01-07 04:15:00,45.0,True
2013-01-07 06:00:00,3639.78,2.89,3.07,83.1,23287.89,1.49,0.5,0.99,1.4,1117.68,22.47,7.04,137.3,132.3,131.23,133.07,318.15,416.85,334.25,373.54,361.22,251.71,254.97,219.21,201.25,219.41,3.84,0.34,2013-01-07 05:55:00,5.0,True
2013-01-07 07:00:00,3657.88,2.92,3.06,82.18,22976.14,1.53,0.56,0.97,1.4,1113.45,22.44,7.01,136.08,132.33,123.66,125.43,297.09,380.28,283.37,344.46,336.49,251.86,250.89,200.0,183.27,199.14,3.86,0.34,2013-01-07 05:55:00,65.0,True
2013-01-07 08:00:00,3528.76,2.9,3.01,80.78,22931.37,1.5,0.61,0.89,1.4,1117.64,22.36,7.3,150.23,140.35,146.01,145.57,316.94,458.08,378.13,348.32,348.49,316.01,276.83,242.0,221.78,244.91,3.84,0.36,2013-01-07 07:35:00,25.0,True
2013-01-07 09:00:00,3534.2,2.92,3.0,81.67,20922.26,1.52,0.62,0.9,1.4,1119.29,22.01,7.42,119.63,127.89,125.7,115.9,324.99,417.52,419.43,357.13,367.53,375.88,297.17,317.11,257.11,218.8,3.87,0.37,2013-01-07 09:00:00,0.0,True
2013-01-07 10:00:00,3454.35,2.95,3.06,81.48,20296.9,1.56,0.64,0.92,1.4,1121.19,22.14,7.47,100.77,101.26,97.52,100.71,485.63,561.76,572.65,431.24,405.45,391.33,352.55,340.84,331.33,367.11,3.86,0.37,2013-01-07 09:00:00,60.0,True
2013-01-07 11:00:00,3471.74,2.91,3.03,81.61,20574.98,1.51,0.58,0.93,1.4,1109.56,22.08,7.37,131.22,135.36,137.54,131.06,470.58,572.78,531.36,451.88,421.2,394.27,343.99,307.79,305.81,341.33,3.86,0.38,2013-01-07 10:25:00,35.0,True
2013-01-07 12:00:00,3440.21,2.88,3.04,81.76,20114.14,1.48,0.56,0.92,1.4,1120.07,22.12,7.25,151.6,143.69,146.48,146.0,462.92,585.46,503.22,465.7,423.19,426.86,393.31,316.71,301.8,326.79,3.85,0.37,2013-01-07 12:00:00,0.0,True
2013-01-07 13:00:00,3538.27,2.84,2.93,82.76,19670.61,1.44,0.55,0.89,1.4,1113.31,21.58,7.4,148.06,146.68,150.5,146.76,471.91,631.35,580.58,532.93,463.71,487.26,465.23,340.06,326.14,344.69,3.86,0.37,2013-01-07 12:00:00,60.0,True
2013-01-07 14:00:00,3457.53,2.89,2.99,82.66,18647.33,1.49,0.55,0.94,1.4,1120.1,21.37,7.48,189.01,180.93,191.91,186.75,564.33,689.38,696.45,568.99,492.79,524.16,508.35,373.25,354.21,405.86,3.8,0.4,2013-01-07 13:20:00,40.0,True
2013-01-07 15:00:00,3450.59,2.94,2.99,83.27,20462.97,1.54,0.59,0.95,1.4,1119.3,21.1,7.56,177.52,189.85,186.43,183.41,633.31,739.2,763.07,609.52,521.88,570.27,585.13,494.62,463.97,546.2,3.94,0.4,2013-01-07 13:20:00,100.0,True
2013-01-07 16:00:00,3455.27,2.92,2.99,83.57,21765.92,1.52,0.62,0.9,1.4,1118.98,21.94,7.13,137.95,145.82,136.0,138.42,589.03,661.84,700.55,590.35,510.02,524.77,496.25,431.61,452.04,492.91,3.96,0.39,2013-01-07 16:00:00,0.0,True
2013-01-07 17:00:00,3479.58,2.88,2.95,83.45,20939.9,1.48,0.58,0.91,1.4,1121.02,21.66,7.08,135.13,141.86,129.43,131.63,562.65,665.56,626.09,518.92,483.16,427.78,404.17,361.53,378.06,431.06,3.99,0.39,2013-01-07 16:00:00,60.0,True
2013-01-07 18:00:00,3438.39,2.87,2.98,83.0,20834.88,1.47,0.55,0.92,1.4,1117.06,21.69,7.23,166.6,150.4,147.69,154.75,511.93,635.25,569.0,481.55,458.51,393.95,359.75,285.96,286.03,324.37,3.96,0.52,2013-01-07 17:40:00,20.0,True
2013-01-07 19:00:00,3462.81,2.82,2.96,84.06,21171.1,1.42,0.52,0.9,1.4,1113.54,21.64,7.31,159.74,155.97,156.31,155.53,511.38,681.5,606.36,549.98,460.95,408.83,376.84,293.39,273.86,343.48,3.96,0.52,2013-01-07 17:40:00,80.0,True
2013-01-07 20:00:00,3520.62,2.86,2.92,84.75,21850.58,1.46,0.59,0.88,1.4,1120.98,21.76,7.24,127.11,134.79,122.44,126.61,476.5,637.39,557.03,545.24,462.5,397.55,354.7,272.29,245.71,318.52,3.94,0.47,2013-01-07 19:55:00,5.0,True
2013-01-07 21:00:00,3438.66,2.9,2.98,84.88,21451.51,1.5,0.62,0.89,1.4,1119.56,21.82,7.29,138.51,138.2,140.03,137.29,463.82,619.21,557.83,513.58,460.94,415.3,379.2,287.09,251.31,335.12,3.94,0.47,2013-01-07 19:55:00,65.0,True
2013-01-07 22:00:00,3442.07,2.91,2.98,84.76,21310.13,1.51,0.61,0.9,1.4,1119.64,21.6,7.3,154.43,145.35,139.03,141.62,487.01,663.63,612.7,541.57,472.77,426.31,399.61,294.56,261.11,348.56,3.91,0.48,2013-01-07 21:35:00,25.0,True
2013-01-07 23:00:00,3465.52,2.79,2.89,84.94,17242.05,1.44,0.53,0.92,1.35,1131.0,21.23,7.35,145.51,143.39,137.9,139.21,501.8,675.82,633.14,525.29,470.17,395.69,384.94,301.94,274.34,370.88,3.94,0.48,2013-01-07 21:35:00,85.0,True
2013-01-08 00:00:00,3544.51,2.72,2.84,84.4,12920.57,1.43,0.53,0.91,1.29,1121.47,20.74,6.94,176.3,165.53,164.73,168.6,517.62,691.61,668.68,570.81,478.28,444.61,397.21,326.85,280.52,371.21,4.0,0.55,2013-01-07 23:40:00,20.0,True
2013-01-08 01:00:00,3587.22,2.74,2.81,85.3,13176.46,1.44,0.55,0.9,1.3,1124.96,20.54,7.01,183.16,174.3,176.85,169.14,569.1,706.33,699.51,589.01,491.17,440.75,411.45,325.4,280.19,381.61,3.97,0.55,2013-01-07 23:40:00,80.0,True
2013-01-08 02:00:00,3605.5,2.78,2.88,83.77,13047.82,1.48,0.57,0.91,1.3,1131.46,20.57,6.96,201.87,185.44,178.61,182.83,536.12,692.38,663.6,535.8,489.05,435.76,402.33,304.35,270.32,350.42,3.99,0.52,2013-01-08 01:20:00,40.0,True
2013-01-08 03:00:00,3578.71,2.75,2.85,84.12,12692.6,1.45,0.55,0.9,1.3,1110.35,20.69,6.82,170.38,157.33,156.36,159.24,520.43,692.13,630.03,519.97,473.73,414.45,383.56,309.32,282.63,352.59,3.97,0.52,2013-01-08 01:20:00,100.0,True
2013-01-08 04:00:00,3599.56,2.78,2.87,86.16,12761.91,1.48,0.56,0.92,1.3,1126.33,20.78,6.78,162.1,161.35,165.09,163.32,551.87,710.66,706.33,552.01,478.05,434.91,395.71,321.32,303.5,376.45,4.0,0.49,2013-01-08 03:05:00,55.0,True
2013-01-08 05:00:00,3601.53,2.91,3.01,85.88,19441.52,1.52,0.57,0.95,1.39,1130.61,21.64,6.9,175.96,168.65,162.35,168.84,580.36,724.67,736.93,575.93,488.11,467.67,413.96,336.27,321.41,403.49,3.96,0.44,2013-01-08 04:30:00,30.0,True
2013-01-08 06:00:00,3537.33,2.94,3.07,87.09,20945.7,1.55,0.62,0.93,1.4,1109.29,21.99,6.96,149.13,147.83,143.71,151.94,584.62,716.33,694.27,576.99,499.22,464.03,420.97,356.58,301.61,406.73,3.92,0.43,2013-01-08 06:00:00,0.0,True
2013-01-08 07:00:00,3588.58,2.95,3.05,86.32,20849.46,1.55,0.61,0.94,1.4,1119.22,21.77,7.03,149.21,156.86,153.55,150.08,618.68,693.77,686.67,616.47,521.2,515.82,446.08,417.23,352.67,474.42,4.0,0.43,2013-01-08 06:00:00,60.0,True
2013-01-08 08:00:00,3585.49,2.96,3.03,86.41,21259.63,1.56,0.6,0.96,1.4,1121.51,21.91,6.9,127.61,139.62,122.65,127.36,563.61,678.05,650.93,593.46,511.79,460.83,420.11,351.48,301.17,382.06,3.88,0.4,2013-01-08 07:35:00,25.0,True
2013-01-08 09:00:00,3518.77,2.98,3.06,86.09,21139.64,1.58,0.63,0.95,1.4,1124.66,21.73,6.84,108.37,116.02,102.35,115.49,650.65,714.72,710.44,613.35,515.6,577.54,500.89,442.8,391.2,436.35,3.93,0.49,2013-01-08 08:55:00,5.0,True
2013-01-08 10:00:00,3507.29,2.98,3.05,86.19,21308.59,1.58,0.63,0.95,1.4,1130.92,22.13,6.71,114.55,119.25,112.79,115.2,682.86,746.74,712.74,588.86,521.07,508.77,456.95,387.86,377.99,457.64,4.02,0.49,2013-01-08 08:55:00,65.0,True
2013-01-08 11:00:00,3518.2,2.9,2.99,85.91,20458.66,1.5,0.58,0.92,1.4,1131.07,22.12,6.81,141.09,142.5,140.32,138.55,618.21,667.51,606.7,526.79,490.89,407.5,370.14,318.04,311.36,368.75,4.02,0.51,2013-01-08 10:15:00,45.0,True
2013-01-08 12:00:00,3512.21,2.87,2.96,86.39,19689.42,1.47,0.54,0.94,1.4,1127.33,22.18,6.65,155.06,147.61,144.23,143.12,549.81,652.98,536.89,492.5,459.03,387.18,356.19,300.72,277.07,321.88,4.04,0.53,2013-01-08 11:45:00,15.0,True
2013-01-08 13:00:00,3491.17,2.88,2.96,87.56,19442.39,1.48,0.56,0.92,1.4,1131.35,22.45,6.54,130.54,134.57,121.64,127.24,509.34,646.57,509.63,488.03,451.22,398.36,362.52,300.66,280.43,332.88,3.86,0.53,2013-01-08 11:45:00,75.0,True
2013-01-08 14:00:00,3500.49,2.87,2.95,86.91,18898.03,1.47,0.58,0.89,1.4,1130.4,21.94,6.74,133.93,136.24,127.66,130.03,529.36,668.56,639.35,509.0,461.29,451.88,387.46,330.9,320.07,361.93,3.83,0.49,2013-01-08 13:25:00,35.0,True
2013-01-08 15:00:00,3507.37,2.88,2.95,86.93,20014.3,1.48,0.6,0.88,1.4,1131.2,21.96,7.03,117.87,130.88,120.88,120.92,574.68,713.77,621.53,529.33,494.92,491.23,420.72,385.74,386.78,397.16,3.91,0.49,2013-01-08 13:25:00,95.0,True
2013-01-08 16:00:00,3508.69,2.91,2.97,87.59,20073.36,1.51,0.64,0.87,1.4,1130.95,22.31,6.87,126.55,132.06,123.63,127.92,624.53,740.77,612.32,524.68,487.06,449.16,387.98,357.94,373.36,426.52,3.93,0.32,2013-01-08 15:15:00,45.0,True
2013-01-08 17:00:00,3461.48,2.97,3.04,88.27,19854.55,1.57,0.65,0.92,1.4,1128.9,22.48,6.78,120.5,131.02,124.7,126.51,657.54,762.1,639.0,566.66,483.77,488.24,385.52,391.04,404.01,431.83,3.94,0.41,2013-01-08 17:00:00,0.0,True
2013-01-08 18:00:00,3514.53,2.92,3.02,87.9,18952.93,1.53,0.59,0.93,1.4,1130.9,22.16,6.8,169.65,172.72,155.26,163.3,662.99,721.02,650.86,614.75,505.14,490.89,394.99,377.39,397.27,420.32,3.93,0.41,2013-01-08 17:00:00,60.0,True
2013-01-08 19:00:00,3572.6,2.92,2.99,87.08,19207.94,1.52,0.62,0.89,1.4,1131.8,22.02,6.97,118.99,128.3,120.54,124.66,626.14,708.68,575.12,594.05,481.03,426.64,365.2,344.89,338.82,381.08,4.0,0.42,2013-01-08 18:35:00,25.0,True
2013-01-08 20:00:00,3563.82,2.94,3.01,86.93,19439.57,1.54,0.66,0.88,1.4,1129.2,21.97,6.96,139.61,140.02,140.59,138.35,653.97,730.45,562.16,571.41,495.81,476.65,401.52,360.19,343.69,391.95,4.0,0.47,2013-01-08 19:55:00,5.0,True
2013-01-08 21:00:00,3459.6,2.9,2.97,85.5,20997.44,1.5,0.65,0.85,1.4,1116.12,22.36,6.96,130.09,137.05,136.0,135.57,665.29,698.26,513.0,527.24,478.3,459.27,382.44,334.01,328.75,421.73,3.97,0.47,2013-01-08 19:55:00,65.0,True
2013-01-08 22:00:00,3421.06,2.94,2.99,83.38,19024.77,1.54,0.67,0.87,1.4,1130.41,21.86,7.12,124.69,122.63,118.5,136.41,680.49,679.87,581.31,570.0,486.45,520.71,461.6,434.31,446.38,530.24,4.0,0.42,2013-01-08 21:35:00,25.0,True
2013-01-08 23:00:00,3407.65,2.9,3.01,83.63,18573.04,1.5,0.6,0.9,1.4,1123.23,21.88,7.1,138.9,136.79,139.87,130.17,750.84,750.68,700.71,606.22,496.78,485.53,445.28,431.52,426.12,595.98,4.02,0.42,2013-01-08 21:35:00,85.0,True
2013-01-09 00:00:00,3466.34,2.83,2.99,83.34,18306.32,1.43,0.52,0.91,1.4,1121.43,21.51,7.17,163.09,166.44,164.4,156.44,668.08,747.96,641.74,590.87,489.78,458.5,405.5,382.44,393.73,501.97,3.92,0.42,2013-01-08 23:05:00,55.0,True
2013-01-09 01:00:00,3652.19,2.86,2.93,84.31,18283.39,1.46,0.52,0.94,1.4,1123.45,21.3,6.99,151.9,148.75,142.89,150.98,671.24,762.45,636.15,605.71,515.1,479.85,415.11,371.38,395.07,480.91,3.91,0.38,2013-01-09 00:55:00,5.0,True
2013-01-09 02:00:00,3584.95,2.86,2.98,82.96,18252.27,1.46,0.54,0.92,1.4,1125.63,21.26,6.96,136.91,143.77,139.84,142.35,710.69,762.08,651.63,588.58,515.46,485.29,423.95,357.81,363.2,414.26,3.98,0.38,2013-01-09 00:55:00,65.0,True
2013-01-09 03:00:00,3623.63,2.84,2.96,83.45,18255.22,1.44,0.56,0.88,1.4,1062.66,21.26,6.84,155.97,156.31,147.82,148.6,666.2,724.41,632.58,576.05,518.88,524.43,441.56,357.99,374.64,375.29,4.03,0.39,2013-01-09 02:40:00,20.0,True
2013-01-09 04:00:00,3641.52,2.84,2.95,83.2,18172.67,1.44,0.54,0.9,1.4,1116.88,21.28,6.66,169.33,159.66,164.49,163.32,649.91,720.95,628.01,551.47,508.08,498.5,440.66,360.36,376.87,390.48,4.01,0.39,2013-01-09 02:40:00,80.0,True
2013-01-09 05:00:00,3595.54,2.87,2.99,83.52,19277.5,1.47,0.55,0.91,1.4,1125.06,21.16,6.72,158.91,157.69,154.41,151.39,640.84,724.33,650.79,552.75,506.33,485.87,451.58,377.02,393.69,426.21,4.03,0.44,2013-01-09 04:25:00,35.0,True
2013-01-09 06:00:00,3591.22,2.88,3.0,83.41,21979.31,1.48,0.58,0.9,1.4,1118.32,22.0,6.26,126.31,126.03,117.57,126.0,611.53,713.62,633.62,505.72,495.58,422.72,414.48,343.98,352.91,382.94,4.03,0.44,2013-01-09 04:25:00,95.0,True
2013-01-09 07:00:00,3563.03,2.85,3.02,83.71,21084.94,1.45,0.58,0.87,1.4,1117.04,22.13,6.41,130.98,123.59,119.42,120.09,564.32,670.94,579.98,470.64,460.42,342.53,339.06,265.53,273.89,327.39,4.02,0.41,2013-01-09 06:30:00,30.0,True
2013-01-09 08:00:00,3594.77,2.9,3.01,84.29,21121.52,1.5,0.59,0.91,1.4,1124.63,22.02,6.47,119.25,121.63,110.2,117.95,509.32,652.83,526.78,457.21,446.9,351.36,321.68,249.4,243.62,306.04,3.92,0.41,2013-01-09 06:30:00,90.0,True
2013-01-09 09:00:00,3631.03,2.95,3.02,84.26,20785.63,1.55,0.61,0.95,1.4,1123.37,21.82,6.44,115.79,112.56,103.55,111.63,495.42,594.38,488.47,428.26,433.25,293.35,280.61,222.84,214.58,291.37,3.97,0.42,2013-01-09 08:45:00,15.0,True
2013-01-09 10:00:00,3590.54,2.93,3.04,84.53,20818.39,1.53,0.58,0.95,1.4,1122.76,18.84,6.08,115.34,108.67,103.61,112.52,447.94,571.68,467.4,404.22,405.65,258.13,242.99,194.8,201.12,255.29,4.0,0.42,2013-01-09 08:45:00,75.0,True
2013-01-09 11:00:00,3577.66,2.93,3.06,84.83,21956.89,1.53,0.59,0.94,1.4,1124.17,21.71,6.56,115.79,118.1,112.39,115.41,415.74,527.13,409.69,400.78,397.45,271.88,247.36,202.8,208.4,244.8,4.04,0.51,2013-01-09 10:30:00,30.0,True
2013-01-09 12:00:00,3449.35,2.89,3.04,83.25,21874.04,1.51,0.64,0.87,1.38,1122.46,21.71,6.71,112.5,116.55,114.72,114.42,414.14,523.5,429.79,395.09,393.49,318.45,272.65,231.89,277.3,277.62,4.02,0.51,2013-01-09 10:30:00,90.0,True
2013-01-09 13:00:00,3399.2,2.85,2.95,81.33,22209.4,1.46,0.62,0.84,1.4,1124.65,21.72,6.8,82.82,89.79,82.14,89.88,517.81,576.82,585.52,434.91,425.26,353.35,299.9,306.38,349.83,310.98,3.93,0.46,2013-01-09 12:20:00,40.0,True
2013-01-09 14:00:00,3434.52,2.85,2.91,82.22,21322.42,1.45,0.58,0.87,1.4,1121.13,21.69,6.7,82.98,85.2,79.45,85.01,524.3,554.91,507.84,429.04,423.31,324.13,294.86,313.22,357.16,372.26,4.03,0.46,2013-01-09 12:20:00,100.0,True
2013-01-09 15:00:00,3285.12,2.81,2.92,81.93,20722.99,1.42,0.59,0.83,1.39,1124.68,21.85,7.0,88.37,103.03,97.02,97.32,460.17,570.15,439.71,378.01,398.62,301.34,255.9,266.53,337.65,300.28,4.02,0.38,2013-01-09 14:20:00,40.0,True
2013-01-09 16:00:00,3145.48,2.76,2.88,77.49,18169.02,1.36,0.59,0.77,1.4,1124.93,21.58,7.17,101.8,106.47,107.14,105.56,539.02,632.68,505.08,418.69,426.66,393.97,305.17,391.24,349.9,371.22,3.97,0.38,2013-01-09 14:20:00,100.0,True
2013-01-09 17:00:00,3330.43,2.78,2.92,78.81,20067.96,1.38,0.54,0.84,1.4,1124.34,21.65,6.86,115.69,112.2,107.15,111.41,405.03,480.73,346.05,401.89,393.81,319.53,268.14,271.15,281.53,270.18,3.94,0.35,2013-01-09 16:10:00,50.0,True
2013-01-09 18:00:00,3488.8,2.81,2.88,79.62,21082.09,1.42,0.49,0.93,1.4,1129.2,21.95,6.53,128.3,127.44,127.94,129.63,339.76,453.05,299.93,378.88,369.78,292.4,253.21,227.28,240.42,255.32,3.88,0.37,2013-01-09 17:20:00,40.0,True
2013-01-09 19:00:00,3437.8,2.82,2.93,80.37,20695.59,1.43,0.52,0.91,1.4,1131.16,21.9,6.87,112.77,109.98,104.45,112.22,295.84,445.13,300.88,360.49,358.73,277.27,251.26,211.57,206.87,231.55,3.85,0.37,2013-01-09 18:20:00,40.0,True
2013-01-09 20:00:00,3438.21,2.88,2.95,81.31,22263.88,1.49,0.59,0.89,1.4,1131.2,22.03,6.88,106.6,111.0,106.6,109.52,311.39,468.12,383.17,379.03,362.25,324.69,288.3,225.41,220.36,269.83,3.84,0.35,2013-01-09 19:40:00,20.0,True
2013-01-09 21:00:00,3459.03,2.86,2.93,81.47,22410.38,1.47,0.56,0.9,1.4,1136.18,21.94,7.04,111.75,113.66,107.23,110.96,312.68,480.45,378.34,373.55,376.47,320.73,294.82,235.8,231.21,235.8,3.87,0.37,2013-01-09 21:00:00,0.0,True
2013-01-09 22:00:00,3508.91,2.83,2.9,80.69,22048.7,1.44,0.53,0.91,1.39,1140.49,22.07,7.24,118.79,116.12,111.07,112.76,303.96,505.15,381.44,358.59,372.11,280.97,263.38,214.12,220.96,234.56,3.9,0.37,2013-01-09 21:00:00,60.0,True
2013-01-09 23:00:00,3335.06,2.88,2.94,80.59,22923.04,1.49,0.63,0.85,1.4,1140.96,22.27,7.34,133.03,128.75,125.49,127.2,419.11,547.28,517.0,400.55,380.07,356.1,282.34,250.74,248.66,316.99,3.89,0.4,2013-01-09 22:35:00,25.0,True
2013-01-10 00:00:00,2866.14,2.67,2.72,76.74,18990.16,1.37,0.69,0.67,1.31,1140.63,21.86,7.37,192.02,209.55,217.38,167.11,488.95,617.02,551.93,439.12,397.23,377.07,286.47,279.35,262.64,349.34,3.85,0.4,2013-01-09 22:35:00,85.0,True
2013-01-10 01:00:00,2555.03,2.45,2.49,70.92,17333.62,1.25,0.72,0.53,1.2,1140.76,21.18,7.24,212.12,268.93,261.97,206.83,368.64,488.41,346.98,442.11,380.81,324.88,256.25,224.29,217.95,255.09,3.86,0.47,2013-01-10 00:15:00,45.0,True
2013-01-10 02:00:00,2819.87,2.53,2.57,71.2,19803.75,1.28,0.59,0.69,1.25,1140.55,21.18,7.49,120.76,205.33,205.41,130.35,288.13,442.6,395.72,441.54,370.84,275.82,192.82,169.12,120.39,212.0,3.76,0.53,2013-01-10 01:50:00,10.0,True
2013-01-10 03:00:00,3337.17,2.87,2.94,80.65,23326.93,1.47,0.47,1.0,1.4,1140.55,22.31,7.5,94.09,113.12,100.59,101.24,189.22,296.48,272.1,327.5,331.29,201.61,170.26,164.07,198.87,225.92,3.85,0.53,2013-01-10 01:50:00,70.0,True
2013-01-10 04:00:00,3261.14,2.93,3.0,80.78,24482.53,1.54,0.53,1.01,1.4,1141.12,22.67,7.68,90.02,97.79,99.65,96.78,281.36,363.5,257.51,305.49,302.67,221.08,205.69,179.45,249.8,273.29,3.91,0.5,2013-01-10 03:15:00,45.0,True
2013-01-10 05:00:00,3322.24,2.9,2.96,80.22,22915.37,1.5,0.57,0.94,1.4,1144.61,22.98,7.27,110.61,116.6,121.88,117.74,405.33,449.96,333.34,348.1,323.53,302.82,296.82,292.62,321.36,301.9,3.9,0.52,2013-01-10 04:40:00,20.0,True
2013-01-10 06:00:00,3348.01,2.87,2.94,80.21,23983.04,1.48,0.56,0.92,1.4,1142.32,22.42,7.68,119.12,126.0,129.64,123.08,533.38,562.37,406.84,396.67,358.38,345.79,336.1,342.42,345.6,314.71,3.94,0.49,2013-01-10 05:55:00,5.0,True
2013-01-10 07:00:00,3366.53,2.89,2.95,79.5,22234.73,1.49,0.55,0.94,1.4,1142.08,22.07,7.53,164.88,159.41,165.63,155.91,614.44,668.89,504.79,435.64,404.02,380.58,361.24,369.77,371.7,362.59,3.93,0.49,2013-01-10 05:55:00,65.0,True
2013-01-10 08:00:00,3408.67,2.89,2.98,80.26,22558.19,1.49,0.51,0.98,1.4,1136.17,21.55,7.13,186.95,181.46,187.37,172.91,672.75,731.06,551.08,438.3,428.4,405.22,390.58,388.48,388.96,387.77,3.94,0.55,2013-01-10 07:30:00,30.0,True
2013-01-10 09:00:00,3518.86,2.94,3.03,81.6,22833.41,1.54,0.49,1.05,1.4,1141.87,21.96,6.55,188.0,185.67,181.3,181.93,696.03,716.06,488.3,441.6,440.75,431.54,406.13,401.47,383.53,399.23,3.97,0.45,2013-01-10 08:50:00,10.0,True
2013-01-10 10:00:00,3466.58,2.86,2.92,81.34,20793.76,1.46,0.43,1.03,1.4,208.6,21.33,6.74,199.04,203.74,193.27,195.56,537.19,567.71,381.91,403.74,415.68,331.64,325.76,311.92,294.16,296.39,3.97,0.45,2013-01-10 08:50:00,70.0,True
2013-01-10 11:00:00,3353.32,2.79,2.86,81.2,19064.03,1.48,0.48,1.0,1.31,0.0,21.24,7.03,139.96,141.17,141.34,145.61,615.28,664.5,629.55,456.86,427.55,388.81,372.63,341.1,348.4,394.81,3.56,0.61,2013-01-10 10:10:00,50.0,True
2013-01-10 12:00:00,2472.84,1.56,1.62,70.06,4796.84,1.17,0.41,0.75,0.39,0.0,21.06,1.03,110.17,125.99,123.62,113.28,678.76,737.45,648.98,490.17,449.97,421.78,398.13,363.93,306.59,374.02,3.94,0.61,2013-01-10 10:10:00,110.0,True
2013-01-10 13:00:00,216.26,0.11,0.44,57.11,0.0,0.08,0.0,0.08,0.03,268.0,22.39,2.99,104.84,93.18,89.96,99.33,474.6,569.89,426.18,359.75,421.91,360.12,344.94,322.24,278.18,291.14,0.0,0.61,2013-01-10 10:10:00,170.0,True
2013-01-10 14:00:00,48.77,0.01,0.44,55.2,0.0,0.01,-0.02,0.03,0.0,1245.76,21.53,6.7,126.56,124.96,101.46,115.2,357.75,485.25,380.13,255.35,383.21,303.18,288.02,270.17,241.19,238.18,0.0,0.81,2013-01-10 13:10:00,50.0,True
2013-01-10 15:00:00,582.7,0.32,0.58,56.13,0.0,0.26,0.02,0.24,0.05,1128.31,20.85,5.73,122.62,127.0,104.8,114.68,330.94,442.38,366.21,207.95,360.31,278.83,260.52,247.09,214.42,214.23,3.93,0.81,2013-01-10 13:10:00,110.0,True
2013-01-10 16:00:00,2906.94,1.96,2.01,65.82,4562.62,1.23,0.42,0.81,0.73,908.03,20.61,1.69,136.18,146.23,148.81,131.78,498.0,557.52,426.04,354.03,385.64,370.79,325.38,322.43,301.79,332.25,3.84,0.81,2013-01-10 13:10:00,170.0,True
2013-01-10 17:00:00,3395.5,2.54,2.6,78.85,17516.69,1.4,0.56,0.84,1.14,0.0,21.39,6.15,80.74,98.27,92.71,91.82,567.12,533.61,433.33,375.74,395.37,378.94,310.64,392.67,351.36,373.05,3.88,,,,False
2013-01-10 18:00:00,3473.18,2.69,2.74,81.71,18483.51,1.39,0.54,0.85,1.3,0.0,21.62,6.28,83.05,86.26,84.34,91.56,504.82,536.14,397.93,357.4,393.82,294.41,294.54,334.78,296.04,356.52,3.85,0.54,2013-01-10 17:45:00,15.0,True
2013-01-10 19:00:00,3461.7,2.72,2.79,82.73,18125.67,1.43,0.58,0.85,1.3,0.0,21.68,6.31,90.24,99.42,93.24,102.14,637.42,542.28,369.08,331.63,391.61,293.0,333.99,366.83,315.55,412.2,3.9,0.54,2013-01-10 17:45:00,75.0,True
2013-01-10 20:00:00,3385.59,2.72,2.78,85.27,18550.59,1.42,0.57,0.85,1.3,0.0,21.94,6.4,128.51,128.59,134.97,133.2,702.1,667.94,428.18,384.31,408.73,332.57,327.1,348.92,346.92,482.6,3.85,0.54,2013-01-10 19:10:00,50.0,True
2013-01-10 21:00:00,3358.75,2.66,2.77,85.59,18825.4,1.37,0.5,0.86,1.29,1090.0,22.06,6.56,131.27,130.61,133.56,128.95,681.01,718.35,417.19,402.56,407.91,345.96,326.83,335.8,347.75,480.11,3.86,0.54,2013-01-10 20:40:00,20.0,True
2013-01-10 22:00:00,3517.32,2.7,2.82,88.48,17717.64,1.4,0.5,0.9,1.29,1055.57,21.99,6.32,125.05,131.42,129.06,129.43,601.09,665.85,399.92,358.13,381.22,317.95,310.44,300.89,304.09,375.89,3.87,0.54,2013-01-10 20:40:00,80.0,True
2013-01-10 23:00:00,3395.36,2.7,2.82,86.54,12195.86,1.41,0.49,0.93,1.28,1091.92,21.41,5.03,151.83,152.44,146.3,150.0,688.06,741.13,506.27,375.78,383.85,339.14,336.33,312.38,352.87,417.25,3.91,0.52,2013-01-10 22:20:00,40.0,True
2013-01-11 00:00:00,1470.39,1.04,1.16,73.8,1113.8,0.7,0.27,0.43,0.34,1025.02,23.69,2.25,153.7,137.02,131.91,143.93,652.22,722.15,478.37,361.96,388.13,356.38,343.93,322.27,340.77,419.23,3.91,0.52,2013-01-10 22:20:00,100.0,True
2013-01-11 01:00:00,0.82,0.01,0.53,62.41,0.0,0.0,-0.01,0.01,0.0,1157.88,21.92,7.27,159.61,163.84,132.3,155.33,479.18,580.25,359.07,285.37,368.68,318.78,302.72,286.58,299.23,313.54,0.0,0.53,2013-01-11 00:50:00,10.0,True
2013-01-11 02:00:00,826.46,0.54,0.81,62.87,363.64,0.4,0.07,0.34,0.14,1104.05,21.24,4.56,204.61,187.2,183.32,191.8,434.49,502.19,332.76,243.91,353.4,300.88,278.86,272.72,278.26,295.11,4.02,0.53,2013-01-11 00:50:00,70.0,True
2013-01-11 03:00:00,2828.12,1.97,2.1,70.72,10673.83,1.14,0.46,0.67,0.83,1060.76,20.19,4.15,184.34,206.52,193.35,175.11,522.18,595.09,346.78,325.09,361.53,309.47,289.93,276.62,297.07,327.6,3.96,0.53,2013-01-11 00:50:00,130.0,True
2013-01-11 04:00:00,3121.48,2.19,2.3,76.67,13500.97,1.18,0.53,0.65,1.0,1050.66,21.31,6.28,144.73,131.2,134.07,149.02,433.97,470.86,295.34,314.29,335.61,253.26,240.39,247.32,252.99,246.08,3.85,,,,False
2013-01-11 05:00:00,3226.96,2.43,2.57,78.19,18195.56,1.25,0.56,0.69,1.18,1085.11,22.39,6.13,112.6,111.58,105.99,118.91,539.84,595.64,382.78,344.83,353.37,261.67,260.46,263.29,261.85,310.57,3.82,,,,False
2013-01-11 06:00:00,3266.22,2.66,2.77,83.06,17311.08,1.36,0.55,0.81,1.3,1098.63,22.23,6.44,114.82,113.0,111.32,126.94,653.34,677.48,435.0,346.55,360.88,286.87,288.14,286.19,285.2,377.13,3.72,0.5,2013-01-11 05:05:00,55.0,True
2013-01-11 07:00:00,3333.03,2.68,2.84,85.14,17453.37,1.36,0.53,0.83,1.32,1113.81,22.06,6.51,137.6,136.81,132.86,140.31,737.91,790.34,567.73,394.38,397.87,356.56,348.18,367.99,349.31,453.91,3.78,0.53,2013-01-11 06:40:00,20.0,True
2013-01-11 08:00:00,3555.05,2.79,2.87,88.48,18116.49,1.39,0.53,0.87,1.4,1099.49,22.14,6.14,144.94,147.55,144.29,148.73,779.2,836.05,633.43,416.28,413.6,380.8,340.16,358.34,359.32,497.95,3.72,0.6,2013-01-11 07:55:00,5.0,True
2013-01-11 09:00:00,3584.86,2.82,2.88,88.12,18185.97,1.42,0.57,0.85,1.4,1112.14,22.07,6.39,137.04,139.03,135.29,142.53,763.24,841.58,663.75,425.44,412.55,377.24,346.83,347.8,331.22,500.63,3.75,0.6,2013-01-11 07:55:00,65.0,True
2013-01-11 10:00:00,3579.88,2.81,2.91,88.08,20119.2,1.41,0.56,0.85,1.4,1110.48,22.12,6.68,131.46,140.22,137.2,142.18,779.2,793.78,623.09,438.86,425.53,397.56,351.83,333.05,325.55,481.47,3.78,0.35,2013-01-11 09:45:00,15.0,True
2013-01-11 11:00:00,3561.77,2.81,2.92,87.24,19773.46,1.41,0.57,0.85,1.4,1119.07,22.04,6.75,117.89,127.05,121.94,125.8,755.61,766.17,586.44,380.39,404.84,332.61,328.52,310.19,296.94,479.04,3.82,0.35,2013-01-11 09:45:00,75.0,True
2013-01-11 12:00:00,3591.46,2.78,2.9,87.4,20589.56,1.38,0.52,0.86,1.4,1120.38,22.28,6.76,123.9,129.22,124.88,130.62,679.68,725.77,513.69,346.12,390.3,325.23,319.2,302.47,305.04,424.39,3.75,0.46,2013-01-11 11:15:00,45.0,True
2013-01-11 13:00:00,3575.89,2.79,2.92,88.73,19524.46,1.39,0.52,0.87,1.4,1114.69,21.98,6.93,117.73,123.18,119.18,120.98,693.17,700.1,500.52,338.27,385.64,340.76,341.84,305.49,299.99,423.81,3.8,0.46,2013-01-11 12:50:00,10.0,True
2013-01-11 14:00:00,3515.21,2.81,2.97,88.08,19784.81,1.41,0.55,0.86,1.4,1115.68,21.98,7.24,113.68,123.21,119.81,119.73,673.22,661.16,532.76,362.02,385.3,348.88,338.67,312.49,294.51,430.34,3.8,0.46,2013-01-11 12:50:00,70.0,True
2013-01-11 15:00:00,3511.13,2.84,2.99,87.34,19298.27,1.44,0.56,0.88,1.4,1105.9,21.88,7.26,139.06,139.01,135.37,134.8,731.78,715.2,592.43,371.97,400.1,353.52,342.09,311.87,314.97,465.28,3.85,0.42,2013-01-11 14:55:00,5.0,True
2013-01-11 16:00:00,3284.7,2.32,2.43,87.62,3459.55,1.36,0.54,0.82,0.96,1071.67,21.75,2.22,152.06,144.75,149.75,144.28,768.05,778.03,684.81,387.15,415.34,381.45,355.56,320.94,338.78,492.49,3.82,0.42,2013-01-11 14:55:00,65.0,True
2013-01-11 17:00:00,310.44,0.19,0.5,66.21,0.0,0.15,0.05,0.1,0.04,1236.5,21.82,4.59,100.48,105.37,96.5,109.8,632.61,716.72,560.25,349.18,418.23,376.78,349.39,311.56,313.12,410.08,3.72,0.42,2013-01-11 14:55:00,125.0,True
2013-01-11 18:00:00,1802.58,1.39,1.56,63.9,3173.27,0.76,0.21,0.55,0.63,1145.72,21.45,3.25,169.03,148.84,159.03,152.67,541.11,692.38,495.89,290.4,404.71,368.14,331.6,293.02,289.82,349.38,3.72,0.3,2013-01-11 17:20:00,40.0,True
2013-01-11 19:00:00,3178.69,2.66,2.76,76.04,17995.58,1.28,0.49,0.79,1.38,1098.56,22.02,6.89,129.84,135.49,131.02,133.75,705.05,760.52,553.31,432.07,425.05,380.22,357.57,321.27,340.52,436.6,3.68,0.3,2013-01-11 17:20:00,100.0,True
2013-01-11 20:00:00,3513.96,2.78,2.85,81.25,16274.28,1.35,0.51,0.84,1.42,1099.28,21.11,6.93,130.72,136.51,132.71,133.84,655.86,749.6,519.68,390.84,420.66,354.84,372.73,330.82,315.8,426.61,3.73,0.3,2013-01-11 17:20:00,160.0,True
2013-01-11 21:00:00,3576.49,2.83,2.92,83.06,15742.9,1.43,0.53,0.9,1.4,1098.69,20.99,7.09,122.81,121.73,123.04,125.83,579.34,684.31,488.12,326.65,397.9,279.25,332.24,286.69,270.29,389.01,3.74,0.43,2013-01-11 20:35:00,25.0,True
2013-01-11 22:00:00,3655.59,2.89,2.95,87.52,15190.93,1.49,0.56,0.93,1.4,1097.32,21.04,6.88,133.41,126.15,127.62,128.93,719.39,736.51,583.03,330.42,383.74,286.17,317.51,274.36,298.43,401.34,3.89,0.44,2013-01-11 22:00:00,0.0,True
2013-01-11 23:00:00,3648.6,2.88,2.97,87.99,16460.63,1.48,0.53,0.95,1.4,1094.07,21.67,6.6,133.58,132.87,131.42,132.07,659.98,745.4,548.23,345.48,371.27,299.09,294.43,282.84,318.79,405.63,3.86,0.44,2013-01-11 22:00:00,60.0,True
2013-01-12 00:00:00,3664.46,2.89,2.96,86.9,15301.34,1.5,0.54,0.96,1.39,1098.91,21.41,6.69,134.15,137.96,141.09,136.97,596.78,727.37,598.55,394.2,386.12,336.14,318.46,297.06,334.82,396.58,3.95,0.44,2013-01-11 22:00:00,120.0,True
2013-01-12 01:00:00,3676.05,2.91,2.97,87.16,15356.47,1.51,0.55,0.95,1.4,1112.46,21.29,6.65,137.33,136.82,140.58,136.44,679.91,768.38,685.08,408.06,407.76,366.42,346.02,314.6,344.38,438.24,3.88,0.44,2013-01-12 00:20:00,40.0,True
2013-01-12 02:00:00,3671.17,2.87,2.97,87.7,16070.85,1.47,0.55,0.92,1.4,1114.23,21.56,6.64,124.09,131.02,132.37,130.02,718.85,810.44,708.83,418.69,414.5,367.96,363.05,357.61,363.21,442.23,3.88,0.41,2013-01-12 02:00:00,0.0,True
2013-01-12 03:00:00,3664.3,2.94,3.03,86.5,16264.62,1.54,0.61,0.93,1.4,1117.98,21.68,6.68,122.62,133.0,129.74,126.35,621.99,791.18,724.66,502.56,447.91,441.56,414.53,454.73,444.27,551.43,3.87,0.41,2013-01-12 02:00:00,60.0,True
2013-01-12 04:00:00,3631.5,2.9,2.96,86.27,15877.56,1.5,0.55,0.95,1.4,1111.72,21.64,6.79,157.09,159.04,161.14,157.81,743.77,865.08,774.47,584.35,485.71,498.98,452.03,460.82,461.89,594.6,3.85,0.45,2013-01-12 03:25:00,35.0,True
2013-01-12 05:00:00,3669.1,2.85,2.94,84.45,16862.01,1.46,0.5,0.96,1.4,1097.86,21.6,6.7,159.95,160.92,160.42,155.59,706.72,819.44,631.63,538.57,480.71,444.08,445.36,416.31,410.89,575.34,3.79,0.45,2013-01-12 03:25:00,95.0,True
2013-01-12 06:00:00,3672.5,2.87,2.96,83.45,15237.32,1.47,0.48,0.98,1.4,1116.59,21.14,6.76,156.0,156.8,156.89,153.46,686.63,775.19,612.41,460.15,454.54,387.35,400.63,374.29,368.32,522.06,3.8,0.47,2013-01-12 05:30:00,30.0,True
2013-01-12 07:00:00,3629.63,2.85,2.91,81.74,17193.72,1.45,0.49,0.96,1.4,1117.66,21.47,6.66,136.45,137.88,135.26,138.68,724.34,814.81,641.6,488.15,460.69,392.79,411.97,367.48,370.45,523.29,3.87,0.47,2013-01-12 05:30:00,90.0,True
2013-01-12 08:00:00,3630.49,2.84,2.92,81.08,15304.41,1.44,0.52,0.92,1.4,1118.29,21.37,6.62,133.85,130.79,129.32,131.91,722.1,843.85,665.29,456.51,455.46,388.42,379.29,333.01,346.19,488.51,3.88,0.46,2013-01-12 07:10:00,50.0,True
2013-01-12 09:00:00,3549.05,2.86,2.98,80.49,15356.1,1.47,0.52,0.95,1.4,1115.88,21.47,6.55,119.49,129.05,129.08,123.0,635.46,772.97,614.93,431.84,442.2,337.26,319.3,298.46,318.32,453.03,3.89,0.46,2013-01-12 07:10:00,110.0,True
2013-01-12 10:00:00,3508.55,2.87,2.94,80.28,16601.67,1.47,0.52,0.95,1.4,1112.14,21.15,6.72,139.42,141.13,145.52,139.44,634.92,779.17,547.93,419.6,425.06,332.18,301.87,274.14,290.46,425.43,3.95,0.51,2013-01-12 09:10:00,50.0,True
2013-01-12 11:00:00,3497.57,2.83,2.91,80.02,16851.95,1.43,0.5,0.93,1.4,1120.65,21.11,6.71,135.63,141.08,145.41,136.67,621.08,783.17,522.45,392.15,420.3,327.58,314.79,262.99,268.74,389.4,3.91,0.6,2013-01-12 10:30:00,30.0,True
2013-01-12 12:00:00,3525.07,2.85,2.92,81.12,16809.79,1.45,0.52,0.93,1.4,1120.34,21.41,6.62,134.77,129.99,135.84,130.04,594.94,722.48,474.09,365.74,401.47,304.11,299.11,244.65,275.85,360.32,3.87,0.6,2013-01-12 10:30:00,90.0,True
2013-01-12 13:00:00,3467.19,2.84,2.92,80.33,16913.09,1.44,0.53,0.91,1.4,1119.64,21.6,6.78,147.99,141.91,147.29,143.14,547.76,719.36,481.98,377.07,388.9,315.63,321.65,243.55,268.46,337.36,3.86,0.53,2013-01-12 12:10:00,50.0,True
2013-01-12 14:00:00,3440.98,2.85,2.92,81.91,18017.79,1.45,0.55,0.9,1.4,1116.32,21.68,6.82,122.15,131.46,129.78,127.22,629.89,811.59,656.8,457.16,405.48,399.3,367.77,311.78,306.24,413.7,3.77,0.5,2013-01-12 13:25:00,35.0,True
2013-01-12 15:00:00,3429.85,2.82,2.9,82.96,17238.61,1.43,0.51,0.91,1.39,1120.38,21.65,6.81,130.24,127.99,124.81,129.97,724.97,852.97,748.79,498.33,450.56,472.5,390.98,384.2,338.71,484.41,3.78,0.46,2013-01-12 14:50:00,10.0,True
2013-01-12 16:00:00,3439.16,2.82,2.88,83.46,16850.76,1.42,0.5,0.92,1.4,1119.82,21.7,6.78,120.38,130.51,128.07,124.91,662.13,792.18,592.2,422.25,437.84,398.94,314.85,303.39,318.4,396.43,3.88,0.46,2013-01-12 14:50:00,70.0,True
2013-01-12 17:00:00,3433.47,2.8,2.88,82.32,16138.92,1.4,0.47,0.93,1.4,1121.18,21.58,6.83,152.91,139.36,142.32,141.65,634.44,794.45,566.85,368.21,416.64,355.01,296.54,274.65,321.81,419.84,3.87,0.49,2013-01-12 16:40:00,20.0,True
2013-01-12 18:00:00,3429.75,2.82,2.89,83.31,16135.47,1.42,0.51,0.9,1.4,1119.02,21.64,6.95,166.87,160.86,166.39,159.55,631.88,784.55,579.28,425.02,420.95,366.32,323.47,288.86,311.06,376.94,3.87,0.49,2013-01-12 16:40:00,80.0,True
2013-01-12 19:00:00,3188.74,2.73,2.78,81.24,13375.17,1.33,0.54,0.79,1.4,1118.99,21.46,6.67,156.39,146.48,154.38,156.29,755.97,841.33,737.77,504.59,447.02,443.53,391.6,359.7,369.08,477.53,3.87,0.49,2013-01-12 18:10:00,50.0,True
2013-01-12 20:00:00,3194.04,2.65,2.73,79.98,12292.71,1.33,0.53,0.79,1.33,1114.19,21.11,6.44,166.43,154.05,164.18,155.27,784.21,898.48,805.74,505.05,456.07,454.96,403.44,364.15,387.44,584.42,3.84,0.51,2013-01-12 19:15:00,45.0,True
2013-01-12 21:00:00,3197.74,2.63,2.74,80.55,12506.67,1.33,0.5,0.83,1.3,1116.78,20.99,6.51,183.53,165.02,190.91,171.87,792.06,911.15,803.53,483.15,440.25,399.92,375.97,351.26,368.77,589.69,3.79,0.51,2013-01-12 20:20:00,40.0,True
2013-01-12 22:00:00,3259.41,2.62,2.67,81.14,12399.21,1.32,0.48,0.84,1.3,1119.59,20.92,6.46,168.7,154.77,164.3,162.25,788.59,917.07,823.8,476.9,446.66,406.63,383.91,352.39,394.17,589.2,3.8,0.5,2013-01-12 21:40:00,20.0,True
2013-01-12 23:00:00,3279.31,2.65,2.73,82.57,13785.62,1.35,0.5,0.85,1.3,1111.54,21.15,6.29,171.75,162.47,171.82,156.68,815.41,919.72,837.41,461.06,443.38,420.58,386.78,358.19,415.3,619.86,3.85,0.5,2013-01-12 21:40:00,80.0,True
2013-01-13 00:00:00,3294.99,2.67,2.78,83.36,15816.75,1.33,0.5,0.82,1.35,1109.84,21.64,6.13,180.11,174.26,175.87,172.09,817.04,922.87,807.61,485.72,447.31,411.89,393.08,357.87,435.75,641.19,3.86,0.53,2013-01-12 23:20:00,40.0,True
2013-01-13 01:00:00,3361.41,2.76,2.85,84.31,18080.77,1.37,0.49,0.87,1.4,1120.59,21.95,6.14,151.38,155.81,157.94,146.71,811.74,895.14,799.43,466.89,453.98,413.33,409.91,355.56,401.8,620.78,3.86,0.42,2013-01-13 00:40:00,20.0,True
2013-01-13 02:00:00,3308.5,2.79,2.9,88.37,18200.11,1.39,0.49,0.9,1.4,1114.18,21.67,6.9,135.39,142.51,150.13,139.24,744.18,834.01,658.53,435.0,430.92,372.19,364.59,329.75,352.21,566.45,3.97,0.48,2013-01-13 02:00:00,0.0,True
2013-01-13 03:00:00,3413.86,2.77,2.89,88.79,17301.96,1.37,0.49,0.89,1.4,1119.12,21.37,6.9,143.81,140.58,143.8,135.09,781.49,889.09,700.44,449.71,434.65,378.18,365.48,331.04,363.24,581.65,3.99,0.48,2013-01-13 02:00:00,60.0,True
2013-01-13 04:00:00,3501.11,2.82,2.87,87.16,18009.56,1.42,0.48,0.93,1.4,1117.0,21.47,6.73,139.2,141.29,151.29,135.95,775.16,882.22,702.99,424.35,430.16,358.66,335.08,296.89,327.32,536.36,3.99,0.5,2013-01-13 04:00:00,0.0,True
2013-01-13 05:00:00,3451.85,2.83,2.89,86.64,18434.14,1.43,0.48,0.95,1.4,1119.75,21.53,7.17,153.84,145.25,156.9,149.93,737.8,882.22,695.23,424.11,417.82,346.51,320.13,280.57,319.24,522.33,3.97,0.5,2013-01-13 04:00:00,60.0,True
2013-01-13 06:00:00,3411.92,2.82,2.89,87.23,14083.54,1.42,0.48,0.95,1.4,1119.73,21.21,6.32,164.1,166.56,171.93,164.47,714.33,875.21,697.13,427.1,415.03,368.84,341.01,301.86,325.3,494.26,3.96,0.48,2013-01-13 05:40:00,20.0,True
2013-01-13 07:00:00,3341.49,2.84,2.94,89.22,14558.96,1.44,0.53,0.91,1.4,1120.28,21.52,6.25,163.7,164.31,177.15,169.46,721.5,859.82,700.44,439.86,428.17,417.41,399.58,349.16,365.81,532.22,3.91,0.48,2013-01-13 05:40:00,80.0,True
2013-01-13 08:00:00,3342.08,2.79,2.9,89.55,14681.01,1.4,0.55,0.85,1.39,1119.85,21.54,6.3,140.41,140.82,145.58,139.28,762.53,841.11,714.34,431.72,438.21,403.04,393.8,358.76,365.48,554.1,3.91,0.48,2013-01-13 05:40:00,140.0,True
2013-01-13 09:00:00,3230.41,2.62,2.73,88.02,11495.5,1.42,0.56,0.87,1.2,1115.48,20.82,6.47,139.8,145.58,148.73,138.28,773.9,847.33,707.38,435.43,441.54,395.87,384.49,374.81,383.88,544.88,3.95,0.59,2013-01-13 08:25:00,35.0,True
2013-01-13 10:00:00,3184.45,2.63,2.77,87.61,11572.9,1.43,0.54,0.89,1.2,1115.22,20.64,6.58,147.04,151.72,149.16,142.61,811.97,902.27,695.97,475.88,453.55,397.15,383.67,384.06,372.24,623.88,4.0,0.59,2013-01-13 08:25:00,95.0,True
2013-01-13 11:00:00,3152.27,2.55,2.66,85.53,10363.61,1.43,0.54,0.89,1.12,1119.33,20.21,6.77,181.59,170.02,183.96,171.36,811.06,905.06,746.3,479.64,458.03,391.71,380.16,372.76,369.38,619.9,3.96,0.53,2013-01-13 10:35:00,25.0,True
2013-01-13 12:00:00,3206.34,2.52,2.58,84.04,9938.88,1.42,0.54,0.88,1.1,1118.59,20.03,6.72,170.14,168.71,177.49,165.81,785.23,875.92,723.11,479.62,465.37,411.36,393.08,356.51,355.77,587.35,3.95,0.53,2013-01-13 10:35:00,85.0,True
2013-01-13 13:00:00,3232.67,2.48,2.57,80.96,10325.78,1.38,0.52,0.87,1.1,1122.21,20.24,6.71,182.2,159.94,171.25,167.71,781.16,890.6,738.81,490.62,459.09,415.09,403.89,358.49,371.96,581.62,3.9,0.53,2013-01-13 12:40:00,20.0,True
2013-01-13 14:00:00,3233.22,2.47,2.62,78.96,10229.11,1.37,0.48,0.89,1.1,1119.36,20.17,6.56,218.94,192.68,204.58,204.01,805.77,921.13,783.45,550.73,473.6,457.47,447.66,378.89,405.01,652.19,3.89,0.53,2013-01-13 12:40:00,80.0,True
2013-01-13 15:00:00,3259.26,2.49,2.61,78.36,10158.24,1.39,0.48,0.91,1.1,1119.13,20.17,6.48,194.5,180.35,192.16,185.48,827.31,928.54,810.53,572.28,491.74,455.16,455.63,383.09,436.22,681.25,3.98,0.56,2013-01-13 14:20:00,40.0,True
2013-01-13 16:00:00,3298.68,2.53,2.59,79.18,10306.02,1.43,0.53,0.9,1.1,1114.85,20.33,6.37,194.78,179.61,194.08,180.77,818.48,906.12,801.33,553.72,485.23,450.27,443.02,376.23,417.48,663.78,3.95,0.56,2013-01-13 14:20:00,100.0,True
2013-01-13 17:00:00,3309.44,2.51,2.58,80.52,12276.86,1.41,0.54,0.87,1.1,1120.75,20.59,6.41,190.94,178.93,186.49,180.24,770.42,890.43,790.7,499.6,473.78,444.52,432.33,371.75,391.76,612.71,3.92,0.49,2013-01-13 16:20:00,40.0,True
2013-01-13 18:00:00,3330.99,2.53,2.59,79.38,15388.91,1.43,0.56,0.87,1.1,1119.94,20.95,6.29,174.21,166.02,173.03,165.51,788.42,893.31,802.87,464.09,470.94,452.51,443.82,381.65,390.03,623.39,3.96,0.55,2013-01-13 17:50:00,10.0,True
2013-01-13 19:00:00,3320.11,2.57,2.64,78.42,15759.22,1.48,0.53,0.94,1.09,1121.45,20.97,6.27,181.33,168.88,175.04,175.71,797.95,880.68,778.13,463.26,466.78,425.21,407.07,346.65,372.2,567.25,3.92,0.55,2013-01-13 17:50:00,70.0,True
2013-01-13 20:00:00,3343.32,2.55,2.63,78.73,15450.61,1.45,0.5,0.96,1.1,1121.05,21.04,6.18,177.97,169.77,175.92,171.76,817.35,898.54,819.2,501.5,470.77,433.45,412.97,366.05,410.91,622.26,3.93,0.5,2013-01-13 19:35:00,25.0,True
2013-01-13 21:00:00,3383.25,2.52,2.59,81.03,15368.04,1.42,0.49,0.93,1.1,1118.64,21.04,6.25,163.95,156.83,157.97,154.82,845.11,911.81,801.2,508.97,463.4,412.34,376.24,351.42,391.25,664.11,3.96,0.5,2013-01-13 19:35:00,85.0,True
2013-01-13 22:00:00,3361.94,2.5,2.58,82.36,14963.37,1.41,0.48,0.92,1.09,1120.58,21.23,6.32,164.89,155.4,158.59,153.12,845.36,920.5,842.6,494.26,457.82,409.78,375.29,351.68,403.96,684.18,4.01,0.59,2013-01-13 21:10:00,50.0,True
2013-01-13 23:00:00,3349.6,2.51,2.58,81.25,14279.25,1.41,0.48,0.93,1.09,1121.19,20.73,6.5,162.02,160.12,172.14,159.21,799.71,894.39,799.71,457.09,448.15,375.53,345.68,328.61,383.91,641.11,4.0,0.56,2013-01-13 22:40:00,20.0,True
2013-01-14 00:00:00,3361.29,2.55,2.62,81.07,15556.42,1.45,0.48,0.97,1.1,1119.56,20.82,6.42,177.65,168.33,176.84,167.07,741.35,864.95,717.98,435.36,431.0,349.56,333.22,305.11,347.48,526.96,3.91,0.56,2013-01-13 22:40:00,80.0,True
2013-01-14 01:00:00,3406.26,2.57,2.64,82.66,15183.89,1.47,0.5,0.98,1.1,1120.44,20.98,6.29,157.53,159.53,173.66,154.95,695.97,852.28,631.16,393.34,406.31,324.85,308.74,280.41,300.27,448.84,3.83,0.5,2013-01-14 00:30:00,30.0,True
2013-01-14 02:00:00,3372.79,2.55,2.65,82.3,14630.73,1.45,0.51,0.94,1.1,1119.95,21.14,6.34,143.06,145.64,145.7,140.44,705.65,809.1,607.49,379.09,397.21,328.46,333.27,294.72,329.32,465.3,3.81,0.5,2013-01-14 00:30:00,90.0,True
2013-01-14 03:00:00,3411.5,2.54,2.61,84.07,14775.59,1.44,0.55,0.89,1.1,1117.91,21.24,6.28,144.3,142.66,141.34,138.24,758.56,841.96,655.35,383.83,392.89,324.96,311.26,296.12,332.33,496.41,3.88,0.45,2013-01-14 02:25:00,35.0,True
2013-01-14 04:00:00,3368.09,2.59,2.67,85.0,14703.75,1.49,0.57,0.92,1.09,1121.64,21.21,6.25,139.63,145.93,153.47,141.75,693.84,816.78,616.37,384.58,406.58,333.43,316.88,292.24,324.87,474.24,3.86,0.45,2013-01-14 02:25:00,95.0,True
2013-01-14 05:00:00,3330.44,2.62,2.69,85.21,14884.34,1.52,0.58,0.94,1.1,1120.22,21.17,6.39,145.47,146.68,151.08,143.92,720.21,804.36,589.33,386.94,399.15,345.03,325.76,297.76,335.32,467.91,3.85,0.48,2013-01-14 04:25:00,35.0,True
2013-01-14 06:00:00,3189.33,2.51,2.59,82.48,15336.82,1.41,0.52,0.89,1.1,1122.75,21.43,6.62,154.63,158.38,163.89,152.55,773.41,856.18,756.44,425.6,402.9,371.76,358.42,327.5,366.78,517.37,3.87,0.48,2013-01-14 04:25:00,95.0,True
2013-01-14 07:00:00,3348.29,2.54,2.6,83.64,15374.51,1.44,0.51,0.93,1.1,1119.55,21.26,6.53,155.17,171.85,177.35,154.91,731.38,844.35,702.85,437.35,413.34,389.11,392.11,341.85,347.93,482.35,3.83,0.45,2013-01-14 06:15:00,45.0,True
2013-01-14 08:00:00,3325.86,2.58,2.67,85.55,14497.6,1.48,0.54,0.94,1.1,1116.24,21.43,6.47,157.57,153.88,165.13,156.9,728.68,824.11,679.16,455.13,418.09,402.68,377.64,365.28,358.9,471.98,3.61,0.36,2013-01-14 08:00:00,0.0,True
2013-01-14 09:00:00,3357.52,2.58,2.64,84.95,12634.28,1.49,0.55,0.94,1.09,1121.82,21.15,6.33,188.77,165.77,177.04,181.58,821.94,890.91,818.57,488.35,435.65,473.47,414.04,401.89,373.8,599.07,3.82,0.36,2013-01-14 08:00:00,60.0,True
2013-01-14 10:00:00,3357.43,2.6,2.66,83.02,15218.12,1.51,0.55,0.96,1.09,1119.38,21.58,6.38,172.28,174.64,168.77,166.25,805.42,859.74,785.02,499.77,455.11,467.39,419.85,397.8,373.25,562.09,3.86,0.36,2013-01-14 08:00:00,120.0,True
2013-01-14 11:00:00,3381.05,2.57,2.64,80.5,15385.92,1.48,0.53,0.95,1.1,1120.24,18.12,6.33,166.09,163.2,165.33,163.21,692.6,816.52,723.24,463.28,445.79,395.54,376.33,356.89,313.04,503.22,3.95,0.39,2013-01-14 10:10:00,50.0,True
2013-01-14 12:00:00,3208.99,2.38,2.44,80.62,12976.31,1.43,0.55,0.88,0.95,1111.02,20.4,6.07,171.12,168.3,173.68,161.98,676.92,833.96,758.18,460.56,456.52,408.61,395.66,352.76,312.72,478.9,3.93,0.39,2013-01-14 10:10:00,110.0,True
2013-01-14 13:00:00,307.54,0.17,0.47,62.15,0.0,0.13,0.05,0.08,0.04,1100.46,23.2,1.11,118.85,129.39,126.18,131.35,525.06,682.72,602.07,383.05,449.25,369.74,360.54,305.27,284.59,369.25,0.0,0.39,2013-01-14 10:10:00,170.0,True
2013-01-14 14:00:00,3.99,0.01,0.43,56.77,0.0,0.01,-0.01,0.02,0.0,1038.55,21.94,4.34,116.13,117.47,108.0,139.96,426.13,608.83,514.03,265.03,413.74,338.28,326.66,278.53,263.35,345.99,0.0,0.39,2013-01-14 13:25:00,35.0,True
2013-01-14 15:00:00,3.38,0.01,0.43,56.35,0.0,0.01,-0.01,0.02,0.0,912.14,21.15,5.61,105.73,99.6,93.94,130.22,376.28,606.21,514.01,212.23,395.76,324.46,314.68,273.03,257.15,350.05,0.0,0.39,2013-01-14 13:25:00,95.0,True
2013-01-14 16:00:00,2389.12,1.52,1.58,64.8,3306.78,0.96,0.29,0.67,0.56,1008.94,19.4,2.95,193.63,172.4,196.94,192.56,459.43,661.28,541.55,269.0,399.48,345.61,334.07,282.9,272.69,358.93,3.93,0.39,2013-01-14 13:25:00,155.0,True
2013-01-14 17:00:00,3369.71,2.41,2.47,78.68,14394.81,1.36,0.54,0.82,1.05,1082.09,20.31,6.38,137.48,148.3,146.17,147.22,592.11,722.47,592.11,417.52,435.47,438.68,422.95,355.84,343.26,492.67,3.93,,,,False
2013-01-14 18:00:00,3314.99,2.51,2.57,80.84,15016.27,1.42,0.54,0.87,1.09,1092.02,20.69,6.86,129.45,135.49,133.67,138.25,556.86,674.94,541.31,381.26,419.56,368.51,371.32,320.07,310.23,432.11,3.97,,,,False
2013-01-14 19:00:00,3337.66,2.46,2.54,81.32,14875.08,1.37,0.54,0.83,1.1,1089.71,20.5,7.25,131.61,149.27,148.03,151.93,595.43,709.91,530.97,398.41,401.73,336.98,337.2,303.62,290.29,395.55,4.02,0.49,2013-01-14 18:10:00,50.0,True
2013-01-14 20:00:00,3310.14,2.46,2.57,81.59,15118.84,1.36,0.52,0.84,1.1,1089.91,20.45,7.32,152.53,164.31,168.62,163.95,588.33,746.31,552.92,400.72,401.59,360.71,335.53,320.6,274.8,339.61,4.03,0.49,2013-01-14 18:10:00,110.0,True
2013-01-14 21:00:00,3244.09,2.5,2.61,81.69,14100.12,1.4,0.51,0.89,1.1,1109.19,20.27,7.35,179.34,172.32,175.73,183.87,572.03,734.23,556.62,409.79,409.8,352.57,336.24,314.22,269.35,341.58,3.93,0.63,2013-01-14 20:10:00,50.0,True
2013-01-14 22:00:00,3203.45,2.51,2.65,82.58,16432.79,1.41,0.52,0.9,1.1,1106.45,20.58,7.41,172.75,162.35,167.32,174.35,628.96,777.26,636.84,417.54,403.12,350.41,359.0,316.14,287.56,410.02,3.95,0.6,2013-01-14 21:40:00,20.0,True
2013-01-14 23:00:00,3256.06,2.52,2.64,82.67,16493.07,1.42,0.51,0.91,1.1,1108.68,20.67,6.96,177.76,166.25,172.0,174.59,642.24,846.54,691.95,416.92,423.71,369.33,371.2,312.09,285.28,421.49,3.98,0.73,2013-01-14 23:00:00,0.0,True
2013-01-15 00:00:00,3269.39,2.55,2.62,82.85,16328.41,1.45,0.54,0.92,1.1,1111.57,20.84,6.68,168.9,170.45,171.12,177.52,610.08,811.25,642.49,427.29,420.54,380.7,371.73,325.35,289.32,404.02,3.93,0.73,2013-01-14 23:00:00,60.0,True
2013-01-15 01:00:00,3238.93,2.56,2.64,83.25,16740.18,1.46,0.52,0.94,1.1,1111.12,20.9,6.69,161.61,165.53,166.4,176.0,591.42,809.03,619.21,426.82,415.05,366.77,374.44,316.77,285.5,379.39,3.87,0.69,2013-01-15 00:20:00,40.0,True
2013-01-15 02:00:00,3312.15,2.53,2.6,83.92,16905.43,1.43,0.5,0.93,1.1,1109.93,20.69,6.73,160.33,168.55,174.13,171.83,577.24,790.5,588.56,435.37,411.86,376.86,387.02,320.78,293.85,384.62,3.96,0.62,2013-01-15 01:50:00,10.0,True
2013-01-15 03:00:00,3372.69,2.61,2.73,86.62,18612.47,1.41,0.51,0.9,1.2,1109.26,21.23,6.51,148.0,144.3,142.3,150.25,611.57,805.97,587.68,413.65,407.49,365.59,356.2,307.17,284.21,391.38,3.87,0.62,2013-01-15 01:50:00,70.0,True
2013-01-15 04:00:00,3354.5,2.64,2.76,87.79,18936.88,1.44,0.53,0.91,1.2,1108.79,21.43,6.47,135.02,135.74,132.72,141.58,628.39,800.52,642.26,377.52,395.8,334.42,320.79,274.23,249.25,369.97,3.45,0.56,2013-01-15 03:40:00,20.0,True
2013-01-15 05:00:00,3385.97,2.68,2.81,87.92,18145.51,1.44,0.51,0.93,1.24,1095.73,21.45,6.41,135.2,136.91,133.95,143.11,548.25,711.36,628.24,393.15,396.67,341.99,320.28,265.06,233.66,333.88,3.8,0.56,2013-01-15 03:40:00,80.0,True
2013-01-15 06:00:00,3400.67,2.79,2.91,91.22,19757.67,1.49,0.52,0.98,1.3,1111.34,21.78,6.18,137.61,144.05,141.12,148.94,582.11,732.73,614.59,428.88,406.82,350.68,338.18,286.24,252.79,317.71,3.82,0.54,2013-01-15 05:15:00,45.0,True
2013-01-15 07:00:00,3409.26,2.74,2.88,89.8,19329.23,1.44,0.51,0.93,1.3,1109.73,21.87,6.2,141.61,145.33,138.52,144.65,520.65,720.38,556.46,418.46,408.94,344.05,338.04,275.56,256.62,318.22,3.87,0.51,2013-01-15 06:50:00,10.0,True
2013-01-15 08:00:00,2931.66,2.08,2.23,88.29,5713.51,1.19,0.47,0.72,0.89,1078.82,21.53,2.31,130.0,137.59,131.34,129.05,477.26,679.58,466.13,398.26,398.62,316.58,315.49,261.48,239.54,294.82,3.84,0.51,2013-01-15 06:50:00,70.0,True
2013-01-15 09:00:00,16.33,0.02,0.43,66.13,0.0,0.01,0.0,0.01,0.0,1143.13,22.23,6.19,109.69,132.91,148.89,113.49,380.56,521.0,358.03,310.74,370.61,282.41,277.33,226.84,211.85,240.12,0.0,0.46,2013-01-15 09:00:00,0.0,True
2013-01-15 10:00:00,0.01,0.01,0.43,59.36,0.0,0.0,-0.01,0.01,0.0,1001.7,22.53,7.01,96.33,137.62,138.18,97.28,343.18,493.13,356.22,255.56,348.66,274.36,261.62,218.34,195.92,231.39,0.0,0.46,2013-01-15 09:00:00,60.0,True
2013-01-15 11:00:00,0.0,0.01,0.43,59.64,0.0,0.0,-0.01,0.01,0.0,931.81,22.41,7.0,90.11,130.97,130.56,91.28,308.18,474.68,367.53,220.7,337.31,274.48,258.77,217.03,190.72,234.83,0.0,0.46,2013-01-15 09:00:00,120.0,True
2013-01-15 12:00:00,0.17,0.01,0.43,59.92,0.0,0.0,-0.01,0.01,0.0,884.51,22.5,7.08,86.45,125.95,123.11,87.64,308.02,467.84,378.87,199.11,328.44,273.03,256.73,218.6,192.17,252.3,0.0,0.46,2013-01-15 09:00:00,180.0,True
2013-01-15 13:00:00,0.38,0.01,0.43,59.76,0.0,0.0,-0.01,0.01,0.0,851.5,22.28,6.76,84.85,122.2,118.1,86.24,302.53,467.89,388.26,182.57,323.28,273.6,256.74,220.24,198.83,270.93,0.0,,,,False
2013-01-15 14:00:00,1.13,0.01,0.43,57.43,0.0,0.0,-0.01,0.02,0.0,824.77,22.23,6.8,82.55,117.11,113.87,84.22,289.77,464.64,392.71,171.78,321.49,276.35,258.35,223.17,200.43,285.25,0.0,,,,False
2013-01-15 15:00:00,2.55,0.01,0.43,57.36,0.0,0.0,-0.01,0.02,0.0,801.73,22.44,6.7,80.37,113.56,108.3,81.94,292.44,458.1,389.19,165.5,320.35,278.08,260.19,225.84,193.94,293.97,0.0,,,,False
2013-01-15 16:00:00,1.94,0.01,0.44,59.47,0.0,0.0,-0.01,0.02,0.0,781.1,22.6,6.33,79.11,109.62,106.35,80.2,291.5,447.03,379.35,160.32,318.19,277.62,261.0,227.66,185.34,296.71,0.0,,,,False
2013-01-15 17:00:00,0.86,0.01,0.44,60.75,0.0,0.0,-0.01,0.02,0.0,762.65,22.55,6.4,77.73,105.71,104.35,78.89,283.8,433.65,367.6,157.72,316.52,277.27,261.59,228.17,178.8,292.41,0.0,,,,False
2013-01-15 18:00:00,0.3,0.01,0.44,61.69,0.0,0.0,-0.02,0.02,0.0,745.6,22.54,6.43,77.22,102.5,104.45,78.12,274.86,422.65,355.4,153.48,315.2,277.15,261.4,227.35,173.03,282.92,0.0,,,,False
2013-01-15 19:00:00,1939.02,1.2,1.29,69.19,0.0,0.71,0.18,0.53,0.48,923.82,19.61,2.76,216.77,192.14,229.32,200.66,324.7,466.62,371.48,177.17,320.01,289.79,267.63,226.67,181.0,296.81,3.84,,,,False
2013-01-15 20:00:00,3570.87,2.62,2.68,88.72,14736.3,1.3,0.47,0.83,1.31,1034.38,19.67,6.99,147.42,166.77,155.49,152.27,589.68,742.8,523.26,384.97,363.37,375.33,359.95,374.99,351.16,480.24,3.89,,,,False
2013-01-15 21:00:00,3520.3,2.78,2.85,94.75,14741.2,1.42,0.57,0.85,1.36,1065.21,20.74,7.18,118.5,119.93,122.88,124.59,589.46,703.3,550.19,419.75,390.39,362.44,341.18,363.57,282.15,411.47,3.87,,,,False
2013-01-15 22:00:00,3480.1,2.79,2.91,96.18,16188.67,1.42,0.6,0.82,1.37,1031.51,20.99,7.27,137.7,136.99,142.82,138.62,631.38,756.96,646.18,439.62,402.75,394.33,349.2,338.01,306.18,418.74,3.87,0.49,2013-01-15 21:25:00,35.0,True
2013-01-15 23:00:00,3521.3,2.83,2.92,95.69,16721.29,1.45,0.63,0.82,1.38,1041.19,21.42,6.57,137.97,147.16,147.89,138.84,613.22,755.17,694.0,497.21,408.31,407.54,347.83,321.51,333.86,423.25,3.86,0.49,2013-01-15 21:25:00,95.0,True
2013-01-16 00:00:00,3504.11,2.83,2.9,96.74,16678.79,1.45,0.6,0.85,1.38,1049.79,21.58,6.05,159.08,152.7,164.25,154.54,579.19,761.94,696.02,453.51,419.3,370.84,346.74,298.8,294.16,403.08,3.82,0.49,2013-01-15 23:35:00,25.0,True
2013-01-16 01:00:00,3501.48,2.83,2.89,94.5,16379.11,1.46,0.6,0.86,1.37,1060.13,21.73,5.98,136.67,142.69,139.67,138.79,629.89,775.11,670.37,446.32,413.61,371.81,350.31,295.46,279.54,375.48,3.82,0.49,2013-01-15 23:35:00,85.0,True
2013-01-16 02:00:00,3552.2,2.76,2.83,94.51,16403.9,1.37,0.56,0.81,1.38,1068.73,21.42,6.35,137.4,140.69,143.46,133.46,551.71,746.19,585.52,432.48,409.16,333.28,334.76,273.51,250.71,327.21,3.85,0.55,2013-01-16 01:25:00,35.0,True
2013-01-16 03:00:00,3577.45,2.74,2.83,94.85,16464.37,1.36,0.56,0.8,1.38,1080.42,21.08,6.7,167.84,156.35,163.12,152.35,496.27,743.51,574.8,415.98,402.54,325.42,329.38,254.79,248.07,304.68,3.89,0.55,2013-01-16 01:25:00,95.0,True
2013-01-16 04:00:00,3568.86,2.76,2.85,94.87,15875.14,1.43,0.56,0.87,1.33,1098.58,20.88,6.85,138.46,144.92,138.92,137.6,462.67,706.83,551.57,404.96,397.74,336.72,320.62,248.64,250.17,287.75,3.94,0.41,2013-01-16 03:10:00,50.0,True
2013-01-16 05:00:00,3407.48,2.75,2.84,92.65,14433.65,1.45,0.63,0.82,1.3,1101.81,20.92,7.32,141.85,140.18,144.05,134.23,517.62,739.3,631.23,421.73,381.35,401.15,351.54,290.09,244.96,362.86,3.94,0.41,2013-01-16 04:30:00,30.0,True
2013-01-16 06:00:00,3356.51,2.69,2.76,90.05,14736.8,1.39,0.57,0.82,1.3,1100.87,20.67,7.64,161.93,153.75,151.76,148.72,521.86,784.28,636.01,442.83,379.88,403.5,343.28,283.58,258.6,330.11,3.93,0.41,2013-01-16 04:30:00,90.0,True
2013-01-16 07:00:00,3484.83,2.72,2.79,92.04,14737.92,1.41,0.53,0.89,1.3,1099.78,20.4,7.47,172.05,163.57,163.22,165.79,513.79,788.23,622.56,442.7,386.64,373.43,321.06,265.94,251.83,339.11,3.96,0.4,2013-01-16 06:20:00,40.0,True
2013-01-16 08:00:00,3536.45,2.77,2.84,92.32,15246.85,1.47,0.52,0.94,1.3,1105.39,20.55,7.2,158.11,154.14,152.74,153.42,537.82,807.31,646.08,440.32,399.39,388.42,337.62,277.08,266.12,335.96,3.85,0.38,2013-01-16 07:55:00,5.0,True
2013-01-16 09:00:00,3537.3,2.74,2.83,92.17,14677.4,1.44,0.51,0.93,1.3,1111.01,20.52,7.13,161.74,157.42,155.97,160.53,558.55,810.65,700.57,474.69,418.44,396.4,360.69,314.27,292.29,375.5,3.93,0.38,2013-01-16 07:55:00,65.0,True
2013-01-16 10:00:00,3523.83,2.62,2.69,90.98,15183.11,1.42,0.5,0.92,1.2,1111.18,20.46,7.35,181.02,169.25,169.49,168.06,544.4,767.94,697.63,467.06,420.79,370.32,336.82,290.23,274.83,348.06,3.91,0.38,2013-01-16 09:30:00,30.0,True
2013-01-16 11:00:00,3514.94,2.63,2.72,91.5,15732.21,1.43,0.47,0.95,1.2,1116.05,20.07,7.48,190.16,175.89,181.33,176.63,590.27,790.88,688.42,477.88,423.03,389.52,354.77,306.43,298.2,366.27,3.98,0.38,2013-01-16 09:30:00,90.0,True
2013-01-16 12:00:00,3523.23,2.63,2.7,90.6,18052.33,1.43,0.48,0.95,1.2,1120.0,20.44,7.27,202.2,176.5,182.27,177.41,612.12,819.52,726.98,472.21,430.85,405.03,363.59,322.82,316.1,403.55,3.95,0.29,2013-01-16 11:55:00,5.0,True
2013-01-16 13:00:00,3523.82,2.59,2.7,89.89,17638.12,1.39,0.46,0.93,1.2,1118.85,20.77,7.1,173.42,176.96,172.55,166.24,622.34,839.32,774.9,495.17,448.04,404.47,366.68,325.97,328.65,420.24,3.87,0.29,2013-01-16 11:55:00,65.0,True
2013-01-16 14:00:00,3540.85,2.61,2.69,90.63,17577.33,1.41,0.5,0.91,1.2,1121.76,20.91,7.11,137.89,138.29,132.1,138.81,576.43,783.03,611.15,423.09,426.76,371.49,329.01,297.43,327.87,367.2,3.81,0.41,2013-01-16 13:40:00,20.0,True
2013-01-16 15:00:00,3523.12,2.66,2.75,92.09,17773.79,1.46,0.54,0.92,1.2,1119.69,20.85,7.17,154.75,138.38,143.78,146.92,565.06,698.56,521.53,368.71,404.09,342.3,288.36,268.31,277.99,342.87,3.86,0.39,2013-01-16 14:40:00,20.0,True
2013-01-16 16:00:00,3558.37,2.66,2.74,90.53,15084.56,1.46,0.55,0.92,1.2,1121.21,20.49,7.1,145.04,136.46,142.93,144.41,618.53,753.77,562.07,367.88,377.55,313.4,251.49,250.18,243.5,329.54,3.92,0.39,2013-01-16 14:40:00,80.0,True
2013-01-16 17:00:00,3544.03,2.68,2.78,89.19,17318.89,1.49,0.53,0.96,1.2,1121.33,20.75,6.98,170.42,152.3,154.04,161.75,605.41,808.12,587.55,380.16,388.7,349.47,291.6,259.58,274.38,366.82,3.91,0.36,2013-01-16 16:10:00,50.0,True
2013-01-16 18:00:00,3583.5,2.68,2.76,89.11,17459.88,1.48,0.52,0.96,1.2,1119.75,20.97,6.92,159.98,151.82,154.06,156.58,656.75,834.07,586.54,387.21,390.4,344.03,307.89,269.23,255.22,361.26,3.86,0.38,2013-01-16 17:45:00,15.0,True
2013-01-16 19:00:00,3526.74,2.7,2.81,88.45,17520.42,1.5,0.57,0.94,1.2,1121.05,21.12,7.07,153.35,145.24,150.59,156.61,667.06,816.33,597.95,399.86,386.92,371.86,312.33,284.61,274.09,343.12,3.88,0.38,2013-01-16 17:45:00,75.0,True
2013-01-16 20:00:00,3462.2,2.69,2.83,85.98,16929.22,1.49,0.59,0.9,1.2,1115.29,20.97,7.05,141.05,135.07,138.08,143.9,732.0,837.52,633.66,403.92,381.82,359.54,302.94,293.81,306.62,380.07,3.87,0.39,2013-01-16 19:50:00,10.0,True
2013-01-16 21:00:00,3281.8,2.61,2.75,85.1,14297.65,1.41,0.55,0.86,1.2,1104.73,20.78,6.96,154.07,140.86,139.03,146.41,758.94,855.87,683.13,415.24,393.46,399.55,323.69,276.26,300.06,443.87,3.87,0.39,2013-01-16 19:50:00,70.0,True
2013-01-16 22:00:00,3287.03,2.62,2.7,84.57,12702.25,1.42,0.54,0.88,1.2,1122.33,20.56,6.94,177.52,153.69,154.8,161.1,796.6,899.84,791.82,481.33,420.6,436.29,348.7,305.88,336.12,550.57,3.92,0.39,2013-01-16 19:50:00,130.0,True
2013-01-16 23:00:00,3294.1,2.58,2.65,82.72,13627.09,1.38,0.53,0.86,1.2,1118.86,20.23,6.96,197.92,176.52,180.58,185.55,750.59,882.81,778.88,502.15,445.55,441.73,363.41,310.44,334.72,511.15,3.96,0.38,2013-01-16 22:10:00,50.0,True
2013-01-17 00:00:00,3363.48,2.61,2.67,82.47,15841.73,1.38,0.51,0.87,1.23,1121.22,20.45,7.05,188.11,176.56,182.17,179.04,727.67,881.53,656.09,461.91,438.2,428.12,371.78,304.0,311.06,460.68,3.97,0.56,2013-01-16 23:55:00,5.0,True
2013-01-17 01:00:00,3437.33,2.68,2.78,81.38,16962.3,1.38,0.5,0.88,1.3,1120.61,20.76,6.81,168.07,168.42,178.22,167.18,698.61,863.21,606.51,448.31,434.96,424.87,377.13,307.65,307.63,476.5,4.01,0.56,2013-01-16 23:55:00,65.0,True
2013-01-17 02:00:00,3552.35,2.75,2.82,81.87,17244.33,1.45,0.52,0.93,1.3,1121.85,20.66,6.61,170.03,165.44,170.55,162.8,701.51,829.45,559.14,427.01,426.56,402.49,365.07,305.04,320.35,460.67,4.01,0.49,2013-01-17 01:20:00,40.0,True
2013-01-17 03:00:00,3482.04,2.8,2.86,83.56,18143.82,1.5,0.54,0.96,1.3,1119.81,20.78,6.8,160.63,152.38,157.51,152.43,630.07,786.08,520.6,404.61,412.96,372.29,329.18,282.15,309.51,396.01,3.96,0.51,2013-01-17 02:50:00,10.0,True
2013-01-17 04:00:00,3498.94,2.77,2.85,83.98,19236.42,1.47,0.52,0.94,1.3,1118.84,21.01,6.71,162.04,155.67,160.11,154.02,628.39,799.09,581.77,415.84,424.91,400.39,369.43,303.51,319.13,408.99,3.96,0.51,2013-01-17 02:50:00,70.0,True
2013-01-17 05:00:00,3515.25,2.74,2.82,83.19,19086.47,1.45,0.5,0.94,1.3,1122.48,20.93,6.8,150.27,151.74,155.52,150.44,609.1,810.42,613.35,399.77,430.41,383.19,371.91,298.29,296.27,410.13,3.96,0.49,2013-01-17 04:45:00,15.0,True
2013-01-17 06:00:00,3568.05,2.76,2.82,83.74,22132.61,1.44,0.48,0.96,1.32,1121.56,20.9,6.85,170.97,172.97,182.88,169.63,576.59,792.63,594.94,433.84,437.6,388.02,373.25,299.3,265.31,378.56,3.95,0.57,2013-01-17 06:00:00,0.0,True
2013-01-17 07:00:00,3614.07,2.84,2.92,85.6,22329.52,1.44,0.47,0.97,1.4,1121.35,20.87,6.85,153.7,154.89,159.19,152.24,563.13,804.76,605.22,436.53,429.58,366.51,354.68,299.39,266.12,390.2,3.88,0.57,2013-01-17 06:00:00,60.0,True
2013-01-17 08:00:00,3632.73,2.87,2.94,85.53,20321.17,1.47,0.51,0.96,1.4,1118.21,20.59,6.83,133.37,133.1,134.24,135.69,535.46,755.42,553.22,380.62,417.48,340.24,321.94,287.43,256.46,344.19,3.85,0.57,2013-01-17 06:00:00,120.0,True
2013-01-17 09:00:00,3571.18,2.91,3.02,85.77,19768.32,1.51,0.53,0.99,1.4,1120.89,20.59,6.79,140.43,133.76,136.89,137.02,506.69,720.01,497.26,357.86,398.16,308.81,298.86,271.3,229.5,325.65,3.87,0.51,2013-01-17 08:15:00,45.0,True
2013-01-17 10:00:00,3528.58,2.79,2.91,85.64,13258.88,1.45,0.5,0.95,1.34,1113.0,20.0,6.64,151.55,141.53,152.54,141.55,455.63,648.36,457.88,342.52,383.87,300.46,304.19,238.7,212.58,275.79,3.87,0.5,2013-01-17 09:50:00,10.0,True
2013-01-17 11:00:00,3400.06,2.64,2.75,79.76,12617.32,1.44,0.46,0.99,1.2,1121.46,20.13,6.61,189.86,184.5,190.96,188.43,526.89,728.65,515.2,412.29,400.24,362.86,339.71,279.24,272.26,347.75,3.8,0.5,2013-01-17 09:50:00,70.0,True
2013-01-17 12:00:00,3431.98,2.64,2.7,78.29,12631.78,1.44,0.5,0.94,1.2,1118.49,20.22,6.48,146.21,149.46,141.5,149.86,569.45,736.99,533.44,446.68,419.67,395.71,376.22,319.21,309.78,349.35,3.72,0.54,2013-01-17 11:55:00,5.0,True
2013-01-17 13:00:00,3302.6,2.56,2.65,78.12,10648.75,1.44,0.55,0.89,1.12,1119.44,19.78,6.66,142.38,137.95,137.78,146.11,583.82,777.99,642.04,458.42,420.48,407.08,386.06,331.54,305.27,388.92,3.89,0.54,2013-01-17 11:55:00,65.0,True
2013-01-17 14:00:00,3073.33,2.31,2.38,75.93,10106.38,1.39,0.54,0.85,0.92,1120.54,19.74,6.69,186.2,151.48,162.12,167.95,610.11,850.39,709.93,446.46,422.84,392.99,385.31,348.88,290.59,409.05,3.88,0.59,2013-01-17 13:25:00,35.0,True
2013-01-17 15:00:00,2936.75,2.17,2.23,74.15,10145.28,1.37,0.5,0.86,0.8,1118.4,19.45,6.55,201.0,173.92,177.92,180.3,590.46,847.63,701.94,413.36,419.83,396.27,397.69,342.25,288.67,407.91,3.85,0.51,2013-01-17 14:40:00,20.0,True
2013-01-17 16:00:00,3000.91,2.16,2.3,72.8,10028.78,1.36,0.46,0.91,0.8,1099.0,19.31,6.57,211.16,180.89,185.41,202.29,574.57,831.9,666.2,429.71,430.59,416.1,414.09,354.74,310.08,426.58,3.83,0.51,2013-01-17 14:40:00,80.0,True
2013-01-17 17:00:00,3148.84,2.31,2.43,74.98,11278.42,1.39,0.43,0.96,0.92,1120.11,19.63,6.66,195.63,187.14,187.76,191.62,611.81,861.95,728.61,460.37,438.16,416.99,428.56,371.73,337.49,444.25,3.79,0.62,2013-01-17 16:20:00,40.0,True
2013-01-17 18:00:00,3292.39,2.41,2.53,77.01,12446.77,1.41,0.41,0.99,1.0,1110.4,19.62,6.76,198.22,182.59,182.55,187.49,654.27,882.42,753.93,473.83,439.43,410.72,426.12,386.94,335.73,474.66,3.84,0.62,2013-01-17 17:50:00,10.0,True
2013-01-17 19:00:00,3376.3,2.51,2.62,77.15,14431.72,1.43,0.42,1.01,1.08,1122.1,20.48,6.3,159.62,162.77,157.39,161.99,627.81,851.86,700.54,451.44,437.42,403.79,402.5,361.22,324.63,451.85,3.82,0.62,2013-01-17 17:50:00,70.0,True
2013-01-17 20:00:00,3425.5,2.56,2.63,78.8,16121.94,1.46,0.45,1.01,1.1,1122.53,20.86,6.41,161.62,174.48,178.88,168.03,629.46,817.41,675.08,463.06,447.39,415.1,410.49,378.29,347.23,444.54,3.83,0.66,2013-01-17 19:30:00,30.0,True
2013-01-17 21:00:00,3414.46,2.56,2.65,78.31,16567.75,1.46,0.47,0.98,1.11,1123.03,20.89,6.38,156.48,157.19,154.08,156.97,572.74,765.75,604.51,435.25,447.74,402.11,417.92,386.16,348.07,403.32,3.91,0.59,2013-01-17 20:50:00,10.0,True
2013-01-17 22:00:00,3432.05,2.65,2.72,78.51,16490.46,1.45,0.49,0.96,1.2,1124.01,21.2,6.23,156.87,151.1,153.28,157.29,574.45,797.22,627.53,425.77,420.63,345.29,369.11,338.13,276.59,385.76,3.89,0.59,2013-01-17 20:50:00,70.0,True
2013-01-17 23:00:00,3429.37,2.64,2.73,78.9,16317.14,1.44,0.47,0.97,1.2,1123.87,20.86,6.46,147.86,147.36,143.7,144.68,583.27,797.96,574.68,411.46,416.19,329.59,338.47,296.11,237.08,354.84,3.89,0.52,2013-01-17 22:10:00,50.0,True
2013-01-18 00:00:00,3406.8,2.68,2.74,79.12,16559.2,1.48,0.47,1.01,1.2,1124.28,21.14,6.76,145.66,141.01,139.77,140.74,594.12,804.52,648.24,427.31,409.94,347.0,336.82,292.49,248.69,379.99,3.9,0.53,2013-01-17 23:35:00,25.0,True
2013-01-18 01:00:00,3440.25,2.74,2.83,80.94,18450.82,1.46,0.47,0.99,1.29,1123.7,21.31,6.71,173.72,160.94,162.09,161.1,591.54,806.85,678.12,429.68,408.94,350.76,335.67,288.87,263.12,376.64,3.89,0.53,2013-01-17 23:35:00,85.0,True
2013-01-18 02:00:00,3448.67,2.78,2.85,82.0,17573.1,1.48,0.48,1.0,1.3,1126.6,21.13,6.66,181.41,175.25,186.22,172.07,629.87,838.46,726.27,441.46,418.1,363.53,343.53,291.21,275.89,401.35,3.84,0.53,2013-01-18 01:50:00,10.0,True
2013-01-18 03:00:00,3412.91,2.77,2.86,81.5,16067.73,1.47,0.48,0.98,1.3,1127.98,20.89,6.86,184.6,179.51,178.78,171.29,647.73,850.31,731.64,469.38,428.05,383.27,375.75,320.19,311.17,449.77,3.88,0.53,2013-01-18 01:50:00,70.0,True
2013-01-18 04:00:00,3419.06,2.79,2.85,80.7,16289.79,1.49,0.52,0.96,1.3,1128.12,20.93,6.73,164.54,160.92,161.04,167.36,686.77,843.82,720.96,435.84,429.42,385.98,368.77,322.68,305.49,447.98,3.91,0.5,2013-01-18 04:00:00,0.0,True
2013-01-18 05:00:00,3419.14,2.77,2.85,81.24,16234.8,1.47,0.51,0.96,1.3,1129.98,20.9,6.93,170.96,162.64,163.99,161.55,653.33,815.6,715.18,418.25,424.98,380.95,364.45,320.5,290.47,390.02,3.92,0.5,2013-01-18 04:00:00,60.0,True
2013-01-18 06:00:00,3410.98,2.79,2.86,80.97,16293.51,1.49,0.52,0.98,1.3,1130.01,20.96,6.9,163.68,160.54,158.95,159.45,652.32,776.95,657.27,422.74,418.29,354.0,340.18,292.78,273.18,354.57,3.9,0.57,2013-01-18 05:45:00,15.0,True
2013-01-18 07:00:00,3372.85,2.81,2.89,80.09,16572.45,1.51,0.53,0.99,1.3,1128.84,20.97,6.86,170.5,161.06,157.82,160.72,577.49,736.46,612.77,429.93,403.4,353.45,337.16,286.37,266.44,348.26,3.9,0.57,2013-01-18 05:45:00,75.0,True
2013-01-18 08:00:00,3444.96,2.75,2.84,80.78,15164.41,1.46,0.48,0.97,1.3,1128.11,20.57,6.96,155.05,153.88,150.37,151.99,568.62,761.73,630.01,425.69,398.2,337.83,327.74,278.07,247.97,343.29,3.94,0.77,2013-01-18 08:00:00,0.0,True
2013-01-18 09:00:00,3510.34,2.73,2.82,81.22,15351.8,1.45,0.43,1.02,1.28,1129.95,20.68,6.88,150.89,158.4,154.72,147.66,604.69,800.13,673.84,448.91,410.86,366.78,356.66,320.31,292.35,379.9,3.79,0.77,2013-01-18 08:00:00,60.0,True
2013-01-18 10:00:00,3457.59,2.71,2.79,80.92,15939.41,1.5,0.47,1.03,1.2,1134.02,21.02,6.73,125.18,136.57,133.16,128.68,619.84,813.18,679.06,448.61,423.46,381.32,368.89,353.52,305.77,375.52,3.92,0.51,2013-01-18 09:55:00,5.0,True
2013-01-18 11:00:00,3307.19,2.69,2.79,79.27,16290.18,1.49,0.51,0.98,1.2,1137.39,21.27,6.77,158.47,149.04,155.43,152.03,587.97,800.38,681.77,440.8,427.81,383.72,362.73,345.59,324.27,400.47,3.91,0.51,2013-01-18 09:55:00,65.0,True
2013-01-18 12:00:00,3345.12,2.7,2.77,78.21,15614.66,1.49,0.5,1.0,1.2,1138.67,21.06,6.67,154.69,164.47,157.8,155.82,570.99,773.13,664.71,452.22,453.36,387.77,389.58,361.43,306.95,380.32,3.9,0.55,2013-01-18 11:40:00,20.0,True
2013-01-18 13:00:00,2336.76,1.63,1.72,68.45,4678.5,1.06,0.37,0.68,0.57,1118.77,21.42,2.78,153.43,158.73,149.77,140.12,531.01,755.96,640.9,450.17,447.59,388.74,377.44,330.78,277.63,338.59,3.94,0.55,2013-01-18 11:40:00,80.0,True
2013-01-18 14:00:00,30.82,0.01,0.39,47.85,0.0,0.01,-0.02,0.03,0.0,1065.45,21.82,5.81,105.62,113.73,104.83,121.05,400.88,582.59,466.19,317.75,414.2,345.46,330.14,282.08,237.72,275.12,0.0,0.54,2013-01-18 14:00:00,0.0,True
2013-01-18 15:00:00,25.73,0.01,0.41,46.96,0.0,0.01,-0.03,0.03,0.0,1069.99,21.05,7.15,102.83,125.67,104.79,121.68,337.14,538.78,440.28,222.67,388.75,332.26,306.2,265.5,225.31,256.84,0.0,0.54,2013-01-18 14:00:00,60.0,True
2013-01-18 16:00:00,939.32,0.58,0.77,48.25,0.0,0.45,0.04,0.41,0.12,1015.22,20.28,4.62,125.1,130.42,132.82,130.0,326.3,524.46,447.89,196.49,378.5,329.38,300.23,260.32,222.31,250.9,3.99,0.54,2013-01-18 14:00:00,120.0,True
2013-01-18 17:00:00,3333.34,2.39,2.45,67.63,12865.56,1.35,0.4,0.95,1.04,1093.25,20.08,4.95,179.59,204.82,204.84,174.65,469.25,631.32,531.52,393.13,398.24,352.62,322.53,327.27,282.03,326.96,3.95,0.54,2013-01-18 14:00:00,180.0,True
2013-01-18 18:00:00,3412.91,2.57,2.66,77.25,15903.19,1.48,0.48,0.99,1.1,1099.59,20.65,6.28,97.91,107.54,99.11,99.57,408.47,510.75,501.32,364.14,366.1,310.73,275.07,341.11,280.51,293.23,3.98,,,,False
2013-01-18 19:00:00,3459.7,2.66,2.73,78.47,15116.02,1.51,0.49,1.02,1.15,1099.51,20.59,6.18,134.72,120.65,125.46,134.21,533.32,678.28,648.49,426.96,390.61,343.69,331.16,339.18,306.54,351.55,3.99,,,,False
2013-01-18 20:00:00,3467.42,2.67,2.79,79.61,15096.67,1.47,0.46,1.01,1.2,1093.37,20.84,6.05,148.65,155.38,164.44,151.64,562.81,760.04,686.4,428.87,417.56,353.58,333.16,298.12,277.94,366.78,4.01,0.5,2013-01-18 19:59:00,1.0,True
2013-01-18 21:00:00,3456.4,2.66,2.8,78.48,15292.24,1.46,0.47,0.99,1.2,1089.4,20.89,6.0,148.15,156.57,154.09,148.3,527.46,695.49,598.91,412.24,415.05,361.32,334.12,290.32,274.06,344.6,4.01,0.5,2013-01-18 19:59:00,61.0,True
2013-01-18 22:00:00,3465.16,2.65,2.77,78.36,14492.39,1.45,0.47,0.98,1.2,1100.21,20.57,6.14,165.41,168.02,185.3,170.3,489.46,686.64,572.27,416.83,405.77,342.02,320.04,280.42,250.31,341.74,3.99,0.67,2013-01-18 21:40:00,20.0,True
2013-01-18 23:00:00,3501.7,2.64,2.77,79.35,16231.89,1.44,0.47,0.97,1.2,1098.19,20.74,6.05,158.93,152.3,151.0,161.03,458.23,659.63,502.28,389.0,386.4,314.46,305.58,272.74,229.23,309.77,3.93,0.67,2013-01-18 21:40:00,80.0,True
2013-01-19 00:00:00,3460.6,2.67,2.79,79.84,14729.39,1.47,0.5,0.97,1.2,1105.04,20.48,6.19,131.72,129.08,125.42,133.63,445.0,668.64,494.51,387.03,377.79,294.7,310.52,264.48,230.11,316.67,3.83,0.56,2013-01-18 23:25:00,35.0,True
2013-01-19 01:00:00,3501.34,2.69,2.77,78.64,14084.78,1.49,0.53,0.96,1.2,1118.51,20.46,6.01,118.34,117.14,113.66,124.03,462.32,706.36,482.21,378.64,374.22,278.47,292.36,242.26,203.11,304.95,3.76,0.56,2013-01-18 23:25:00,95.0,True
2013-01-19 02:00:00,3458.31,2.75,2.82,77.85,15852.33,1.55,0.55,1.0,1.2,1113.08,20.63,6.04,140.12,140.11,141.18,146.09,521.85,750.07,625.98,410.5,378.81,276.86,290.74,250.83,240.23,366.68,3.83,0.59,2013-01-19 01:15:00,45.0,True
2013-01-19 03:00:00,3494.8,2.65,2.81,78.36,15901.9,1.45,0.52,0.94,1.2,1117.21,20.71,5.95,144.55,147.17,148.84,150.07,533.16,759.38,646.72,428.3,397.11,284.3,323.14,276.1,244.8,349.66,3.89,0.59,2013-01-19 01:15:00,105.0,True
2013-01-19 04:00:00,3489.88,2.68,2.81,80.52,14715.45,1.48,0.51,0.97,1.2,1118.52,20.67,5.97,146.01,151.78,147.51,149.5,517.25,765.09,663.37,427.72,388.85,260.62,298.65,262.88,246.18,336.47,3.94,0.51,2013-01-19 03:20:00,40.0,True
2013-01-19 05:00:00,3515.4,2.66,2.78,81.66,15034.49,1.46,0.52,0.93,1.2,1115.59,20.78,5.98,146.49,152.24,154.39,155.34,489.74,754.39,575.4,410.5,391.74,292.51,305.76,253.04,253.07,311.2,3.95,0.51,2013-01-19 03:20:00,100.0,True
2013-01-19 06:00:00,3479.82,2.69,2.83,80.8,15212.54,1.49,0.51,0.98,1.2,1117.98,20.83,6.29,152.04,154.73,152.3,154.41,568.74,788.78,633.05,448.52,403.43,338.97,323.43,280.57,291.26,352.66,3.92,0.58,2013-01-19 05:10:00,50.0,True
2013-01-19 07:00:00,3531.39,2.7,2.82,80.43,14259.92,1.46,0.5,0.96,1.23,1114.59,20.65,6.45,138.71,142.97,138.05,145.23,516.36,761.5,586.68,401.24,403.19,318.7,308.25,256.45,235.79,298.11,3.89,0.53,2013-01-19 06:20:00,40.0,True
2013-01-19 08:00:00,3523.87,2.81,2.92,80.59,17273.13,1.47,0.49,0.97,1.35,1114.79,20.95,6.52,134.91,143.67,138.03,141.37,467.08,718.8,528.67,396.65,387.56,309.06,304.24,256.81,250.78,291.6,3.82,0.59,2013-01-19 07:30:00,30.0,True
2013-01-19 09:00:00,3518.85,2.82,2.94,80.34,17378.92,1.42,0.5,0.92,1.4,1150.66,21.07,6.76,115.83,127.89,126.28,132.16,433.28,651.42,469.72,375.97,369.06,264.19,292.17,249.88,246.23,253.74,3.86,0.59,2013-01-19 07:30:00,90.0,True
2013-01-19 10:00:00,3479.09,2.83,2.95,79.39,17447.44,1.43,0.48,0.96,1.4,1148.77,21.1,7.0,131.56,144.06,137.28,140.1,445.73,634.56,468.39,352.79,360.2,252.88,275.44,235.01,240.57,284.01,3.87,0.49,2013-01-19 09:15:00,45.0,True
2013-01-19 11:00:00,3469.18,2.81,2.93,79.93,15747.65,1.41,0.46,0.95,1.4,1148.54,20.79,7.34,125.92,140.9,138.57,140.31,443.11,679.83,517.22,385.54,384.93,307.63,294.21,273.76,256.55,293.42,3.87,0.58,2013-01-19 11:00:00,0.0,True
2013-01-19 12:00:00,3450.14,2.8,2.96,81.5,15111.61,1.4,0.47,0.93,1.4,1145.81,20.48,7.45,143.51,153.9,147.26,150.58,498.26,728.62,592.43,403.5,402.85,342.13,330.5,318.17,292.98,290.72,3.9,0.58,2013-01-19 11:00:00,60.0,True
2013-01-19 13:00:00,3477.36,2.84,2.97,82.36,20692.91,1.44,0.51,0.93,1.4,1148.1,21.38,7.08,143.18,147.22,140.33,154.46,479.84,713.68,576.54,389.27,409.06,320.9,336.11,306.59,282.02,283.31,3.89,0.48,2013-01-19 12:40:00,20.0,True
2013-01-19 14:00:00,3480.32,2.86,2.97,82.19,21982.48,1.46,0.51,0.94,1.4,1153.28,21.79,7.04,118.57,129.62,124.15,133.35,412.23,599.54,473.74,372.56,390.07,282.71,307.4,265.97,246.33,250.57,3.79,0.48,2013-01-19 12:40:00,80.0,True
2013-01-19 15:00:00,3464.04,2.87,3.01,83.54,22826.06,1.47,0.51,0.96,1.4,1153.43,22.14,6.9,110.05,130.36,126.93,127.68,383.29,520.23,431.83,379.05,374.99,253.83,295.42,241.85,226.66,241.9,3.79,0.4,2013-01-19 14:10:00,50.0,True
2013-01-19 16:00:00,3425.32,2.9,3.04,83.74,24022.26,1.5,0.54,0.96,1.4,1155.26,22.27,6.92,105.92,120.79,113.11,117.4,367.79,468.61,401.77,363.15,366.85,244.64,289.45,245.83,222.53,215.64,3.89,0.4,2013-01-19 16:00:00,0.0,True
2013-01-19 17:00:00,3425.99,2.93,3.04,83.62,21730.95,1.53,0.57,0.96,1.4,1159.68,21.89,7.19,103.94,115.43,107.46,114.59,383.6,550.44,436.94,365.11,375.12,235.9,289.85,259.65,221.19,206.85,3.92,0.4,2013-01-19 16:00:00,60.0,True
2013-01-19 18:00:00,3442.43,2.98,3.06,84.36,22364.22,1.58,0.6,0.98,1.4,1160.42,21.65,7.34,121.63,126.62,131.81,130.61,421.98,631.02,481.63,378.8,383.73,251.51,305.94,255.68,224.2,234.3,3.95,0.41,2013-01-19 17:45:00,15.0,True
2013-01-19 19:00:00,3376.74,2.93,3.08,84.4,22513.21,1.53,0.55,0.98,1.4,1160.07,21.77,7.3,128.75,143.01,132.44,139.12,494.34,736.99,579.75,406.21,418.84,310.62,340.79,292.36,261.14,279.78,3.94,0.41,2013-01-19 17:45:00,75.0,True
2013-01-19 20:00:00,3444.3,2.91,3.01,84.5,21598.85,1.51,0.56,0.96,1.4,1161.0,21.85,6.96,95.52,112.36,102.38,108.06,410.67,619.94,454.75,386.8,404.34,252.66,306.25,256.66,233.44,236.25,3.98,0.4,2013-01-19 19:59:00,1.0,True
2013-01-19 21:00:00,3491.75,2.85,2.95,84.46,19992.08,1.46,0.53,0.93,1.4,1150.17,21.69,7.0,102.78,115.59,105.29,113.39,368.51,546.11,391.35,367.4,372.43,224.39,260.77,217.83,192.79,218.2,4.04,0.4,2013-01-19 19:59:00,61.0,True
2013-01-19 22:00:00,3535.12,2.86,2.93,84.54,20484.72,1.46,0.52,0.94,1.4,1152.72,21.57,7.0,111.26,120.31,114.42,122.23,367.33,552.23,406.51,373.41,365.55,255.9,270.61,214.41,208.78,231.69,3.97,0.44,2013-01-19 21:50:00,10.0,True
2013-01-19 23:00:00,3490.88,2.9,2.98,84.52,20792.28,1.5,0.52,0.98,1.4,1152.73,21.51,6.93,112.17,122.86,118.35,125.01,389.74,585.01,504.15,393.09,366.73,261.7,257.55,211.52,211.8,239.43,3.92,0.44,2013-01-19 21:50:00,70.0,True
2013-01-20 00:00:00,3471.39,2.89,2.96,85.07,19815.35,1.49,0.5,0.99,1.39,1152.09,21.49,6.97,127.39,133.84,132.25,136.45,395.11,609.09,521.17,389.95,372.32,279.19,272.99,217.14,210.7,250.09,3.91,0.48,2013-01-19 23:35:00,25.0,True
2013-01-20 01:00:00,3499.51,2.87,2.95,86.14,20141.4,1.48,0.5,0.98,1.39,1150.65,21.55,7.11,126.84,131.76,130.6,134.04,438.9,668.18,504.32,419.83,388.28,315.77,311.04,260.68,234.12,265.65,3.85,0.48,2013-01-19 23:35:00,85.0,True
2013-01-20 02:00:00,3501.5,2.86,2.94,87.3,16472.68,1.47,0.54,0.93,1.39,1152.05,21.04,7.22,116.89,120.86,116.06,123.57,529.05,725.97,581.98,449.25,407.75,368.94,321.49,278.94,270.53,296.71,3.91,0.58,2013-01-20 01:40:00,20.0,True
2013-01-20 03:00:00,3469.85,2.87,2.96,86.88,16563.66,1.48,0.56,0.92,1.4,1153.89,21.09,7.16,120.27,129.0,125.63,128.18,524.28,757.63,670.87,424.89,415.18,367.5,323.15,292.76,264.53,338.05,3.93,0.58,2013-01-20 01:40:00,80.0,True
2013-01-20 04:00:00,3430.88,2.88,2.98,85.65,19920.37,1.49,0.51,0.98,1.39,1151.9,21.53,7.12,143.75,148.01,141.02,144.28,481.65,746.4,652.31,416.19,414.45,344.73,315.82,271.52,237.34,300.85,3.96,0.49,2013-01-20 03:05:00,55.0,True
2013-01-20 05:00:00,3525.46,2.87,2.94,84.57,20496.96,1.47,0.48,0.99,1.4,1149.75,21.44,7.07,147.65,156.72,152.74,154.75,454.58,701.6,551.99,426.16,410.8,347.91,307.66,261.3,229.64,279.38,3.93,0.54,2013-01-20 04:35:00,25.0,True
2013-01-20 06:00:00,3535.7,2.8,2.89,83.96,20051.65,1.4,0.43,0.97,1.4,1152.37,21.39,7.13,157.63,171.51,170.62,163.93,439.56,634.76,480.07,414.89,400.95,341.42,314.21,268.97,254.06,289.63,3.86,0.54,2013-01-20 04:35:00,85.0,True
2013-01-20 07:00:00,3560.95,2.81,2.89,83.56,16644.71,1.41,0.43,0.99,1.4,1152.94,20.98,7.03,128.42,140.02,126.15,134.04,481.93,654.01,502.31,447.62,408.78,363.85,332.05,306.83,287.55,333.89,3.83,0.49,2013-01-20 06:05:00,55.0,True
2013-01-20 08:00:00,3494.84,2.87,2.95,83.77,17715.98,1.47,0.49,0.98,1.4,1149.64,21.29,6.94,102.03,113.82,106.89,109.72,563.34,702.41,582.45,424.62,412.23,370.8,340.58,333.4,286.17,388.51,3.83,0.56,2013-01-20 07:25:00,35.0,True
2013-01-20 09:00:00,3518.02,2.85,2.92,85.58,19481.52,1.45,0.5,0.95,1.4,1148.78,21.54,6.91,123.27,124.04,118.27,126.0,582.92,749.32,660.27,396.93,423.46,355.42,335.6,319.46,268.03,369.0,3.79,0.5,2013-01-20 08:45:00,15.0,True
2013-01-20 10:00:00,3515.28,2.84,2.92,86.24,18200.0,1.44,0.49,0.95,1.4,1149.09,21.32,6.9,119.83,125.84,117.19,119.64,512.0,717.79,589.81,362.81,398.1,298.05,292.57,284.84,241.35,293.68,3.91,0.5,2013-01-20 08:45:00,75.0,True
2013-01-20 11:00:00,3549.11,2.84,2.91,85.43,16304.56,1.44,0.51,0.94,1.4,1149.98,20.99,6.74,119.12,142.59,139.46,129.86,424.01,589.17,458.64,364.71,389.71,293.76,294.04,266.43,222.02,241.96,3.95,0.58,2013-01-20 10:45:00,15.0,True
2013-01-20 12:00:00,3539.72,2.81,2.9,86.76,15220.41,1.41,0.53,0.89,1.4,1149.23,21.09,6.65,123.91,138.24,131.76,127.38,368.38,604.34,408.98,382.51,388.93,318.85,305.16,275.86,212.67,225.61,3.96,0.58,2013-01-20 10:45:00,75.0,True
2013-01-20 13:00:00,3540.26,2.84,2.91,87.32,15426.86,1.44,0.53,0.91,1.4,1148.26,21.33,6.73,110.83,124.19,120.91,117.79,442.55,612.84,475.06,427.7,418.96,409.02,370.47,373.47,314.02,332.3,3.89,0.41,2013-01-20 12:30:00,30.0,True
2013-01-20 14:00:00,3499.17,2.81,2.9,87.82,15493.8,1.41,0.51,0.9,1.4,1148.69,21.16,7.0,115.28,119.42,111.21,113.72,543.08,673.91,642.86,499.72,456.58,443.7,411.52,388.28,351.53,403.64,3.95,0.41,2013-01-20 12:30:00,90.0,True
2013-01-20 15:00:00,3515.89,2.83,2.91,88.79,15553.35,1.44,0.5,0.94,1.4,1148.71,21.12,7.0,138.57,136.01,131.35,133.2,560.01,724.27,707.47,518.38,464.66,408.97,389.02,367.58,316.05,342.69,3.94,0.45,2013-01-20 14:20:00,40.0,True
2013-01-20 16:00:00,3461.64,2.84,2.93,89.01,15424.69,1.44,0.51,0.93,1.4,1147.78,21.06,7.02,128.33,136.31,124.69,133.17,554.65,737.36,661.22,516.35,445.42,387.11,354.93,321.54,298.01,352.57,3.91,0.26,2013-01-20 16:00:00,0.0,True
2013-01-20 17:00:00,3497.06,2.85,2.92,89.2,15513.57,1.45,0.55,0.9,1.4,1143.94,21.08,6.96,132.65,141.74,135.96,134.93,642.92,712.36,661.57,514.64,442.3,392.6,371.63,347.94,359.49,458.79,3.86,0.26,2013-01-20 16:00:00,60.0,True
2013-01-20 18:00:00,3510.94,2.81,2.9,88.85,15393.28,1.41,0.52,0.88,1.4,1149.55,21.01,6.97,146.45,159.91,158.95,150.33,544.6,712.38,604.38,516.25,458.54,408.13,402.82,345.4,352.43,447.92,3.87,0.38,2013-01-20 17:45:00,15.0,True
2013-01-20 19:00:00,3483.93,2.82,2.91,87.85,15435.11,1.42,0.52,0.9,1.4,1151.08,20.85,6.94,153.58,158.81,158.65,150.93,558.1,743.42,578.95,519.3,470.82,440.88,422.86,366.58,319.37,432.16,3.92,0.38,2013-01-20 17:45:00,75.0,True
2013-01-20 20:00:00,3434.18,2.87,2.99,87.17,16721.19,1.47,0.51,0.96,1.4,1150.15,21.03,6.92,156.75,160.74,158.71,156.08,584.02,744.16,597.11,513.43,478.12,461.69,418.88,389.45,300.34,468.96,3.88,0.43,2013-01-20 19:40:00,20.0,True
2013-01-20 21:00:00,3468.81,2.9,3.02,89.65,22275.33,1.5,0.52,0.98,1.4,1161.8,21.74,6.74,151.59,162.92,156.99,155.41,623.57,755.41,631.32,509.97,469.39,459.81,413.08,370.56,311.69,460.98,3.92,0.43,2013-01-20 19:40:00,80.0,True
2013-01-20 22:00:00,3428.83,2.91,3.05,89.76,22512.69,1.51,0.51,1.0,1.4,1158.27,21.77,6.78,194.24,181.77,192.52,191.37,648.43,794.33,685.91,544.21,476.45,501.66,447.32,394.66,362.85,459.89,3.94,0.55,2013-01-20 21:35:00,25.0,True
2013-01-20 23:00:00,3495.19,2.91,3.03,89.85,20235.95,1.51,0.52,0.99,1.4,1165.32,21.27,6.74,151.38,156.25,148.29,151.49,633.21,815.95,704.52,541.56,483.5,451.85,442.46,378.3,346.28,451.55,3.95,0.55,2013-01-20 21:35:00,85.0,True
2013-01-21 00:00:00,3513.34,2.88,3.01,89.43,20590.61,1.48,0.5,0.98,1.4,1169.18,21.46,6.79,159.4,152.73,155.66,152.64,656.72,836.31,714.58,507.98,466.3,400.31,378.81,340.44,320.12,449.21,3.92,0.32,2013-01-20 23:30:00,30.0,True
2013-01-21 01:00:00,3524.05,2.85,3.0,88.86,20868.82,1.45,0.5,0.95,1.4,1167.63,21.31,6.83,148.25,155.45,155.57,148.88,669.57,844.9,776.0,538.47,479.31,431.54,422.46,384.43,359.58,498.88,3.95,0.32,2013-01-20 23:30:00,90.0,True
2013-01-21 02:00:00,3515.0,2.9,3.01,89.45,21219.58,1.5,0.5,1.0,1.4,1169.71,21.33,6.76,161.26,176.67,170.19,163.79,647.01,826.19,719.72,545.29,490.58,420.59,421.98,384.99,324.42,435.83,3.99,0.59,2013-01-21 01:10:00,50.0,True
2013-01-21 03:00:00,3563.53,2.87,3.0,90.39,22342.96,1.47,0.48,0.98,1.4,1170.8,21.73,6.62,155.74,169.03,165.27,155.3,594.83,800.9,679.65,502.79,480.25,388.89,405.73,361.09,297.2,385.52,3.99,0.71,2013-01-21 02:45:00,15.0,True
2013-01-21 04:00:00,3582.65,2.84,2.97,89.61,20760.73,1.44,0.51,0.93,1.4,1176.87,21.1,6.78,138.67,162.45,152.13,146.05,608.67,775.14,665.71,513.46,458.03,398.55,381.77,336.23,284.36,346.56,4.02,0.71,2013-01-21 02:45:00,75.0,True
2013-01-21 05:00:00,3573.95,2.87,3.01,89.0,19728.37,1.47,0.52,0.95,1.4,1172.35,21.09,6.67,121.46,144.56,142.56,130.91,563.04,698.26,647.74,489.44,445.03,375.18,337.78,305.27,286.16,387.6,4.02,0.65,2013-01-21 04:25:00,35.0,True
2013-01-21 06:00:00,3616.51,2.87,2.99,89.86,21729.69,1.47,0.53,0.94,1.4,1176.31,21.24,6.86,124.59,135.73,134.75,127.58,531.74,743.75,658.62,475.78,442.26,379.57,320.36,289.39,300.05,359.45,4.03,0.65,2013-01-21 04:25:00,95.0,True
2013-01-21 07:00:00,3533.85,2.91,3.04,90.96,22929.92,1.52,0.54,0.98,1.4,1166.6,21.41,6.81,132.58,149.94,144.33,132.75,654.15,803.18,692.87,506.11,450.3,406.69,342.05,300.25,316.22,359.62,4.04,0.65,2013-01-21 06:05:00,55.0,True
2013-01-21 08:00:00,3544.31,2.91,3.03,91.0,23203.3,1.51,0.53,0.98,1.4,1150.18,21.38,6.75,119.53,136.71,131.31,129.21,666.23,820.08,688.18,469.53,442.25,399.72,332.99,291.44,284.59,336.23,4.0,0.62,2013-01-21 07:50:00,10.0,True
2013-01-21 09:00:00,3551.51,2.88,2.99,90.71,20129.57,1.48,0.54,0.94,1.4,1153.42,21.13,6.83,123.97,133.84,130.89,128.3,664.65,813.98,726.16,462.11,442.86,421.07,343.66,313.02,311.74,363.59,4.07,0.62,2013-01-21 07:50:00,70.0,True
2013-01-21 10:00:00,3566.17,2.88,2.94,91.0,20120.07,1.48,0.59,0.89,1.4,1151.66,20.91,6.83,123.58,138.32,135.92,129.62,625.25,696.94,606.45,446.02,431.08,385.59,319.25,291.74,303.11,319.03,4.13,0.52,2013-01-21 10:00:00,0.0,True
2013-01-21 11:00:00,3450.5,2.86,2.92,91.28,20486.91,1.46,0.59,0.87,1.4,1151.47,21.07,6.96,105.83,117.18,113.76,113.48,631.79,759.88,662.1,470.03,426.52,361.31,296.72,299.0,358.35,339.59,4.11,0.52,2013-01-21 10:00:00,60.0,True
2013-01-21 12:00:00,3359.12,2.85,2.94,90.71,20419.38,1.46,0.54,0.91,1.4,1153.94,21.15,7.08,112.42,130.43,130.07,119.47,662.3,787.56,710.4,530.76,449.44,376.57,310.3,332.02,356.47,404.69,4.12,0.44,2013-01-21 11:20:00,40.0,True
2013-01-21 13:00:00,3377.39,2.86,2.93,91.54,20070.19,1.46,0.55,0.91,1.4,1150.72,21.12,7.22,108.41,124.39,119.04,115.21,616.74,831.69,716.08,519.12,441.54,371.27,311.51,286.42,320.53,387.28,4.04,0.44,2013-01-21 11:20:00,100.0,True
2013-01-21 14:00:00,3362.96,2.8,2.91,91.76,19909.76,1.4,0.53,0.87,1.4,1152.87,21.39,7.43,120.43,126.56,131.5,124.18,555.56,798.97,717.63,476.28,426.3,363.32,325.45,308.39,310.92,333.55,3.96,0.49,2013-01-21 13:10:00,50.0,True
2013-01-21 15:00:00,3388.31,2.81,2.87,92.49,18285.35,1.4,0.56,0.83,1.42,1151.8,20.64,7.7,126.14,136.75,138.43,131.9,557.8,804.49,745.98,472.44,424.79,371.71,333.72,322.74,312.04,294.83,3.97,0.42,2013-01-21 14:45:00,15.0,True
2013-01-21 16:00:00,3335.73,2.79,2.89,91.8,15532.19,1.4,0.54,0.86,1.4,1153.79,20.31,7.7,118.91,137.09,137.89,128.39,535.52,718.45,643.52,469.38,426.8,363.9,355.64,335.74,292.83,273.54,3.98,0.42,2013-01-21 14:45:00,75.0,True
2013-01-21 17:00:00,3351.1,2.85,2.91,90.58,18554.83,1.45,0.56,0.89,1.4,1153.31,20.79,7.45,151.87,151.51,160.76,152.4,725.46,830.33,768.94,510.33,437.71,395.16,360.31,360.38,335.27,424.01,3.99,0.37,2013-01-21 16:25:00,35.0,True
2013-01-21 18:00:00,3300.66,2.82,2.89,90.92,18859.94,1.42,0.58,0.84,1.41,1152.99,20.99,7.2,142.28,145.31,148.38,143.0,717.62,824.88,793.71,588.79,443.18,447.05,356.13,358.8,367.64,469.62,4.0,0.4,2013-01-21 18:00:00,0.0,True
2013-01-21 19:00:00,3264.58,2.77,2.85,89.58,18687.79,1.37,0.54,0.84,1.4,1152.53,21.29,7.11,129.56,150.96,155.32,138.3,763.11,863.0,817.14,610.2,450.76,419.34,362.59,356.6,374.08,523.39,4.02,0.4,2013-01-21 18:00:00,60.0,True
2013-01-21 20:00:00,3254.71,2.8,2.86,88.04,18832.17,1.4,0.52,0.89,1.4,1151.77,21.35,7.07,146.99,158.12,163.63,153.44,644.61,813.48,705.08,561.24,448.15,388.98,350.0,331.37,336.03,420.59,4.01,0.39,2013-01-21 19:55:00,5.0,True
2013-01-21 21:00:00,3275.02,2.82,2.9,89.39,22202.04,1.42,0.54,0.88,1.4,1152.76,21.51,7.01,137.22,154.14,157.25,142.79,732.0,898.28,749.43,546.24,448.47,394.97,353.78,330.35,352.65,431.05,4.02,0.39,2013-01-21 19:55:00,65.0,True
2013-01-21 22:00:00,3337.01,2.81,2.88,88.68,21929.06,1.42,0.53,0.9,1.39,1153.04,21.62,6.81,130.16,141.82,143.34,135.32,650.17,824.45,600.76,499.81,433.94,350.43,332.99,297.74,335.8,367.48,4.0,0.38,2013-01-21 21:25:00,35.0,True
2013-01-21 23:00:00,3275.66,2.85,2.92,88.61,21899.06,1.45,0.55,0.9,1.4,1152.39,22.0,6.85,132.13,144.74,141.22,135.49,635.89,792.33,597.75,488.05,419.09,342.1,318.97,279.1,328.98,345.28,3.95,0.38,2013-01-21 21:25:00,95.0,True
2013-01-22 00:00:00,3286.97,2.85,2.92,88.77,20660.35,1.45,0.53,0.92,1.4,1152.77,21.75,6.91,159.5,160.75,163.4,154.17,669.07,809.38,695.81,524.52,424.85,377.81,338.83,300.08,344.05,378.62,3.95,0.42,2013-01-21 23:30:00,30.0,True
2013-01-22 01:00:00,3330.9,2.81,2.89,88.42,17781.11,1.41,0.5,0.91,1.4,1153.06,21.06,6.98,151.0,169.39,181.85,159.1,708.42,814.96,726.99,592.69,437.89,411.96,360.89,351.3,356.32,407.15,3.95,0.42,2013-01-21 23:30:00,90.0,True
2013-01-22 02:00:00,3461.03,2.82,2.89,88.49,16676.11,1.42,0.51,0.91,1.4,1153.21,20.69,6.87,143.64,165.54,168.74,148.48,718.98,845.99,722.55,594.46,452.52,429.33,392.44,378.22,379.22,427.37,3.92,0.4,2013-01-22 01:20:00,40.0,True
2013-01-22 03:00:00,3569.8,2.9,2.99,91.86,16572.19,1.5,0.55,0.95,1.4,1152.11,20.79,6.57,152.98,164.34,164.11,156.22,769.16,841.99,791.58,598.07,468.56,456.57,402.61,387.17,398.05,448.98,3.87,0.4,2013-01-22 01:20:00,100.0,True
2013-01-22 04:00:00,3533.68,2.89,2.97,93.15,16257.46,1.5,0.56,0.93,1.4,1152.4,20.86,6.53,166.91,181.52,179.47,164.45,776.65,837.45,793.82,593.96,463.59,438.0,404.38,381.93,401.59,487.68,3.92,0.42,2013-01-22 03:05:00,55.0,True
2013-01-22 05:00:00,3514.31,2.89,2.98,93.83,16258.21,1.49,0.56,0.93,1.4,1152.28,20.92,6.53,165.13,185.46,186.15,168.46,780.34,858.48,786.91,582.1,475.53,468.98,424.92,396.75,423.79,485.7,3.94,0.5,2013-01-22 04:40:00,20.0,True
2013-01-22 06:00:00,3543.59,2.88,2.95,92.03,16423.24,1.48,0.53,0.95,1.4,1150.93,20.78,6.58,168.32,181.31,184.47,168.06,761.97,857.9,764.03,576.88,484.08,462.69,412.01,400.09,405.89,434.81,3.95,0.5,2013-01-22 04:40:00,80.0,True
2013-01-22 07:00:00,3573.04,2.85,2.94,90.11,17914.24,1.45,0.52,0.93,1.4,1152.55,20.8,6.64,150.94,170.0,169.55,155.7,733.39,874.21,765.57,603.61,483.19,457.72,400.39,389.96,393.93,415.17,3.92,0.49,2013-01-22 06:20:00,40.0,True
2013-01-22 08:00:00,3553.19,2.89,2.99,89.99,23089.35,1.49,0.54,0.96,1.4,1149.19,21.89,6.44,134.05,156.49,157.86,140.46,737.31,841.49,719.91,550.28,474.07,415.98,378.72,360.66,380.64,383.51,3.9,0.49,2013-01-22 07:45:00,15.0,True
2013-01-22 09:00:00,3638.77,2.88,3.0,91.66,21376.66,1.48,0.52,0.96,1.4,1149.68,21.74,6.35,118.73,141.22,144.78,127.33,642.49,730.21,619.81,508.32,456.05,384.12,350.23,334.51,350.13,349.36,3.84,0.49,2013-01-22 07:45:00,75.0,True
2013-01-22 10:00:00,3630.25,2.86,3.02,92.75,21612.86,1.46,0.5,0.96,1.4,1142.34,21.77,6.33,112.3,127.32,131.94,115.71,564.82,697.68,538.49,467.48,433.71,321.19,304.65,277.64,275.64,278.21,3.85,0.4,2013-01-22 09:30:00,30.0,True
2013-01-22 11:00:00,3661.67,2.89,3.02,94.36,22074.25,1.49,0.54,0.94,1.4,1152.69,21.83,6.45,103.78,127.5,132.54,114.28,556.66,614.18,445.84,440.89,406.65,342.32,310.38,258.67,287.44,275.62,3.79,0.4,2013-01-22 09:30:00,90.0,True
2013-01-22 12:00:00,3592.14,2.91,3.04,95.54,21286.67,1.52,0.52,1.0,1.39,1150.65,21.95,6.32,121.07,131.64,139.51,127.22,529.05,596.51,438.82,389.34,380.23,325.42,349.92,291.77,321.59,276.63,3.79,0.31,2013-01-22 11:30:00,30.0,True
2013-01-22 13:00:00,3552.65,2.95,3.08,95.93,21383.25,1.56,0.55,1.01,1.4,1149.76,22.05,6.67,121.99,134.28,139.99,127.11,678.57,656.59,512.12,433.58,396.48,395.45,402.57,357.49,387.16,329.55,3.83,0.31,2013-01-22 11:30:00,90.0,True
2013-01-22 14:00:00,3526.65,2.92,3.06,95.75,18210.44,1.52,0.57,0.96,1.39,1151.23,21.71,6.67,114.73,120.58,123.46,118.05,587.29,634.52,442.08,410.25,396.02,350.95,378.23,341.72,338.14,273.86,3.83,0.52,2013-01-22 13:30:00,30.0,True
2013-01-22 15:00:00,3512.27,2.94,3.08,95.49,15831.56,1.54,0.55,0.99,1.4,1145.36,21.08,6.47,154.11,157.45,154.24,152.1,651.01,702.63,545.52,465.06,420.58,375.2,370.44,337.0,333.21,292.63,3.81,0.52,2013-01-22 13:30:00,90.0,True
2013-01-22 16:00:00,3607.28,2.87,3.01,95.9,19879.81,1.47,0.52,0.95,1.4,1150.4,21.48,6.99,126.25,132.17,128.86,128.7,482.93,596.51,472.62,429.35,416.23,318.43,324.49,291.74,276.5,229.47,3.86,0.35,2013-01-22 15:05:00,55.0,True
2013-01-22 17:00:00,3614.79,2.89,3.02,96.16,20028.98,1.5,0.54,0.96,1.39,1150.12,21.46,7.22,109.13,118.12,115.67,110.47,370.58,454.04,361.86,376.16,362.19,260.87,254.79,223.22,217.44,200.46,3.9,0.47,2013-01-22 16:45:00,15.0,True
2013-01-22 18:00:00,3550.05,2.88,3.03,94.6,19618.78,1.49,0.52,0.97,1.4,1150.54,21.38,7.14,130.95,135.0,141.07,131.69,438.4,517.75,393.52,390.07,365.18,304.75,292.96,228.52,245.57,239.1,3.95,0.47,2013-01-22 16:45:00,75.0,True
2013-01-22 19:00:00,3517.85,2.86,2.99,93.77,20415.2,1.46,0.5,0.96,1.4,1148.01,21.47,6.98,121.92,149.52,155.04,134.16,493.49,600.16,452.86,414.77,395.32,364.1,338.75,283.07,293.34,283.73,3.92,0.46,2013-01-22 18:30:00,30.0,True
2013-01-22 20:00:00,3554.27,2.9,2.99,93.86,21677.66,1.5,0.52,0.98,1.4,1153.3,21.36,6.96,128.42,138.2,152.75,138.54,554.55,654.58,460.89,436.76,415.11,377.39,370.6,293.39,313.64,279.92,3.94,0.49,2013-01-22 19:55:00,5.0,True
2013-01-22 21:00:00,3570.12,2.9,2.98,93.23,22441.92,1.5,0.52,0.99,1.4,1154.16,21.5,6.9,113.0,130.6,130.38,119.71,578.36,604.98,408.93,434.17,424.92,347.87,335.3,297.56,310.59,267.79,3.92,0.49,2013-01-22 19:55:00,65.0,True
2013-01-22 22:00:00,3547.71,2.91,2.98,93.33,22786.45,1.51,0.51,0.99,1.4,1151.85,21.73,6.87,122.65,140.22,145.95,127.77,433.58,535.71,360.2,417.87,405.83,319.97,317.88,281.81,284.1,246.79,3.9,0.44,2013-01-22 21:50:00,10.0,True
2013-01-22 23:00:00,3542.6,2.88,2.98,93.43,23421.08,1.49,0.52,0.97,1.4,1152.03,21.76,6.87,117.73,135.93,132.22,121.54,461.08,594.43,410.45,430.89,399.38,365.88,336.87,284.89,303.91,268.16,3.93,0.44,2013-01-22 21:50:00,70.0,True
2013-01-23 00:00:00,3546.57,2.88,2.96,93.14,21669.44,1.48,0.56,0.92,1.4,1154.12,21.67,6.87,115.43,126.69,130.12,122.39,489.71,604.66,435.25,421.13,407.28,346.25,333.75,275.69,305.85,257.62,3.92,0.4,2013-01-22 23:30:00,30.0,True
2013-01-23 01:00:00,3541.23,2.86,2.96,93.37,19907.31,1.46,0.56,0.9,1.4,1152.11,21.08,7.22,113.33,120.38,123.36,122.37,504.91,568.72,449.48,401.69,400.15,348.75,336.15,270.43,302.88,266.61,3.84,0.4,2013-01-22 23:30:00,90.0,True
2013-01-23 02:00:00,3539.35,2.87,2.95,92.97,20137.95,1.48,0.54,0.93,1.4,1152.73,21.12,7.39,102.81,106.65,103.3,109.68,636.13,645.15,539.01,444.49,405.71,313.69,283.85,262.23,307.08,306.97,3.84,0.58,2013-01-23 01:20:00,40.0,True
2013-01-23 03:00:00,3529.42,2.86,2.96,93.19,19152.63,1.46,0.52,0.94,1.4,1152.92,21.35,7.31,83.54,90.01,89.48,91.9,587.54,619.51,557.51,463.02,405.76,317.04,291.68,275.46,318.79,342.89,3.89,0.58,2013-01-23 01:20:00,100.0,True
2013-01-23 04:00:00,3561.17,2.87,2.94,92.98,19147.92,1.47,0.5,0.97,1.4,1151.43,21.7,6.99,98.55,109.01,120.22,108.96,544.64,588.62,464.65,451.3,404.54,332.79,297.69,245.28,296.93,317.95,3.84,0.43,2013-01-23 03:05:00,55.0,True
2013-01-23 05:00:00,3520.59,2.88,2.97,92.78,19884.94,1.48,0.51,0.97,1.4,1152.55,21.98,6.89,105.03,125.76,132.9,117.88,524.37,544.83,440.94,412.12,398.66,326.88,304.99,244.39,303.97,249.74,3.85,0.39,2013-01-23 04:45:00,15.0,True
2013-01-23 06:00:00,3532.85,2.88,2.95,93.62,19886.26,1.48,0.55,0.93,1.4,1150.42,21.99,6.93,113.02,129.35,128.59,116.32,539.18,539.25,428.57,414.43,395.29,358.72,336.19,278.78,313.0,265.31,3.82,0.39,2013-01-23 04:45:00,75.0,True
2013-01-23 07:00:00,3528.75,2.82,2.95,93.41,19696.03,1.42,0.54,0.88,1.4,1152.63,21.88,7.01,114.12,131.44,128.26,118.57,728.55,701.93,565.66,446.68,422.23,385.2,381.19,328.19,335.07,459.53,3.83,0.35,2013-01-23 06:25:00,35.0,True
2013-01-23 08:00:00,3498.65,2.87,2.98,93.4,19917.28,1.47,0.57,0.9,1.4,1145.21,21.85,7.17,102.27,111.18,109.03,107.63,714.57,691.97,641.83,472.96,423.57,394.52,348.13,297.72,325.92,404.65,3.85,0.37,2013-01-23 07:55:00,5.0,True
2013-01-23 09:00:00,3360.74,2.85,2.95,93.1,19925.37,1.45,0.57,0.89,1.4,1152.93,21.86,7.39,113.66,123.15,134.02,120.6,648.84,742.49,703.72,534.04,437.42,439.77,373.07,337.71,379.54,440.03,3.9,0.37,2013-01-23 07:55:00,65.0,True
2013-01-23 10:00:00,3380.78,2.84,2.92,92.99,20085.02,1.44,0.53,0.91,1.4,1151.32,21.61,7.53,135.38,140.04,141.27,136.04,697.19,752.96,702.82,585.24,456.15,438.66,385.91,325.31,362.9,364.49,3.95,0.29,2013-01-23 09:30:00,30.0,True
2013-01-23 11:00:00,3436.46,2.83,2.93,93.23,22228.19,1.43,0.49,0.94,1.4,1149.87,21.76,7.39,141.69,155.45,156.99,147.15,680.03,773.85,701.13,572.98,460.38,413.82,392.58,341.65,347.15,371.85,3.94,0.42,2013-01-23 11:00:00,0.0,True
2013-01-23 12:00:00,3484.6,2.82,2.94,95.54,21962.4,1.42,0.47,0.95,1.4,1146.4,21.82,7.12,140.09,168.22,183.99,152.55,767.98,757.78,678.4,565.76,455.41,425.31,393.8,349.22,348.68,394.0,3.97,0.42,2013-01-23 11:00:00,60.0,True
2013-01-23 13:00:00,3525.05,2.84,2.97,96.6,22515.01,1.44,0.47,0.97,1.4,1149.88,21.66,7.04,131.82,158.43,158.35,143.22,757.59,767.99,681.46,561.49,464.4,446.49,412.42,361.12,357.95,429.2,4.0,0.47,2013-01-23 12:30:00,30.0,True
2013-01-23 14:00:00,3497.51,2.9,3.01,98.05,22995.05,1.5,0.5,1.0,1.4,1152.81,21.73,6.98,119.17,144.51,147.32,128.12,697.59,743.62,628.07,518.17,449.11,414.66,374.29,343.04,345.41,402.04,4.01,0.47,2013-01-23 12:30:00,90.0,True
2013-01-23 15:00:00,3454.0,2.88,3.0,97.92,21473.35,1.48,0.5,0.98,1.4,1150.69,21.63,7.07,114.57,136.83,145.08,122.17,576.31,616.7,466.52,449.27,428.2,385.64,360.65,313.08,306.77,321.9,4.0,0.44,2013-01-23 14:35:00,25.0,True
2013-01-23 16:00:00,3544.7,2.87,2.94,97.2,21062.54,1.47,0.52,0.95,1.4,1151.34,21.43,7.08,116.6,138.47,138.64,123.77,518.75,553.59,443.5,415.87,416.63,393.4,369.48,306.95,319.98,304.0,4.01,0.44,2013-01-23 14:35:00,85.0,True
2013-01-23 17:00:00,3525.25,2.84,2.93,97.28,20589.06,1.44,0.5,0.94,1.4,1150.77,21.44,7.07,127.07,150.5,152.96,133.61,503.79,586.68,489.85,417.34,409.85,383.94,364.09,298.45,317.58,291.7,4.01,0.53,2013-01-23 16:25:00,35.0,True
2013-01-23 18:00:00,3451.73,2.87,2.98,97.36,20215.09,1.47,0.5,0.97,1.4,1151.78,21.47,7.17,125.05,151.61,145.31,132.7,485.58,606.42,490.81,424.06,405.0,393.31,355.23,310.49,314.44,292.12,3.94,0.53,2013-01-23 16:25:00,95.0,True
2013-01-23 19:00:00,3436.97,2.87,2.94,97.45,20097.1,1.47,0.52,0.95,1.4,1152.45,21.36,7.2,145.37,156.41,165.38,143.32,592.97,665.05,549.39,441.76,413.75,409.68,369.18,309.88,323.75,296.76,3.94,0.46,2013-01-23 18:25:00,35.0,True
2013-01-23 20:00:00,3396.42,2.87,2.99,97.17,19815.18,1.47,0.59,0.89,1.4,1146.22,21.56,7.34,123.99,138.25,135.71,125.96,634.93,706.22,655.66,496.94,431.36,444.73,397.44,355.73,356.72,386.1,3.97,0.4,2013-01-23 19:59:00,1.0,True
2013-01-23 21:00:00,3489.75,2.93,3.05,96.54,20491.55,1.54,0.62,0.92,1.39,1152.98,21.65,7.19,133.42,149.4,146.13,139.22,670.56,742.91,766.64,576.65,465.43,493.44,429.84,364.51,401.2,452.41,3.98,0.4,2013-01-23 19:59:00,61.0,True
2013-01-23 22:00:00,3474.65,2.92,3.05,94.07,20126.72,1.53,0.55,0.98,1.4,1150.3,21.63,7.17,126.71,145.62,143.71,137.14,734.52,771.36,796.29,598.03,489.64,490.28,435.5,382.54,411.18,489.04,3.95,0.42,2013-01-23 21:50:00,10.0,True
2013-01-23 23:00:00,3516.21,2.92,3.01,92.28,20512.39,1.52,0.54,0.98,1.39,1149.75,21.61,7.18,143.94,159.61,165.22,149.41,734.51,780.69,754.5,634.9,498.46,464.49,428.63,388.31,397.31,497.32,3.85,0.42,2013-01-23 21:50:00,70.0,True
2013-01-24 00:00:00,3530.65,2.91,3.01,94.38,22138.59,1.51,0.51,1.01,1.4,1150.26,21.68,7.06,192.05,201.64,205.41,181.36,765.55,807.43,761.52,667.55,512.92,505.06,458.05,400.6,396.37,500.02,3.86,0.37,2013-01-23 23:35:00,25.0,True
2013-01-24 01:00:00,3594.21,2.87,2.98,95.42,23068.98,1.49,0.49,1.0,1.38,1141.27,21.7,6.97,153.69,175.64,178.27,155.27,726.79,804.68,692.13,611.75,496.49,476.24,430.33,385.16,385.16,472.89,3.86,0.37,2013-01-23 23:35:00,85.0,True
2013-01-24 02:00:00,3644.12,2.89,3.05,97.23,22717.08,1.5,0.5,0.99,1.39,1140.13,21.52,6.86,151.59,172.68,183.79,155.5,647.39,697.02,516.26,509.77,448.23,407.72,369.66,341.26,342.6,368.6,3.88,0.43,2013-01-24 01:40:00,20.0,True
2013-01-24 03:00:00,3742.15,2.89,3.03,99.87,22230.93,1.49,0.5,0.99,1.4,1151.74,21.57,6.81,143.88,167.82,155.78,148.04,604.12,654.98,481.72,486.1,430.35,393.66,352.99,338.11,325.74,332.18,3.89,0.43,2013-01-24 01:40:00,80.0,True
2013-01-24 04:00:00,3673.82,2.95,3.1,99.18,21984.05,1.55,0.58,0.97,1.39,1132.82,21.7,6.85,130.44,134.92,139.3,132.59,635.64,683.81,532.88,514.43,426.96,404.32,331.87,299.14,308.25,325.46,3.89,0.47,2013-01-24 03:05:00,55.0,True
2013-01-24 05:00:00,3605.0,2.95,3.05,97.29,22998.64,1.56,0.58,0.97,1.4,1148.92,22.12,6.68,148.61,148.19,150.65,147.02,703.84,736.32,638.13,576.03,440.13,408.75,351.23,309.46,350.79,424.85,3.93,0.48,2013-01-24 04:30:00,30.0,True
2013-01-24 06:00:00,3579.61,2.93,3.03,96.99,23107.31,1.54,0.56,0.98,1.4,1149.47,21.91,6.89,135.01,145.16,140.4,130.11,541.92,570.02,508.95,474.27,406.73,350.66,302.44,277.18,316.26,344.82,3.9,0.47,2013-01-24 06:00:00,0.0,True
2013-01-24 07:00:00,3512.01,2.9,2.97,96.06,23174.19,1.5,0.57,0.94,1.39,1146.68,22.01,7.01,102.29,120.4,115.69,111.17,534.42,569.43,522.69,514.93,430.37,353.93,319.56,291.73,344.27,357.95,3.92,0.47,2013-01-24 06:00:00,60.0,True
2013-01-24 08:00:00,3434.38,2.88,2.96,94.12,23236.08,1.48,0.53,0.94,1.4,1152.21,21.9,7.17,120.57,131.4,129.14,127.59,709.52,738.25,694.49,531.7,449.59,397.81,349.36,305.34,347.28,398.08,3.91,0.52,2013-01-24 07:35:00,25.0,True
2013-01-24 09:00:00,3434.85,2.9,2.97,93.31,23128.29,1.5,0.54,0.96,1.4,1153.78,21.68,7.36,137.21,143.53,145.51,139.42,731.43,735.3,671.29,528.31,448.57,410.65,368.2,338.5,352.8,411.9,3.96,0.52,2013-01-24 07:35:00,85.0,True
2013-01-24 10:00:00,3480.09,2.85,2.93,93.29,22973.11,1.46,0.52,0.94,1.4,1153.62,21.83,7.37,140.58,156.83,160.35,145.06,644.53,704.85,612.77,525.5,436.59,408.68,349.02,334.23,331.76,395.24,3.95,0.48,2013-01-24 09:05:00,55.0,True
2013-01-24 11:00:00,3444.84,2.9,2.95,92.83,22967.61,1.5,0.51,0.98,1.4,1152.35,21.64,7.55,139.77,160.47,158.18,142.66,648.05,728.24,576.34,531.7,449.73,400.52,347.22,315.45,319.67,334.59,3.99,0.49,2013-01-24 10:40:00,20.0,True
2013-01-24 12:00:00,3487.24,2.9,2.98,93.46,23268.04,1.5,0.53,0.97,1.4,1150.94,22.02,7.14,146.83,158.99,171.51,144.23,624.04,704.23,604.62,535.42,458.19,421.22,362.67,322.95,336.15,349.7,3.96,0.49,2013-01-24 10:40:00,80.0,True
2013-01-24 13:00:00,3556.97,2.9,2.98,94.22,23356.48,1.5,0.5,1.0,1.4,1152.79,22.05,7.03,121.12,138.4,139.63,119.1,408.89,506.44,400.56,437.15,422.69,342.29,293.01,272.47,281.66,260.6,3.91,0.51,2013-01-24 12:15:00,45.0,True
2013-01-24 14:00:00,3594.37,2.88,2.96,93.74,23295.26,1.48,0.48,1.0,1.4,1153.6,22.18,7.05,113.65,125.41,123.72,112.96,324.18,419.5,322.0,406.44,391.44,288.13,259.96,250.21,253.43,229.35,3.89,0.49,2013-01-24 13:45:00,15.0,True
2013-01-24 15:00:00,3511.02,2.93,3.01,93.43,23307.95,1.54,0.56,0.98,1.39,1152.9,22.4,7.09,105.63,118.79,129.83,115.2,449.49,527.01,401.28,438.49,393.17,330.74,284.82,289.53,309.09,278.1,3.92,0.49,2013-01-24 13:45:00,75.0,True
2013-01-24 16:00:00,3467.2,2.9,2.97,92.49,23846.22,1.5,0.54,0.96,1.4,1151.77,22.31,7.09,116.8,140.82,142.22,124.4,537.99,665.82,489.1,471.95,409.98,385.42,317.98,291.1,307.61,274.8,3.95,0.48,2013-01-24 15:15:00,45.0,True
2013-01-24 17:00:00,3507.85,2.9,2.98,92.22,23387.28,1.51,0.54,0.96,1.4,1154.03,22.18,7.12,111.95,132.92,140.11,120.5,511.55,686.74,514.01,459.51,417.34,411.14,342.66,304.54,313.86,267.73,3.92,0.54,2013-01-24 16:35:00,25.0,True
2013-01-24 18:00:00,3528.91,2.9,2.99,93.05,22577.65,1.5,0.55,0.95,1.4,1155.11,22.25,7.17,104.1,121.65,127.58,111.87,617.68,719.83,637.95,488.97,436.58,479.19,384.0,354.03,385.55,355.52,3.87,0.54,2013-01-24 16:35:00,85.0,True
2013-01-24 19:00:00,3453.78,2.91,2.97,90.83,20359.67,1.51,0.59,0.92,1.4,1150.92,22.04,7.26,130.5,128.89,126.38,129.31,643.53,705.73,569.36,578.32,482.93,500.86,406.36,414.56,439.6,449.7,3.89,0.51,2013-01-24 18:10:00,50.0,True
2013-01-24 20:00:00,3403.38,2.88,2.95,87.82,17168.78,1.48,0.57,0.91,1.4,1144.45,21.53,7.02,120.01,133.33,135.38,122.39,670.19,740.06,534.81,661.48,499.05,472.26,375.15,367.62,405.1,425.31,3.9,0.49,2013-01-24 19:55:00,5.0,True
2013-01-24 21:00:00,3404.11,2.86,2.95,88.0,17217.21,1.46,0.49,0.97,1.4,1151.18,21.77,6.74,119.26,131.58,139.83,125.53,595.11,718.32,563.71,608.75,470.04,365.45,326.37,305.75,321.46,353.34,3.9,0.49,2013-01-24 19:55:00,65.0,True
2013-01-24 22:00:00,3410.51,2.86,2.97,90.11,21681.0,1.46,0.48,0.98,1.4,1143.89,22.12,6.9,130.24,141.38,150.65,134.2,571.24,721.44,579.41,576.51,438.75,352.1,319.46,287.97,297.57,312.77,3.87,0.5,2013-01-24 21:30:00,30.0,True
2013-01-24 23:00:00,3484.11,2.86,2.98,92.07,23352.93,1.46,0.5,0.96,1.4,1153.81,21.94,7.29,126.07,142.78,148.65,126.4,594.48,724.07,591.91,558.06,433.57,364.35,324.52,299.47,280.25,306.43,3.88,0.5,2013-01-24 21:30:00,90.0,True
2013-01-25 00:00:00,3479.03,2.86,3.0,93.04,22744.84,1.46,0.51,0.94,1.4,1146.31,21.87,7.33,130.98,141.93,144.25,133.56,600.78,708.49,555.69,531.12,431.83,376.05,332.18,300.66,281.82,291.88,3.9,0.48,2013-01-24 23:20:00,40.0,True
2013-01-25 01:00:00,3492.98,2.87,2.99,92.62,20910.94,1.47,0.52,0.95,1.4,1152.87,21.74,7.19,133.7,148.91,149.77,133.28,574.2,722.79,554.1,505.88,428.27,361.07,329.05,300.14,273.93,279.78,3.88,0.54,2013-01-25 00:55:00,5.0,True
2013-01-25 02:00:00,3458.07,2.86,3.0,91.34,19361.92,1.46,0.52,0.94,1.4,1145.86,21.46,7.31,130.82,151.04,149.5,133.94,560.2,719.89,531.24,506.59,418.49,346.92,323.44,300.27,290.56,266.21,3.9,0.54,2013-01-25 00:55:00,65.0,True
2013-01-25 03:00:00,3521.34,2.85,2.95,91.41,19861.96,1.45,0.49,0.96,1.4,1147.04,21.4,7.29,156.94,174.44,186.75,161.69,568.44,741.85,543.07,524.62,430.1,361.78,350.18,312.19,301.22,272.56,4.0,0.5,2013-01-25 02:50:00,10.0,True
2013-01-25 04:00:00,3510.21,2.85,2.96,92.35,19853.2,1.45,0.48,0.97,1.4,1153.96,21.4,7.26,153.62,170.15,184.09,158.46,564.81,744.72,548.47,539.31,449.77,412.53,367.35,327.34,316.44,287.64,4.02,0.5,2013-01-25 02:50:00,70.0,True
2013-01-25 05:00:00,3439.42,2.88,3.0,93.74,18561.33,1.48,0.5,0.98,1.4,1152.67,21.23,7.37,157.47,166.04,181.2,153.59,572.48,757.95,573.0,530.03,448.06,404.29,359.21,323.33,316.22,297.03,4.01,0.57,2013-01-25 04:40:00,20.0,True
2013-01-25 06:00:00,3460.08,2.85,2.97,93.84,21038.62,1.45,0.5,0.96,1.4,1151.13,21.64,7.14,160.9,177.49,190.39,166.6,606.47,788.66,615.16,549.87,455.87,427.36,378.89,346.73,320.97,317.06,3.93,0.57,2013-01-25 04:40:00,80.0,True
2013-01-25 07:00:00,3470.08,2.86,2.98,95.24,22811.27,1.46,0.51,0.95,1.4,1149.67,21.79,7.22,141.4,156.36,158.23,145.02,499.32,737.74,550.47,506.02,438.37,378.09,356.42,321.56,296.02,261.86,3.93,0.58,2013-01-25 06:20:00,40.0,True
2013-01-25 08:00:00,3541.6,2.88,2.95,96.08,21876.37,1.48,0.54,0.94,1.4,1153.05,21.64,7.18,134.76,151.68,150.34,132.51,436.14,678.82,520.94,503.54,427.44,370.32,357.98,344.45,309.29,262.43,3.96,0.58,2013-01-25 06:20:00,100.0,True
2013-01-25 09:00:00,3513.55,2.89,2.96,95.48,21502.86,1.49,0.52,0.98,1.4,1150.33,21.54,7.2,126.71,155.58,157.99,134.59,421.73,624.8,495.18,479.45,430.44,365.86,351.3,305.06,287.92,232.21,3.96,0.51,2013-01-25 08:30:00,30.0,True
2013-01-25 10:00:00,3495.26,2.87,2.97,95.57,21325.23,1.47,0.49,0.97,1.4,1151.94,21.39,7.25,137.33,151.23,156.61,139.3,447.53,611.0,530.51,514.13,435.56,381.55,351.09,303.32,259.59,221.05,3.93,0.51,2013-01-25 08:30:00,90.0,True
2013-01-25 11:00:00,3556.0,2.89,2.96,95.91,22812.11,1.49,0.53,0.96,1.4,1144.02,21.58,7.1,132.75,151.62,153.42,137.43,437.47,606.31,525.75,515.59,442.85,356.89,352.67,302.46,266.38,226.17,3.97,0.63,2013-01-25 10:05:00,55.0,True
2013-01-25 12:00:00,3523.19,2.89,2.99,95.78,21218.22,1.49,0.58,0.91,1.4,1152.49,21.4,7.3,122.79,143.21,146.25,130.76,411.84,644.5,513.5,506.85,436.81,354.14,337.92,296.07,298.3,255.65,3.97,0.57,2013-01-25 11:40:00,20.0,True
2013-01-25 13:00:00,3532.83,2.91,2.97,93.94,23252.31,1.51,0.57,0.94,1.4,1148.91,21.59,7.12,130.61,145.39,149.75,132.01,444.41,708.96,565.71,503.11,435.01,381.2,365.27,338.71,309.22,289.89,3.98,0.57,2013-01-25 11:40:00,80.0,True
2013-01-25 14:00:00,3502.77,2.91,3.0,95.62,22334.4,1.51,0.54,0.96,1.4,1152.72,21.83,7.22,126.69,141.44,150.55,135.37,452.4,681.55,576.08,497.4,436.91,395.92,373.28,351.97,298.02,254.87,3.97,0.55,2013-01-25 13:05:00,55.0,True
2013-01-25 15:00:00,3534.85,2.88,2.95,96.31,19347.55,1.48,0.52,0.96,1.4,1149.31,21.26,7.42,124.07,144.04,147.49,130.4,436.86,682.79,591.33,496.32,434.47,436.0,390.36,340.59,294.67,267.92,3.92,0.59,2013-01-25 14:35:00,25.0,True
2013-01-25 16:00:00,3524.2,2.88,2.97,96.77,20792.33,1.48,0.51,0.97,1.4,1149.12,21.22,7.57,147.13,159.04,176.9,155.87,460.69,702.9,661.24,556.28,446.95,457.98,403.36,347.71,306.61,286.91,3.94,0.59,2013-01-25 14:35:00,85.0,True
2013-01-25 17:00:00,3544.3,2.89,2.96,96.88,23331.28,1.49,0.5,0.99,1.4,1143.89,21.73,7.36,147.67,167.65,177.02,150.35,502.79,744.53,670.39,594.85,461.92,459.5,425.06,368.9,318.0,295.11,3.94,0.53,2013-01-25 16:10:00,50.0,True
2013-01-25 18:00:00,3542.23,2.85,2.95,97.98,22895.43,1.45,0.44,1.02,1.4,1149.78,21.7,7.35,165.64,189.39,206.94,164.78,518.87,740.8,631.04,594.82,468.15,455.74,419.85,367.42,324.28,317.24,3.94,0.49,2013-01-25 17:55:00,5.0,True
2013-01-25 19:00:00,3466.39,2.88,3.0,98.33,23072.1,1.48,0.5,0.98,1.4,1128.54,21.79,7.45,125.7,150.35,154.29,131.69,484.09,699.02,595.87,527.77,453.4,404.29,391.58,334.46,305.97,297.95,4.0,0.49,2013-01-25 17:55:00,65.0,True
2013-01-25 20:00:00,3526.58,2.89,2.96,97.81,23057.04,1.49,0.55,0.95,1.4,1112.1,21.62,7.55,131.56,150.87,165.24,136.01,430.08,619.0,492.65,468.51,425.81,390.98,367.0,311.31,305.4,282.61,3.99,0.49,2013-01-25 19:45:00,15.0,True
2013-01-25 21:00:00,3511.67,2.89,2.98,95.88,23052.7,1.49,0.54,0.95,1.4,1129.29,21.67,7.52,148.29,154.68,164.13,145.46,411.01,610.33,503.07,477.83,423.22,380.52,372.88,317.91,307.11,272.37,3.99,0.49,2013-01-25 19:45:00,75.0,True
2013-01-25 22:00:00,3479.26,2.87,2.98,95.37,19634.08,1.47,0.5,0.97,1.4,1132.8,21.44,7.63,138.65,165.31,172.55,146.01,416.76,623.92,545.53,477.35,418.1,368.46,366.11,319.07,314.36,281.8,3.98,0.5,2013-01-25 21:15:00,45.0,True
2013-01-25 23:00:00,3554.17,2.86,2.94,95.34,18700.76,1.46,0.5,0.96,1.4,1134.4,21.2,7.37,152.36,174.26,182.02,156.4,427.01,665.42,577.24,533.83,436.02,411.47,377.05,326.33,312.37,284.37,3.97,0.45,2013-01-25 23:00:00,0.0,True
2013-01-26 00:00:00,3502.21,2.9,2.99,98.11,22682.21,1.5,0.51,0.99,1.4,1138.59,21.77,6.94,158.02,169.6,176.56,155.34,474.0,712.37,667.06,581.51,456.94,451.63,403.12,354.09,328.41,312.01,3.89,0.45,2013-01-25 23:00:00,60.0,True
2013-01-26 01:00:00,3491.54,2.91,2.98,99.31,22441.36,1.51,0.53,0.98,1.4,1135.73,21.89,6.86,147.35,157.87,166.65,150.02,512.28,763.57,759.32,591.55,464.42,441.72,400.65,357.65,327.13,307.99,3.94,0.56,2013-01-26 00:40:00,20.0,True
2013-01-26 02:00:00,3486.87,2.89,2.98,100.61,23258.35,1.49,0.52,0.97,1.4,1140.02,22.02,6.82,144.97,157.02,171.9,150.43,519.92,776.41,742.73,588.7,462.09,435.71,396.77,360.52,330.96,324.38,3.98,0.56,2013-01-26 00:40:00,80.0,True
2013-01-26 03:00:00,3531.14,2.87,2.94,99.87,22989.1,1.47,0.52,0.95,1.4,1139.45,22.1,6.95,132.54,150.0,159.02,137.82,521.14,767.85,698.88,618.27,472.02,463.3,394.58,359.15,334.71,325.29,3.91,0.5,2013-01-26 02:15:00,45.0,True
2013-01-26 04:00:00,3501.51,2.88,2.97,100.44,23415.58,1.49,0.55,0.93,1.4,1140.85,21.79,7.4,132.97,160.36,168.71,142.13,478.24,733.31,611.58,552.39,447.92,465.55,391.33,348.62,321.04,304.24,3.91,0.56,2013-01-26 03:45:00,15.0,True
2013-01-26 05:00:00,3492.52,2.92,2.99,101.25,24659.81,1.52,0.56,0.96,1.4,1143.84,22.29,7.25,131.1,146.48,153.64,136.08,464.07,736.25,654.53,574.76,448.65,453.02,393.19,350.72,324.54,301.24,3.91,0.56,2013-01-26 03:45:00,75.0,True
2013-01-26 06:00:00,3469.86,2.88,2.97,100.5,23355.84,1.48,0.53,0.95,1.4,1149.6,22.37,7.26,135.51,153.87,164.92,141.25,458.91,739.22,739.88,581.02,453.3,448.3,418.07,396.62,350.85,318.07,3.9,0.53,2013-01-26 05:25:00,35.0,True
2013-01-26 07:00:00,3525.62,2.87,2.94,101.32,23633.05,1.47,0.49,0.98,1.4,1148.53,22.21,7.35,134.73,161.74,162.25,142.4,499.22,750.66,723.63,623.5,472.37,433.12,404.85,368.1,330.68,307.28,3.92,0.53,2013-01-26 05:25:00,95.0,True
2013-01-26 08:00:00,3549.68,2.86,2.95,99.39,23819.8,1.46,0.49,0.98,1.4,1148.8,22.19,7.22,153.44,161.54,172.71,147.82,496.9,737.66,591.72,588.75,459.24,407.79,378.99,346.19,317.42,294.51,3.86,0.51,2013-01-26 07:20:00,40.0,True
2013-01-26 09:00:00,3677.03,2.94,3.01,100.93,25802.97,1.54,0.51,1.03,1.4,1144.46,22.4,6.72,137.46,158.39,170.67,139.18,443.19,678.44,473.27,564.1,446.41,397.44,369.53,319.72,298.05,264.97,3.84,0.51,2013-01-26 07:20:00,100.0,True
2013-01-26 10:00:00,3704.64,2.92,2.99,100.94,24314.79,1.52,0.48,1.05,1.4,1138.92,22.26,6.74,129.7,159.81,180.59,135.86,443.15,634.12,457.83,544.76,441.4,412.33,387.21,332.13,314.24,279.77,3.83,0.53,2013-01-26 09:15:00,45.0,True
2013-01-26 11:00:00,3762.46,2.9,2.98,99.71,23093.58,1.5,0.44,1.06,1.4,1122.34,21.72,6.89,146.75,185.59,190.92,152.43,405.38,544.37,384.64,482.4,433.56,410.16,380.69,355.25,314.89,278.4,3.86,0.53,2013-01-26 09:15:00,105.0,True
2013-01-26 12:00:00,3761.94,2.94,3.04,101.26,23465.44,1.54,0.47,1.07,1.4,1131.84,21.72,7.01,138.28,162.31,166.44,137.69,391.46,534.68,362.83,466.16,422.75,376.24,345.7,301.67,288.9,254.36,3.87,0.43,2013-01-26 11:05:00,55.0,True
2013-01-26 13:00:00,3698.11,2.97,3.12,102.18,24065.49,1.57,0.52,1.05,1.4,1127.75,21.85,7.05,135.31,159.11,165.58,138.8,403.47,568.22,387.58,467.1,427.97,397.53,356.94,304.18,307.71,258.32,3.89,0.45,2013-01-26 13:00:00,0.0,True
2013-01-26 14:00:00,3744.47,2.97,3.08,102.11,24773.59,1.57,0.54,1.03,1.4,1133.61,21.78,6.81,137.75,157.34,178.95,141.21,377.99,538.6,361.71,442.92,407.82,367.6,350.51,305.13,298.9,258.58,3.85,0.45,2013-01-26 13:00:00,60.0,True
2013-01-26 15:00:00,3717.51,2.98,3.11,103.64,23540.15,1.59,0.53,1.05,1.39,1138.99,21.69,6.77,132.78,149.51,159.67,134.97,343.82,497.6,339.65,415.8,391.78,369.38,347.1,309.0,293.77,261.17,3.86,0.46,2013-01-26 14:40:00,20.0,True
2013-01-26 16:00:00,3731.81,2.96,3.09,103.39,24700.99,1.56,0.51,1.05,1.4,1138.01,21.69,6.83,154.93,176.28,192.41,155.7,338.11,493.27,348.16,440.54,392.0,384.34,370.36,321.71,313.69,272.73,3.86,0.46,2013-01-26 14:40:00,80.0,True
2013-01-26 17:00:00,3700.84,2.97,3.14,102.56,25053.91,1.57,0.49,1.08,1.4,1139.31,21.81,6.89,149.95,171.61,188.96,153.65,349.43,503.59,369.06,478.36,397.16,366.01,346.12,304.37,301.83,246.36,3.86,0.48,2013-01-26 16:20:00,40.0,True
2013-01-26 18:00:00,3702.56,3.0,3.13,102.59,24852.55,1.6,0.54,1.07,1.39,1139.19,21.83,6.86,128.94,149.76,161.03,132.74,350.16,511.63,366.96,445.88,404.76,365.33,338.2,296.63,295.44,245.6,3.87,0.48,2013-01-26 16:20:00,100.0,True
2013-01-26 19:00:00,3547.68,2.95,3.08,99.09,24707.14,1.55,0.53,1.02,1.4,1140.56,21.8,7.11,139.81,155.52,170.75,140.72,357.53,480.54,353.5,422.71,400.85,387.48,367.57,309.88,312.5,267.11,3.82,0.48,2013-01-26 18:15:00,45.0,True
2013-01-26 20:00:00,3539.88,2.94,3.08,97.51,24419.71,1.54,0.52,1.01,1.4,1143.79,21.62,7.21,139.68,156.73,155.41,141.14,365.85,505.78,398.92,444.01,407.27,391.75,386.46,325.17,329.97,278.07,3.82,0.49,2013-01-26 19:55:00,5.0,True
2013-01-26 21:00:00,3563.51,2.94,3.08,97.33,23642.71,1.54,0.54,1.0,1.4,1150.03,21.77,7.04,141.97,155.47,170.91,146.96,369.77,513.98,422.99,467.06,404.91,388.89,384.91,322.64,318.19,264.58,3.9,0.49,2013-01-26 19:55:00,65.0,True
2013-01-26 22:00:00,3606.76,2.96,3.06,96.91,22998.58,1.56,0.53,1.03,1.4,1147.14,21.71,6.92,134.69,153.99,154.86,136.94,383.06,501.94,481.98,474.01,417.7,406.89,381.23,310.93,327.1,273.68,3.88,0.72,2013-01-26 21:20:00,40.0,True
2013-01-26 23:00:00,3595.44,2.99,3.06,97.22,22729.64,1.6,0.55,1.05,1.4,1151.5,22.02,6.88,134.74,148.56,151.68,138.6,387.47,532.27,547.7,500.93,421.85,410.19,386.92,324.9,326.79,268.95,3.91,0.51,2013-01-26 22:40:00,20.0,True
2013-01-27 00:00:00,3631.13,2.96,3.05,97.78,22760.45,1.56,0.55,1.01,1.4,1151.78,21.98,6.88,146.13,157.63,168.33,154.91,399.44,576.35,576.28,548.55,444.6,441.52,419.94,356.7,344.33,284.33,3.91,0.51,2013-01-26 22:40:00,80.0,True
2013-01-27 01:00:00,3652.81,3.0,3.07,97.78,23322.88,1.6,0.55,1.05,1.4,1152.68,22.17,6.79,137.61,154.62,160.72,144.44,389.5,577.45,561.85,508.57,428.59,411.64,397.48,344.53,346.75,288.34,3.92,0.61,2013-01-27 00:20:00,40.0,True
2013-01-27 02:00:00,3600.76,2.97,3.06,96.1,23725.88,1.57,0.55,1.02,1.4,1150.67,22.17,6.83,131.55,152.17,157.76,135.48,401.69,589.45,581.25,504.51,417.41,414.52,395.5,360.02,366.97,311.02,3.89,0.61,2013-01-27 00:20:00,100.0,True
2013-01-27 03:00:00,3647.55,2.97,3.05,95.32,22932.03,1.57,0.57,1.0,1.4,1148.88,22.09,6.84,133.41,143.32,148.29,138.15,401.01,582.36,563.75,501.71,422.05,398.08,380.74,362.73,346.13,285.82,3.93,0.57,2013-01-27 02:10:00,50.0,True
2013-01-27 04:00:00,3663.97,2.96,3.03,96.46,23007.37,1.56,0.51,1.05,1.4,1151.75,21.98,6.89,159.85,169.18,177.77,156.24,402.09,559.27,544.04,525.0,421.62,385.31,356.66,339.6,311.05,255.75,3.97,0.55,2013-01-27 03:40:00,20.0,True
2013-01-27 05:00:00,3642.15,2.99,3.07,96.68,24484.09,1.59,0.49,1.1,1.4,1150.4,21.98,6.86,155.12,169.44,174.52,151.91,373.0,523.81,471.23,498.19,408.52,351.15,324.09,303.41,282.01,232.37,3.93,0.55,2013-01-27 03:40:00,80.0,True
2013-01-27 06:00:00,3590.01,2.99,3.08,94.39,23267.44,1.59,0.52,1.06,1.4,1145.53,21.78,6.97,150.31,156.8,157.8,143.5,332.93,482.45,461.71,496.4,388.31,332.5,317.71,279.01,278.82,218.49,3.91,0.52,2013-01-27 05:20:00,40.0,True
2013-01-27 07:00:00,3654.7,2.97,3.04,92.91,23613.49,1.56,0.57,0.99,1.4,1145.29,21.74,6.96,130.01,140.55,149.32,131.15,343.91,483.78,452.1,472.14,387.55,360.62,359.2,301.9,302.98,228.46,3.92,0.54,2013-01-27 06:50:00,10.0,True
2013-01-27 08:00:00,3658.67,2.97,3.06,93.75,24086.44,1.57,0.54,1.03,1.4,1148.1,21.58,6.88,139.48,147.22,149.16,136.95,336.85,493.96,468.87,453.12,380.13,345.41,329.01,285.35,270.21,213.36,3.95,0.54,2013-01-27 06:50:00,70.0,True
2013-01-27 09:00:00,3583.23,2.97,3.13,94.82,23401.64,1.57,0.56,1.01,1.4,1139.87,21.98,6.68,109.31,127.22,118.78,113.31,369.99,503.64,507.56,506.95,402.44,362.74,334.19,292.12,268.61,221.81,3.91,0.54,2013-01-27 08:20:00,40.0,True
2013-01-27 10:00:00,3617.92,3.02,3.15,94.97,25049.89,1.62,0.6,1.02,1.4,1146.77,22.06,6.61,113.87,119.79,120.19,116.96,398.31,591.12,627.47,518.47,428.84,390.21,376.31,330.61,301.07,248.83,3.89,0.61,2013-01-27 10:00:00,0.0,True
2013-01-27 11:00:00,3677.43,2.98,3.12,94.58,24483.64,1.59,0.54,1.05,1.4,1134.67,21.84,6.59,125.6,134.77,142.09,124.57,345.64,520.22,540.76,497.94,427.63,357.38,355.69,314.28,276.36,217.44,3.97,0.61,2013-01-27 10:00:00,60.0,True
2013-01-27 12:00:00,3685.01,2.99,3.1,93.72,24940.18,1.59,0.53,1.06,1.4,1146.78,21.56,6.76,119.07,137.16,146.2,122.45,318.48,459.81,434.27,443.14,393.62,332.21,310.32,277.18,253.36,208.37,3.97,0.63,2013-01-27 11:30:00,30.0,True
2013-01-27 13:00:00,3687.65,2.97,3.1,94.17,24404.37,1.57,0.52,1.05,1.4,1150.85,21.35,6.8,130.17,140.42,153.43,131.08,372.88,494.78,472.17,465.09,388.47,367.03,336.35,289.54,277.75,252.67,3.98,0.63,2013-01-27 11:30:00,90.0,True
2013-01-27 14:00:00,3704.44,2.99,3.09,94.11,24911.09,1.59,0.52,1.07,1.4,1148.42,21.18,6.89,122.43,137.02,140.56,127.1,388.56,494.39,497.92,464.62,401.59,391.42,337.73,301.14,279.12,259.94,3.98,0.62,2013-01-27 13:10:00,50.0,True
2013-01-27 15:00:00,3649.24,3.0,3.13,94.95,25119.7,1.6,0.52,1.08,1.4,1147.17,21.38,6.83,120.91,139.54,143.64,123.53,358.63,500.36,480.79,460.34,400.03,352.68,307.21,276.53,252.99,233.69,3.96,0.52,2013-01-27 14:30:00,30.0,True
2013-01-27 16:00:00,3623.58,3.0,3.13,94.28,23487.72,1.6,0.52,1.08,1.4,1151.08,21.41,6.76,132.81,143.15,152.54,131.2,337.9,479.94,443.32,445.07,401.13,352.89,291.99,260.57,250.33,209.74,3.97,0.52,2013-01-27 14:30:00,90.0,True
2013-01-27 17:00:00,3550.75,3.02,3.16,93.97,23364.38,1.62,0.55,1.07,1.4,1148.89,21.45,6.93,141.87,149.25,149.2,139.48,381.77,524.44,525.0,509.02,410.86,408.81,329.55,282.86,276.06,245.25,3.96,0.45,2013-01-27 16:15:00,45.0,True
2013-01-27 18:00:00,3668.11,2.98,3.11,95.03,23691.76,1.58,0.55,1.03,1.4,1151.29,21.38,6.85,133.73,137.56,139.47,132.38,417.19,574.77,567.79,529.13,426.58,432.61,374.73,344.71,321.44,288.41,3.93,0.45,2013-01-27 16:15:00,105.0,True
2013-01-27 19:00:00,3621.66,3.01,3.16,94.81,24708.92,1.61,0.57,1.04,1.4,1151.53,21.65,6.85,99.31,118.64,111.79,107.12,419.3,565.07,601.33,520.75,416.52,402.25,340.8,308.11,302.12,274.66,3.92,0.59,2013-01-27 18:35:00,25.0,True
2013-01-27 20:00:00,3505.89,2.96,3.06,92.91,23197.53,1.56,0.57,0.99,1.4,1150.94,21.65,6.9,92.67,110.93,116.69,104.18,372.35,562.84,560.36,485.04,413.55,397.58,335.63,296.15,277.02,264.32,3.92,0.58,2013-01-27 19:59:00,1.0,True
2013-01-27 21:00:00,3456.11,2.98,3.09,95.0,23367.69,1.59,0.55,1.04,1.4,1151.78,21.53,6.88,120.64,130.76,143.71,126.49,475.64,721.14,708.46,620.64,462.08,455.02,366.71,317.14,305.84,303.59,3.85,0.58,2013-01-27 19:59:00,61.0,True
2013-01-27 22:00:00,3510.66,2.96,3.06,96.95,22091.79,1.56,0.51,1.05,1.4,1150.47,21.29,6.65,115.95,138.59,130.54,123.63,502.1,733.05,757.15,686.74,499.98,473.35,408.02,368.52,332.2,337.07,3.88,0.58,2013-01-27 19:59:00,121.0,True
2013-01-27 23:00:00,3594.25,2.91,2.98,95.73,23178.01,1.51,0.53,0.98,1.4,1150.43,21.33,6.6,114.04,118.47,118.29,117.09,445.36,695.12,697.88,613.0,474.87,375.65,361.43,329.66,301.21,266.51,3.89,0.62,2013-01-27 22:10:00,50.0,True
2013-01-28 00:00:00,3526.77,2.91,3.03,95.3,21146.84,1.51,0.51,1.01,1.4,1148.46,21.16,6.91,95.15,109.04,104.42,100.43,403.37,518.95,490.65,495.32,434.03,366.57,286.01,309.39,270.78,244.81,3.86,0.55,2013-01-27 23:30:00,30.0,True
2013-01-28 01:00:00,3439.98,2.95,3.04,94.09,21438.43,1.55,0.57,0.98,1.4,1148.88,21.13,7.08,83.2,93.1,89.81,90.53,626.24,717.88,730.22,689.0,503.58,525.98,356.32,347.27,325.41,361.29,3.89,0.59,2013-01-28 00:45:00,15.0,True
2013-01-28 02:00:00,3545.79,2.87,2.98,93.59,23306.7,1.47,0.48,0.99,1.4,1148.46,21.45,6.91,85.82,99.76,105.3,97.79,670.57,758.22,753.62,699.85,521.49,496.7,359.73,355.93,330.26,393.47,3.95,0.59,2013-01-28 00:45:00,75.0,True
2013-01-28 03:00:00,3632.0,2.9,3.01,94.72,23542.0,1.51,0.5,1.0,1.4,1149.72,21.7,6.74,99.1,110.14,104.61,109.57,609.8,666.54,610.22,609.18,483.17,434.38,339.83,340.77,305.03,344.26,4.02,0.52,2013-01-28 02:25:00,35.0,True
2013-01-28 04:00:00,3554.25,2.95,3.06,96.27,22091.91,1.55,0.55,1.0,1.4,1140.51,21.38,6.91,97.99,104.01,100.59,105.37,619.54,662.23,612.82,580.65,473.29,449.52,338.64,331.08,301.88,352.88,4.04,0.48,2013-01-28 03:45:00,15.0,True
2013-01-28 05:00:00,3587.08,2.91,3.04,96.61,22404.17,1.51,0.53,0.99,1.4,1145.46,21.38,7.01,107.79,114.59,115.45,110.64,568.95,647.54,591.48,602.2,475.87,363.56,307.54,310.21,279.0,331.61,4.02,0.48,2013-01-28 03:45:00,75.0,True
2013-01-28 06:00:00,3573.92,2.91,3.05,95.42,20842.41,1.51,0.53,0.98,1.4,1151.58,21.17,7.03,101.25,118.19,125.31,112.86,515.75,623.74,503.91,541.37,446.47,385.33,298.21,270.97,233.33,278.63,4.02,0.39,2013-01-28 05:35:00,25.0,True
2013-01-28 07:00:00,3680.05,2.92,3.07,95.16,20120.31,1.52,0.54,0.98,1.4,1150.17,20.81,6.98,100.66,118.31,125.6,109.08,511.51,578.24,446.01,484.47,429.46,361.2,305.5,275.85,234.57,272.08,4.0,0.39,2013-01-28 05:35:00,85.0,True
2013-01-28 08:00:00,3697.21,2.95,3.03,94.4,20334.49,1.55,0.57,0.98,1.4,1147.45,20.98,6.92,118.77,121.25,123.99,119.43,508.17,576.78,461.91,501.2,421.82,381.61,325.45,268.25,246.05,255.13,3.92,0.4,2013-01-28 07:35:00,25.0,True
2013-01-28 09:00:00,3651.6,2.96,3.07,94.26,20730.13,1.56,0.55,1.02,1.4,1150.15,21.3,6.91,117.97,127.56,130.58,122.72,469.49,589.21,548.2,554.09,454.96,388.18,335.86,295.82,245.86,236.87,3.9,0.4,2013-01-28 07:35:00,85.0,True
2013-01-28 10:00:00,3659.25,2.95,3.03,92.6,20978.51,1.55,0.52,1.03,1.4,1151.35,21.35,6.85,141.23,145.92,160.09,138.54,505.24,643.53,648.89,600.06,472.92,382.56,350.65,308.14,265.11,251.33,3.92,0.35,2013-01-28 09:15:00,45.0,True
2013-01-28 11:00:00,3668.23,2.93,3.01,91.55,20993.56,1.53,0.48,1.05,1.4,1152.29,21.33,6.78,166.14,160.69,190.65,161.57,609.64,713.85,670.01,609.52,476.51,409.87,366.25,322.19,291.24,297.94,3.86,0.47,2013-01-28 10:35:00,25.0,True
2013-01-28 12:00:00,3707.72,2.88,2.97,91.62,19179.51,1.48,0.47,1.01,1.4,1140.43,21.18,6.72,166.94,161.7,175.53,157.46,594.26,687.81,649.55,619.47,474.41,416.47,349.75,320.73,294.02,303.79,3.87,0.47,2013-01-28 10:35:00,85.0,True
2013-01-28 13:00:00,3716.83,2.88,2.96,92.05,19917.53,1.48,0.49,0.99,1.4,1150.91,21.45,6.72,130.85,144.59,153.43,130.44,561.55,648.15,627.33,611.19,486.36,415.85,343.81,324.81,325.54,319.88,3.85,0.46,2013-01-28 12:25:00,35.0,True
2013-01-28 14:00:00,3716.64,2.89,2.97,91.75,20015.68,1.49,0.49,1.0,1.4,1148.55,21.3,6.62,121.82,137.03,155.46,127.01,716.41,777.8,719.01,688.64,506.25,467.97,382.5,370.42,349.47,420.71,3.8,0.46,2013-01-28 12:25:00,95.0,True
2013-01-28 15:00:00,3680.77,2.91,3.01,90.81,20452.43,1.51,0.48,1.02,1.4,1146.4,21.33,6.6,128.91,138.44,163.88,129.43,715.78,776.34,731.38,710.81,518.55,459.94,389.59,367.81,335.68,414.77,3.94,0.44,2013-01-28 14:15:00,45.0,True
2013-01-28 16:00:00,3559.6,2.91,2.99,88.35,20837.08,1.51,0.56,0.95,1.4,1146.95,21.28,6.89,147.66,151.46,185.65,144.3,627.82,695.15,625.03,659.11,506.15,498.68,403.56,361.49,337.21,424.24,3.95,0.44,2013-01-28 15:50:00,10.0,True
2013-01-28 17:00:00,3428.03,2.86,2.95,86.06,18753.43,1.47,0.59,0.88,1.4,1149.85,21.54,6.93,121.96,127.86,136.91,123.96,599.33,746.09,658.69,662.37,513.41,466.73,411.38,380.82,327.32,461.22,3.94,0.44,2013-01-28 15:50:00,70.0,True
2013-01-28 18:00:00,3280.71,2.81,2.87,83.23,17312.89,1.42,0.6,0.82,1.4,1139.97,21.09,6.82,106.99,112.43,133.94,110.81,582.21,822.08,762.32,682.18,533.97,527.91,435.22,421.39,346.85,466.36,3.88,0.46,2013-01-28 17:40:00,20.0,True
2013-01-28 19:00:00,3341.05,2.78,2.88,79.74,17699.36,1.39,0.52,0.86,1.4,1147.36,20.87,7.11,124.99,128.57,153.74,121.72,568.8,754.43,648.49,676.42,514.35,447.31,391.05,347.09,337.69,381.54,3.87,0.46,2013-01-28 17:40:00,80.0,True
2013-01-28 20:00:00,3354.76,2.8,2.92,79.47,18421.83,1.4,0.48,0.92,1.4,1140.64,20.77,7.17,135.43,130.86,160.06,131.09,528.3,678.76,591.94,638.51,485.43,377.15,338.56,280.02,268.59,311.78,3.85,0.56,2013-01-28 19:35:00,25.0,True
2013-01-28 21:00:00,3456.53,2.89,3.0,81.09,21979.3,1.49,0.5,0.99,1.4,1144.3,21.07,6.88,147.0,144.86,176.16,142.98,598.6,708.31,610.42,646.63,480.17,375.31,344.99,279.88,264.92,296.71,3.86,0.56,2013-01-28 19:35:00,85.0,True
2013-01-28 22:00:00,3443.71,2.86,3.01,81.24,21923.41,1.47,0.49,0.98,1.4,1139.13,20.99,6.82,172.86,158.76,200.97,165.29,611.54,773.38,705.59,710.46,503.18,422.88,383.2,296.57,290.08,319.64,3.85,0.44,2013-01-28 21:10:00,50.0,True
2013-01-28 23:00:00,3549.46,2.91,3.03,82.68,23146.49,1.51,0.51,0.99,1.4,1150.22,20.91,6.66,164.94,169.28,194.83,158.4,660.63,824.08,748.37,727.2,529.32,479.93,427.06,360.8,332.33,377.63,3.88,0.44,2013-01-28 21:10:00,110.0,True
2013-01-29 00:00:00,3512.59,2.93,3.07,81.91,23931.23,1.53,0.56,0.97,1.4,1140.54,21.14,6.7,129.85,133.74,155.86,131.08,608.94,803.49,738.46,674.77,495.23,448.56,402.92,332.01,299.45,347.77,3.91,0.55,2013-01-28 23:25:00,35.0,True
2013-01-29 01:00:00,3601.76,2.93,3.0,82.7,22136.29,1.53,0.57,0.96,1.4,1151.16,21.0,6.62,139.7,136.5,167.87,136.9,615.5,807.64,701.56,715.09,527.68,435.5,414.36,358.71,351.9,372.55,3.91,0.55,2013-01-28 23:25:00,95.0,True
2013-01-29 02:00:00,3549.8,2.92,3.04,82.59,21292.66,1.52,0.59,0.93,1.4,1146.28,20.99,6.63,135.0,137.17,150.73,133.79,523.34,739.32,595.93,633.33,517.84,430.42,385.07,363.3,333.53,326.92,3.89,0.52,2013-01-29 01:20:00,40.0,True
2013-01-29 03:00:00,3555.1,2.9,2.99,81.91,21854.86,1.5,0.57,0.93,1.4,1146.98,21.07,6.36,151.2,157.13,176.88,149.79,554.49,649.89,574.5,628.03,537.07,485.68,396.12,377.26,369.48,349.18,3.89,0.52,2013-01-29 01:20:00,100.0,True
2013-01-29 04:00:00,3536.16,2.92,3.02,81.6,22417.87,1.52,0.5,1.02,1.4,1150.59,21.2,6.43,124.44,126.27,139.91,123.25,419.56,535.57,469.12,567.93,489.81,371.73,307.24,288.44,295.44,268.77,3.9,0.68,2013-01-29 03:15:00,45.0,True
2013-01-29 05:00:00,3581.86,2.92,2.99,82.18,22403.11,1.52,0.51,1.01,1.4,1141.46,20.98,6.72,127.45,127.24,156.59,123.42,424.13,586.59,515.58,611.54,501.35,369.39,326.6,281.24,286.12,279.47,3.96,0.55,2013-01-29 04:40:00,20.0,True
2013-01-29 06:00:00,3574.01,2.9,2.98,81.85,22219.61,1.51,0.51,1.0,1.4,1151.97,20.79,7.06,108.95,116.82,134.61,115.1,502.26,627.94,526.22,594.55,480.5,394.98,351.57,301.01,280.89,293.83,3.97,0.55,2013-01-29 04:40:00,80.0,True
2013-01-29 07:00:00,3568.23,2.89,3.01,81.71,21912.49,1.49,0.51,0.98,1.4,1146.86,20.85,7.07,116.12,119.16,144.94,120.04,579.37,780.75,686.31,653.25,509.54,425.25,378.85,327.62,288.82,314.74,3.96,0.57,2013-01-29 06:20:00,40.0,True
2013-01-29 08:00:00,3574.52,2.92,3.03,81.88,21716.72,1.52,0.52,1.01,1.4,1145.68,20.79,7.01,138.51,133.34,154.55,135.34,565.15,759.47,719.88,701.41,524.45,410.38,374.92,326.97,297.14,315.36,3.94,0.57,2013-01-29 06:20:00,100.0,True
2013-01-29 09:00:00,3652.02,3.0,3.09,82.59,21016.99,1.6,0.54,1.06,1.4,1153.43,20.71,6.77,131.06,138.27,163.78,133.03,541.95,715.04,671.73,690.51,520.84,410.8,395.14,353.27,321.24,298.33,3.97,0.62,2013-01-29 08:15:00,45.0,True
2013-01-29 10:00:00,3719.73,3.0,3.07,84.2,21555.32,1.6,0.55,1.05,1.4,1150.85,20.95,6.25,139.48,139.61,159.35,138.59,474.86,658.55,628.07,671.45,505.69,351.71,363.0,332.12,308.87,278.35,3.95,0.62,2013-01-29 08:15:00,105.0,True
2013-01-29 11:00:00,3587.95,3.01,3.13,84.35,21390.21,1.61,0.55,1.06,1.4,1151.13,21.11,6.48,126.19,127.86,145.34,132.02,505.96,707.78,701.63,678.27,491.74,426.0,371.44,319.1,285.25,286.83,3.85,0.52,2013-01-29 10:10:00,50.0,True
2013-01-29 12:00:00,3591.58,2.99,3.05,83.14,20907.4,1.59,0.58,1.01,1.4,1133.33,21.27,6.51,131.46,133.32,146.23,132.12,626.88,784.54,780.15,774.92,542.31,488.64,423.9,344.76,317.05,320.25,3.82,0.6,2013-01-29 11:40:00,20.0,True
2013-01-29 13:00:00,3521.53,2.97,3.08,83.41,20706.57,1.57,0.51,1.06,1.39,1143.39,21.0,6.53,116.68,127.1,148.79,121.08,605.0,755.36,729.3,741.53,535.91,460.73,414.39,303.44,291.64,331.31,3.91,0.54,2013-01-29 13:00:00,0.0,True
2013-01-29 14:00:00,3543.84,2.95,3.07,84.5,20875.5,1.55,0.53,1.03,1.4,1147.94,21.02,6.51,120.21,121.33,137.93,121.58,593.95,664.96,560.88,669.47,504.66,406.52,347.02,298.96,265.19,306.74,3.87,0.54,2013-01-29 13:00:00,60.0,True
2013-01-29 15:00:00,3566.7,2.92,3.04,83.5,20416.33,1.52,0.53,0.99,1.4,1139.18,20.91,6.6,135.25,128.98,161.68,134.62,541.5,659.98,485.7,623.89,489.74,402.26,336.27,297.38,270.65,271.09,3.91,0.54,2013-01-29 14:20:00,40.0,True
2013-01-29 16:00:00,3592.7,2.96,3.05,84.47,20580.2,1.56,0.51,1.05,1.4,1150.8,20.88,6.61,120.05,126.07,150.78,121.62,469.25,586.65,434.32,575.97,455.01,409.06,327.9,276.92,252.95,242.45,3.95,0.55,2013-01-29 16:00:00,0.0,True
2013-01-29 17:00:00,3568.72,2.97,3.06,84.17,20998.19,1.57,0.52,1.05,1.4,1140.2,21.06,6.57,140.21,132.32,169.48,132.78,480.24,611.39,522.11,584.88,465.78,402.55,362.29,288.55,282.94,284.57,3.93,0.55,2013-01-29 16:00:00,60.0,True
2013-01-29 18:00:00,3572.24,2.97,3.06,85.8,21661.0,1.57,0.52,1.05,1.4,1149.38,21.3,6.47,139.17,138.83,174.08,134.16,447.86,576.53,499.19,545.14,449.35,385.07,346.38,291.7,281.3,279.78,3.97,0.55,2013-01-29 16:00:00,120.0,True
2013-01-29 19:00:00,3641.02,2.96,3.03,85.48,21789.26,1.56,0.5,1.06,1.4,1147.43,21.27,6.42,144.98,149.34,178.52,139.88,406.54,526.09,444.94,510.79,437.27,392.69,354.29,302.95,282.86,281.83,3.94,0.49,2013-01-29 18:10:00,50.0,True
2013-01-29 20:00:00,3649.04,2.94,3.04,86.01,22352.73,1.54,0.53,1.02,1.4,1148.64,21.41,6.46,114.65,123.24,138.27,118.17,492.49,524.77,530.55,511.26,440.86,426.25,410.11,344.47,310.84,293.88,3.9,0.45,2013-01-29 19:45:00,15.0,True
2013-01-29 21:00:00,3610.4,2.99,3.06,85.47,22894.34,1.59,0.54,1.05,1.4,1145.22,21.46,6.62,110.8,117.43,140.66,114.9,489.46,594.52,600.05,538.71,460.69,401.29,382.87,324.27,294.84,278.68,3.97,0.45,2013-01-29 19:45:00,75.0,True
2013-01-29 22:00:00,3537.21,2.96,3.05,85.02,22497.84,1.56,0.53,1.03,1.4,1145.44,21.45,6.71,116.65,121.78,138.1,116.82,470.54,606.78,585.98,527.15,460.95,377.37,371.54,290.2,275.92,245.06,3.96,0.59,2013-01-29 21:30:00,30.0,True
2013-01-29 23:00:00,3583.38,2.96,3.03,83.57,23272.15,1.57,0.51,1.05,1.39,1137.44,21.49,6.73,125.05,131.41,163.37,122.75,479.04,619.45,606.32,525.3,456.34,403.2,354.28,285.98,275.69,259.34,4.05,0.59,2013-01-29 21:30:00,90.0,True
2013-01-30 00:00:00,3582.01,2.95,3.04,83.77,23465.29,1.55,0.52,1.03,1.4,1139.29,21.5,6.81,128.3,129.96,162.92,124.34,449.55,604.79,584.38,580.58,444.23,390.68,353.0,299.67,270.89,278.12,3.96,0.6,2013-01-29 23:35:00,25.0,True
2013-01-30 01:00:00,3591.02,2.94,3.04,84.1,23918.53,1.54,0.54,1.0,1.4,1128.08,21.46,6.88,124.75,128.91,144.75,126.89,466.08,686.1,609.54,576.46,435.31,399.6,397.11,294.99,275.12,295.68,3.92,0.6,2013-01-29 23:35:00,85.0,True
2013-01-30 02:00:00,3616.61,2.96,3.04,83.65,23057.71,1.56,0.56,1.01,1.4,1140.05,21.36,6.85,104.54,112.27,114.09,104.94,532.84,743.28,644.84,671.16,472.84,456.32,419.79,339.59,285.34,309.52,3.93,0.64,2013-01-30 01:25:00,35.0,True
2013-01-30 03:00:00,3664.38,2.92,2.99,83.11,23797.08,1.52,0.48,1.04,1.4,1138.91,21.61,6.75,121.8,121.82,134.91,117.95,505.12,694.85,649.9,624.71,489.57,427.37,363.88,327.24,266.79,321.6,3.91,0.55,2013-01-30 03:00:00,0.0,True
2013-01-30 04:00:00,3660.11,2.92,3.0,83.76,23534.71,1.52,0.48,1.04,1.4,1139.15,21.32,7.1,120.15,125.74,137.05,118.4,449.07,655.85,633.85,565.27,469.0,417.45,328.61,289.64,249.26,275.29,4.01,0.55,2013-01-30 03:00:00,60.0,True
2013-01-30 05:00:00,3634.39,2.9,3.02,82.74,22823.93,1.5,0.49,1.01,1.4,1146.82,21.35,7.24,134.8,132.96,153.86,129.15,485.55,624.51,525.52,525.79,455.24,405.75,333.16,278.24,262.77,275.86,3.97,0.47,2013-01-30 04:40:00,20.0,True
2013-01-30 06:00:00,3618.26,2.93,3.03,83.25,24298.87,1.53,0.51,1.02,1.4,1143.59,21.41,7.26,114.43,115.38,123.78,111.17,463.34,601.92,586.0,611.73,489.06,412.63,331.99,270.26,272.41,299.11,3.99,0.47,2013-01-30 04:40:00,80.0,True
2013-01-30 07:00:00,3603.67,2.89,3.01,82.53,16948.87,1.49,0.52,0.97,1.4,1147.77,20.63,7.62,111.39,116.17,131.52,111.09,547.38,723.38,699.4,730.33,525.97,514.71,364.37,296.2,316.8,334.02,3.89,0.41,2013-01-30 06:25:00,35.0,True
2013-01-30 08:00:00,3601.55,2.88,3.0,82.34,15928.67,1.49,0.56,0.92,1.4,1148.74,20.32,7.5,126.59,122.94,138.96,126.39,584.96,796.45,719.09,747.81,535.56,507.87,440.8,344.93,327.3,366.25,3.91,0.39,2013-01-30 08:00:00,0.0,True
2013-01-30 09:00:00,3550.27,2.9,3.02,82.46,19578.62,1.51,0.56,0.95,1.4,1147.24,20.89,6.77,123.11,132.85,143.12,126.16,641.93,843.05,833.92,739.73,545.81,494.66,498.18,392.77,345.1,410.25,3.89,0.39,2013-01-30 08:00:00,60.0,True
2013-01-30 10:00:00,3582.28,2.78,2.93,81.49,19138.59,1.4,0.45,0.94,1.39,1123.17,20.96,6.75,171.36,170.5,179.65,167.14,513.73,722.56,649.03,647.44,525.31,397.91,407.82,361.03,317.33,322.05,3.91,0.42,2013-01-30 09:55:00,5.0,True
2013-01-30 11:00:00,3611.39,2.78,2.9,81.68,17742.92,1.4,0.41,0.99,1.38,1149.44,20.48,6.93,131.04,130.22,149.95,130.16,444.43,547.39,567.99,513.6,462.0,380.99,344.79,337.81,307.85,298.71,3.88,0.42,2013-01-30 09:55:00,65.0,True
2013-01-30 12:00:00,3629.35,2.81,2.91,82.54,18799.29,1.41,0.39,1.02,1.4,1148.36,20.47,6.78,160.19,160.93,203.36,153.14,596.42,697.38,664.57,664.41,491.24,462.3,439.05,371.28,314.92,362.72,3.84,0.42,2013-01-30 11:40:00,20.0,True
2013-01-30 13:00:00,3650.45,2.85,2.97,84.35,17218.67,1.46,0.46,1.0,1.39,1134.28,20.29,6.69,130.76,132.29,162.34,129.67,713.39,747.43,703.7,673.74,508.72,474.6,441.35,383.58,324.17,375.8,3.83,0.42,2013-01-30 11:40:00,80.0,True
2013-01-30 14:00:00,3685.56,2.88,2.98,86.2,18187.1,1.48,0.47,1.01,1.4,1140.48,20.56,6.44,142.25,146.5,178.19,137.28,761.83,783.88,793.81,748.6,538.92,519.67,464.07,412.79,345.15,396.3,3.83,0.41,2013-01-30 13:15:00,45.0,True
2013-01-30 15:00:00,3648.04,2.89,3.0,87.56,18788.08,1.48,0.48,1.0,1.4,1139.59,20.68,6.45,155.55,155.03,179.91,146.92,716.04,736.06,716.54,738.9,547.85,509.62,448.67,399.0,334.06,360.19,3.93,0.48,2013-01-30 15:00:00,0.0,True
2013-01-30 16:00:00,3678.94,2.9,3.01,86.98,21355.72,1.5,0.47,1.03,1.39,1137.86,20.69,6.3,154.26,167.37,189.3,149.59,649.81,656.85,611.91,668.4,524.13,461.33,421.56,368.67,327.8,334.4,4.0,0.48,2013-01-30 15:00:00,60.0,True
2013-01-30 17:00:00,3632.92,2.93,3.07,87.43,21870.61,1.54,0.49,1.04,1.4,1130.06,20.77,6.41,150.55,150.53,167.58,143.31,418.03,516.57,438.66,552.82,463.26,394.3,360.15,312.24,273.64,252.38,4.01,0.56,2013-01-30 16:30:00,30.0,True
2013-01-30 18:00:00,3681.69,2.93,3.05,87.31,22380.36,1.53,0.49,1.04,1.4,1131.1,20.94,6.4,145.0,149.99,165.72,137.24,402.56,565.59,437.7,530.64,441.97,342.7,319.97,268.51,258.68,222.65,4.02,0.53,2013-01-30 18:00:00,0.0,True
2013-01-30 19:00:00,3626.88,2.93,3.07,86.48,21214.46,1.53,0.5,1.03,1.4,1137.05,20.94,6.47,127.84,134.75,150.49,122.45,320.97,508.13,368.81,493.42,416.03,281.05,259.02,215.82,171.39,176.79,4.01,0.53,2013-01-30 18:00:00,60.0,True
2013-01-30 20:00:00,3653.29,2.96,3.05,87.5,19709.37,1.56,0.53,1.02,1.4,1134.02,20.72,6.49,121.12,131.25,149.23,118.95,321.17,495.62,347.96,481.61,405.23,344.65,296.57,226.05,200.44,198.92,3.99,0.53,2013-01-30 19:10:00,50.0,True
2013-01-30 21:00:00,3648.59,2.9,2.97,86.82,15230.08,1.5,0.51,0.99,1.4,1128.99,19.99,6.77,139.68,139.2,168.82,135.75,369.12,558.52,400.63,490.38,402.22,353.52,319.85,246.94,219.04,204.96,3.97,0.5,2013-01-30 20:50:00,10.0,True
2013-01-30 22:00:00,3615.5,2.92,2.99,86.8,15305.46,1.52,0.52,1.01,1.4,1139.35,20.0,6.82,172.73,160.9,195.69,159.95,432.75,628.45,459.42,546.01,423.34,389.87,368.36,288.53,280.79,256.93,3.93,0.5,2013-01-30 20:50:00,70.0,True
2013-01-30 23:00:00,3587.79,2.93,3.01,86.62,15384.75,1.53,0.52,1.01,1.4,1140.07,20.1,6.75,169.69,167.92,197.66,159.71,416.09,642.27,475.1,567.49,437.71,394.8,372.41,294.81,291.46,291.45,3.93,0.5,2013-01-30 22:55:00,5.0,True
