text,scenario_id,standard_name,relevance,role,unit,source,group_id,split,source_id,source_url
fuel flow rate,steel_reheating_furnace,gas_flow,required,manipulated,Nm3/h,web_approved:steel_furnace_mpc_2023:web_phrase,543bd3090334d51a,external_train,steel_furnace_mpc_2023,https://pmc.ncbi.nlm.nih.gov/articles/PMC10141550/
fuel_flow_rate,steel_reheating_furnace,gas_flow,required,manipulated,Nm3/h,web_approved:steel_furnace_mpc_2023:web_normalized,543bd3090334d51a,external_train,steel_furnace_mpc_2023,https://pmc.ncbi.nlm.nih.gov/articles/PMC10141550/
FUEL_FLOW_RATE,steel_reheating_furnace,gas_flow,required,manipulated,Nm3/h,web_approved:steel_furnace_mpc_2023:web_uppercase,543bd3090334d51a,external_train,steel_furnace_mpc_2023,https://pmc.ncbi.nlm.nih.gov/articles/PMC10141550/
fuelflowrate,steel_reheating_furnace,gas_flow,required,manipulated,Nm3/h,web_approved:steel_furnace_mpc_2023:web_compact,543bd3090334d51a,external_train,steel_furnace_mpc_2023,https://pmc.ncbi.nlm.nih.gov/articles/PMC10141550/
DCS_02_fuel_flow_rate_SP_11,steel_reheating_furnace,gas_flow,required,manipulated,Nm3/h,web_approved:steel_furnace_mpc_2023:web_vendor_tag,543bd3090334d51a,external_train,steel_furnace_mpc_2023,https://pmc.ncbi.nlm.nih.gov/articles/PMC10141550/
Unit3.fuel_flow_rate.AI,steel_reheating_furnace,gas_flow,required,manipulated,Nm3/h,web_approved:steel_furnace_mpc_2023:web_channel_tag,543bd3090334d51a,external_train,steel_furnace_mpc_2023,https://pmc.ncbi.nlm.nih.gov/articles/PMC10141550/
fuel flow rate[Nm3/h],steel_reheating_furnace,gas_flow,required,manipulated,Nm3/h,web_approved:steel_furnace_mpc_2023:web_unit_bracket,543bd3090334d51a,external_train,steel_furnace_mpc_2023,https://pmc.ncbi.nlm.nih.gov/articles/PMC10141550/
zone fuel flow,steel_reheating_furnace,gas_flow,required,manipulated,Nm3/h,web_approved:steel_furnace_mpc_2023:web_phrase,e950f584a24cdd5d,external_train,steel_furnace_mpc_2023,https://pmc.ncbi.nlm.nih.gov/articles/PMC10141550/
zone_fuel_flow,steel_reheating_furnace,gas_flow,required,manipulated,Nm3/h,web_approved:steel_furnace_mpc_2023:web_normalized,e950f584a24cdd5d,external_train,steel_furnace_mpc_2023,https://pmc.ncbi.nlm.nih.gov/articles/PMC10141550/
ZONE_FUEL_FLOW,steel_reheating_furnace,gas_flow,required,manipulated,Nm3/h,web_approved:steel_furnace_mpc_2023:web_uppercase,e950f584a24cdd5d,external_train,steel_furnace_mpc_2023,https://pmc.ncbi.nlm.nih.gov/articles/PMC10141550/
zonefuelflow,steel_reheating_furnace,gas_flow,required,manipulated,Nm3/h,web_approved:steel_furnace_mpc_2023:web_compact,e950f584a24cdd5d,external_train,steel_furnace_mpc_2023,https://pmc.ncbi.nlm.nih.gov/articles/PMC10141550/
DCS_02_zone_fuel_flow_SP_11,steel_reheating_furnace,gas_flow,required,manipulated,Nm3/h,web_approved:steel_furnace_mpc_2023:web_vendor_tag,e950f584a24cdd5d,external_train,steel_furnace_mpc_2023,https://pmc.ncbi.nlm.nih.gov/articles/PMC10141550/
Unit3.zone_fuel_flow.AI,steel_reheating_furnace,gas_flow,required,manipulated,Nm3/h,web_approved:steel_furnace_mpc_2023:web_channel_tag,e950f584a24cdd5d,external_train,steel_furnace_mpc_2023,https://pmc.ncbi.nlm.nih.gov/articles/PMC10141550/
zone fuel flow[Nm3/h],steel_reheating_furnace,gas_flow,required,manipulated,Nm3/h,web_approved:steel_furnace_mpc_2023:web_unit_bracket,e950f584a24cdd5d,external_train,steel_furnace_mpc_2023,https://pmc.ncbi.nlm.nih.gov/articles/PMC10141550/
natural gas flow rate,steel_reheating_furnace,gas_flow,required,manipulated,Nm3/h,web_approved:steel_furnace_monitoring_2025:web_phrase,652f4b6ae897c423,external_train,steel_furnace_monitoring_2025,https://pmc.ncbi.nlm.nih.gov/articles/PMC11983217/
natural_gas_flow_rate,steel_reheating_furnace,gas_flow,required,manipulated,Nm3/h,web_approved:steel_furnace_monitoring_2025:web_normalized,652f4b6ae897c423,external_train,steel_furnace_monitoring_2025,https://pmc.ncbi.nlm.nih.gov/articles/PMC11983217/
NATURAL_GAS_FLOW_RATE,steel_reheating_furnace,gas_flow,required,manipulated,Nm3/h,web_approved:steel_furnace_monitoring_2025:web_uppercase,652f4b6ae897c423,external_train,steel_furnace_monitoring_2025,https://pmc.ncbi.nlm.nih.gov/articles/PMC11983217/
naturalgasflowrate,steel_reheating_furnace,gas_flow,required,manipulated,Nm3/h,web_approved:steel_furnace_monitoring_2025:web_compact,652f4b6ae897c423,external_train,steel_furnace_monitoring_2025,https://pmc.ncbi.nlm.nih.gov/articles/PMC11983217/
DCS_02_natural_gas_flow_rate_SP_11,steel_reheating_furnace,gas_flow,required,manipulated,Nm3/h,web_approved:steel_furnace_monitoring_2025:web_vendor_tag,652f4b6ae897c423,external_train,steel_furnace_monitoring_2025,https://pmc.ncbi.nlm.nih.gov/articles/PMC11983217/
Unit3.natural_gas_flow_rate.AI,steel_reheating_furnace,gas_flow,required,manipulated,Nm3/h,web_approved:steel_furnace_monitoring_2025:web_channel_tag,652f4b6ae897c423,external_train,steel_furnace_monitoring_2025,https://pmc.ncbi.nlm.nih.gov/articles/PMC11983217/
natural gas flow rate[Nm3/h],steel_reheating_furnace,gas_flow,required,manipulated,Nm3/h,web_approved:steel_furnace_monitoring_2025:web_unit_bracket,652f4b6ae897c423,external_train,steel_furnace_monitoring_2025,https://pmc.ncbi.nlm.nih.gov/articles/PMC11983217/
preheating zone gas flow,steel_reheating_furnace,gas_flow,required,manipulated,Nm3/h,web_approved:steel_furnace_monitoring_2025:web_phrase,21d45009fa895976,external_train,steel_furnace_monitoring_2025,https://pmc.ncbi.nlm.nih.gov/articles/PMC11983217/
preheating_zone_gas_flow,steel_reheating_furnace,gas_flow,required,manipulated,Nm3/h,web_approved:steel_furnace_monitoring_2025:web_normalized,21d45009fa895976,external_train,steel_furnace_monitoring_2025,https://pmc.ncbi.nlm.nih.gov/articles/PMC11983217/
PREHEATING_ZONE_GAS_FLOW,steel_reheating_furnace,gas_flow,required,manipulated,Nm3/h,web_approved:steel_furnace_monitoring_2025:web_uppercase,21d45009fa895976,external_train,steel_furnace_monitoring_2025,https://pmc.ncbi.nlm.nih.gov/articles/PMC11983217/
preheatingzonegasflow,steel_reheating_furnace,gas_flow,required,manipulated,Nm3/h,web_approved:steel_furnace_monitoring_2025:web_compact,21d45009fa895976,external_train,steel_furnace_monitoring_2025,https://pmc.ncbi.nlm.nih.gov/articles/PMC11983217/
DCS_02_preheating_zone_gas_flow_SP_11,steel_reheating_furnace,gas_flow,required,manipulated,Nm3/h,web_approved:steel_furnace_monitoring_2025:web_vendor_tag,21d45009fa895976,external_train,steel_furnace_monitoring_2025,https://pmc.ncbi.nlm.nih.gov/articles/PMC11983217/
Unit3.preheating_zone_gas_flow.AI,steel_reheating_furnace,gas_flow,required,manipulated,Nm3/h,web_approved:steel_furnace_monitoring_2025:web_channel_tag,21d45009fa895976,external_train,steel_furnace_monitoring_2025,https://pmc.ncbi.nlm.nih.gov/articles/PMC11983217/
preheating zone gas flow[Nm3/h],steel_reheating_furnace,gas_flow,required,manipulated,Nm3/h,web_approved:steel_furnace_monitoring_2025:web_unit_bracket,21d45009fa895976,external_train,steel_furnace_monitoring_2025,https://pmc.ncbi.nlm.nih.gov/articles/PMC11983217/
heating zone gas flow,steel_reheating_furnace,gas_flow,required,manipulated,Nm3/h,web_approved:steel_furnace_monitoring_2025:web_phrase,335e4e16552f9455,external_train,steel_furnace_monitoring_2025,https://pmc.ncbi.nlm.nih.gov/articles/PMC11983217/
heating_zone_gas_flow,steel_reheating_furnace,gas_flow,required,manipulated,Nm3/h,web_approved:steel_furnace_monitoring_2025:web_normalized,335e4e16552f9455,external_train,steel_furnace_monitoring_2025,https://pmc.ncbi.nlm.nih.gov/articles/PMC11983217/
HEATING_ZONE_GAS_FLOW,steel_reheating_furnace,gas_flow,required,manipulated,Nm3/h,web_approved:steel_furnace_monitoring_2025:web_uppercase,335e4e16552f9455,external_train,steel_furnace_monitoring_2025,https://pmc.ncbi.nlm.nih.gov/articles/PMC11983217/
heatingzonegasflow,steel_reheating_furnace,gas_flow,required,manipulated,Nm3/h,web_approved:steel_furnace_monitoring_2025:web_compact,335e4e16552f9455,external_train,steel_furnace_monitoring_2025,https://pmc.ncbi.nlm.nih.gov/articles/PMC11983217/
DCS_02_heating_zone_gas_flow_SP_11,steel_reheating_furnace,gas_flow,required,manipulated,Nm3/h,web_approved:steel_furnace_monitoring_2025:web_vendor_tag,335e4e16552f9455,external_train,steel_furnace_monitoring_2025,https://pmc.ncbi.nlm.nih.gov/articles/PMC11983217/
Unit3.heating_zone_gas_flow.AI,steel_reheating_furnace,gas_flow,required,manipulated,Nm3/h,web_approved:steel_furnace_monitoring_2025:web_channel_tag,335e4e16552f9455,external_train,steel_furnace_monitoring_2025,https://pmc.ncbi.nlm.nih.gov/articles/PMC11983217/
heating zone gas flow[Nm3/h],steel_reheating_furnace,gas_flow,required,manipulated,Nm3/h,web_approved:steel_furnace_monitoring_2025:web_unit_bracket,335e4e16552f9455,external_train,steel_furnace_monitoring_2025,https://pmc.ncbi.nlm.nih.gov/articles/PMC11983217/
combustion air flow,steel_reheating_furnace,air_flow,required,manipulated,Nm3/h,web_approved:steel_furnace_mpc_2023:web_phrase,8e4e274dc0320e57,external_train,steel_furnace_mpc_2023,https://pmc.ncbi.nlm.nih.gov/articles/PMC10141550/
combustion_air_flow,steel_reheating_furnace,air_flow,required,manipulated,Nm3/h,web_approved:steel_furnace_mpc_2023:web_normalized,8e4e274dc0320e57,external_train,steel_furnace_mpc_2023,https://pmc.ncbi.nlm.nih.gov/articles/PMC10141550/
COMBUSTION_AIR_FLOW,steel_reheating_furnace,air_flow,required,manipulated,Nm3/h,web_approved:steel_furnace_mpc_2023:web_uppercase,8e4e274dc0320e57,external_train,steel_furnace_mpc_2023,https://pmc.ncbi.nlm.nih.gov/articles/PMC10141550/
combustionairflow,steel_reheating_furnace,air_flow,required,manipulated,Nm3/h,web_approved:steel_furnace_mpc_2023:web_compact,8e4e274dc0320e57,external_train,steel_furnace_mpc_2023,https://pmc.ncbi.nlm.nih.gov/articles/PMC10141550/
DCS_02_combustion_air_flow_SP_11,steel_reheating_furnace,air_flow,required,manipulated,Nm3/h,web_approved:steel_furnace_mpc_2023:web_vendor_tag,8e4e274dc0320e57,external_train,steel_furnace_mpc_2023,https://pmc.ncbi.nlm.nih.gov/articles/PMC10141550/
Unit3.combustion_air_flow.AI,steel_reheating_furnace,air_flow,required,manipulated,Nm3/h,web_approved:steel_furnace_mpc_2023:web_channel_tag,8e4e274dc0320e57,external_train,steel_furnace_mpc_2023,https://pmc.ncbi.nlm.nih.gov/articles/PMC10141550/
combustion air flow[Nm3/h],steel_reheating_furnace,air_flow,required,manipulated,Nm3/h,web_approved:steel_furnace_mpc_2023:web_unit_bracket,8e4e274dc0320e57,external_train,steel_furnace_mpc_2023,https://pmc.ncbi.nlm.nih.gov/articles/PMC10141550/
zone air flow,steel_reheating_furnace,air_flow,required,manipulated,Nm3/h,web_approved:steel_furnace_mpc_2023:web_phrase,8a8b45585710e777,external_train,steel_furnace_mpc_2023,https://pmc.ncbi.nlm.nih.gov/articles/PMC10141550/
zone_air_flow,steel_reheating_furnace,air_flow,required,manipulated,Nm3/h,web_approved:steel_furnace_mpc_2023:web_normalized,8a8b45585710e777,external_train,steel_furnace_mpc_2023,https://pmc.ncbi.nlm.nih.gov/articles/PMC10141550/
ZONE_AIR_FLOW,steel_reheating_furnace,air_flow,required,manipulated,Nm3/h,web_approved:steel_furnace_mpc_2023:web_uppercase,8a8b45585710e777,external_train,steel_furnace_mpc_2023,https://pmc.ncbi.nlm.nih.gov/articles/PMC10141550/
zoneairflow,steel_reheating_furnace,air_flow,required,manipulated,Nm3/h,web_approved:steel_furnace_mpc_2023:web_compact,8a8b45585710e777,external_train,steel_furnace_mpc_2023,https://pmc.ncbi.nlm.nih.gov/articles/PMC10141550/
DCS_02_zone_air_flow_SP_11,steel_reheating_furnace,air_flow,required,manipulated,Nm3/h,web_approved:steel_furnace_mpc_2023:web_vendor_tag,8a8b45585710e777,external_train,steel_furnace_mpc_2023,https://pmc.ncbi.nlm.nih.gov/articles/PMC10141550/
Unit3.zone_air_flow.AI,steel_reheating_furnace,air_flow,required,manipulated,Nm3/h,web_approved:steel_furnace_mpc_2023:web_channel_tag,8a8b45585710e777,external_train,steel_furnace_mpc_2023,https://pmc.ncbi.nlm.nih.gov/articles/PMC10141550/
zone air flow[Nm3/h],steel_reheating_furnace,air_flow,required,manipulated,Nm3/h,web_approved:steel_furnace_mpc_2023:web_unit_bracket,8a8b45585710e777,external_train,steel_furnace_mpc_2023,https://pmc.ncbi.nlm.nih.gov/articles/PMC10141550/
preheating zone temperature,steel_reheating_furnace,furnace_zone1_temp,required,controlled,degC,web_approved:steel_furnace_monitoring_2025:web_phrase,5b71050a8504be65,external_train,steel_furnace_monitoring_2025,https://pmc.ncbi.nlm.nih.gov/articles/PMC11983217/
preheating_zone_temperature,steel_reheating_furnace,furnace_zone1_temp,required,controlled,degC,web_approved:steel_furnace_monitoring_2025:web_normalized,5b71050a8504be65,external_train,steel_furnace_monitoring_2025,https://pmc.ncbi.nlm.nih.gov/articles/PMC11983217/
PREHEATING_ZONE_TEMPERATURE,steel_reheating_furnace,furnace_zone1_temp,required,controlled,degC,web_approved:steel_furnace_monitoring_2025:web_uppercase,5b71050a8504be65,external_train,steel_furnace_monitoring_2025,https://pmc.ncbi.nlm.nih.gov/articles/PMC11983217/
preheatingzonetemperature,steel_reheating_furnace,furnace_zone1_temp,required,controlled,degC,web_approved:steel_furnace_monitoring_2025:web_compact,5b71050a8504be65,external_train,steel_furnace_monitoring_2025,https://pmc.ncbi.nlm.nih.gov/articles/PMC11983217/
DCS_02_preheating_zone_temperature_PV_11,steel_reheating_furnace,furnace_zone1_temp,required,controlled,degC,web_approved:steel_furnace_monitoring_2025:web_vendor_tag,5b71050a8504be65,external_train,steel_furnace_monitoring_2025,https://pmc.ncbi.nlm.nih.gov/articles/PMC11983217/
Unit3.preheating_zone_temperature.AI,steel_reheating_furnace,furnace_zone1_temp,required,controlled,degC,web_approved:steel_furnace_monitoring_2025:web_channel_tag,5b71050a8504be65,external_train,steel_furnace_monitoring_2025,https://pmc.ncbi.nlm.nih.gov/articles/PMC11983217/
preheating zone temperature[degC],steel_reheating_furnace,furnace_zone1_temp,required,controlled,degC,web_approved:steel_furnace_monitoring_2025:web_unit_bracket,5b71050a8504be65,external_train,steel_furnace_monitoring_2025,https://pmc.ncbi.nlm.nih.gov/articles/PMC11983217/
heating zone temperature,steel_reheating_furnace,furnace_zone2_temp,required,controlled,degC,web_approved:steel_furnace_monitoring_2025:web_phrase,bc73c5443f61ccd0,external_train,steel_furnace_monitoring_2025,https://pmc.ncbi.nlm.nih.gov/articles/PMC11983217/
heating_zone_temperature,steel_reheating_furnace,furnace_zone2_temp,required,controlled,degC,web_approved:steel_furnace_monitoring_2025:web_normalized,bc73c5443f61ccd0,external_train,steel_furnace_monitoring_2025,https://pmc.ncbi.nlm.nih.gov/articles/PMC11983217/
HEATING_ZONE_TEMPERATURE,steel_reheating_furnace,furnace_zone2_temp,required,controlled,degC,web_approved:steel_furnace_monitoring_2025:web_uppercase,bc73c5443f61ccd0,external_train,steel_furnace_monitoring_2025,https://pmc.ncbi.nlm.nih.gov/articles/PMC11983217/
heatingzonetemperature,steel_reheating_furnace,furnace_zone2_temp,required,controlled,degC,web_approved:steel_furnace_monitoring_2025:web_compact,bc73c5443f61ccd0,external_train,steel_furnace_monitoring_2025,https://pmc.ncbi.nlm.nih.gov/articles/PMC11983217/
DCS_02_heating_zone_temperature_PV_11,steel_reheating_furnace,furnace_zone2_temp,required,controlled,degC,web_approved:steel_furnace_monitoring_2025:web_vendor_tag,bc73c5443f61ccd0,external_train,steel_furnace_monitoring_2025,https://pmc.ncbi.nlm.nih.gov/articles/PMC11983217/
Unit3.heating_zone_temperature.AI,steel_reheating_furnace,furnace_zone2_temp,required,controlled,degC,web_approved:steel_furnace_monitoring_2025:web_channel_tag,bc73c5443f61ccd0,external_train,steel_furnace_monitoring_2025,https://pmc.ncbi.nlm.nih.gov/articles/PMC11983217/
heating zone temperature[degC],steel_reheating_furnace,furnace_zone2_temp,required,controlled,degC,web_approved:steel_furnace_monitoring_2025:web_unit_bracket,bc73c5443f61ccd0,external_train,steel_furnace_monitoring_2025,https://pmc.ncbi.nlm.nih.gov/articles/PMC11983217/
soaking zone temperature,steel_reheating_furnace,furnace_zone3_temp,required,controlled,degC,web_approved:steel_furnace_mpc_2023:web_phrase,35f4be64d5293bae,external_train,steel_furnace_mpc_2023,https://pmc.ncbi.nlm.nih.gov/articles/PMC10141550/
soaking_zone_temperature,steel_reheating_furnace,furnace_zone3_temp,required,controlled,degC,web_approved:steel_furnace_mpc_2023:web_normalized,35f4be64d5293bae,external_train,steel_furnace_mpc_2023,https://pmc.ncbi.nlm.nih.gov/articles/PMC10141550/
SOAKING_ZONE_TEMPERATURE,steel_reheating_furnace,furnace_zone3_temp,required,controlled,degC,web_approved:steel_furnace_mpc_2023:web_uppercase,35f4be64d5293bae,external_train,steel_furnace_mpc_2023,https://pmc.ncbi.nlm.nih.gov/articles/PMC10141550/
soakingzonetemperature,steel_reheating_furnace,furnace_zone3_temp,required,controlled,degC,web_approved:steel_furnace_mpc_2023:web_compact,35f4be64d5293bae,external_train,steel_furnace_mpc_2023,https://pmc.ncbi.nlm.nih.gov/articles/PMC10141550/
DCS_02_soaking_zone_temperature_PV_11,steel_reheating_furnace,furnace_zone3_temp,required,controlled,degC,web_approved:steel_furnace_mpc_2023:web_vendor_tag,35f4be64d5293bae,external_train,steel_furnace_mpc_2023,https://pmc.ncbi.nlm.nih.gov/articles/PMC10141550/
Unit3.soaking_zone_temperature.AI,steel_reheating_furnace,furnace_zone3_temp,required,controlled,degC,web_approved:steel_furnace_mpc_2023:web_channel_tag,35f4be64d5293bae,external_train,steel_furnace_mpc_2023,https://pmc.ncbi.nlm.nih.gov/articles/PMC10141550/
soaking zone temperature[degC],steel_reheating_furnace,furnace_zone3_temp,required,controlled,degC,web_approved:steel_furnace_mpc_2023:web_unit_bracket,35f4be64d5293bae,external_train,steel_furnace_mpc_2023,https://pmc.ncbi.nlm.nih.gov/articles/PMC10141550/
billet exit temperature,steel_reheating_furnace,slab_discharge_temp,required,controlled,degC,web_approved:steel_furnace_mpc_2023:web_phrase,4c88493467765772,external_train,steel_furnace_mpc_2023,https://pmc.ncbi.nlm.nih.gov/articles/PMC10141550/
billet_exit_temperature,steel_reheating_furnace,slab_discharge_temp,required,controlled,degC,web_approved:steel_furnace_mpc_2023:web_normalized,4c88493467765772,external_train,steel_furnace_mpc_2023,https://pmc.ncbi.nlm.nih.gov/articles/PMC10141550/
BILLET_EXIT_TEMPERATURE,steel_reheating_furnace,slab_discharge_temp,required,controlled,degC,web_approved:steel_furnace_mpc_2023:web_uppercase,4c88493467765772,external_train,steel_furnace_mpc_2023,https://pmc.ncbi.nlm.nih.gov/articles/PMC10141550/
billetexittemperature,steel_reheating_furnace,slab_discharge_temp,required,controlled,degC,web_approved:steel_furnace_mpc_2023:web_compact,4c88493467765772,external_train,steel_furnace_mpc_2023,https://pmc.ncbi.nlm.nih.gov/articles/PMC10141550/
DCS_02_billet_exit_temperature_PV_11,steel_reheating_furnace,slab_discharge_temp,required,controlled,degC,web_approved:steel_furnace_mpc_2023:web_vendor_tag,4c88493467765772,external_train,steel_furnace_mpc_2023,https://pmc.ncbi.nlm.nih.gov/articles/PMC10141550/
Unit3.billet_exit_temperature.AI,steel_reheating_furnace,slab_discharge_temp,required,controlled,degC,web_approved:steel_furnace_mpc_2023:web_channel_tag,4c88493467765772,external_train,steel_furnace_mpc_2023,https://pmc.ncbi.nlm.nih.gov/articles/PMC10141550/
billet exit temperature[degC],steel_reheating_furnace,slab_discharge_temp,required,controlled,degC,web_approved:steel_furnace_mpc_2023:web_unit_bracket,4c88493467765772,external_train,steel_furnace_mpc_2023,https://pmc.ncbi.nlm.nih.gov/articles/PMC10141550/
reheating target temperature,steel_reheating_furnace,slab_discharge_temp,required,controlled,degC,web_approved:steel_furnace_mpc_2023:web_phrase,29d433c9d8bca5ca,external_train,steel_furnace_mpc_2023,https://pmc.ncbi.nlm.nih.gov/articles/PMC10141550/
reheating_target_temperature,steel_reheating_furnace,slab_discharge_temp,required,controlled,degC,web_approved:steel_furnace_mpc_2023:web_normalized,29d433c9d8bca5ca,external_train,steel_furnace_mpc_2023,https://pmc.ncbi.nlm.nih.gov/articles/PMC10141550/
REHEATING_TARGET_TEMPERATURE,steel_reheating_furnace,slab_discharge_temp,required,controlled,degC,web_approved:steel_furnace_mpc_2023:web_uppercase,29d433c9d8bca5ca,external_train,steel_furnace_mpc_2023,https://pmc.ncbi.nlm.nih.gov/articles/PMC10141550/
reheatingtargettemperature,steel_reheating_furnace,slab_discharge_temp,required,controlled,degC,web_approved:steel_furnace_mpc_2023:web_compact,29d433c9d8bca5ca,external_train,steel_furnace_mpc_2023,https://pmc.ncbi.nlm.nih.gov/articles/PMC10141550/
DCS_02_reheating_target_temperature_PV_11,steel_reheating_furnace,slab_discharge_temp,required,controlled,degC,web_approved:steel_furnace_mpc_2023:web_vendor_tag,29d433c9d8bca5ca,external_train,steel_furnace_mpc_2023,https://pmc.ncbi.nlm.nih.gov/articles/PMC10141550/
Unit3.reheating_target_temperature.AI,steel_reheating_furnace,slab_discharge_temp,required,controlled,degC,web_approved:steel_furnace_mpc_2023:web_channel_tag,29d433c9d8bca5ca,external_train,steel_furnace_mpc_2023,https://pmc.ncbi.nlm.nih.gov/articles/PMC10141550/
reheating target temperature[degC],steel_reheating_furnace,slab_discharge_temp,required,controlled,degC,web_approved:steel_furnace_mpc_2023:web_unit_bracket,29d433c9d8bca5ca,external_train,steel_furnace_mpc_2023,https://pmc.ncbi.nlm.nih.gov/articles/PMC10141550/
furnace pressure gauge,steel_reheating_furnace,furnace_pressure,useful,state,Pa,web_approved:steel_furnace_monitoring_2025:web_phrase,a159fc75d0cb27e3,external_train,steel_furnace_monitoring_2025,https://pmc.ncbi.nlm.nih.gov/articles/PMC11983217/
furnace_pressure_gauge,steel_reheating_furnace,furnace_pressure,useful,state,Pa,web_approved:steel_furnace_monitoring_2025:web_normalized,a159fc75d0cb27e3,external_train,steel_furnace_monitoring_2025,https://pmc.ncbi.nlm.nih.gov/articles/PMC11983217/
FURNACE_PRESSURE_GAUGE,steel_reheating_furnace,furnace_pressure,useful,state,Pa,web_approved:steel_furnace_monitoring_2025:web_uppercase,a159fc75d0cb27e3,external_train,steel_furnace_monitoring_2025,https://pmc.ncbi.nlm.nih.gov/articles/PMC11983217/
furnacepressuregauge,steel_reheating_furnace,furnace_pressure,useful,state,Pa,web_approved:steel_furnace_monitoring_2025:web_compact,a159fc75d0cb27e3,external_train,steel_furnace_monitoring_2025,https://pmc.ncbi.nlm.nih.gov/articles/PMC11983217/
DCS_02_furnace_pressure_gauge_PV_11,steel_reheating_furnace,furnace_pressure,useful,state,Pa,web_approved:steel_furnace_monitoring_2025:web_vendor_tag,a159fc75d0cb27e3,external_train,steel_furnace_monitoring_2025,https://pmc.ncbi.nlm.nih.gov/articles/PMC11983217/
Unit3.furnace_pressure_gauge.AI,steel_reheating_furnace,furnace_pressure,useful,state,Pa,web_approved:steel_furnace_monitoring_2025:web_channel_tag,a159fc75d0cb27e3,external_train,steel_furnace_monitoring_2025,https://pmc.ncbi.nlm.nih.gov/articles/PMC11983217/
furnace pressure gauge[Pa],steel_reheating_furnace,furnace_pressure,useful,state,Pa,web_approved:steel_furnace_monitoring_2025:web_unit_bracket,a159fc75d0cb27e3,external_train,steel_furnace_monitoring_2025,https://pmc.ncbi.nlm.nih.gov/articles/PMC11983217/
reflux rate,distillation_column,reflux_flow,required,manipulated,t/h,web_approved:distillation_hssed_2025:web_phrase,45236fe297506c1c,external_train,distillation_hssed_2025,https://www.sciencedirect.com/science/article/pii/S0957582025011516
reflux_rate,distillation_column,reflux_flow,required,manipulated,t/h,web_approved:distillation_hssed_2025:web_normalized,45236fe297506c1c,external_train,distillation_hssed_2025,https://www.sciencedirect.com/science/article/pii/S0957582025011516
REFLUX_RATE,distillation_column,reflux_flow,required,manipulated,t/h,web_approved:distillation_hssed_2025:web_uppercase,45236fe297506c1c,external_train,distillation_hssed_2025,https://www.sciencedirect.com/science/article/pii/S0957582025011516
refluxrate,distillation_column,reflux_flow,required,manipulated,t/h,web_approved:distillation_hssed_2025:web_compact,45236fe297506c1c,external_train,distillation_hssed_2025,https://www.sciencedirect.com/science/article/pii/S0957582025011516
DCS_02_reflux_rate_SP_11,distillation_column,reflux_flow,required,manipulated,t/h,web_approved:distillation_hssed_2025:web_vendor_tag,45236fe297506c1c,external_train,distillation_hssed_2025,https://www.sciencedirect.com/science/article/pii/S0957582025011516
Unit3.reflux_rate.AI,distillation_column,reflux_flow,required,manipulated,t/h,web_approved:distillation_hssed_2025:web_channel_tag,45236fe297506c1c,external_train,distillation_hssed_2025,https://www.sciencedirect.com/science/article/pii/S0957582025011516
reflux rate[t/h],distillation_column,reflux_flow,required,manipulated,t/h,web_approved:distillation_hssed_2025:web_unit_bracket,45236fe297506c1c,external_train,distillation_hssed_2025,https://www.sciencedirect.com/science/article/pii/S0957582025011516
reflux liquid flow rate,distillation_column,reflux_flow,required,manipulated,t/h,web_approved:distillation_hssed_2025:web_phrase,991ea862dd0638b6,external_train,distillation_hssed_2025,https://www.sciencedirect.com/science/article/pii/S0957582025011516
reflux_liquid_flow_rate,distillation_column,reflux_flow,required,manipulated,t/h,web_approved:distillation_hssed_2025:web_normalized,991ea862dd0638b6,external_train,distillation_hssed_2025,https://www.sciencedirect.com/science/article/pii/S0957582025011516
REFLUX_LIQUID_FLOW_RATE,distillation_column,reflux_flow,required,manipulated,t/h,web_approved:distillation_hssed_2025:web_uppercase,991ea862dd0638b6,external_train,distillation_hssed_2025,https://www.sciencedirect.com/science/article/pii/S0957582025011516
refluxliquidflowrate,distillation_column,reflux_flow,required,manipulated,t/h,web_approved:distillation_hssed_2025:web_compact,991ea862dd0638b6,external_train,distillation_hssed_2025,https://www.sciencedirect.com/science/article/pii/S0957582025011516
DCS_02_reflux_liquid_flow_rate_SP_11,distillation_column,reflux_flow,required,manipulated,t/h,web_approved:distillation_hssed_2025:web_vendor_tag,991ea862dd0638b6,external_train,distillation_hssed_2025,https://www.sciencedirect.com/science/article/pii/S0957582025011516
Unit3.reflux_liquid_flow_rate.AI,distillation_column,reflux_flow,required,manipulated,t/h,web_approved:distillation_hssed_2025:web_channel_tag,991ea862dd0638b6,external_train,distillation_hssed_2025,https://www.sciencedirect.com/science/article/pii/S0957582025011516
reflux liquid flow rate[t/h],distillation_column,reflux_flow,required,manipulated,t/h,web_approved:distillation_hssed_2025:web_unit_bracket,991ea862dd0638b6,external_train,distillation_hssed_2025,https://www.sciencedirect.com/science/article/pii/S0957582025011516
reboiler steam flow,distillation_column,steam_flow,required,manipulated,t/h,web_approved:distillation_hssed_2025:web_phrase,e776db7b8ce2f970,external_train,distillation_hssed_2025,https://www.sciencedirect.com/science/article/pii/S0957582025011516
reboiler_steam_flow,distillation_column,steam_flow,required,manipulated,t/h,web_approved:distillation_hssed_2025:web_normalized,e776db7b8ce2f970,external_train,distillation_hssed_2025,https://www.sciencedirect.com/science/article/pii/S0957582025011516
REBOILER_STEAM_FLOW,distillation_column,steam_flow,required,manipulated,t/h,web_approved:distillation_hssed_2025:web_uppercase,e776db7b8ce2f970,external_train,distillation_hssed_2025,https://www.sciencedirect.com/science/article/pii/S0957582025011516
reboilersteamflow,distillation_column,steam_flow,required,manipulated,t/h,web_approved:distillation_hssed_2025:web_compact,e776db7b8ce2f970,external_train,distillation_hssed_2025,https://www.sciencedirect.com/science/article/pii/S0957582025011516
DCS_02_reboiler_steam_flow_SP_11,distillation_column,steam_flow,required,manipulated,t/h,web_approved:distillation_hssed_2025:web_vendor_tag,e776db7b8ce2f970,external_train,distillation_hssed_2025,https://www.sciencedirect.com/science/article/pii/S0957582025011516
Unit3.reboiler_steam_flow.AI,distillation_column,steam_flow,required,manipulated,t/h,web_approved:distillation_hssed_2025:web_channel_tag,e776db7b8ce2f970,external_train,distillation_hssed_2025,https://www.sciencedirect.com/science/article/pii/S0957582025011516
reboiler steam flow[t/h],distillation_column,steam_flow,required,manipulated,t/h,web_approved:distillation_hssed_2025:web_unit_bracket,e776db7b8ce2f970,external_train,distillation_hssed_2025,https://www.sciencedirect.com/science/article/pii/S0957582025011516
heating steam rate,distillation_column,steam_flow,required,manipulated,t/h,web_approved:distillation_hssed_2025:web_phrase,d4473696b1a7f307,external_train,distillation_hssed_2025,https://www.sciencedirect.com/science/article/pii/S0957582025011516
heating_steam_rate,distillation_column,steam_flow,required,manipulated,t/h,web_approved:distillation_hssed_2025:web_normalized,d4473696b1a7f307,external_train,distillation_hssed_2025,https://www.sciencedirect.com/science/article/pii/S0957582025011516
HEATING_STEAM_RATE,distillation_column,steam_flow,required,manipulated,t/h,web_approved:distillation_hssed_2025:web_uppercase,d4473696b1a7f307,external_train,distillation_hssed_2025,https://www.sciencedirect.com/science/article/pii/S0957582025011516
heatingsteamrate,distillation_column,steam_flow,required,manipulated,t/h,web_approved:distillation_hssed_2025:web_compact,d4473696b1a7f307,external_train,distillation_hssed_2025,https://www.sciencedirect.com/science/article/pii/S0957582025011516
DCS_02_heating_steam_rate_SP_11,distillation_column,steam_flow,required,manipulated,t/h,web_approved:distillation_hssed_2025:web_vendor_tag,d4473696b1a7f307,external_train,distillation_hssed_2025,https://www.sciencedirect.com/science/article/pii/S0957582025011516
Unit3.heating_steam_rate.AI,distillation_column,steam_flow,required,manipulated,t/h,web_approved:distillation_hssed_2025:web_channel_tag,d4473696b1a7f307,external_train,distillation_hssed_2025,https://www.sciencedirect.com/science/article/pii/S0957582025011516
heating steam rate[t/h],distillation_column,steam_flow,required,manipulated,t/h,web_approved:distillation_hssed_2025:web_unit_bracket,d4473696b1a7f307,external_train,distillation_hssed_2025,https://www.sciencedirect.com/science/article/pii/S0957582025011516
column feed rate,distillation_column,feed_flow,required,disturbance,t/h,web_approved:distillation_hssed_2025:web_phrase,ee64f391adba476c,external_train,distillation_hssed_2025,https://www.sciencedirect.com/science/article/pii/S0957582025011516
column_feed_rate,distillation_column,feed_flow,required,disturbance,t/h,web_approved:distillation_hssed_2025:web_normalized,ee64f391adba476c,external_train,distillation_hssed_2025,https://www.sciencedirect.com/science/article/pii/S0957582025011516
COLUMN_FEED_RATE,distillation_column,feed_flow,required,disturbance,t/h,web_approved:distillation_hssed_2025:web_uppercase,ee64f391adba476c,external_train,distillation_hssed_2025,https://www.sciencedirect.com/science/article/pii/S0957582025011516
columnfeedrate,distillation_column,feed_flow,required,disturbance,t/h,web_approved:distillation_hssed_2025:web_compact,ee64f391adba476c,external_train,distillation_hssed_2025,https://www.sciencedirect.com/science/article/pii/S0957582025011516
DCS_02_column_feed_rate_PV_11,distillation_column,feed_flow,required,disturbance,t/h,web_approved:distillation_hssed_2025:web_vendor_tag,ee64f391adba476c,external_train,distillation_hssed_2025,https://www.sciencedirect.com/science/article/pii/S0957582025011516
Unit3.column_feed_rate.AI,distillation_column,feed_flow,required,disturbance,t/h,web_approved:distillation_hssed_2025:web_channel_tag,ee64f391adba476c,external_train,distillation_hssed_2025,https://www.sciencedirect.com/science/article/pii/S0957582025011516
column feed rate[t/h],distillation_column,feed_flow,required,disturbance,t/h,web_approved:distillation_hssed_2025:web_unit_bracket,ee64f391adba476c,external_train,distillation_hssed_2025,https://www.sciencedirect.com/science/article/pii/S0957582025011516
feed mass flow,distillation_column,feed_flow,required,disturbance,t/h,web_approved:distillation_hssed_2025:web_phrase,de34d1eb9c083f1f,external_train,distillation_hssed_2025,https://www.sciencedirect.com/science/article/pii/S0957582025011516
feed_mass_flow,distillation_column,feed_flow,required,disturbance,t/h,web_approved:distillation_hssed_2025:web_normalized,de34d1eb9c083f1f,external_train,distillation_hssed_2025,https://www.sciencedirect.com/science/article/pii/S0957582025011516
FEED_MASS_FLOW,distillation_column,feed_flow,required,disturbance,t/h,web_approved:distillation_hssed_2025:web_uppercase,de34d1eb9c083f1f,external_train,distillation_hssed_2025,https://www.sciencedirect.com/science/article/pii/S0957582025011516
feedmassflow,distillation_column,feed_flow,required,disturbance,t/h,web_approved:distillation_hssed_2025:web_compact,de34d1eb9c083f1f,external_train,distillation_hssed_2025,https://www.sciencedirect.com/science/article/pii/S0957582025011516
DCS_02_feed_mass_flow_PV_11,distillation_column,feed_flow,required,disturbance,t/h,web_approved:distillation_hssed_2025:web_vendor_tag,de34d1eb9c083f1f,external_train,distillation_hssed_2025,https://www.sciencedirect.com/science/article/pii/S0957582025011516
Unit3.feed_mass_flow.AI,distillation_column,feed_flow,required,disturbance,t/h,web_approved:distillation_hssed_2025:web_channel_tag,de34d1eb9c083f1f,external_train,distillation_hssed_2025,https://www.sciencedirect.com/science/article/pii/S0957582025011516
feed mass flow[t/h],distillation_column,feed_flow,required,disturbance,t/h,web_approved:distillation_hssed_2025:web_unit_bracket,de34d1eb9c083f1f,external_train,distillation_hssed_2025,https://www.sciencedirect.com/science/article/pii/S0957582025011516
feed inlet temperature,distillation_column,feed_temperature,useful,disturbance,degC,web_approved:distillation_hssed_2025:web_phrase,60dd69273c6e312f,external_train,distillation_hssed_2025,https://www.sciencedirect.com/science/article/pii/S0957582025011516
feed_inlet_temperature,distillation_column,feed_temperature,useful,disturbance,degC,web_approved:distillation_hssed_2025:web_normalized,60dd69273c6e312f,external_train,distillation_hssed_2025,https://www.sciencedirect.com/science/article/pii/S0957582025011516
FEED_INLET_TEMPERATURE,distillation_column,feed_temperature,useful,disturbance,degC,web_approved:distillation_hssed_2025:web_uppercase,60dd69273c6e312f,external_train,distillation_hssed_2025,https://www.sciencedirect.com/science/article/pii/S0957582025011516
feedinlettemperature,distillation_column,feed_temperature,useful,disturbance,degC,web_approved:distillation_hssed_2025:web_compact,60dd69273c6e312f,external_train,distillation_hssed_2025,https://www.sciencedirect.com/science/article/pii/S0957582025011516
DCS_02_feed_inlet_temperature_PV_11,distillation_column,feed_temperature,useful,disturbance,degC,web_approved:distillation_hssed_2025:web_vendor_tag,60dd69273c6e312f,external_train,distillation_hssed_2025,https://www.sciencedirect.com/science/article/pii/S0957582025011516
Unit3.feed_inlet_temperature.AI,distillation_column,feed_temperature,useful,disturbance,degC,web_approved:distillation_hssed_2025:web_channel_tag,60dd69273c6e312f,external_train,distillation_hssed_2025,https://www.sciencedirect.com/science/article/pii/S0957582025011516
feed inlet temperature[degC],distillation_column,feed_temperature,useful,disturbance,degC,web_approved:distillation_hssed_2025:web_unit_bracket,60dd69273c6e312f,external_train,distillation_hssed_2025,https://www.sciencedirect.com/science/article/pii/S0957582025011516
column top temperature,distillation_column,top_temperature,required,controlled,degC,web_approved:distillation_hssed_2025:web_phrase,e16531bc32ba5c17,external_train,distillation_hssed_2025,https://www.sciencedirect.com/science/article/pii/S0957582025011516
column_top_temperature,distillation_column,top_temperature,required,controlled,degC,web_approved:distillation_hssed_2025:web_normalized,e16531bc32ba5c17,external_train,distillation_hssed_2025,https://www.sciencedirect.com/science/article/pii/S0957582025011516
COLUMN_TOP_TEMPERATURE,distillation_column,top_temperature,required,controlled,degC,web_approved:distillation_hssed_2025:web_uppercase,e16531bc32ba5c17,external_train,distillation_hssed_2025,https://www.sciencedirect.com/science/article/pii/S0957582025011516
columntoptemperature,distillation_column,top_temperature,required,controlled,degC,web_approved:distillation_hssed_2025:web_compact,e16531bc32ba5c17,external_train,distillation_hssed_2025,https://www.sciencedirect.com/science/article/pii/S0957582025011516
DCS_02_column_top_temperature_PV_11,distillation_column,top_temperature,required,controlled,degC,web_approved:distillation_hssed_2025:web_vendor_tag,e16531bc32ba5c17,external_train,distillation_hssed_2025,https://www.sciencedirect.com/science/article/pii/S0957582025011516
Unit3.column_top_temperature.AI,distillation_column,top_temperature,required,controlled,degC,web_approved:distillation_hssed_2025:web_channel_tag,e16531bc32ba5c17,external_train,distillation_hssed_2025,https://www.sciencedirect.com/science/article/pii/S0957582025011516
column top temperature[degC],distillation_column,top_temperature,required,controlled,degC,web_approved:distillation_hssed_2025:web_unit_bracket,e16531bc32ba5c17,external_train,distillation_hssed_2025,https://www.sciencedirect.com/science/article/pii/S0957582025011516
overhead temperature,distillation_column,top_temperature,required,controlled,degC,web_approved:distillation_hssed_2025:web_phrase,dcd650ef794fe282,external_train,distillation_hssed_2025,https://www.sciencedirect.com/science/article/pii/S0957582025011516
overhead_temperature,distillation_column,top_temperature,required,controlled,degC,web_approved:distillation_hssed_2025:web_normalized,dcd650ef794fe282,external_train,distillation_hssed_2025,https://www.sciencedirect.com/science/article/pii/S0957582025011516
OVERHEAD_TEMPERATURE,distillation_column,top_temperature,required,controlled,degC,web_approved:distillation_hssed_2025:web_uppercase,dcd650ef794fe282,external_train,distillation_hssed_2025,https://www.sciencedirect.com/science/article/pii/S0957582025011516
overheadtemperature,distillation_column,top_temperature,required,controlled,degC,web_approved:distillation_hssed_2025:web_compact,dcd650ef794fe282,external_train,distillation_hssed_2025,https://www.sciencedirect.com/science/article/pii/S0957582025011516
DCS_02_overhead_temperature_PV_11,distillation_column,top_temperature,required,controlled,degC,web_approved:distillation_hssed_2025:web_vendor_tag,dcd650ef794fe282,external_train,distillation_hssed_2025,https://www.sciencedirect.com/science/article/pii/S0957582025011516
Unit3.overhead_temperature.AI,distillation_column,top_temperature,required,controlled,degC,web_approved:distillation_hssed_2025:web_channel_tag,dcd650ef794fe282,external_train,distillation_hssed_2025,https://www.sciencedirect.com/science/article/pii/S0957582025011516
overhead temperature[degC],distillation_column,top_temperature,required,controlled,degC,web_approved:distillation_hssed_2025:web_unit_bracket,dcd650ef794fe282,external_train,distillation_hssed_2025,https://www.sciencedirect.com/science/article/pii/S0957582025011516
column bottom temperature,distillation_column,bottom_temperature,required,state,degC,web_approved:distillation_hssed_2025:web_phrase,f0cf3fda8269c425,external_train,distillation_hssed_2025,https://www.sciencedirect.com/science/article/pii/S0957582025011516
column_bottom_temperature,distillation_column,bottom_temperature,required,state,degC,web_approved:distillation_hssed_2025:web_normalized,f0cf3fda8269c425,external_train,distillation_hssed_2025,https://www.sciencedirect.com/science/article/pii/S0957582025011516
COLUMN_BOTTOM_TEMPERATURE,distillation_column,bottom_temperature,required,state,degC,web_approved:distillation_hssed_2025:web_uppercase,f0cf3fda8269c425,external_train,distillation_hssed_2025,https://www.sciencedirect.com/science/article/pii/S0957582025011516
columnbottomtemperature,distillation_column,bottom_temperature,required,state,degC,web_approved:distillation_hssed_2025:web_compact,f0cf3fda8269c425,external_train,distillation_hssed_2025,https://www.sciencedirect.com/science/article/pii/S0957582025011516
DCS_02_column_bottom_temperature_PV_11,distillation_column,bottom_temperature,required,state,degC,web_approved:distillation_hssed_2025:web_vendor_tag,f0cf3fda8269c425,external_train,distillation_hssed_2025,https://www.sciencedirect.com/science/article/pii/S0957582025011516
Unit3.column_bottom_temperature.AI,distillation_column,bottom_temperature,required,state,degC,web_approved:distillation_hssed_2025:web_channel_tag,f0cf3fda8269c425,external_train,distillation_hssed_2025,https://www.sciencedirect.com/science/article/pii/S0957582025011516
column bottom temperature[degC],distillation_column,bottom_temperature,required,state,degC,web_approved:distillation_hssed_2025:web_unit_bracket,f0cf3fda8269c425,external_train,distillation_hssed_2025,https://www.sciencedirect.com/science/article/pii/S0957582025011516
reboiler temperature,distillation_column,bottom_temperature,required,state,degC,web_approved:distillation_hssed_2025:web_phrase,0c063a28a9966c75,external_train,distillation_hssed_2025,https://www.sciencedirect.com/science/article/pii/S0957582025011516
reboiler_temperature,distillation_column,bottom_temperature,required,state,degC,web_approved:distillation_hssed_2025:web_normalized,0c063a28a9966c75,external_train,distillation_hssed_2025,https://www.sciencedirect.com/science/article/pii/S0957582025011516
REBOILER_TEMPERATURE,distillation_column,bottom_temperature,required,state,degC,web_approved:distillation_hssed_2025:web_uppercase,0c063a28a9966c75,external_train,distillation_hssed_2025,https://www.sciencedirect.com/science/article/pii/S0957582025011516
reboilertemperature,distillation_column,bottom_temperature,required,state,degC,web_approved:distillation_hssed_2025:web_compact,0c063a28a9966c75,external_train,distillation_hssed_2025,https://www.sciencedirect.com/science/article/pii/S0957582025011516
DCS_02_reboiler_temperature_PV_11,distillation_column,bottom_temperature,required,state,degC,web_approved:distillation_hssed_2025:web_vendor_tag,0c063a28a9966c75,external_train,distillation_hssed_2025,https://www.sciencedirect.com/science/article/pii/S0957582025011516
Unit3.reboiler_temperature.AI,distillation_column,bottom_temperature,required,state,degC,web_approved:distillation_hssed_2025:web_channel_tag,0c063a28a9966c75,external_train,distillation_hssed_2025,https://www.sciencedirect.com/science/article/pii/S0957582025011516
reboiler temperature[degC],distillation_column,bottom_temperature,required,state,degC,web_approved:distillation_hssed_2025:web_unit_bracket,0c063a28a9966c75,external_train,distillation_hssed_2025,https://www.sciencedirect.com/science/article/pii/S0957582025011516
column operating pressure,distillation_column,column_pressure,useful,state,Pa,web_approved:distillation_hssed_2025:web_phrase,7bb8baef4618af76,external_train,distillation_hssed_2025,https://www.sciencedirect.com/science/article/pii/S0957582025011516
column_operating_pressure,distillation_column,column_pressure,useful,state,Pa,web_approved:distillation_hssed_2025:web_normalized,7bb8baef4618af76,external_train,distillation_hssed_2025,https://www.sciencedirect.com/science/article/pii/S0957582025011516
COLUMN_OPERATING_PRESSURE,distillation_column,column_pressure,useful,state,Pa,web_approved:distillation_hssed_2025:web_uppercase,7bb8baef4618af76,external_train,distillation_hssed_2025,https://www.sciencedirect.com/science/article/pii/S0957582025011516
columnoperatingpressure,distillation_column,column_pressure,useful,state,Pa,web_approved:distillation_hssed_2025:web_compact,7bb8baef4618af76,external_train,distillation_hssed_2025,https://www.sciencedirect.com/science/article/pii/S0957582025011516
DCS_02_column_operating_pressure_PV_11,distillation_column,column_pressure,useful,state,Pa,web_approved:distillation_hssed_2025:web_vendor_tag,7bb8baef4618af76,external_train,distillation_hssed_2025,https://www.sciencedirect.com/science/article/pii/S0957582025011516
Unit3.column_operating_pressure.AI,distillation_column,column_pressure,useful,state,Pa,web_approved:distillation_hssed_2025:web_channel_tag,7bb8baef4618af76,external_train,distillation_hssed_2025,https://www.sciencedirect.com/science/article/pii/S0957582025011516
column operating pressure[Pa],distillation_column,column_pressure,useful,state,Pa,web_approved:distillation_hssed_2025:web_unit_bracket,7bb8baef4618af76,external_train,distillation_hssed_2025,https://www.sciencedirect.com/science/article/pii/S0957582025011516
distillate purity,distillation_column,top_product_purity,required,controlled,percent,web_approved:distillation_hssed_2025:web_phrase,ef77e6c5c2413737,external_train,distillation_hssed_2025,https://www.sciencedirect.com/science/article/pii/S0957582025011516
distillate_purity,distillation_column,top_product_purity,required,controlled,percent,web_approved:distillation_hssed_2025:web_normalized,ef77e6c5c2413737,external_train,distillation_hssed_2025,https://www.sciencedirect.com/science/article/pii/S0957582025011516
DISTILLATE_PURITY,distillation_column,top_product_purity,required,controlled,percent,web_approved:distillation_hssed_2025:web_uppercase,ef77e6c5c2413737,external_train,distillation_hssed_2025,https://www.sciencedirect.com/science/article/pii/S0957582025011516
distillatepurity,distillation_column,top_product_purity,required,controlled,percent,web_approved:distillation_hssed_2025:web_compact,ef77e6c5c2413737,external_train,distillation_hssed_2025,https://www.sciencedirect.com/science/article/pii/S0957582025011516
DCS_02_distillate_purity_PV_11,distillation_column,top_product_purity,required,controlled,percent,web_approved:distillation_hssed_2025:web_vendor_tag,ef77e6c5c2413737,external_train,distillation_hssed_2025,https://www.sciencedirect.com/science/article/pii/S0957582025011516
Unit3.distillate_purity.AI,distillation_column,top_product_purity,required,controlled,percent,web_approved:distillation_hssed_2025:web_channel_tag,ef77e6c5c2413737,external_train,distillation_hssed_2025,https://www.sciencedirect.com/science/article/pii/S0957582025011516
distillate purity[percent],distillation_column,top_product_purity,required,controlled,percent,web_approved:distillation_hssed_2025:web_unit_bracket,ef77e6c5c2413737,external_train,distillation_hssed_2025,https://www.sciencedirect.com/science/article/pii/S0957582025011516
overhead product composition,distillation_column,top_product_purity,required,controlled,percent,web_approved:distillation_hssed_2025:web_phrase,963f1aef84c51cff,external_train,distillation_hssed_2025,https://www.sciencedirect.com/science/article/pii/S0957582025011516
overhead_product_composition,distillation_column,top_product_purity,required,controlled,percent,web_approved:distillation_hssed_2025:web_normalized,963f1aef84c51cff,external_train,distillation_hssed_2025,https://www.sciencedirect.com/science/article/pii/S0957582025011516
OVERHEAD_PRODUCT_COMPOSITION,distillation_column,top_product_purity,required,controlled,percent,web_approved:distillation_hssed_2025:web_uppercase,963f1aef84c51cff,external_train,distillation_hssed_2025,https://www.sciencedirect.com/science/article/pii/S0957582025011516
overheadproductcomposition,distillation_column,top_product_purity,required,controlled,percent,web_approved:distillation_hssed_2025:web_compact,963f1aef84c51cff,external_train,distillation_hssed_2025,https://www.sciencedirect.com/science/article/pii/S0957582025011516
DCS_02_overhead_product_composition_PV_11,distillation_column,top_product_purity,required,controlled,percent,web_approved:distillation_hssed_2025:web_vendor_tag,963f1aef84c51cff,external_train,distillation_hssed_2025,https://www.sciencedirect.com/science/article/pii/S0957582025011516
Unit3.overhead_product_composition.AI,distillation_column,top_product_purity,required,controlled,percent,web_approved:distillation_hssed_2025:web_channel_tag,963f1aef84c51cff,external_train,distillation_hssed_2025,https://www.sciencedirect.com/science/article/pii/S0957582025011516
overhead product composition[percent],distillation_column,top_product_purity,required,controlled,percent,web_approved:distillation_hssed_2025:web_unit_bracket,963f1aef84c51cff,external_train,distillation_hssed_2025,https://www.sciencedirect.com/science/article/pii/S0957582025011516
column bottom liquid level,distillation_column,bottom_level,useful,state,percent,web_approved:distillation_hssed_2025:web_phrase,f127a8c2f08a2b3d,external_train,distillation_hssed_2025,https://www.sciencedirect.com/science/article/pii/S0957582025011516
column_bottom_liquid_level,distillation_column,bottom_level,useful,state,percent,web_approved:distillation_hssed_2025:web_normalized,f127a8c2f08a2b3d,external_train,distillation_hssed_2025,https://www.sciencedirect.com/science/article/pii/S0957582025011516
COLUMN_BOTTOM_LIQUID_LEVEL,distillation_column,bottom_level,useful,state,percent,web_approved:distillation_hssed_2025:web_uppercase,f127a8c2f08a2b3d,external_train,distillation_hssed_2025,https://www.sciencedirect.com/science/article/pii/S0957582025011516
columnbottomliquidlevel,distillation_column,bottom_level,useful,state,percent,web_approved:distillation_hssed_2025:web_compact,f127a8c2f08a2b3d,external_train,distillation_hssed_2025,https://www.sciencedirect.com/science/article/pii/S0957582025011516
DCS_02_column_bottom_liquid_level_PV_11,distillation_column,bottom_level,useful,state,percent,web_approved:distillation_hssed_2025:web_vendor_tag,f127a8c2f08a2b3d,external_train,distillation_hssed_2025,https://www.sciencedirect.com/science/article/pii/S0957582025011516
Unit3.column_bottom_liquid_level.AI,distillation_column,bottom_level,useful,state,percent,web_approved:distillation_hssed_2025:web_channel_tag,f127a8c2f08a2b3d,external_train,distillation_hssed_2025,https://www.sciencedirect.com/science/article/pii/S0957582025011516
column bottom liquid level[percent],distillation_column,bottom_level,useful,state,percent,web_approved:distillation_hssed_2025:web_unit_bracket,f127a8c2f08a2b3d,external_train,distillation_hssed_2025,https://www.sciencedirect.com/science/article/pii/S0957582025011516
generator unit load,thermal_power_boiler,unit_load,required,disturbance,MW,web_approved:boiler_oxygen_ieee_2020:web_phrase,f1143001dc733bbe,external_train,boiler_oxygen_ieee_2020,https://research.engineering.uiowa.edu/kusiak/sites/research.engineering.uiowa.edu.kusiak/files/files/IEEE%20Access%202020-1.pdf
generator_unit_load,thermal_power_boiler,unit_load,required,disturbance,MW,web_approved:boiler_oxygen_ieee_2020:web_normalized,f1143001dc733bbe,external_train,boiler_oxygen_ieee_2020,https://research.engineering.uiowa.edu/kusiak/sites/research.engineering.uiowa.edu.kusiak/files/files/IEEE%20Access%202020-1.pdf
GENERATOR_UNIT_LOAD,thermal_power_boiler,unit_load,required,disturbance,MW,web_approved:boiler_oxygen_ieee_2020:web_uppercase,f1143001dc733bbe,external_train,boiler_oxygen_ieee_2020,https://research.engineering.uiowa.edu/kusiak/sites/research.engineering.uiowa.edu.kusiak/files/files/IEEE%20Access%202020-1.pdf
generatorunitload,thermal_power_boiler,unit_load,required,disturbance,MW,web_approved:boiler_oxygen_ieee_2020:web_compact,f1143001dc733bbe,external_train,boiler_oxygen_ieee_2020,https://research.engineering.uiowa.edu/kusiak/sites/research.engineering.uiowa.edu.kusiak/files/files/IEEE%20Access%202020-1.pdf
DCS_02_generator_unit_load_PV_11,thermal_power_boiler,unit_load,required,disturbance,MW,web_approved:boiler_oxygen_ieee_2020:web_vendor_tag,f1143001dc733bbe,external_train,boiler_oxygen_ieee_2020,https://research.engineering.uiowa.edu/kusiak/sites/research.engineering.uiowa.edu.kusiak/files/files/IEEE%20Access%202020-1.pdf
Unit3.generator_unit_load.AI,thermal_power_boiler,unit_load,required,disturbance,MW,web_approved:boiler_oxygen_ieee_2020:web_channel_tag,f1143001dc733bbe,external_train,boiler_oxygen_ieee_2020,https://research.engineering.uiowa.edu/kusiak/sites/research.engineering.uiowa.edu.kusiak/files/files/IEEE%20Access%202020-1.pdf
generator unit load[MW],thermal_power_boiler,unit_load,required,disturbance,MW,web_approved:boiler_oxygen_ieee_2020:web_unit_bracket,f1143001dc733bbe,external_train,boiler_oxygen_ieee_2020,https://research.engineering.uiowa.edu/kusiak/sites/research.engineering.uiowa.edu.kusiak/files/files/IEEE%20Access%202020-1.pdf
active power load,thermal_power_boiler,unit_load,required,disturbance,MW,web_approved:boiler_oxygen_ieee_2020:web_phrase,3b450904c4922c4f,external_train,boiler_oxygen_ieee_2020,https://research.engineering.uiowa.edu/kusiak/sites/research.engineering.uiowa.edu.kusiak/files/files/IEEE%20Access%202020-1.pdf
active_power_load,thermal_power_boiler,unit_load,required,disturbance,MW,web_approved:boiler_oxygen_ieee_2020:web_normalized,3b450904c4922c4f,external_train,boiler_oxygen_ieee_2020,https://research.engineering.uiowa.edu/kusiak/sites/research.engineering.uiowa.edu.kusiak/files/files/IEEE%20Access%202020-1.pdf
ACTIVE_POWER_LOAD,thermal_power_boiler,unit_load,required,disturbance,MW,web_approved:boiler_oxygen_ieee_2020:web_uppercase,3b450904c4922c4f,external_train,boiler_oxygen_ieee_2020,https://research.engineering.uiowa.edu/kusiak/sites/research.engineering.uiowa.edu.kusiak/files/files/IEEE%20Access%202020-1.pdf
activepowerload,thermal_power_boiler,unit_load,required,disturbance,MW,web_approved:boiler_oxygen_ieee_2020:web_compact,3b450904c4922c4f,external_train,boiler_oxygen_ieee_2020,https://research.engineering.uiowa.edu/kusiak/sites/research.engineering.uiowa.edu.kusiak/files/files/IEEE%20Access%202020-1.pdf
DCS_02_active_power_load_PV_11,thermal_power_boiler,unit_load,required,disturbance,MW,web_approved:boiler_oxygen_ieee_2020:web_vendor_tag,3b450904c4922c4f,external_train,boiler_oxygen_ieee_2020,https://research.engineering.uiowa.edu/kusiak/sites/research.engineering.uiowa.edu.kusiak/files/files/IEEE%20Access%202020-1.pdf
Unit3.active_power_load.AI,thermal_power_boiler,unit_load,required,disturbance,MW,web_approved:boiler_oxygen_ieee_2020:web_channel_tag,3b450904c4922c4f,external_train,boiler_oxygen_ieee_2020,https://research.engineering.uiowa.edu/kusiak/sites/research.engineering.uiowa.edu.kusiak/files/files/IEEE%20Access%202020-1.pdf
active power load[MW],thermal_power_boiler,unit_load,required,disturbance,MW,web_approved:boiler_oxygen_ieee_2020:web_unit_bracket,3b450904c4922c4f,external_train,boiler_oxygen_ieee_2020,https://research.engineering.uiowa.edu/kusiak/sites/research.engineering.uiowa.edu.kusiak/files/files/IEEE%20Access%202020-1.pdf
fuel quantity,thermal_power_boiler,coal_flow,required,manipulated,t/h,web_approved:boiler_oxygen_ieee_2020:web_phrase,bfe34e532eed4b8f,external_train,boiler_oxygen_ieee_2020,https://research.engineering.uiowa.edu/kusiak/sites/research.engineering.uiowa.edu.kusiak/files/files/IEEE%20Access%202020-1.pdf
fuel_quantity,thermal_power_boiler,coal_flow,required,manipulated,t/h,web_approved:boiler_oxygen_ieee_2020:web_normalized,bfe34e532eed4b8f,external_train,boiler_oxygen_ieee_2020,https://research.engineering.uiowa.edu/kusiak/sites/research.engineering.uiowa.edu.kusiak/files/files/IEEE%20Access%202020-1.pdf
FUEL_QUANTITY,thermal_power_boiler,coal_flow,required,manipulated,t/h,web_approved:boiler_oxygen_ieee_2020:web_uppercase,bfe34e532eed4b8f,external_train,boiler_oxygen_ieee_2020,https://research.engineering.uiowa.edu/kusiak/sites/research.engineering.uiowa.edu.kusiak/files/files/IEEE%20Access%202020-1.pdf
fuelquantity,thermal_power_boiler,coal_flow,required,manipulated,t/h,web_approved:boiler_oxygen_ieee_2020:web_compact,bfe34e532eed4b8f,external_train,boiler_oxygen_ieee_2020,https://research.engineering.uiowa.edu/kusiak/sites/research.engineering.uiowa.edu.kusiak/files/files/IEEE%20Access%202020-1.pdf
DCS_02_fuel_quantity_SP_11,thermal_power_boiler,coal_flow,required,manipulated,t/h,web_approved:boiler_oxygen_ieee_2020:web_vendor_tag,bfe34e532eed4b8f,external_train,boiler_oxygen_ieee_2020,https://research.engineering.uiowa.edu/kusiak/sites/research.engineering.uiowa.edu.kusiak/files/files/IEEE%20Access%202020-1.pdf
Unit3.fuel_quantity.AI,thermal_power_boiler,coal_flow,required,manipulated,t/h,web_approved:boiler_oxygen_ieee_2020:web_channel_tag,bfe34e532eed4b8f,external_train,boiler_oxygen_ieee_2020,https://research.engineering.uiowa.edu/kusiak/sites/research.engineering.uiowa.edu.kusiak/files/files/IEEE%20Access%202020-1.pdf
fuel quantity[t/h],thermal_power_boiler,coal_flow,required,manipulated,t/h,web_approved:boiler_oxygen_ieee_2020:web_unit_bracket,bfe34e532eed4b8f,external_train,boiler_oxygen_ieee_2020,https://research.engineering.uiowa.edu/kusiak/sites/research.engineering.uiowa.edu.kusiak/files/files/IEEE%20Access%202020-1.pdf
total fuel flow,thermal_power_boiler,coal_flow,required,manipulated,t/h,web_approved:boiler_oxygen_ieee_2020:web_phrase,bc5cf6e22a0c4ef8,external_train,boiler_oxygen_ieee_2020,https://research.engineering.uiowa.edu/kusiak/sites/research.engineering.uiowa.edu.kusiak/files/files/IEEE%20Access%202020-1.pdf
total_fuel_flow,thermal_power_boiler,coal_flow,required,manipulated,t/h,web_approved:boiler_oxygen_ieee_2020:web_normalized,bc5cf6e22a0c4ef8,external_train,boiler_oxygen_ieee_2020,https://research.engineering.uiowa.edu/kusiak/sites/research.engineering.uiowa.edu.kusiak/files/files/IEEE%20Access%202020-1.pdf
TOTAL_FUEL_FLOW,thermal_power_boiler,coal_flow,required,manipulated,t/h,web_approved:boiler_oxygen_ieee_2020:web_uppercase,bc5cf6e22a0c4ef8,external_train,boiler_oxygen_ieee_2020,https://research.engineering.uiowa.edu/kusiak/sites/research.engineering.uiowa.edu.kusiak/files/files/IEEE%20Access%202020-1.pdf
totalfuelflow,thermal_power_boiler,coal_flow,required,manipulated,t/h,web_approved:boiler_oxygen_ieee_2020:web_compact,bc5cf6e22a0c4ef8,external_train,boiler_oxygen_ieee_2020,https://research.engineering.uiowa.edu/kusiak/sites/research.engineering.uiowa.edu.kusiak/files/files/IEEE%20Access%202020-1.pdf
DCS_02_total_fuel_flow_SP_11,thermal_power_boiler,coal_flow,required,manipulated,t/h,web_approved:boiler_oxygen_ieee_2020:web_vendor_tag,bc5cf6e22a0c4ef8,external_train,boiler_oxygen_ieee_2020,https://research.engineering.uiowa.edu/kusiak/sites/research.engineering.uiowa.edu.kusiak/files/files/IEEE%20Access%202020-1.pdf
Unit3.total_fuel_flow.AI,thermal_power_boiler,coal_flow,required,manipulated,t/h,web_approved:boiler_oxygen_ieee_2020:web_channel_tag,bc5cf6e22a0c4ef8,external_train,boiler_oxygen_ieee_2020,https://research.engineering.uiowa.edu/kusiak/sites/research.engineering.uiowa.edu.kusiak/files/files/IEEE%20Access%202020-1.pdf
total fuel flow[t/h],thermal_power_boiler,coal_flow,required,manipulated,t/h,web_approved:boiler_oxygen_ieee_2020:web_unit_bracket,bc5cf6e22a0c4ef8,external_train,boiler_oxygen_ieee_2020,https://research.engineering.uiowa.edu/kusiak/sites/research.engineering.uiowa.edu.kusiak/files/files/IEEE%20Access%202020-1.pdf
primary air rate,thermal_power_boiler,primary_air_flow,useful,manipulated,Nm3/h,web_approved:boiler_oxygen_ieee_2020:web_phrase,752f76cd543e94a8,external_train,boiler_oxygen_ieee_2020,https://research.engineering.uiowa.edu/kusiak/sites/research.engineering.uiowa.edu.kusiak/files/files/IEEE%20Access%202020-1.pdf
primary_air_rate,thermal_power_boiler,primary_air_flow,useful,manipulated,Nm3/h,web_approved:boiler_oxygen_ieee_2020:web_normalized,752f76cd543e94a8,external_train,boiler_oxygen_ieee_2020,https://research.engineering.uiowa.edu/kusiak/sites/research.engineering.uiowa.edu.kusiak/files/files/IEEE%20Access%202020-1.pdf
PRIMARY_AIR_RATE,thermal_power_boiler,primary_air_flow,useful,manipulated,Nm3/h,web_approved:boiler_oxygen_ieee_2020:web_uppercase,752f76cd543e94a8,external_train,boiler_oxygen_ieee_2020,https://research.engineering.uiowa.edu/kusiak/sites/research.engineering.uiowa.edu.kusiak/files/files/IEEE%20Access%202020-1.pdf
primaryairrate,thermal_power_boiler,primary_air_flow,useful,manipulated,Nm3/h,web_approved:boiler_oxygen_ieee_2020:web_compact,752f76cd543e94a8,external_train,boiler_oxygen_ieee_2020,https://research.engineering.uiowa.edu/kusiak/sites/research.engineering.uiowa.edu.kusiak/files/files/IEEE%20Access%202020-1.pdf
DCS_02_primary_air_rate_SP_11,thermal_power_boiler,primary_air_flow,useful,manipulated,Nm3/h,web_approved:boiler_oxygen_ieee_2020:web_vendor_tag,752f76cd543e94a8,external_train,boiler_oxygen_ieee_2020,https://research.engineering.uiowa.edu/kusiak/sites/research.engineering.uiowa.edu.kusiak/files/files/IEEE%20Access%202020-1.pdf
Unit3.primary_air_rate.AI,thermal_power_boiler,primary_air_flow,useful,manipulated,Nm3/h,web_approved:boiler_oxygen_ieee_2020:web_channel_tag,752f76cd543e94a8,external_train,boiler_oxygen_ieee_2020,https://research.engineering.uiowa.edu/kusiak/sites/research.engineering.uiowa.edu.kusiak/files/files/IEEE%20Access%202020-1.pdf
primary air rate[Nm3/h],thermal_power_boiler,primary_air_flow,useful,manipulated,Nm3/h,web_approved:boiler_oxygen_ieee_2020:web_unit_bracket,752f76cd543e94a8,external_train,boiler_oxygen_ieee_2020,https://research.engineering.uiowa.edu/kusiak/sites/research.engineering.uiowa.edu.kusiak/files/files/IEEE%20Access%202020-1.pdf
secondary air rate,thermal_power_boiler,secondary_air_flow,useful,manipulated,Nm3/h,web_approved:boiler_oxygen_ieee_2020:web_phrase,17cc2911999edc00,external_train,boiler_oxygen_ieee_2020,https://research.engineering.uiowa.edu/kusiak/sites/research.engineering.uiowa.edu.kusiak/files/files/IEEE%20Access%202020-1.pdf
secondary_air_rate,thermal_power_boiler,secondary_air_flow,useful,manipulated,Nm3/h,web_approved:boiler_oxygen_ieee_2020:web_normalized,17cc2911999edc00,external_train,boiler_oxygen_ieee_2020,https://research.engineering.uiowa.edu/kusiak/sites/research.engineering.uiowa.edu.kusiak/files/files/IEEE%20Access%202020-1.pdf
SECONDARY_AIR_RATE,thermal_power_boiler,secondary_air_flow,useful,manipulated,Nm3/h,web_approved:boiler_oxygen_ieee_2020:web_uppercase,17cc2911999edc00,external_train,boiler_oxygen_ieee_2020,https://research.engineering.uiowa.edu/kusiak/sites/research.engineering.uiowa.edu.kusiak/files/files/IEEE%20Access%202020-1.pdf
secondaryairrate,thermal_power_boiler,secondary_air_flow,useful,manipulated,Nm3/h,web_approved:boiler_oxygen_ieee_2020:web_compact,17cc2911999edc00,external_train,boiler_oxygen_ieee_2020,https://research.engineering.uiowa.edu/kusiak/sites/research.engineering.uiowa.edu.kusiak/files/files/IEEE%20Access%202020-1.pdf
DCS_02_secondary_air_rate_SP_11,thermal_power_boiler,secondary_air_flow,useful,manipulated,Nm3/h,web_approved:boiler_oxygen_ieee_2020:web_vendor_tag,17cc2911999edc00,external_train,boiler_oxygen_ieee_2020,https://research.engineering.uiowa.edu/kusiak/sites/research.engineering.uiowa.edu.kusiak/files/files/IEEE%20Access%202020-1.pdf
Unit3.secondary_air_rate.AI,thermal_power_boiler,secondary_air_flow,useful,manipulated,Nm3/h,web_approved:boiler_oxygen_ieee_2020:web_channel_tag,17cc2911999edc00,external_train,boiler_oxygen_ieee_2020,https://research.engineering.uiowa.edu/kusiak/sites/research.engineering.uiowa.edu.kusiak/files/files/IEEE%20Access%202020-1.pdf
secondary air rate[Nm3/h],thermal_power_boiler,secondary_air_flow,useful,manipulated,Nm3/h,web_approved:boiler_oxygen_ieee_2020:web_unit_bracket,17cc2911999edc00,external_train,boiler_oxygen_ieee_2020,https://research.engineering.uiowa.edu/kusiak/sites/research.engineering.uiowa.edu.kusiak/files/files/IEEE%20Access%202020-1.pdf
water supply flow,thermal_power_boiler,feedwater_flow,required,manipulated,t/h,web_approved:boiler_oxygen_ieee_2020:web_phrase,eecec257249e1d5b,external_train,boiler_oxygen_ieee_2020,https://research.engineering.uiowa.edu/kusiak/sites/research.engineering.uiowa.edu.kusiak/files/files/IEEE%20Access%202020-1.pdf
water_supply_flow,thermal_power_boiler,feedwater_flow,required,manipulated,t/h,web_approved:boiler_oxygen_ieee_2020:web_normalized,eecec257249e1d5b,external_train,boiler_oxygen_ieee_2020,https://research.engineering.uiowa.edu/kusiak/sites/research.engineering.uiowa.edu.kusiak/files/files/IEEE%20Access%202020-1.pdf
WATER_SUPPLY_FLOW,thermal_power_boiler,feedwater_flow,required,manipulated,t/h,web_approved:boiler_oxygen_ieee_2020:web_uppercase,eecec257249e1d5b,external_train,boiler_oxygen_ieee_2020,https://research.engineering.uiowa.edu/kusiak/sites/research.engineering.uiowa.edu.kusiak/files/files/IEEE%20Access%202020-1.pdf
watersupplyflow,thermal_power_boiler,feedwater_flow,required,manipulated,t/h,web_approved:boiler_oxygen_ieee_2020:web_compact,eecec257249e1d5b,external_train,boiler_oxygen_ieee_2020,https://research.engineering.uiowa.edu/kusiak/sites/research.engineering.uiowa.edu.kusiak/files/files/IEEE%20Access%202020-1.pdf
DCS_02_water_supply_flow_SP_11,thermal_power_boiler,feedwater_flow,required,manipulated,t/h,web_approved:boiler_oxygen_ieee_2020:web_vendor_tag,eecec257249e1d5b,external_train,boiler_oxygen_ieee_2020,https://research.engineering.uiowa.edu/kusiak/sites/research.engineering.uiowa.edu.kusiak/files/files/IEEE%20Access%202020-1.pdf
Unit3.water_supply_flow.AI,thermal_power_boiler,feedwater_flow,required,manipulated,t/h,web_approved:boiler_oxygen_ieee_2020:web_channel_tag,eecec257249e1d5b,external_train,boiler_oxygen_ieee_2020,https://research.engineering.uiowa.edu/kusiak/sites/research.engineering.uiowa.edu.kusiak/files/files/IEEE%20Access%202020-1.pdf
water supply flow[t/h],thermal_power_boiler,feedwater_flow,required,manipulated,t/h,web_approved:boiler_oxygen_ieee_2020:web_unit_bracket,eecec257249e1d5b,external_train,boiler_oxygen_ieee_2020,https://research.engineering.uiowa.edu/kusiak/sites/research.engineering.uiowa.edu.kusiak/files/files/IEEE%20Access%202020-1.pdf
boiler feed water flow,thermal_power_boiler,feedwater_flow,required,manipulated,t/h,web_approved:boiler_oxygen_ieee_2020:web_phrase,0513c1ad5dbe86dd,external_train,boiler_oxygen_ieee_2020,https://research.engineering.uiowa.edu/kusiak/sites/research.engineering.uiowa.edu.kusiak/files/files/IEEE%20Access%202020-1.pdf
boiler_feed_water_flow,thermal_power_boiler,feedwater_flow,required,manipulated,t/h,web_approved:boiler_oxygen_ieee_2020:web_normalized,0513c1ad5dbe86dd,external_train,boiler_oxygen_ieee_2020,https://research.engineering.uiowa.edu/kusiak/sites/research.engineering.uiowa.edu.kusiak/files/files/IEEE%20Access%202020-1.pdf
BOILER_FEED_WATER_FLOW,thermal_power_boiler,feedwater_flow,required,manipulated,t/h,web_approved:boiler_oxygen_ieee_2020:web_uppercase,0513c1ad5dbe86dd,external_train,boiler_oxygen_ieee_2020,https://research.engineering.uiowa.edu/kusiak/sites/research.engineering.uiowa.edu.kusiak/files/files/IEEE%20Access%202020-1.pdf
boilerfeedwaterflow,thermal_power_boiler,feedwater_flow,required,manipulated,t/h,web_approved:boiler_oxygen_ieee_2020:web_compact,0513c1ad5dbe86dd,external_train,boiler_oxygen_ieee_2020,https://research.engineering.uiowa.edu/kusiak/sites/research.engineering.uiowa.edu.kusiak/files/files/IEEE%20Access%202020-1.pdf
DCS_02_boiler_feed_water_flow_SP_11,thermal_power_boiler,feedwater_flow,required,manipulated,t/h,web_approved:boiler_oxygen_ieee_2020:web_vendor_tag,0513c1ad5dbe86dd,external_train,boiler_oxygen_ieee_2020,https://research.engineering.uiowa.edu/kusiak/sites/research.engineering.uiowa.edu.kusiak/files/files/IEEE%20Access%202020-1.pdf
Unit3.boiler_feed_water_flow.AI,thermal_power_boiler,feedwater_flow,required,manipulated,t/h,web_approved:boiler_oxygen_ieee_2020:web_channel_tag,0513c1ad5dbe86dd,external_train,boiler_oxygen_ieee_2020,https://research.engineering.uiowa.edu/kusiak/sites/research.engineering.uiowa.edu.kusiak/files/files/IEEE%20Access%202020-1.pdf
boiler feed water flow[t/h],thermal_power_boiler,feedwater_flow,required,manipulated,t/h,web_approved:boiler_oxygen_ieee_2020:web_unit_bracket,0513c1ad5dbe86dd,external_train,boiler_oxygen_ieee_2020,https://research.engineering.uiowa.edu/kusiak/sites/research.engineering.uiowa.edu.kusiak/files/files/IEEE%20Access%202020-1.pdf
main steam rate,thermal_power_boiler,main_steam_flow,useful,state,t/h,web_approved:boiler_oxygen_ieee_2020:web_phrase,cbe73e87dd5cf975,external_train,boiler_oxygen_ieee_2020,https://research.engineering.uiowa.edu/kusiak/sites/research.engineering.uiowa.edu.kusiak/files/files/IEEE%20Access%202020-1.pdf
main_steam_rate,thermal_power_boiler,main_steam_flow,useful,state,t/h,web_approved:boiler_oxygen_ieee_2020:web_normalized,cbe73e87dd5cf975,external_train,boiler_oxygen_ieee_2020,https://research.engineering.uiowa.edu/kusiak/sites/research.engineering.uiowa.edu.kusiak/files/files/IEEE%20Access%202020-1.pdf
MAIN_STEAM_RATE,thermal_power_boiler,main_steam_flow,useful,state,t/h,web_approved:boiler_oxygen_ieee_2020:web_uppercase,cbe73e87dd5cf975,external_train,boiler_oxygen_ieee_2020,https://research.engineering.uiowa.edu/kusiak/sites/research.engineering.uiowa.edu.kusiak/files/files/IEEE%20Access%202020-1.pdf
mainsteamrate,thermal_power_boiler,main_steam_flow,useful,state,t/h,web_approved:boiler_oxygen_ieee_2020:web_compact,cbe73e87dd5cf975,external_train,boiler_oxygen_ieee_2020,https://research.engineering.uiowa.edu/kusiak/sites/research.engineering.uiowa.edu.kusiak/files/files/IEEE%20Access%202020-1.pdf
DCS_02_main_steam_rate_PV_11,thermal_power_boiler,main_steam_flow,useful,state,t/h,web_approved:boiler_oxygen_ieee_2020:web_vendor_tag,cbe73e87dd5cf975,external_train,boiler_oxygen_ieee_2020,https://research.engineering.uiowa.edu/kusiak/sites/research.engineering.uiowa.edu.kusiak/files/files/IEEE%20Access%202020-1.pdf
Unit3.main_steam_rate.AI,thermal_power_boiler,main_steam_flow,useful,state,t/h,web_approved:boiler_oxygen_ieee_2020:web_channel_tag,cbe73e87dd5cf975,external_train,boiler_oxygen_ieee_2020,https://research.engineering.uiowa.edu/kusiak/sites/research.engineering.uiowa.edu.kusiak/files/files/IEEE%20Access%202020-1.pdf
main steam rate[t/h],thermal_power_boiler,main_steam_flow,useful,state,t/h,web_approved:boiler_oxygen_ieee_2020:web_unit_bracket,cbe73e87dd5cf975,external_train,boiler_oxygen_ieee_2020,https://research.engineering.uiowa.edu/kusiak/sites/research.engineering.uiowa.edu.kusiak/files/files/IEEE%20Access%202020-1.pdf
main steam outlet pressure,thermal_power_boiler,main_steam_pressure,required,controlled,Pa,web_approved:boiler_oxygen_ieee_2020:web_phrase,adb995df4e743a19,external_train,boiler_oxygen_ieee_2020,https://research.engineering.uiowa.edu/kusiak/sites/research.engineering.uiowa.edu.kusiak/files/files/IEEE%20Access%202020-1.pdf
main_steam_outlet_pressure,thermal_power_boiler,main_steam_pressure,required,controlled,Pa,web_approved:boiler_oxygen_ieee_2020:web_normalized,adb995df4e743a19,external_train,boiler_oxygen_ieee_2020,https://research.engineering.uiowa.edu/kusiak/sites/research.engineering.uiowa.edu.kusiak/files/files/IEEE%20Access%202020-1.pdf
MAIN_STEAM_OUTLET_PRESSURE,thermal_power_boiler,main_steam_pressure,required,controlled,Pa,web_approved:boiler_oxygen_ieee_2020:web_uppercase,adb995df4e743a19,external_train,boiler_oxygen_ieee_2020,https://research.engineering.uiowa.edu/kusiak/sites/research.engineering.uiowa.edu.kusiak/files/files/IEEE%20Access%202020-1.pdf
mainsteamoutletpressure,thermal_power_boiler,main_steam_pressure,required,controlled,Pa,web_approved:boiler_oxygen_ieee_2020:web_compact,adb995df4e743a19,external_train,boiler_oxygen_ieee_2020,https://research.engineering.uiowa.edu/kusiak/sites/research.engineering.uiowa.edu.kusiak/files/files/IEEE%20Access%202020-1.pdf
DCS_02_main_steam_outlet_pressure_PV_11,thermal_power_boiler,main_steam_pressure,required,controlled,Pa,web_approved:boiler_oxygen_ieee_2020:web_vendor_tag,adb995df4e743a19,external_train,boiler_oxygen_ieee_2020,https://research.engineering.uiowa.edu/kusiak/sites/research.engineering.uiowa.edu.kusiak/files/files/IEEE%20Access%202020-1.pdf
Unit3.main_steam_outlet_pressure.AI,thermal_power_boiler,main_steam_pressure,required,controlled,Pa,web_approved:boiler_oxygen_ieee_2020:web_channel_tag,adb995df4e743a19,external_train,boiler_oxygen_ieee_2020,https://research.engineering.uiowa.edu/kusiak/sites/research.engineering.uiowa.edu.kusiak/files/files/IEEE%20Access%202020-1.pdf
main steam outlet pressure[Pa],thermal_power_boiler,main_steam_pressure,required,controlled,Pa,web_approved:boiler_oxygen_ieee_2020:web_unit_bracket,adb995df4e743a19,external_train,boiler_oxygen_ieee_2020,https://research.engineering.uiowa.edu/kusiak/sites/research.engineering.uiowa.edu.kusiak/files/files/IEEE%20Access%202020-1.pdf
main steam outlet temperature,thermal_power_boiler,main_steam_temperature,required,controlled,degC,web_approved:boiler_oxygen_ieee_2020:web_phrase,b254566fe1082968,external_train,boiler_oxygen_ieee_2020,https://research.engineering.uiowa.edu/kusiak/sites/research.engineering.uiowa.edu.kusiak/files/files/IEEE%20Access%202020-1.pdf
main_steam_outlet_temperature,thermal_power_boiler,main_steam_temperature,required,controlled,degC,web_approved:boiler_oxygen_ieee_2020:web_normalized,b254566fe1082968,external_train,boiler_oxygen_ieee_2020,https://research.engineering.uiowa.edu/kusiak/sites/research.engineering.uiowa.edu.kusiak/files/files/IEEE%20Access%202020-1.pdf
MAIN_STEAM_OUTLET_TEMPERATURE,thermal_power_boiler,main_steam_temperature,required,controlled,degC,web_approved:boiler_oxygen_ieee_2020:web_uppercase,b254566fe1082968,external_train,boiler_oxygen_ieee_2020,https://research.engineering.uiowa.edu/kusiak/sites/research.engineering.uiowa.edu.kusiak/files/files/IEEE%20Access%202020-1.pdf
mainsteamoutlettemperature,thermal_power_boiler,main_steam_temperature,required,controlled,degC,web_approved:boiler_oxygen_ieee_2020:web_compact,b254566fe1082968,external_train,boiler_oxygen_ieee_2020,https://research.engineering.uiowa.edu/kusiak/sites/research.engineering.uiowa.edu.kusiak/files/files/IEEE%20Access%202020-1.pdf
DCS_02_main_steam_outlet_temperature_PV_11,thermal_power_boiler,main_steam_temperature,required,controlled,degC,web_approved:boiler_oxygen_ieee_2020:web_vendor_tag,b254566fe1082968,external_train,boiler_oxygen_ieee_2020,https://research.engineering.uiowa.edu/kusiak/sites/research.engineering.uiowa.edu.kusiak/files/files/IEEE%20Access%202020-1.pdf
Unit3.main_steam_outlet_temperature.AI,thermal_power_boiler,main_steam_temperature,required,controlled,degC,web_approved:boiler_oxygen_ieee_2020:web_channel_tag,b254566fe1082968,external_train,boiler_oxygen_ieee_2020,https://research.engineering.uiowa.edu/kusiak/sites/research.engineering.uiowa.edu.kusiak/files/files/IEEE%20Access%202020-1.pdf
main steam outlet temperature[degC],thermal_power_boiler,main_steam_temperature,required,controlled,degC,web_approved:boiler_oxygen_ieee_2020:web_unit_bracket,b254566fe1082968,external_train,boiler_oxygen_ieee_2020,https://research.engineering.uiowa.edu/kusiak/sites/research.engineering.uiowa.edu.kusiak/files/files/IEEE%20Access%202020-1.pdf
furnace negative pressure,thermal_power_boiler,furnace_pressure,required,state,Pa,web_approved:boiler_oxygen_ieee_2020:web_phrase,f2bf62545d008d88,external_train,boiler_oxygen_ieee_2020,https://research.engineering.uiowa.edu/kusiak/sites/research.engineering.uiowa.edu.kusiak/files/files/IEEE%20Access%202020-1.pdf
furnace_negative_pressure,thermal_power_boiler,furnace_pressure,required,state,Pa,web_approved:boiler_oxygen_ieee_2020:web_normalized,f2bf62545d008d88,external_train,boiler_oxygen_ieee_2020,https://research.engineering.uiowa.edu/kusiak/sites/research.engineering.uiowa.edu.kusiak/files/files/IEEE%20Access%202020-1.pdf
FURNACE_NEGATIVE_PRESSURE,thermal_power_boiler,furnace_pressure,required,state,Pa,web_approved:boiler_oxygen_ieee_2020:web_uppercase,f2bf62545d008d88,external_train,boiler_oxygen_ieee_2020,https://research.engineering.uiowa.edu/kusiak/sites/research.engineering.uiowa.edu.kusiak/files/files/IEEE%20Access%202020-1.pdf
furnacenegativepressure,thermal_power_boiler,furnace_pressure,required,state,Pa,web_approved:boiler_oxygen_ieee_2020:web_compact,f2bf62545d008d88,external_train,boiler_oxygen_ieee_2020,https://research.engineering.uiowa.edu/kusiak/sites/research.engineering.uiowa.edu.kusiak/files/files/IEEE%20Access%202020-1.pdf
DCS_02_furnace_negative_pressure_PV_11,thermal_power_boiler,furnace_pressure,required,state,Pa,web_approved:boiler_oxygen_ieee_2020:web_vendor_tag,f2bf62545d008d88,external_train,boiler_oxygen_ieee_2020,https://research.engineering.uiowa.edu/kusiak/sites/research.engineering.uiowa.edu.kusiak/files/files/IEEE%20Access%202020-1.pdf
Unit3.furnace_negative_pressure.AI,thermal_power_boiler,furnace_pressure,required,state,Pa,web_approved:boiler_oxygen_ieee_2020:web_channel_tag,f2bf62545d008d88,external_train,boiler_oxygen_ieee_2020,https://research.engineering.uiowa.edu/kusiak/sites/research.engineering.uiowa.edu.kusiak/files/files/IEEE%20Access%202020-1.pdf
furnace negative pressure[Pa],thermal_power_boiler,furnace_pressure,required,state,Pa,web_approved:boiler_oxygen_ieee_2020:web_unit_bracket,f2bf62545d008d88,external_train,boiler_oxygen_ieee_2020,https://research.engineering.uiowa.edu/kusiak/sites/research.engineering.uiowa.edu.kusiak/files/files/IEEE%20Access%202020-1.pdf
oxygen content of boiler flue gas,thermal_power_boiler,flue_gas_o2,required,state,percent,web_approved:boiler_oxygen_ieee_2020:web_phrase,74844193afecc45a,external_train,boiler_oxygen_ieee_2020,https://research.engineering.uiowa.edu/kusiak/sites/research.engineering.uiowa.edu.kusiak/files/files/IEEE%20Access%202020-1.pdf
oxygen_content_of_boiler_flue_gas,thermal_power_boiler,flue_gas_o2,required,state,percent,web_approved:boiler_oxygen_ieee_2020:web_normalized,74844193afecc45a,external_train,boiler_oxygen_ieee_2020,https://research.engineering.uiowa.edu/kusiak/sites/research.engineering.uiowa.edu.kusiak/files/files/IEEE%20Access%202020-1.pdf
OXYGEN_CONTENT_OF_BOILER_FLUE_GAS,thermal_power_boiler,flue_gas_o2,required,state,percent,web_approved:boiler_oxygen_ieee_2020:web_uppercase,74844193afecc45a,external_train,boiler_oxygen_ieee_2020,https://research.engineering.uiowa.edu/kusiak/sites/research.engineering.uiowa.edu.kusiak/files/files/IEEE%20Access%202020-1.pdf
oxygencontentofboilerfluegas,thermal_power_boiler,flue_gas_o2,required,state,percent,web_approved:boiler_oxygen_ieee_2020:web_compact,74844193afecc45a,external_train,boiler_oxygen_ieee_2020,https://research.engineering.uiowa.edu/kusiak/sites/research.engineering.uiowa.edu.kusiak/files/files/IEEE%20Access%202020-1.pdf
DCS_02_oxygen_content_of_boiler_flue_gas_PV_11,thermal_power_boiler,flue_gas_o2,required,state,percent,web_approved:boiler_oxygen_ieee_2020:web_vendor_tag,74844193afecc45a,external_train,boiler_oxygen_ieee_2020,https://research.engineering.uiowa.edu/kusiak/sites/research.engineering.uiowa.edu.kusiak/files/files/IEEE%20Access%202020-1.pdf
Unit3.oxygen_content_of_boiler_flue_gas.AI,thermal_power_boiler,flue_gas_o2,required,state,percent,web_approved:boiler_oxygen_ieee_2020:web_channel_tag,74844193afecc45a,external_train,boiler_oxygen_ieee_2020,https://research.engineering.uiowa.edu/kusiak/sites/research.engineering.uiowa.edu.kusiak/files/files/IEEE%20Access%202020-1.pdf
oxygen content of boiler flue gas[percent],thermal_power_boiler,flue_gas_o2,required,state,percent,web_approved:boiler_oxygen_ieee_2020:web_unit_bracket,74844193afecc45a,external_train,boiler_oxygen_ieee_2020,https://research.engineering.uiowa.edu/kusiak/sites/research.engineering.uiowa.edu.kusiak/files/files/IEEE%20Access%202020-1.pdf
boiler oxygen level,thermal_power_boiler,flue_gas_o2,required,state,percent,web_approved:boiler_oxygen_ieee_2020:web_phrase,6f24dca030471b94,external_train,boiler_oxygen_ieee_2020,https://research.engineering.uiowa.edu/kusiak/sites/research.engineering.uiowa.edu.kusiak/files/files/IEEE%20Access%202020-1.pdf
boiler_oxygen_level,thermal_power_boiler,flue_gas_o2,required,state,percent,web_approved:boiler_oxygen_ieee_2020:web_normalized,6f24dca030471b94,external_train,boiler_oxygen_ieee_2020,https://research.engineering.uiowa.edu/kusiak/sites/research.engineering.uiowa.edu.kusiak/files/files/IEEE%20Access%202020-1.pdf
BOILER_OXYGEN_LEVEL,thermal_power_boiler,flue_gas_o2,required,state,percent,web_approved:boiler_oxygen_ieee_2020:web_uppercase,6f24dca030471b94,external_train,boiler_oxygen_ieee_2020,https://research.engineering.uiowa.edu/kusiak/sites/research.engineering.uiowa.edu.kusiak/files/files/IEEE%20Access%202020-1.pdf
boileroxygenlevel,thermal_power_boiler,flue_gas_o2,required,state,percent,web_approved:boiler_oxygen_ieee_2020:web_compact,6f24dca030471b94,external_train,boiler_oxygen_ieee_2020,https://research.engineering.uiowa.edu/kusiak/sites/research.engineering.uiowa.edu.kusiak/files/files/IEEE%20Access%202020-1.pdf
DCS_02_boiler_oxygen_level_PV_11,thermal_power_boiler,flue_gas_o2,required,state,percent,web_approved:boiler_oxygen_ieee_2020:web_vendor_tag,6f24dca030471b94,external_train,boiler_oxygen_ieee_2020,https://research.engineering.uiowa.edu/kusiak/sites/research.engineering.uiowa.edu.kusiak/files/files/IEEE%20Access%202020-1.pdf
Unit3.boiler_oxygen_level.AI,thermal_power_boiler,flue_gas_o2,required,state,percent,web_approved:boiler_oxygen_ieee_2020:web_channel_tag,6f24dca030471b94,external_train,boiler_oxygen_ieee_2020,https://research.engineering.uiowa.edu/kusiak/sites/research.engineering.uiowa.edu.kusiak/files/files/IEEE%20Access%202020-1.pdf
boiler oxygen level[percent],thermal_power_boiler,flue_gas_o2,required,state,percent,web_approved:boiler_oxygen_ieee_2020:web_unit_bracket,6f24dca030471b94,external_train,boiler_oxygen_ieee_2020,https://research.engineering.uiowa.edu/kusiak/sites/research.engineering.uiowa.edu.kusiak/files/files/IEEE%20Access%202020-1.pdf
combustion chamber temperature,thermal_power_boiler,furnace_temperature,useful,state,degC,web_approved:boiler_oxygen_ieee_2020:web_phrase,796b6ebae9ab9346,external_train,boiler_oxygen_ieee_2020,https://research.engineering.uiowa.edu/kusiak/sites/research.engineering.uiowa.edu.kusiak/files/files/IEEE%20Access%202020-1.pdf
combustion_chamber_temperature,thermal_power_boiler,furnace_temperature,useful,state,degC,web_approved:boiler_oxygen_ieee_2020:web_normalized,796b6ebae9ab9346,external_train,boiler_oxygen_ieee_2020,https://research.engineering.uiowa.edu/kusiak/sites/research.engineering.uiowa.edu.kusiak/files/files/IEEE%20Access%202020-1.pdf
COMBUSTION_CHAMBER_TEMPERATURE,thermal_power_boiler,furnace_temperature,useful,state,degC,web_approved:boiler_oxygen_ieee_2020:web_uppercase,796b6ebae9ab9346,external_train,boiler_oxygen_ieee_2020,https://research.engineering.uiowa.edu/kusiak/sites/research.engineering.uiowa.edu.kusiak/files/files/IEEE%20Access%202020-1.pdf
combustionchambertemperature,thermal_power_boiler,furnace_temperature,useful,state,degC,web_approved:boiler_oxygen_ieee_2020:web_compact,796b6ebae9ab9346,external_train,boiler_oxygen_ieee_2020,https://research.engineering.uiowa.edu/kusiak/sites/research.engineering.uiowa.edu.kusiak/files/files/IEEE%20Access%202020-1.pdf
DCS_02_combustion_chamber_temperature_PV_11,thermal_power_boiler,furnace_temperature,useful,state,degC,web_approved:boiler_oxygen_ieee_2020:web_vendor_tag,796b6ebae9ab9346,external_train,boiler_oxygen_ieee_2020,https://research.engineering.uiowa.edu/kusiak/sites/research.engineering.uiowa.edu.kusiak/files/files/IEEE%20Access%202020-1.pdf
Unit3.combustion_chamber_temperature.AI,thermal_power_boiler,furnace_temperature,useful,state,degC,web_approved:boiler_oxygen_ieee_2020:web_channel_tag,796b6ebae9ab9346,external_train,boiler_oxygen_ieee_2020,https://research.engineering.uiowa.edu/kusiak/sites/research.engineering.uiowa.edu.kusiak/files/files/IEEE%20Access%202020-1.pdf
combustion chamber temperature[degC],thermal_power_boiler,furnace_temperature,useful,state,degC,web_approved:boiler_oxygen_ieee_2020:web_unit_bracket,796b6ebae9ab9346,external_train,boiler_oxygen_ieee_2020,https://research.engineering.uiowa.edu/kusiak/sites/research.engineering.uiowa.edu.kusiak/files/files/IEEE%20Access%202020-1.pdf
kiln feed rate,cement_rotary_kiln,raw_meal_feed,required,manipulated,t/h,web_approved:cement_kiln_model_2022:web_phrase,f968e9ce93fbd64e,external_train,cement_kiln_model_2022,https://www.tandfonline.com/doi/full/10.1080/02726351.2022.2135470
kiln_feed_rate,cement_rotary_kiln,raw_meal_feed,required,manipulated,t/h,web_approved:cement_kiln_model_2022:web_normalized,f968e9ce93fbd64e,external_train,cement_kiln_model_2022,https://www.tandfonline.com/doi/full/10.1080/02726351.2022.2135470
KILN_FEED_RATE,cement_rotary_kiln,raw_meal_feed,required,manipulated,t/h,web_approved:cement_kiln_model_2022:web_uppercase,f968e9ce93fbd64e,external_train,cement_kiln_model_2022,https://www.tandfonline.com/doi/full/10.1080/02726351.2022.2135470
kilnfeedrate,cement_rotary_kiln,raw_meal_feed,required,manipulated,t/h,web_approved:cement_kiln_model_2022:web_compact,f968e9ce93fbd64e,external_train,cement_kiln_model_2022,https://www.tandfonline.com/doi/full/10.1080/02726351.2022.2135470
DCS_02_kiln_feed_rate_SP_11,cement_rotary_kiln,raw_meal_feed,required,manipulated,t/h,web_approved:cement_kiln_model_2022:web_vendor_tag,f968e9ce93fbd64e,external_train,cement_kiln_model_2022,https://www.tandfonline.com/doi/full/10.1080/02726351.2022.2135470
Unit3.kiln_feed_rate.AI,cement_rotary_kiln,raw_meal_feed,required,manipulated,t/h,web_approved:cement_kiln_model_2022:web_channel_tag,f968e9ce93fbd64e,external_train,cement_kiln_model_2022,https://www.tandfonline.com/doi/full/10.1080/02726351.2022.2135470
kiln feed rate[t/h],cement_rotary_kiln,raw_meal_feed,required,manipulated,t/h,web_approved:cement_kiln_model_2022:web_unit_bracket,f968e9ce93fbd64e,external_train,cement_kiln_model_2022,https://www.tandfonline.com/doi/full/10.1080/02726351.2022.2135470
raw meal feed rate,cement_rotary_kiln,raw_meal_feed,required,manipulated,t/h,web_approved:cement_kiln_model_2022:web_phrase,cc79ea96c2b419a2,external_train,cement_kiln_model_2022,https://www.tandfonline.com/doi/full/10.1080/02726351.2022.2135470
raw_meal_feed_rate,cement_rotary_kiln,raw_meal_feed,required,manipulated,t/h,web_approved:cement_kiln_model_2022:web_normalized,cc79ea96c2b419a2,external_train,cement_kiln_model_2022,https://www.tandfonline.com/doi/full/10.1080/02726351.2022.2135470
RAW_MEAL_FEED_RATE,cement_rotary_kiln,raw_meal_feed,required,manipulated,t/h,web_approved:cement_kiln_model_2022:web_uppercase,cc79ea96c2b419a2,external_train,cement_kiln_model_2022,https://www.tandfonline.com/doi/full/10.1080/02726351.2022.2135470
rawmealfeedrate,cement_rotary_kiln,raw_meal_feed,required,manipulated,t/h,web_approved:cement_kiln_model_2022:web_compact,cc79ea96c2b419a2,external_train,cement_kiln_model_2022,https://www.tandfonline.com/doi/full/10.1080/02726351.2022.2135470
DCS_02_raw_meal_feed_rate_SP_11,cement_rotary_kiln,raw_meal_feed,required,manipulated,t/h,web_approved:cement_kiln_model_2022:web_vendor_tag,cc79ea96c2b419a2,external_train,cement_kiln_model_2022,https://www.tandfonline.com/doi/full/10.1080/02726351.2022.2135470
Unit3.raw_meal_feed_rate.AI,cement_rotary_kiln,raw_meal_feed,required,manipulated,t/h,web_approved:cement_kiln_model_2022:web_channel_tag,cc79ea96c2b419a2,external_train,cement_kiln_model_2022,https://www.tandfonline.com/doi/full/10.1080/02726351.2022.2135470
raw meal feed rate[t/h],cement_rotary_kiln,raw_meal_feed,required,manipulated,t/h,web_approved:cement_kiln_model_2022:web_unit_bracket,cc79ea96c2b419a2,external_train,cement_kiln_model_2022,https://www.tandfonline.com/doi/full/10.1080/02726351.2022.2135470
main burner fuel rate,cement_rotary_kiln,coal_feed,required,manipulated,t/h,web_approved:cement_kiln_electronics_2024:web_phrase,4f2bfc574f20365a,external_train,cement_kiln_electronics_2024,https://www.mdpi.com/2079-9292/13/22/4413
main_burner_fuel_rate,cement_rotary_kiln,coal_feed,required,manipulated,t/h,web_approved:cement_kiln_electronics_2024:web_normalized,4f2bfc574f20365a,external_train,cement_kiln_electronics_2024,https://www.mdpi.com/2079-9292/13/22/4413
MAIN_BURNER_FUEL_RATE,cement_rotary_kiln,coal_feed,required,manipulated,t/h,web_approved:cement_kiln_electronics_2024:web_uppercase,4f2bfc574f20365a,external_train,cement_kiln_electronics_2024,https://www.mdpi.com/2079-9292/13/22/4413
mainburnerfuelrate,cement_rotary_kiln,coal_feed,required,manipulated,t/h,web_approved:cement_kiln_electronics_2024:web_compact,4f2bfc574f20365a,external_train,cement_kiln_electronics_2024,https://www.mdpi.com/2079-9292/13/22/4413
DCS_02_main_burner_fuel_rate_SP_11,cement_rotary_kiln,coal_feed,required,manipulated,t/h,web_approved:cement_kiln_electronics_2024:web_vendor_tag,4f2bfc574f20365a,external_train,cement_kiln_electronics_2024,https://www.mdpi.com/2079-9292/13/22/4413
Unit3.main_burner_fuel_rate.AI,cement_rotary_kiln,coal_feed,required,manipulated,t/h,web_approved:cement_kiln_electronics_2024:web_channel_tag,4f2bfc574f20365a,external_train,cement_kiln_electronics_2024,https://www.mdpi.com/2079-9292/13/22/4413
main burner fuel rate[t/h],cement_rotary_kiln,coal_feed,required,manipulated,t/h,web_approved:cement_kiln_electronics_2024:web_unit_bracket,4f2bfc574f20365a,external_train,cement_kiln_electronics_2024,https://www.mdpi.com/2079-9292/13/22/4413
kiln fuel feed,cement_rotary_kiln,coal_feed,required,manipulated,t/h,web_approved:cement_kiln_model_2022:web_phrase,319727dc4eda9805,external_train,cement_kiln_model_2022,https://www.tandfonline.com/doi/full/10.1080/02726351.2022.2135470
kiln_fuel_feed,cement_rotary_kiln,coal_feed,required,manipulated,t/h,web_approved:cement_kiln_model_2022:web_normalized,319727dc4eda9805,external_train,cement_kiln_model_2022,https://www.tandfonline.com/doi/full/10.1080/02726351.2022.2135470
KILN_FUEL_FEED,cement_rotary_kiln,coal_feed,required,manipulated,t/h,web_approved:cement_kiln_model_2022:web_uppercase,319727dc4eda9805,external_train,cement_kiln_model_2022,https://www.tandfonline.com/doi/full/10.1080/02726351.2022.2135470
kilnfuelfeed,cement_rotary_kiln,coal_feed,required,manipulated,t/h,web_approved:cement_kiln_model_2022:web_compact,319727dc4eda9805,external_train,cement_kiln_model_2022,https://www.tandfonline.com/doi/full/10.1080/02726351.2022.2135470
DCS_02_kiln_fuel_feed_SP_11,cement_rotary_kiln,coal_feed,required,manipulated,t/h,web_approved:cement_kiln_model_2022:web_vendor_tag,319727dc4eda9805,external_train,cement_kiln_model_2022,https://www.tandfonline.com/doi/full/10.1080/02726351.2022.2135470
Unit3.kiln_fuel_feed.AI,cement_rotary_kiln,coal_feed,required,manipulated,t/h,web_approved:cement_kiln_model_2022:web_channel_tag,319727dc4eda9805,external_train,cement_kiln_model_2022,https://www.tandfonline.com/doi/full/10.1080/02726351.2022.2135470
kiln fuel feed[t/h],cement_rotary_kiln,coal_feed,required,manipulated,t/h,web_approved:cement_kiln_model_2022:web_unit_bracket,319727dc4eda9805,external_train,cement_kiln_model_2022,https://www.tandfonline.com/doi/full/10.1080/02726351.2022.2135470
calciner fuel rate,cement_rotary_kiln,calciner_coal_feed,useful,manipulated,t/h,web_approved:cement_kiln_electronics_2024:web_phrase,dd0643a343dae8f6,external_train,cement_kiln_electronics_2024,https://www.mdpi.com/2079-9292/13/22/4413
calciner_fuel_rate,cement_rotary_kiln,calciner_coal_feed,useful,manipulated,t/h,web_approved:cement_kiln_electronics_2024:web_normalized,dd0643a343dae8f6,external_train,cement_kiln_electronics_2024,https://www.mdpi.com/2079-9292/13/22/4413
CALCINER_FUEL_RATE,cement_rotary_kiln,calciner_coal_feed,useful,manipulated,t/h,web_approved:cement_kiln_electronics_2024:web_uppercase,dd0643a343dae8f6,external_train,cement_kiln_electronics_2024,https://www.mdpi.com/2079-9292/13/22/4413
calcinerfuelrate,cement_rotary_kiln,calciner_coal_feed,useful,manipulated,t/h,web_approved:cement_kiln_electronics_2024:web_compact,dd0643a343dae8f6,external_train,cement_kiln_electronics_2024,https://www.mdpi.com/2079-9292/13/22/4413
DCS_02_calciner_fuel_rate_SP_11,cement_rotary_kiln,calciner_coal_feed,useful,manipulated,t/h,web_approved:cement_kiln_electronics_2024:web_vendor_tag,dd0643a343dae8f6,external_train,cement_kiln_electronics_2024,https://www.mdpi.com/2079-9292/13/22/4413
Unit3.calciner_fuel_rate.AI,cement_rotary_kiln,calciner_coal_feed,useful,manipulated,t/h,web_approved:cement_kiln_electronics_2024:web_channel_tag,dd0643a343dae8f6,external_train,cement_kiln_electronics_2024,https://www.mdpi.com/2079-9292/13/22/4413
calciner fuel rate[t/h],cement_rotary_kiln,calciner_coal_feed,useful,manipulated,t/h,web_approved:cement_kiln_electronics_2024:web_unit_bracket,dd0643a343dae8f6,external_train,cement_kiln_electronics_2024,https://www.mdpi.com/2079-9292/13/22/4413
precalciner coal feed,cement_rotary_kiln,calciner_coal_feed,useful,manipulated,t/h,web_approved:cement_kiln_model_2022:web_phrase,6f7758baceb968a7,external_train,cement_kiln_model_2022,https://www.tandfonline.com/doi/full/10.1080/02726351.2022.2135470
precalciner_coal_feed,cement_rotary_kiln,calciner_coal_feed,useful,manipulated,t/h,web_approved:cement_kiln_model_2022:web_normalized,6f7758baceb968a7,external_train,cement_kiln_model_2022,https://www.tandfonline.com/doi/full/10.1080/02726351.2022.2135470
PRECALCINER_COAL_FEED,cement_rotary_kiln,calciner_coal_feed,useful,manipulated,t/h,web_approved:cement_kiln_model_2022:web_uppercase,6f7758baceb968a7,external_train,cement_kiln_model_2022,https://www.tandfonline.com/doi/full/10.1080/02726351.2022.2135470
precalcinercoalfeed,cement_rotary_kiln,calciner_coal_feed,useful,manipulated,t/h,web_approved:cement_kiln_model_2022:web_compact,6f7758baceb968a7,external_train,cement_kiln_model_2022,https://www.tandfonline.com/doi/full/10.1080/02726351.2022.2135470
DCS_02_precalciner_coal_feed_SP_11,cement_rotary_kiln,calciner_coal_feed,useful,manipulated,t/h,web_approved:cement_kiln_model_2022:web_vendor_tag,6f7758baceb968a7,external_train,cement_kiln_model_2022,https://www.tandfonline.com/doi/full/10.1080/02726351.2022.2135470
Unit3.precalciner_coal_feed.AI,cement_rotary_kiln,calciner_coal_feed,useful,manipulated,t/h,web_approved:cement_kiln_model_2022:web_channel_tag,6f7758baceb968a7,external_train,cement_kiln_model_2022,https://www.tandfonline.com/doi/full/10.1080/02726351.2022.2135470
precalciner coal feed[t/h],cement_rotary_kiln,calciner_coal_feed,useful,manipulated,t/h,web_approved:cement_kiln_model_2022:web_unit_bracket,6f7758baceb968a7,external_train,cement_kiln_model_2022,https://www.tandfonline.com/doi/full/10.1080/02726351.2022.2135470
kiln rotational speed,cement_rotary_kiln,kiln_speed,required,manipulated,rpm,web_approved:cement_kiln_model_2022:web_phrase,8ee7e94fc11cff14,external_train,cement_kiln_model_2022,https://www.tandfonline.com/doi/full/10.1080/02726351.2022.2135470
kiln_rotational_speed,cement_rotary_kiln,kiln_speed,required,manipulated,rpm,web_approved:cement_kiln_model_2022:web_normalized,8ee7e94fc11cff14,external_train,cement_kiln_model_2022,https://www.tandfonline.com/doi/full/10.1080/02726351.2022.2135470
KILN_ROTATIONAL_SPEED,cement_rotary_kiln,kiln_speed,required,manipulated,rpm,web_approved:cement_kiln_model_2022:web_uppercase,8ee7e94fc11cff14,external_train,cement_kiln_model_2022,https://www.tandfonline.com/doi/full/10.1080/02726351.2022.2135470
kilnrotationalspeed,cement_rotary_kiln,kiln_speed,required,manipulated,rpm,web_approved:cement_kiln_model_2022:web_compact,8ee7e94fc11cff14,external_train,cement_kiln_model_2022,https://www.tandfonline.com/doi/full/10.1080/02726351.2022.2135470
DCS_02_kiln_rotational_speed_SP_11,cement_rotary_kiln,kiln_speed,required,manipulated,rpm,web_approved:cement_kiln_model_2022:web_vendor_tag,8ee7e94fc11cff14,external_train,cement_kiln_model_2022,https://www.tandfonline.com/doi/full/10.1080/02726351.2022.2135470
Unit3.kiln_rotational_speed.AI,cement_rotary_kiln,kiln_speed,required,manipulated,rpm,web_approved:cement_kiln_model_2022:web_channel_tag,8ee7e94fc11cff14,external_train,cement_kiln_model_2022,https://www.tandfonline.com/doi/full/10.1080/02726351.2022.2135470
kiln rotational speed[rpm],cement_rotary_kiln,kiln_speed,required,manipulated,rpm,web_approved:cement_kiln_model_2022:web_unit_bracket,8ee7e94fc11cff14,external_train,cement_kiln_model_2022,https://www.tandfonline.com/doi/full/10.1080/02726351.2022.2135470
rotary kiln rpm,cement_rotary_kiln,kiln_speed,required,manipulated,rpm,web_approved:cement_kiln_model_2022:web_phrase,6d3013374bd0bbdf,external_train,cement_kiln_model_2022,https://www.tandfonline.com/doi/full/10.1080/02726351.2022.2135470
rotary_kiln_rpm,cement_rotary_kiln,kiln_speed,required,manipulated,rpm,web_approved:cement_kiln_model_2022:web_normalized,6d3013374bd0bbdf,external_train,cement_kiln_model_2022,https://www.tandfonline.com/doi/full/10.1080/02726351.2022.2135470
ROTARY_KILN_RPM,cement_rotary_kiln,kiln_speed,required,manipulated,rpm,web_approved:cement_kiln_model_2022:web_uppercase,6d3013374bd0bbdf,external_train,cement_kiln_model_2022,https://www.tandfonline.com/doi/full/10.1080/02726351.2022.2135470
rotarykilnrpm,cement_rotary_kiln,kiln_speed,required,manipulated,rpm,web_approved:cement_kiln_model_2022:web_compact,6d3013374bd0bbdf,external_train,cement_kiln_model_2022,https://www.tandfonline.com/doi/full/10.1080/02726351.2022.2135470
DCS_02_rotary_kiln_rpm_SP_11,cement_rotary_kiln,kiln_speed,required,manipulated,rpm,web_approved:cement_kiln_model_2022:web_vendor_tag,6d3013374bd0bbdf,external_train,cement_kiln_model_2022,https://www.tandfonline.com/doi/full/10.1080/02726351.2022.2135470
Unit3.rotary_kiln_rpm.AI,cement_rotary_kiln,kiln_speed,required,manipulated,rpm,web_approved:cement_kiln_model_2022:web_channel_tag,6d3013374bd0bbdf,external_train,cement_kiln_model_2022,https://www.tandfonline.com/doi/full/10.1080/02726351.2022.2135470
rotary kiln rpm[rpm],cement_rotary_kiln,kiln_speed,required,manipulated,rpm,web_approved:cement_kiln_model_2022:web_unit_bracket,6d3013374bd0bbdf,external_train,cement_kiln_model_2022,https://www.tandfonline.com/doi/full/10.1080/02726351.2022.2135470
kiln back end temperature,cement_rotary_kiln,kiln_inlet_temperature,required,state,degC,web_approved:cement_kiln_model_2022:web_phrase,75398a8206775e93,external_train,cement_kiln_model_2022,https://www.tandfonline.com/doi/full/10.1080/02726351.2022.2135470
kiln_back_end_temperature,cement_rotary_kiln,kiln_inlet_temperature,required,state,degC,web_approved:cement_kiln_model_2022:web_normalized,75398a8206775e93,external_train,cement_kiln_model_2022,https://www.tandfonline.com/doi/full/10.1080/02726351.2022.2135470
KILN_BACK_END_TEMPERATURE,cement_rotary_kiln,kiln_inlet_temperature,required,state,degC,web_approved:cement_kiln_model_2022:web_uppercase,75398a8206775e93,external_train,cement_kiln_model_2022,https://www.tandfonline.com/doi/full/10.1080/02726351.2022.2135470
kilnbackendtemperature,cement_rotary_kiln,kiln_inlet_temperature,required,state,degC,web_approved:cement_kiln_model_2022:web_compact,75398a8206775e93,external_train,cement_kiln_model_2022,https://www.tandfonline.com/doi/full/10.1080/02726351.2022.2135470
DCS_02_kiln_back_end_temperature_PV_11,cement_rotary_kiln,kiln_inlet_temperature,required,state,degC,web_approved:cement_kiln_model_2022:web_vendor_tag,75398a8206775e93,external_train,cement_kiln_model_2022,https://www.tandfonline.com/doi/full/10.1080/02726351.2022.2135470
Unit3.kiln_back_end_temperature.AI,cement_rotary_kiln,kiln_inlet_temperature,required,state,degC,web_approved:cement_kiln_model_2022:web_channel_tag,75398a8206775e93,external_train,cement_kiln_model_2022,https://www.tandfonline.com/doi/full/10.1080/02726351.2022.2135470
kiln back end temperature[degC],cement_rotary_kiln,kiln_inlet_temperature,required,state,degC,web_approved:cement_kiln_model_2022:web_unit_bracket,75398a8206775e93,external_train,cement_kiln_model_2022,https://www.tandfonline.com/doi/full/10.1080/02726351.2022.2135470
burning zone temperature,cement_rotary_kiln,kiln_outlet_temperature,required,controlled,degC,web_approved:cement_kiln_model_2022:web_phrase,d4ba3d286274772e,external_train,cement_kiln_model_2022,https://www.tandfonline.com/doi/full/10.1080/02726351.2022.2135470
burning_zone_temperature,cement_rotary_kiln,kiln_outlet_temperature,required,controlled,degC,web_approved:cement_kiln_model_2022:web_normalized,d4ba3d286274772e,external_train,cement_kiln_model_2022,https://www.tandfonline.com/doi/full/10.1080/02726351.2022.2135470
BURNING_ZONE_TEMPERATURE,cement_rotary_kiln,kiln_outlet_temperature,required,controlled,degC,web_approved:cement_kiln_model_2022:web_uppercase,d4ba3d286274772e,external_train,cement_kiln_model_2022,https://www.tandfonline.com/doi/full/10.1080/02726351.2022.2135470
burningzonetemperature,cement_rotary_kiln,kiln_outlet_temperature,required,controlled,degC,web_approved:cement_kiln_model_2022:web_compact,d4ba3d286274772e,external_train,cement_kiln_model_2022,https://www.tandfonline.com/doi/full/10.1080/02726351.2022.2135470
DCS_02_burning_zone_temperature_PV_11,cement_rotary_kiln,kiln_outlet_temperature,required,controlled,degC,web_approved:cement_kiln_model_2022:web_vendor_tag,d4ba3d286274772e,external_train,cement_kiln_model_2022,https://www.tandfonline.com/doi/full/10.1080/02726351.2022.2135470
Unit3.burning_zone_temperature.AI,cement_rotary_kiln,kiln_outlet_temperature,required,controlled,degC,web_approved:cement_kiln_model_2022:web_channel_tag,d4ba3d286274772e,external_train,cement_kiln_model_2022,https://www.tandfonline.com/doi/full/10.1080/02726351.2022.2135470
burning zone temperature[degC],cement_rotary_kiln,kiln_outlet_temperature,required,controlled,degC,web_approved:cement_kiln_model_2022:web_unit_bracket,d4ba3d286274772e,external_train,cement_kiln_model_2022,https://www.tandfonline.com/doi/full/10.1080/02726351.2022.2135470
preheater outlet gas temperature,cement_rotary_kiln,preheater_exit_temperature,useful,state,degC,web_approved:cement_kiln_model_2022:web_phrase,f6e619f115c5510a,external_train,cement_kiln_model_2022,https://www.tandfonline.com/doi/full/10.1080/02726351.2022.2135470
preheater_outlet_gas_temperature,cement_rotary_kiln,preheater_exit_temperature,useful,state,degC,web_approved:cement_kiln_model_2022:web_normalized,f6e619f115c5510a,external_train,cement_kiln_model_2022,https://www.tandfonline.com/doi/full/10.1080/02726351.2022.2135470
PREHEATER_OUTLET_GAS_TEMPERATURE,cement_rotary_kiln,preheater_exit_temperature,useful,state,degC,web_approved:cement_kiln_model_2022:web_uppercase,f6e619f115c5510a,external_train,cement_kiln_model_2022,https://www.tandfonline.com/doi/full/10.1080/02726351.2022.2135470
preheateroutletgastemperature,cement_rotary_kiln,preheater_exit_temperature,useful,state,degC,web_approved:cement_kiln_model_2022:web_compact,f6e619f115c5510a,external_train,cement_kiln_model_2022,https://www.tandfonline.com/doi/full/10.1080/02726351.2022.2135470
DCS_02_preheater_outlet_gas_temperature_PV_11,cement_rotary_kiln,preheater_exit_temperature,useful,state,degC,web_approved:cement_kiln_model_2022:web_vendor_tag,f6e619f115c5510a,external_train,cement_kiln_model_2022,https://www.tandfonline.com/doi/full/10.1080/02726351.2022.2135470
Unit3.preheater_outlet_gas_temperature.AI,cement_rotary_kiln,preheater_exit_temperature,useful,state,degC,web_approved:cement_kiln_model_2022:web_channel_tag,f6e619f115c5510a,external_train,cement_kiln_model_2022,https://www.tandfonline.com/doi/full/10.1080/02726351.2022.2135470
preheater outlet gas temperature[degC],cement_rotary_kiln,preheater_exit_temperature,useful,state,degC,web_approved:cement_kiln_model_2022:web_unit_bracket,f6e619f115c5510a,external_train,cement_kiln_model_2022,https://www.tandfonline.com/doi/full/10.1080/02726351.2022.2135470
cyclone one outlet temperature,cement_rotary_kiln,preheater_exit_temperature,useful,state,degC,web_approved:cement_kiln_model_2022:web_phrase,0904e2bcccc21e10,external_train,cement_kiln_model_2022,https://www.tandfonline.com/doi/full/10.1080/02726351.2022.2135470
cyclone_one_outlet_temperature,cement_rotary_kiln,preheater_exit_temperature,useful,state,degC,web_approved:cement_kiln_model_2022:web_normalized,0904e2bcccc21e10,external_train,cement_kiln_model_2022,https://www.tandfonline.com/doi/full/10.1080/02726351.2022.2135470
CYCLONE_ONE_OUTLET_TEMPERATURE,cement_rotary_kiln,preheater_exit_temperature,useful,state,degC,web_approved:cement_kiln_model_2022:web_uppercase,0904e2bcccc21e10,external_train,cement_kiln_model_2022,https://www.tandfonline.com/doi/full/10.1080/02726351.2022.2135470
cycloneoneoutlettemperature,cement_rotary_kiln,preheater_exit_temperature,useful,state,degC,web_approved:cement_kiln_model_2022:web_compact,0904e2bcccc21e10,external_train,cement_kiln_model_2022,https://www.tandfonline.com/doi/full/10.1080/02726351.2022.2135470
DCS_02_cyclone_one_outlet_temperature_PV_11,cement_rotary_kiln,preheater_exit_temperature,useful,state,degC,web_approved:cement_kiln_model_2022:web_vendor_tag,0904e2bcccc21e10,external_train,cement_kiln_model_2022,https://www.tandfonline.com/doi/full/10.1080/02726351.2022.2135470
Unit3.cyclone_one_outlet_temperature.AI,cement_rotary_kiln,preheater_exit_temperature,useful,state,degC,web_approved:cement_kiln_model_2022:web_channel_tag,0904e2bcccc21e10,external_train,cement_kiln_model_2022,https://www.tandfonline.com/doi/full/10.1080/02726351.2022.2135470
cyclone one outlet temperature[degC],cement_rotary_kiln,preheater_exit_temperature,useful,state,degC,web_approved:cement_kiln_model_2022:web_unit_bracket,0904e2bcccc21e10,external_train,cement_kiln_model_2022,https://www.tandfonline.com/doi/full/10.1080/02726351.2022.2135470
kiln inlet oxygen,cement_rotary_kiln,kiln_inlet_o2,useful,state,percent,web_approved:cement_kiln_electronics_2024:web_phrase,7a17bf77f0bf3829,external_train,cement_kiln_electronics_2024,https://www.mdpi.com/2079-9292/13/22/4413
kiln_inlet_oxygen,cement_rotary_kiln,kiln_inlet_o2,useful,state,percent,web_approved:cement_kiln_electronics_2024:web_normalized,7a17bf77f0bf3829,external_train,cement_kiln_electronics_2024,https://www.mdpi.com/2079-9292/13/22/4413
KILN_INLET_OXYGEN,cement_rotary_kiln,kiln_inlet_o2,useful,state,percent,web_approved:cement_kiln_electronics_2024:web_uppercase,7a17bf77f0bf3829,external_train,cement_kiln_electronics_2024,https://www.mdpi.com/2079-9292/13/22/4413
kilninletoxygen,cement_rotary_kiln,kiln_inlet_o2,useful,state,percent,web_approved:cement_kiln_electronics_2024:web_compact,7a17bf77f0bf3829,external_train,cement_kiln_electronics_2024,https://www.mdpi.com/2079-9292/13/22/4413
DCS_02_kiln_inlet_oxygen_PV_11,cement_rotary_kiln,kiln_inlet_o2,useful,state,percent,web_approved:cement_kiln_electronics_2024:web_vendor_tag,7a17bf77f0bf3829,external_train,cement_kiln_electronics_2024,https://www.mdpi.com/2079-9292/13/22/4413
Unit3.kiln_inlet_oxygen.AI,cement_rotary_kiln,kiln_inlet_o2,useful,state,percent,web_approved:cement_kiln_electronics_2024:web_channel_tag,7a17bf77f0bf3829,external_train,cement_kiln_electronics_2024,https://www.mdpi.com/2079-9292/13/22/4413
kiln inlet oxygen[percent],cement_rotary_kiln,kiln_inlet_o2,useful,state,percent,web_approved:cement_kiln_electronics_2024:web_unit_bracket,7a17bf77f0bf3829,external_train,cement_kiln_electronics_2024,https://www.mdpi.com/2079-9292/13/22/4413
clinker free CaO,cement_rotary_kiln,clinker_free_lime,required,controlled,percent,web_approved:cement_kiln_model_2022:web_phrase,60e48c0e1d0d77c5,external_train,cement_kiln_model_2022,https://www.tandfonline.com/doi/full/10.1080/02726351.2022.2135470
clinker_free_CaO,cement_rotary_kiln,clinker_free_lime,required,controlled,percent,web_approved:cement_kiln_model_2022:web_normalized,60e48c0e1d0d77c5,external_train,cement_kiln_model_2022,https://www.tandfonline.com/doi/full/10.1080/02726351.2022.2135470
CLINKER_FREE_CAO,cement_rotary_kiln,clinker_free_lime,required,controlled,percent,web_approved:cement_kiln_model_2022:web_uppercase,60e48c0e1d0d77c5,external_train,cement_kiln_model_2022,https://www.tandfonline.com/doi/full/10.1080/02726351.2022.2135470
clinkerfreeCaO,cement_rotary_kiln,clinker_free_lime,required,controlled,percent,web_approved:cement_kiln_model_2022:web_compact,60e48c0e1d0d77c5,external_train,cement_kiln_model_2022,https://www.tandfonline.com/doi/full/10.1080/02726351.2022.2135470
DCS_02_clinker_free_CaO_PV_11,cement_rotary_kiln,clinker_free_lime,required,controlled,percent,web_approved:cement_kiln_model_2022:web_vendor_tag,60e48c0e1d0d77c5,external_train,cement_kiln_model_2022,https://www.tandfonline.com/doi/full/10.1080/02726351.2022.2135470
Unit3.clinker_free_CaO.AI,cement_rotary_kiln,clinker_free_lime,required,controlled,percent,web_approved:cement_kiln_model_2022:web_channel_tag,60e48c0e1d0d77c5,external_train,cement_kiln_model_2022,https://www.tandfonline.com/doi/full/10.1080/02726351.2022.2135470
clinker free CaO[percent],cement_rotary_kiln,clinker_free_lime,required,controlled,percent,web_approved:cement_kiln_model_2022:web_unit_bracket,60e48c0e1d0d77c5,external_train,cement_kiln_model_2022,https://www.tandfonline.com/doi/full/10.1080/02726351.2022.2135470
influent wastewater flow rate,wastewater_aeration,influent_flow,required,disturbance,m3/h,web_approved:wastewater_bsm1_report:web_phrase,a8e8a864ce49afb5,external_train,wastewater_bsm1_report,https://iwa-mia.org/wp-content/uploads/2019/04/BSM_TG_Tech_Report_no_1_BSM1_General_Description.pdf
influent_wastewater_flow_rate,wastewater_aeration,influent_flow,required,disturbance,m3/h,web_approved:wastewater_bsm1_report:web_normalized,a8e8a864ce49afb5,external_train,wastewater_bsm1_report,https://iwa-mia.org/wp-content/uploads/2019/04/BSM_TG_Tech_Report_no_1_BSM1_General_Description.pdf
INFLUENT_WASTEWATER_FLOW_RATE,wastewater_aeration,influent_flow,required,disturbance,m3/h,web_approved:wastewater_bsm1_report:web_uppercase,a8e8a864ce49afb5,external_train,wastewater_bsm1_report,https://iwa-mia.org/wp-content/uploads/2019/04/BSM_TG_Tech_Report_no_1_BSM1_General_Description.pdf
influentwastewaterflowrate,wastewater_aeration,influent_flow,required,disturbance,m3/h,web_approved:wastewater_bsm1_report:web_compact,a8e8a864ce49afb5,external_train,wastewater_bsm1_report,https://iwa-mia.org/wp-content/uploads/2019/04/BSM_TG_Tech_Report_no_1_BSM1_General_Description.pdf
DCS_02_influent_wastewater_flow_rate_PV_11,wastewater_aeration,influent_flow,required,disturbance,m3/h,web_approved:wastewater_bsm1_report:web_vendor_tag,a8e8a864ce49afb5,external_train,wastewater_bsm1_report,https://iwa-mia.org/wp-content/uploads/2019/04/BSM_TG_Tech_Report_no_1_BSM1_General_Description.pdf
Unit3.influent_wastewater_flow_rate.AI,wastewater_aeration,influent_flow,required,disturbance,m3/h,web_approved:wastewater_bsm1_report:web_channel_tag,a8e8a864ce49afb5,external_train,wastewater_bsm1_report,https://iwa-mia.org/wp-content/uploads/2019/04/BSM_TG_Tech_Report_no_1_BSM1_General_Description.pdf
influent wastewater flow rate[m3/h],wastewater_aeration,influent_flow,required,disturbance,m3/h,web_approved:wastewater_bsm1_report:web_unit_bracket,a8e8a864ce49afb5,external_train,wastewater_bsm1_report,https://iwa-mia.org/wp-content/uploads/2019/04/BSM_TG_Tech_Report_no_1_BSM1_General_Description.pdf
plant influent flow Qi,wastewater_aeration,influent_flow,required,disturbance,m3/h,web_approved:wastewater_bsm1_report:web_phrase,6fc42979311613db,external_train,wastewater_bsm1_report,https://iwa-mia.org/wp-content/uploads/2019/04/BSM_TG_Tech_Report_no_1_BSM1_General_Description.pdf
plant_influent_flow_Qi,wastewater_aeration,influent_flow,required,disturbance,m3/h,web_approved:wastewater_bsm1_report:web_normalized,6fc42979311613db,external_train,wastewater_bsm1_report,https://iwa-mia.org/wp-content/uploads/2019/04/BSM_TG_Tech_Report_no_1_BSM1_General_Description.pdf
PLANT_INFLUENT_FLOW_QI,wastewater_aeration,influent_flow,required,disturbance,m3/h,web_approved:wastewater_bsm1_report:web_uppercase,6fc42979311613db,external_train,wastewater_bsm1_report,https://iwa-mia.org/wp-content/uploads/2019/04/BSM_TG_Tech_Report_no_1_BSM1_General_Description.pdf
plantinfluentflowQi,wastewater_aeration,influent_flow,required,disturbance,m3/h,web_approved:wastewater_bsm1_report:web_compact,6fc42979311613db,external_train,wastewater_bsm1_report,https://iwa-mia.org/wp-content/uploads/2019/04/BSM_TG_Tech_Report_no_1_BSM1_General_Description.pdf
DCS_02_plant_influent_flow_Qi_PV_11,wastewater_aeration,influent_flow,required,disturbance,m3/h,web_approved:wastewater_bsm1_report:web_vendor_tag,6fc42979311613db,external_train,wastewater_bsm1_report,https://iwa-mia.org/wp-content/uploads/2019/04/BSM_TG_Tech_Report_no_1_BSM1_General_Description.pdf
Unit3.plant_influent_flow_Qi.AI,wastewater_aeration,influent_flow,required,disturbance,m3/h,web_approved:wastewater_bsm1_report:web_channel_tag,6fc42979311613db,external_train,wastewater_bsm1_report,https://iwa-mia.org/wp-content/uploads/2019/04/BSM_TG_Tech_Report_no_1_BSM1_General_Description.pdf
plant influent flow Qi[m3/h],wastewater_aeration,influent_flow,required,disturbance,m3/h,web_approved:wastewater_bsm1_report:web_unit_bracket,6fc42979311613db,external_train,wastewater_bsm1_report,https://iwa-mia.org/wp-content/uploads/2019/04/BSM_TG_Tech_Report_no_1_BSM1_General_Description.pdf
influent total COD,wastewater_aeration,influent_cod,required,disturbance,mg/L,web_approved:wastewater_bsm1_report:web_phrase,39dd529e871e5389,external_train,wastewater_bsm1_report,https://iwa-mia.org/wp-content/uploads/2019/04/BSM_TG_Tech_Report_no_1_BSM1_General_Description.pdf
influent_total_COD,wastewater_aeration,influent_cod,required,disturbance,mg/L,web_approved:wastewater_bsm1_report:web_normalized,39dd529e871e5389,external_train,wastewater_bsm1_report,https://iwa-mia.org/wp-content/uploads/2019/04/BSM_TG_Tech_Report_no_1_BSM1_General_Description.pdf
INFLUENT_TOTAL_COD,wastewater_aeration,influent_cod,required,disturbance,mg/L,web_approved:wastewater_bsm1_report:web_uppercase,39dd529e871e5389,external_train,wastewater_bsm1_report,https://iwa-mia.org/wp-content/uploads/2019/04/BSM_TG_Tech_Report_no_1_BSM1_General_Description.pdf
influenttotalCOD,wastewater_aeration,influent_cod,required,disturbance,mg/L,web_approved:wastewater_bsm1_report:web_compact,39dd529e871e5389,external_train,wastewater_bsm1_report,https://iwa-mia.org/wp-content/uploads/2019/04/BSM_TG_Tech_Report_no_1_BSM1_General_Description.pdf
DCS_02_influent_total_COD_PV_11,wastewater_aeration,influent_cod,required,disturbance,mg/L,web_approved:wastewater_bsm1_report:web_vendor_tag,39dd529e871e5389,external_train,wastewater_bsm1_report,https://iwa-mia.org/wp-content/uploads/2019/04/BSM_TG_Tech_Report_no_1_BSM1_General_Description.pdf
Unit3.influent_total_COD.AI,wastewater_aeration,influent_cod,required,disturbance,mg/L,web_approved:wastewater_bsm1_report:web_channel_tag,39dd529e871e5389,external_train,wastewater_bsm1_report,https://iwa-mia.org/wp-content/uploads/2019/04/BSM_TG_Tech_Report_no_1_BSM1_General_Description.pdf
influent total COD[mg/L],wastewater_aeration,influent_cod,required,disturbance,mg/L,web_approved:wastewater_bsm1_report:web_unit_bracket,39dd529e871e5389,external_train,wastewater_bsm1_report,https://iwa-mia.org/wp-content/uploads/2019/04/BSM_TG_Tech_Report_no_1_BSM1_General_Description.pdf
influent ammonium nitrogen,wastewater_aeration,influent_ammonia,useful,disturbance,mg/L,web_approved:wastewater_bsm1_report:web_phrase,df851150c1c1c5db,external_train,wastewater_bsm1_report,https://iwa-mia.org/wp-content/uploads/2019/04/BSM_TG_Tech_Report_no_1_BSM1_General_Description.pdf
influent_ammonium_nitrogen,wastewater_aeration,influent_ammonia,useful,disturbance,mg/L,web_approved:wastewater_bsm1_report:web_normalized,df851150c1c1c5db,external_train,wastewater_bsm1_report,https://iwa-mia.org/wp-content/uploads/2019/04/BSM_TG_Tech_Report_no_1_BSM1_General_Description.pdf
INFLUENT_AMMONIUM_NITROGEN,wastewater_aeration,influent_ammonia,useful,disturbance,mg/L,web_approved:wastewater_bsm1_report:web_uppercase,df851150c1c1c5db,external_train,wastewater_bsm1_report,https://iwa-mia.org/wp-content/uploads/2019/04/BSM_TG_Tech_Report_no_1_BSM1_General_Description.pdf
influentammoniumnitrogen,wastewater_aeration,influent_ammonia,useful,disturbance,mg/L,web_approved:wastewater_bsm1_report:web_compact,df851150c1c1c5db,external_train,wastewater_bsm1_report,https://iwa-mia.org/wp-content/uploads/2019/04/BSM_TG_Tech_Report_no_1_BSM1_General_Description.pdf
DCS_02_influent_ammonium_nitrogen_PV_11,wastewater_aeration,influent_ammonia,useful,disturbance,mg/L,web_approved:wastewater_bsm1_report:web_vendor_tag,df851150c1c1c5db,external_train,wastewater_bsm1_report,https://iwa-mia.org/wp-content/uploads/2019/04/BSM_TG_Tech_Report_no_1_BSM1_General_Description.pdf
Unit3.influent_ammonium_nitrogen.AI,wastewater_aeration,influent_ammonia,useful,disturbance,mg/L,web_approved:wastewater_bsm1_report:web_channel_tag,df851150c1c1c5db,external_train,wastewater_bsm1_report,https://iwa-mia.org/wp-content/uploads/2019/04/BSM_TG_Tech_Report_no_1_BSM1_General_Description.pdf
influent ammonium nitrogen[mg/L],wastewater_aeration,influent_ammonia,useful,disturbance,mg/L,web_approved:wastewater_bsm1_report:web_unit_bracket,df851150c1c1c5db,external_train,wastewater_bsm1_report,https://iwa-mia.org/wp-content/uploads/2019/04/BSM_TG_Tech_Report_no_1_BSM1_General_Description.pdf
aeration airflow rate,wastewater_aeration,aeration_air_flow,required,manipulated,Nm3/h,web_approved:wastewater_bsm1_report:web_phrase,0f6d81f9b1608585,external_train,wastewater_bsm1_report,https://iwa-mia.org/wp-content/uploads/2019/04/BSM_TG_Tech_Report_no_1_BSM1_General_Description.pdf
aeration_airflow_rate,wastewater_aeration,aeration_air_flow,required,manipulated,Nm3/h,web_approved:wastewater_bsm1_report:web_normalized,0f6d81f9b1608585,external_train,wastewater_bsm1_report,https://iwa-mia.org/wp-content/uploads/2019/04/BSM_TG_Tech_Report_no_1_BSM1_General_Description.pdf
AERATION_AIRFLOW_RATE,wastewater_aeration,aeration_air_flow,required,manipulated,Nm3/h,web_approved:wastewater_bsm1_report:web_uppercase,0f6d81f9b1608585,external_train,wastewater_bsm1_report,https://iwa-mia.org/wp-content/uploads/2019/04/BSM_TG_Tech_Report_no_1_BSM1_General_Description.pdf
aerationairflowrate,wastewater_aeration,aeration_air_flow,required,manipulated,Nm3/h,web_approved:wastewater_bsm1_report:web_compact,0f6d81f9b1608585,external_train,wastewater_bsm1_report,https://iwa-mia.org/wp-content/uploads/2019/04/BSM_TG_Tech_Report_no_1_BSM1_General_Description.pdf
DCS_02_aeration_airflow_rate_SP_11,wastewater_aeration,aeration_air_flow,required,manipulated,Nm3/h,web_approved:wastewater_bsm1_report:web_vendor_tag,0f6d81f9b1608585,external_train,wastewater_bsm1_report,https://iwa-mia.org/wp-content/uploads/2019/04/BSM_TG_Tech_Report_no_1_BSM1_General_Description.pdf
Unit3.aeration_airflow_rate.AI,wastewater_aeration,aeration_air_flow,required,manipulated,Nm3/h,web_approved:wastewater_bsm1_report:web_channel_tag,0f6d81f9b1608585,external_train,wastewater_bsm1_report,https://iwa-mia.org/wp-content/uploads/2019/04/BSM_TG_Tech_Report_no_1_BSM1_General_Description.pdf
aeration airflow rate[Nm3/h],wastewater_aeration,aeration_air_flow,required,manipulated,Nm3/h,web_approved:wastewater_bsm1_report:web_unit_bracket,0f6d81f9b1608585,external_train,wastewater_bsm1_report,https://iwa-mia.org/wp-content/uploads/2019/04/BSM_TG_Tech_Report_no_1_BSM1_General_Description.pdf
blower air delivery,wastewater_aeration,aeration_air_flow,required,manipulated,Nm3/h,web_approved:wastewater_iwa_benchmark:web_phrase,465de8d6f7eee321,external_train,wastewater_iwa_benchmark,https://iwa-mia.org/benchmarking/
blower_air_delivery,wastewater_aeration,aeration_air_flow,required,manipulated,Nm3/h,web_approved:wastewater_iwa_benchmark:web_normalized,465de8d6f7eee321,external_train,wastewater_iwa_benchmark,https://iwa-mia.org/benchmarking/
BLOWER_AIR_DELIVERY,wastewater_aeration,aeration_air_flow,required,manipulated,Nm3/h,web_approved:wastewater_iwa_benchmark:web_uppercase,465de8d6f7eee321,external_train,wastewater_iwa_benchmark,https://iwa-mia.org/benchmarking/
blowerairdelivery,wastewater_aeration,aeration_air_flow,required,manipulated,Nm3/h,web_approved:wastewater_iwa_benchmark:web_compact,465de8d6f7eee321,external_train,wastewater_iwa_benchmark,https://iwa-mia.org/benchmarking/
DCS_02_blower_air_delivery_SP_11,wastewater_aeration,aeration_air_flow,required,manipulated,Nm3/h,web_approved:wastewater_iwa_benchmark:web_vendor_tag,465de8d6f7eee321,external_train,wastewater_iwa_benchmark,https://iwa-mia.org/benchmarking/
Unit3.blower_air_delivery.AI,wastewater_aeration,aeration_air_flow,required,manipulated,Nm3/h,web_approved:wastewater_iwa_benchmark:web_channel_tag,465de8d6f7eee321,external_train,wastewater_iwa_benchmark,https://iwa-mia.org/benchmarking/
blower air delivery[Nm3/h],wastewater_aeration,aeration_air_flow,required,manipulated,Nm3/h,web_approved:wastewater_iwa_benchmark:web_unit_bracket,465de8d6f7eee321,external_train,wastewater_iwa_benchmark,https://iwa-mia.org/benchmarking/
dissolved oxygen concentration SO,wastewater_aeration,dissolved_oxygen,required,controlled,mg/L,web_approved:wastewater_bsm1_report:web_phrase,d343f6fb748c3227,external_train,wastewater_bsm1_report,https://iwa-mia.org/wp-content/uploads/2019/04/BSM_TG_Tech_Report_no_1_BSM1_General_Description.pdf
dissolved_oxygen_concentration_SO,wastewater_aeration,dissolved_oxygen,required,controlled,mg/L,web_approved:wastewater_bsm1_report:web_normalized,d343f6fb748c3227,external_train,wastewater_bsm1_report,https://iwa-mia.org/wp-content/uploads/2019/04/BSM_TG_Tech_Report_no_1_BSM1_General_Description.pdf
DISSOLVED_OXYGEN_CONCENTRATION_SO,wastewater_aeration,dissolved_oxygen,required,controlled,mg/L,web_approved:wastewater_bsm1_report:web_uppercase,d343f6fb748c3227,external_train,wastewater_bsm1_report,https://iwa-mia.org/wp-content/uploads/2019/04/BSM_TG_Tech_Report_no_1_BSM1_General_Description.pdf
dissolvedoxygenconcentrationSO,wastewater_aeration,dissolved_oxygen,required,controlled,mg/L,web_approved:wastewater_bsm1_report:web_compact,d343f6fb748c3227,external_train,wastewater_bsm1_report,https://iwa-mia.org/wp-content/uploads/2019/04/BSM_TG_Tech_Report_no_1_BSM1_General_Description.pdf
DCS_02_dissolved_oxygen_concentration_SO_PV_11,wastewater_aeration,dissolved_oxygen,required,controlled,mg/L,web_approved:wastewater_bsm1_report:web_vendor_tag,d343f6fb748c3227,external_train,wastewater_bsm1_report,https://iwa-mia.org/wp-content/uploads/2019/04/BSM_TG_Tech_Report_no_1_BSM1_General_Description.pdf
Unit3.dissolved_oxygen_concentration_SO.AI,wastewater_aeration,dissolved_oxygen,required,controlled,mg/L,web_approved:wastewater_bsm1_report:web_channel_tag,d343f6fb748c3227,external_train,wastewater_bsm1_report,https://iwa-mia.org/wp-content/uploads/2019/04/BSM_TG_Tech_Report_no_1_BSM1_General_Description.pdf
dissolved oxygen concentration SO[mg/L],wastewater_aeration,dissolved_oxygen,required,controlled,mg/L,web_approved:wastewater_bsm1_report:web_unit_bracket,d343f6fb748c3227,external_train,wastewater_bsm1_report,https://iwa-mia.org/wp-content/uploads/2019/04/BSM_TG_Tech_Report_no_1_BSM1_General_Description.pdf
aerobic reactor DO,wastewater_aeration,dissolved_oxygen,required,controlled,mg/L,web_approved:wastewater_bsm1_report:web_phrase,a88b5d2ea8609e01,external_train,wastewater_bsm1_report,https://iwa-mia.org/wp-content/uploads/2019/04/BSM_TG_Tech_Report_no_1_BSM1_General_Description.pdf
aerobic_reactor_DO,wastewater_aeration,dissolved_oxygen,required,controlled,mg/L,web_approved:wastewater_bsm1_report:web_normalized,a88b5d2ea8609e01,external_train,wastewater_bsm1_report,https://iwa-mia.org/wp-content/uploads/2019/04/BSM_TG_Tech_Report_no_1_BSM1_General_Description.pdf
AEROBIC_REACTOR_DO,wastewater_aeration,dissolved_oxygen,required,controlled,mg/L,web_approved:wastewater_bsm1_report:web_uppercase,a88b5d2ea8609e01,external_train,wastewater_bsm1_report,https://iwa-mia.org/wp-content/uploads/2019/04/BSM_TG_Tech_Report_no_1_BSM1_General_Description.pdf
aerobicreactorDO,wastewater_aeration,dissolved_oxygen,required,controlled,mg/L,web_approved:wastewater_bsm1_report:web_compact,a88b5d2ea8609e01,external_train,wastewater_bsm1_report,https://iwa-mia.org/wp-content/uploads/2019/04/BSM_TG_Tech_Report_no_1_BSM1_General_Description.pdf
DCS_02_aerobic_reactor_DO_PV_11,wastewater_aeration,dissolved_oxygen,required,controlled,mg/L,web_approved:wastewater_bsm1_report:web_vendor_tag,a88b5d2ea8609e01,external_train,wastewater_bsm1_report,https://iwa-mia.org/wp-content/uploads/2019/04/BSM_TG_Tech_Report_no_1_BSM1_General_Description.pdf
Unit3.aerobic_reactor_DO.AI,wastewater_aeration,dissolved_oxygen,required,controlled,mg/L,web_approved:wastewater_bsm1_report:web_channel_tag,a88b5d2ea8609e01,external_train,wastewater_bsm1_report,https://iwa-mia.org/wp-content/uploads/2019/04/BSM_TG_Tech_Report_no_1_BSM1_General_Description.pdf
aerobic reactor DO[mg/L],wastewater_aeration,dissolved_oxygen,required,controlled,mg/L,web_approved:wastewater_bsm1_report:web_unit_bracket,a88b5d2ea8609e01,external_train,wastewater_bsm1_report,https://iwa-mia.org/wp-content/uploads/2019/04/BSM_TG_Tech_Report_no_1_BSM1_General_Description.pdf
mixed liquor suspended solids,wastewater_aeration,mlss,required,state,mg/L,web_approved:wastewater_bsm1_report:web_phrase,b0fc0f24c3b36dd0,external_train,wastewater_bsm1_report,https://iwa-mia.org/wp-content/uploads/2019/04/BSM_TG_Tech_Report_no_1_BSM1_General_Description.pdf
mixed_liquor_suspended_solids,wastewater_aeration,mlss,required,state,mg/L,web_approved:wastewater_bsm1_report:web_normalized,b0fc0f24c3b36dd0,external_train,wastewater_bsm1_report,https://iwa-mia.org/wp-content/uploads/2019/04/BSM_TG_Tech_Report_no_1_BSM1_General_Description.pdf
MIXED_LIQUOR_SUSPENDED_SOLIDS,wastewater_aeration,mlss,required,state,mg/L,web_approved:wastewater_bsm1_report:web_uppercase,b0fc0f24c3b36dd0,external_train,wastewater_bsm1_report,https://iwa-mia.org/wp-content/uploads/2019/04/BSM_TG_Tech_Report_no_1_BSM1_General_Description.pdf
mixedliquorsuspendedsolids,wastewater_aeration,mlss,required,state,mg/L,web_approved:wastewater_bsm1_report:web_compact,b0fc0f24c3b36dd0,external_train,wastewater_bsm1_report,https://iwa-mia.org/wp-content/uploads/2019/04/BSM_TG_Tech_Report_no_1_BSM1_General_Description.pdf
DCS_02_mixed_liquor_suspended_solids_PV_11,wastewater_aeration,mlss,required,state,mg/L,web_approved:wastewater_bsm1_report:web_vendor_tag,b0fc0f24c3b36dd0,external_train,wastewater_bsm1_report,https://iwa-mia.org/wp-content/uploads/2019/04/BSM_TG_Tech_Report_no_1_BSM1_General_Description.pdf
Unit3.mixed_liquor_suspended_solids.AI,wastewater_aeration,mlss,required,state,mg/L,web_approved:wastewater_bsm1_report:web_channel_tag,b0fc0f24c3b36dd0,external_train,wastewater_bsm1_report,https://iwa-mia.org/wp-content/uploads/2019/04/BSM_TG_Tech_Report_no_1_BSM1_General_Description.pdf
mixed liquor suspended solids[mg/L],wastewater_aeration,mlss,required,state,mg/L,web_approved:wastewater_bsm1_report:web_unit_bracket,b0fc0f24c3b36dd0,external_train,wastewater_bsm1_report,https://iwa-mia.org/wp-content/uploads/2019/04/BSM_TG_Tech_Report_no_1_BSM1_General_Description.pdf
effluent total COD,wastewater_aeration,effluent_cod,required,controlled,mg/L,web_approved:wastewater_bsm1_report:web_phrase,6ee67b00c16e09c5,external_train,wastewater_bsm1_report,https://iwa-mia.org/wp-content/uploads/2019/04/BSM_TG_Tech_Report_no_1_BSM1_General_Description.pdf
effluent_total_COD,wastewater_aeration,effluent_cod,required,controlled,mg/L,web_approved:wastewater_bsm1_report:web_normalized,6ee67b00c16e09c5,external_train,wastewater_bsm1_report,https://iwa-mia.org/wp-content/uploads/2019/04/BSM_TG_Tech_Report_no_1_BSM1_General_Description.pdf
EFFLUENT_TOTAL_COD,wastewater_aeration,effluent_cod,required,controlled,mg/L,web_approved:wastewater_bsm1_report:web_uppercase,6ee67b00c16e09c5,external_train,wastewater_bsm1_report,https://iwa-mia.org/wp-content/uploads/2019/04/BSM_TG_Tech_Report_no_1_BSM1_General_Description.pdf
effluenttotalCOD,wastewater_aeration,effluent_cod,required,controlled,mg/L,web_approved:wastewater_bsm1_report:web_compact,6ee67b00c16e09c5,external_train,wastewater_bsm1_report,https://iwa-mia.org/wp-content/uploads/2019/04/BSM_TG_Tech_Report_no_1_BSM1_General_Description.pdf
DCS_02_effluent_total_COD_PV_11,wastewater_aeration,effluent_cod,required,controlled,mg/L,web_approved:wastewater_bsm1_report:web_vendor_tag,6ee67b00c16e09c5,external_train,wastewater_bsm1_report,https://iwa-mia.org/wp-content/uploads/2019/04/BSM_TG_Tech_Report_no_1_BSM1_General_Description.pdf
Unit3.effluent_total_COD.AI,wastewater_aeration,effluent_cod,required,controlled,mg/L,web_approved:wastewater_bsm1_report:web_channel_tag,6ee67b00c16e09c5,external_train,wastewater_bsm1_report,https://iwa-mia.org/wp-content/uploads/2019/04/BSM_TG_Tech_Report_no_1_BSM1_General_Description.pdf
effluent total COD[mg/L],wastewater_aeration,effluent_cod,required,controlled,mg/L,web_approved:wastewater_bsm1_report:web_unit_bracket,6ee67b00c16e09c5,external_train,wastewater_bsm1_report,https://iwa-mia.org/wp-content/uploads/2019/04/BSM_TG_Tech_Report_no_1_BSM1_General_Description.pdf
effluent ammonium nitrogen,wastewater_aeration,effluent_ammonia,required,controlled,mg/L,web_approved:wastewater_bsm1_report:web_phrase,c1e0dc5ccd639874,external_train,wastewater_bsm1_report,https://iwa-mia.org/wp-content/uploads/2019/04/BSM_TG_Tech_Report_no_1_BSM1_General_Description.pdf
effluent_ammonium_nitrogen,wastewater_aeration,effluent_ammonia,required,controlled,mg/L,web_approved:wastewater_bsm1_report:web_normalized,c1e0dc5ccd639874,external_train,wastewater_bsm1_report,https://iwa-mia.org/wp-content/uploads/2019/04/BSM_TG_Tech_Report_no_1_BSM1_General_Description.pdf
EFFLUENT_AMMONIUM_NITROGEN,wastewater_aeration,effluent_ammonia,required,controlled,mg/L,web_approved:wastewater_bsm1_report:web_uppercase,c1e0dc5ccd639874,external_train,wastewater_bsm1_report,https://iwa-mia.org/wp-content/uploads/2019/04/BSM_TG_Tech_Report_no_1_BSM1_General_Description.pdf
effluentammoniumnitrogen,wastewater_aeration,effluent_ammonia,required,controlled,mg/L,web_approved:wastewater_bsm1_report:web_compact,c1e0dc5ccd639874,external_train,wastewater_bsm1_report,https://iwa-mia.org/wp-content/uploads/2019/04/BSM_TG_Tech_Report_no_1_BSM1_General_Description.pdf
DCS_02_effluent_ammonium_nitrogen_PV_11,wastewater_aeration,effluent_ammonia,required,controlled,mg/L,web_approved:wastewater_bsm1_report:web_vendor_tag,c1e0dc5ccd639874,external_train,wastewater_bsm1_report,https://iwa-mia.org/wp-content/uploads/2019/04/BSM_TG_Tech_Report_no_1_BSM1_General_Description.pdf
Unit3.effluent_ammonium_nitrogen.AI,wastewater_aeration,effluent_ammonia,required,controlled,mg/L,web_approved:wastewater_bsm1_report:web_channel_tag,c1e0dc5ccd639874,external_train,wastewater_bsm1_report,https://iwa-mia.org/wp-content/uploads/2019/04/BSM_TG_Tech_Report_no_1_BSM1_General_Description.pdf
effluent ammonium nitrogen[mg/L],wastewater_aeration,effluent_ammonia,required,controlled,mg/L,web_approved:wastewater_bsm1_report:web_unit_bracket,c1e0dc5ccd639874,external_train,wastewater_bsm1_report,https://iwa-mia.org/wp-content/uploads/2019/04/BSM_TG_Tech_Report_no_1_BSM1_General_Description.pdf
return activated sludge flow Qr,wastewater_aeration,return_sludge_flow,useful,manipulated,m3/h,web_approved:wastewater_bsm1_report:web_phrase,a7fd981e999d48aa,external_train,wastewater_bsm1_report,https://iwa-mia.org/wp-content/uploads/2019/04/BSM_TG_Tech_Report_no_1_BSM1_General_Description.pdf
return_activated_sludge_flow_Qr,wastewater_aeration,return_sludge_flow,useful,manipulated,m3/h,web_approved:wastewater_bsm1_report:web_normalized,a7fd981e999d48aa,external_train,wastewater_bsm1_report,https://iwa-mia.org/wp-content/uploads/2019/04/BSM_TG_Tech_Report_no_1_BSM1_General_Description.pdf
RETURN_ACTIVATED_SLUDGE_FLOW_QR,wastewater_aeration,return_sludge_flow,useful,manipulated,m3/h,web_approved:wastewater_bsm1_report:web_uppercase,a7fd981e999d48aa,external_train,wastewater_bsm1_report,https://iwa-mia.org/wp-content/uploads/2019/04/BSM_TG_Tech_Report_no_1_BSM1_General_Description.pdf
returnactivatedsludgeflowQr,wastewater_aeration,return_sludge_flow,useful,manipulated,m3/h,web_approved:wastewater_bsm1_report:web_compact,a7fd981e999d48aa,external_train,wastewater_bsm1_report,https://iwa-mia.org/wp-content/uploads/2019/04/BSM_TG_Tech_Report_no_1_BSM1_General_Description.pdf
DCS_02_return_activated_sludge_flow_Qr_SP_11,wastewater_aeration,return_sludge_flow,useful,manipulated,m3/h,web_approved:wastewater_bsm1_report:web_vendor_tag,a7fd981e999d48aa,external_train,wastewater_bsm1_report,https://iwa-mia.org/wp-content/uploads/2019/04/BSM_TG_Tech_Report_no_1_BSM1_General_Description.pdf
Unit3.return_activated_sludge_flow_Qr.AI,wastewater_aeration,return_sludge_flow,useful,manipulated,m3/h,web_approved:wastewater_bsm1_report:web_channel_tag,a7fd981e999d48aa,external_train,wastewater_bsm1_report,https://iwa-mia.org/wp-content/uploads/2019/04/BSM_TG_Tech_Report_no_1_BSM1_General_Description.pdf
return activated sludge flow Qr[m3/h],wastewater_aeration,return_sludge_flow,useful,manipulated,m3/h,web_approved:wastewater_bsm1_report:web_unit_bracket,a7fd981e999d48aa,external_train,wastewater_bsm1_report,https://iwa-mia.org/wp-content/uploads/2019/04/BSM_TG_Tech_Report_no_1_BSM1_General_Description.pdf
RAS recycle rate,wastewater_aeration,return_sludge_flow,useful,manipulated,m3/h,web_approved:wastewater_bsm1_report:web_phrase,e15b9f582233afda,external_train,wastewater_bsm1_report,https://iwa-mia.org/wp-content/uploads/2019/04/BSM_TG_Tech_Report_no_1_BSM1_General_Description.pdf
RAS_recycle_rate,wastewater_aeration,return_sludge_flow,useful,manipulated,m3/h,web_approved:wastewater_bsm1_report:web_normalized,e15b9f582233afda,external_train,wastewater_bsm1_report,https://iwa-mia.org/wp-content/uploads/2019/04/BSM_TG_Tech_Report_no_1_BSM1_General_Description.pdf
RAS_RECYCLE_RATE,wastewater_aeration,return_sludge_flow,useful,manipulated,m3/h,web_approved:wastewater_bsm1_report:web_uppercase,e15b9f582233afda,external_train,wastewater_bsm1_report,https://iwa-mia.org/wp-content/uploads/2019/04/BSM_TG_Tech_Report_no_1_BSM1_General_Description.pdf
RASrecyclerate,wastewater_aeration,return_sludge_flow,useful,manipulated,m3/h,web_approved:wastewater_bsm1_report:web_compact,e15b9f582233afda,external_train,wastewater_bsm1_report,https://iwa-mia.org/wp-content/uploads/2019/04/BSM_TG_Tech_Report_no_1_BSM1_General_Description.pdf
DCS_02_RAS_recycle_rate_SP_11,wastewater_aeration,return_sludge_flow,useful,manipulated,m3/h,web_approved:wastewater_bsm1_report:web_vendor_tag,e15b9f582233afda,external_train,wastewater_bsm1_report,https://iwa-mia.org/wp-content/uploads/2019/04/BSM_TG_Tech_Report_no_1_BSM1_General_Description.pdf
Unit3.RAS_recycle_rate.AI,wastewater_aeration,return_sludge_flow,useful,manipulated,m3/h,web_approved:wastewater_bsm1_report:web_channel_tag,e15b9f582233afda,external_train,wastewater_bsm1_report,https://iwa-mia.org/wp-content/uploads/2019/04/BSM_TG_Tech_Report_no_1_BSM1_General_Description.pdf
RAS recycle rate[m3/h],wastewater_aeration,return_sludge_flow,useful,manipulated,m3/h,web_approved:wastewater_bsm1_report:web_unit_bracket,e15b9f582233afda,external_train,wastewater_bsm1_report,https://iwa-mia.org/wp-content/uploads/2019/04/BSM_TG_Tech_Report_no_1_BSM1_General_Description.pdf
zone one furnace temperature,steel_reheating_furnace,furnace_zone1_temp,required,controlled,degC,web_approved:steel_furnace_mpc_2023:web_phrase,4df4d072734bef49,external_train,steel_furnace_mpc_2023,https://pmc.ncbi.nlm.nih.gov/articles/PMC10141550/
zone_one_furnace_temperature,steel_reheating_furnace,furnace_zone1_temp,required,controlled,degC,web_approved:steel_furnace_mpc_2023:web_normalized,4df4d072734bef49,external_train,steel_furnace_mpc_2023,https://pmc.ncbi.nlm.nih.gov/articles/PMC10141550/
ZONE_ONE_FURNACE_TEMPERATURE,steel_reheating_furnace,furnace_zone1_temp,required,controlled,degC,web_approved:steel_furnace_mpc_2023:web_uppercase,4df4d072734bef49,external_train,steel_furnace_mpc_2023,https://pmc.ncbi.nlm.nih.gov/articles/PMC10141550/
zoneonefurnacetemperature,steel_reheating_furnace,furnace_zone1_temp,required,controlled,degC,web_approved:steel_furnace_mpc_2023:web_compact,4df4d072734bef49,external_train,steel_furnace_mpc_2023,https://pmc.ncbi.nlm.nih.gov/articles/PMC10141550/
DCS_02_zone_one_furnace_temperature_PV_11,steel_reheating_furnace,furnace_zone1_temp,required,controlled,degC,web_approved:steel_furnace_mpc_2023:web_vendor_tag,4df4d072734bef49,external_train,steel_furnace_mpc_2023,https://pmc.ncbi.nlm.nih.gov/articles/PMC10141550/
Unit3.zone_one_furnace_temperature.AI,steel_reheating_furnace,furnace_zone1_temp,required,controlled,degC,web_approved:steel_furnace_mpc_2023:web_channel_tag,4df4d072734bef49,external_train,steel_furnace_mpc_2023,https://pmc.ncbi.nlm.nih.gov/articles/PMC10141550/
zone one furnace temperature[degC],steel_reheating_furnace,furnace_zone1_temp,required,controlled,degC,web_approved:steel_furnace_mpc_2023:web_unit_bracket,4df4d072734bef49,external_train,steel_furnace_mpc_2023,https://pmc.ncbi.nlm.nih.gov/articles/PMC10141550/
furnace preheating area temperature,steel_reheating_furnace,furnace_zone1_temp,required,controlled,degC,web_approved:steel_furnace_mpc_2023:web_phrase,def231384012bba5,external_train,steel_furnace_mpc_2023,https://pmc.ncbi.nlm.nih.gov/articles/PMC10141550/
furnace_preheating_area_temperature,steel_reheating_furnace,furnace_zone1_temp,required,controlled,degC,web_approved:steel_furnace_mpc_2023:web_normalized,def231384012bba5,external_train,steel_furnace_mpc_2023,https://pmc.ncbi.nlm.nih.gov/articles/PMC10141550/
FURNACE_PREHEATING_AREA_TEMPERATURE,steel_reheating_furnace,furnace_zone1_temp,required,controlled,degC,web_approved:steel_furnace_mpc_2023:web_uppercase,def231384012bba5,external_train,steel_furnace_mpc_2023,https://pmc.ncbi.nlm.nih.gov/articles/PMC10141550/
furnacepreheatingareatemperature,steel_reheating_furnace,furnace_zone1_temp,required,controlled,degC,web_approved:steel_furnace_mpc_2023:web_compact,def231384012bba5,external_train,steel_furnace_mpc_2023,https://pmc.ncbi.nlm.nih.gov/articles/PMC10141550/
DCS_02_furnace_preheating_area_temperature_PV_11,steel_reheating_furnace,furnace_zone1_temp,required,controlled,degC,web_approved:steel_furnace_mpc_2023:web_vendor_tag,def231384012bba5,external_train,steel_furnace_mpc_2023,https://pmc.ncbi.nlm.nih.gov/articles/PMC10141550/
Unit3.furnace_preheating_area_temperature.AI,steel_reheating_furnace,furnace_zone1_temp,required,controlled,degC,web_approved:steel_furnace_mpc_2023:web_channel_tag,def231384012bba5,external_train,steel_furnace_mpc_2023,https://pmc.ncbi.nlm.nih.gov/articles/PMC10141550/
furnace preheating area temperature[degC],steel_reheating_furnace,furnace_zone1_temp,required,controlled,degC,web_approved:steel_furnace_mpc_2023:web_unit_bracket,def231384012bba5,external_train,steel_furnace_mpc_2023,https://pmc.ncbi.nlm.nih.gov/articles/PMC10141550/
预热区炉膛温度,steel_reheating_furnace,furnace_zone1_temp,required,controlled,degC,web_approved:steel_furnace_monitoring_2025:web_phrase,15fa11e66d751ba1,external_train,steel_furnace_monitoring_2025,https://pmc.ncbi.nlm.nih.gov/articles/PMC11983217/
预热区炉膛温度,steel_reheating_furnace,furnace_zone1_temp,required,controlled,degC,web_approved:steel_furnace_monitoring_2025:web_normalized,15fa11e66d751ba1,external_train,steel_furnace_monitoring_2025,https://pmc.ncbi.nlm.nih.gov/articles/PMC11983217/
预热区炉膛温度,steel_reheating_furnace,furnace_zone1_temp,required,controlled,degC,web_approved:steel_furnace_monitoring_2025:web_uppercase,15fa11e66d751ba1,external_train,steel_furnace_monitoring_2025,https://pmc.ncbi.nlm.nih.gov/articles/PMC11983217/
预热区炉膛温度,steel_reheating_furnace,furnace_zone1_temp,required,controlled,degC,web_approved:steel_furnace_monitoring_2025:web_compact,15fa11e66d751ba1,external_train,steel_furnace_monitoring_2025,https://pmc.ncbi.nlm.nih.gov/articles/PMC11983217/
DCS_02_预热区炉膛温度_PV_11,steel_reheating_furnace,furnace_zone1_temp,required,controlled,degC,web_approved:steel_furnace_monitoring_2025:web_vendor_tag,15fa11e66d751ba1,external_train,steel_furnace_monitoring_2025,https://pmc.ncbi.nlm.nih.gov/articles/PMC11983217/
Unit3.预热区炉膛温度.AI,steel_reheating_furnace,furnace_zone1_temp,required,controlled,degC,web_approved:steel_furnace_monitoring_2025:web_channel_tag,15fa11e66d751ba1,external_train,steel_furnace_monitoring_2025,https://pmc.ncbi.nlm.nih.gov/articles/PMC11983217/
预热区炉膛温度[degC],steel_reheating_furnace,furnace_zone1_temp,required,controlled,degC,web_approved:steel_furnace_monitoring_2025:web_unit_bracket,15fa11e66d751ba1,external_train,steel_furnace_monitoring_2025,https://pmc.ncbi.nlm.nih.gov/articles/PMC11983217/
zone three furnace temperature,steel_reheating_furnace,furnace_zone3_temp,required,controlled,degC,web_approved:steel_furnace_mpc_2023:web_phrase,5c3946d62633b827,external_train,steel_furnace_mpc_2023,https://pmc.ncbi.nlm.nih.gov/articles/PMC10141550/
zone_three_furnace_temperature,steel_reheating_furnace,furnace_zone3_temp,required,controlled,degC,web_approved:steel_furnace_mpc_2023:web_normalized,5c3946d62633b827,external_train,steel_furnace_mpc_2023,https://pmc.ncbi.nlm.nih.gov/articles/PMC10141550/
ZONE_THREE_FURNACE_TEMPERATURE,steel_reheating_furnace,furnace_zone3_temp,required,controlled,degC,web_approved:steel_furnace_mpc_2023:web_uppercase,5c3946d62633b827,external_train,steel_furnace_mpc_2023,https://pmc.ncbi.nlm.nih.gov/articles/PMC10141550/
zonethreefurnacetemperature,steel_reheating_furnace,furnace_zone3_temp,required,controlled,degC,web_approved:steel_furnace_mpc_2023:web_compact,5c3946d62633b827,external_train,steel_furnace_mpc_2023,https://pmc.ncbi.nlm.nih.gov/articles/PMC10141550/
DCS_02_zone_three_furnace_temperature_PV_11,steel_reheating_furnace,furnace_zone3_temp,required,controlled,degC,web_approved:steel_furnace_mpc_2023:web_vendor_tag,5c3946d62633b827,external_train,steel_furnace_mpc_2023,https://pmc.ncbi.nlm.nih.gov/articles/PMC10141550/
Unit3.zone_three_furnace_temperature.AI,steel_reheating_furnace,furnace_zone3_temp,required,controlled,degC,web_approved:steel_furnace_mpc_2023:web_channel_tag,5c3946d62633b827,external_train,steel_furnace_mpc_2023,https://pmc.ncbi.nlm.nih.gov/articles/PMC10141550/
zone three furnace temperature[degC],steel_reheating_furnace,furnace_zone3_temp,required,controlled,degC,web_approved:steel_furnace_mpc_2023:web_unit_bracket,5c3946d62633b827,external_train,steel_furnace_mpc_2023,https://pmc.ncbi.nlm.nih.gov/articles/PMC10141550/
furnace soaking area temperature,steel_reheating_furnace,furnace_zone3_temp,required,controlled,degC,web_approved:steel_furnace_mpc_2023:web_phrase,e41d4e938483355e,external_train,steel_furnace_mpc_2023,https://pmc.ncbi.nlm.nih.gov/articles/PMC10141550/
furnace_soaking_area_temperature,steel_reheating_furnace,furnace_zone3_temp,required,controlled,degC,web_approved:steel_furnace_mpc_2023:web_normalized,e41d4e938483355e,external_train,steel_furnace_mpc_2023,https://pmc.ncbi.nlm.nih.gov/articles/PMC10141550/
FURNACE_SOAKING_AREA_TEMPERATURE,steel_reheating_furnace,furnace_zone3_temp,required,controlled,degC,web_approved:steel_furnace_mpc_2023:web_uppercase,e41d4e938483355e,external_train,steel_furnace_mpc_2023,https://pmc.ncbi.nlm.nih.gov/articles/PMC10141550/
furnacesoakingareatemperature,steel_reheating_furnace,furnace_zone3_temp,required,controlled,degC,web_approved:steel_furnace_mpc_2023:web_compact,e41d4e938483355e,external_train,steel_furnace_mpc_2023,https://pmc.ncbi.nlm.nih.gov/articles/PMC10141550/
DCS_02_furnace_soaking_area_temperature_PV_11,steel_reheating_furnace,furnace_zone3_temp,required,controlled,degC,web_approved:steel_furnace_mpc_2023:web_vendor_tag,e41d4e938483355e,external_train,steel_furnace_mpc_2023,https://pmc.ncbi.nlm.nih.gov/articles/PMC10141550/
Unit3.furnace_soaking_area_temperature.AI,steel_reheating_furnace,furnace_zone3_temp,required,controlled,degC,web_approved:steel_furnace_mpc_2023:web_channel_tag,e41d4e938483355e,external_train,steel_furnace_mpc_2023,https://pmc.ncbi.nlm.nih.gov/articles/PMC10141550/
furnace soaking area temperature[degC],steel_reheating_furnace,furnace_zone3_temp,required,controlled,degC,web_approved:steel_furnace_mpc_2023:web_unit_bracket,e41d4e938483355e,external_train,steel_furnace_mpc_2023,https://pmc.ncbi.nlm.nih.gov/articles/PMC10141550/
均热区炉膛温度,steel_reheating_furnace,furnace_zone3_temp,required,controlled,degC,web_approved:steel_furnace_monitoring_2025:web_phrase,4762c5901a096820,external_train,steel_furnace_monitoring_2025,https://pmc.ncbi.nlm.nih.gov/articles/PMC11983217/
均热区炉膛温度,steel_reheating_furnace,furnace_zone3_temp,required,controlled,degC,web_approved:steel_furnace_monitoring_2025:web_normalized,4762c5901a096820,external_train,steel_furnace_monitoring_2025,https://pmc.ncbi.nlm.nih.gov/articles/PMC11983217/
均热区炉膛温度,steel_reheating_furnace,furnace_zone3_temp,required,controlled,degC,web_approved:steel_furnace_monitoring_2025:web_uppercase,4762c5901a096820,external_train,steel_furnace_monitoring_2025,https://pmc.ncbi.nlm.nih.gov/articles/PMC11983217/
均热区炉膛温度,steel_reheating_furnace,furnace_zone3_temp,required,controlled,degC,web_approved:steel_furnace_monitoring_2025:web_compact,4762c5901a096820,external_train,steel_furnace_monitoring_2025,https://pmc.ncbi.nlm.nih.gov/articles/PMC11983217/
DCS_02_均热区炉膛温度_PV_11,steel_reheating_furnace,furnace_zone3_temp,required,controlled,degC,web_approved:steel_furnace_monitoring_2025:web_vendor_tag,4762c5901a096820,external_train,steel_furnace_monitoring_2025,https://pmc.ncbi.nlm.nih.gov/articles/PMC11983217/
Unit3.均热区炉膛温度.AI,steel_reheating_furnace,furnace_zone3_temp,required,controlled,degC,web_approved:steel_furnace_monitoring_2025:web_channel_tag,4762c5901a096820,external_train,steel_furnace_monitoring_2025,https://pmc.ncbi.nlm.nih.gov/articles/PMC11983217/
均热区炉膛温度[degC],steel_reheating_furnace,furnace_zone3_temp,required,controlled,degC,web_approved:steel_furnace_monitoring_2025:web_unit_bracket,4762c5901a096820,external_train,steel_furnace_monitoring_2025,https://pmc.ncbi.nlm.nih.gov/articles/PMC11983217/
tower feed flow rate,distillation_column,feed_flow,required,disturbance,t/h,web_approved:distillation_hssed_2025:web_phrase,958327f01b1c1277,external_train,distillation_hssed_2025,https://www.sciencedirect.com/science/article/pii/S0957582025011516
tower_feed_flow_rate,distillation_column,feed_flow,required,disturbance,t/h,web_approved:distillation_hssed_2025:web_normalized,958327f01b1c1277,external_train,distillation_hssed_2025,https://www.sciencedirect.com/science/article/pii/S0957582025011516
TOWER_FEED_FLOW_RATE,distillation_column,feed_flow,required,disturbance,t/h,web_approved:distillation_hssed_2025:web_uppercase,958327f01b1c1277,external_train,distillation_hssed_2025,https://www.sciencedirect.com/science/article/pii/S0957582025011516
towerfeedflowrate,distillation_column,feed_flow,required,disturbance,t/h,web_approved:distillation_hssed_2025:web_compact,958327f01b1c1277,external_train,distillation_hssed_2025,https://www.sciencedirect.com/science/article/pii/S0957582025011516
DCS_02_tower_feed_flow_rate_PV_11,distillation_column,feed_flow,required,disturbance,t/h,web_approved:distillation_hssed_2025:web_vendor_tag,958327f01b1c1277,external_train,distillation_hssed_2025,https://www.sciencedirect.com/science/article/pii/S0957582025011516
Unit3.tower_feed_flow_rate.AI,distillation_column,feed_flow,required,disturbance,t/h,web_approved:distillation_hssed_2025:web_channel_tag,958327f01b1c1277,external_train,distillation_hssed_2025,https://www.sciencedirect.com/science/article/pii/S0957582025011516
tower feed flow rate[t/h],distillation_column,feed_flow,required,disturbance,t/h,web_approved:distillation_hssed_2025:web_unit_bracket,958327f01b1c1277,external_train,distillation_hssed_2025,https://www.sciencedirect.com/science/article/pii/S0957582025011516
feedstock flow to column,distillation_column,feed_flow,required,disturbance,t/h,web_approved:distillation_hssed_2025:web_phrase,16436c85a93355fe,external_train,distillation_hssed_2025,https://www.sciencedirect.com/science/article/pii/S0957582025011516
feedstock_flow_to_column,distillation_column,feed_flow,required,disturbance,t/h,web_approved:distillation_hssed_2025:web_normalized,16436c85a93355fe,external_train,distillation_hssed_2025,https://www.sciencedirect.com/science/article/pii/S0957582025011516
FEEDSTOCK_FLOW_TO_COLUMN,distillation_column,feed_flow,required,disturbance,t/h,web_approved:distillation_hssed_2025:web_uppercase,16436c85a93355fe,external_train,distillation_hssed_2025,https://www.sciencedirect.com/science/article/pii/S0957582025011516
feedstockflowtocolumn,distillation_column,feed_flow,required,disturbance,t/h,web_approved:distillation_hssed_2025:web_compact,16436c85a93355fe,external_train,distillation_hssed_2025,https://www.sciencedirect.com/science/article/pii/S0957582025011516
DCS_02_feedstock_flow_to_column_PV_11,distillation_column,feed_flow,required,disturbance,t/h,web_approved:distillation_hssed_2025:web_vendor_tag,16436c85a93355fe,external_train,distillation_hssed_2025,https://www.sciencedirect.com/science/article/pii/S0957582025011516
Unit3.feedstock_flow_to_column.AI,distillation_column,feed_flow,required,disturbance,t/h,web_approved:distillation_hssed_2025:web_channel_tag,16436c85a93355fe,external_train,distillation_hssed_2025,https://www.sciencedirect.com/science/article/pii/S0957582025011516
feedstock flow to column[t/h],distillation_column,feed_flow,required,disturbance,t/h,web_approved:distillation_hssed_2025:web_unit_bracket,16436c85a93355fe,external_train,distillation_hssed_2025,https://www.sciencedirect.com/science/article/pii/S0957582025011516
column inlet feed flow,distillation_column,feed_flow,required,disturbance,t/h,web_approved:distillation_hssed_2025:web_phrase,a927b5328df54ab4,external_train,distillation_hssed_2025,https://www.sciencedirect.com/science/article/pii/S0957582025011516
column_inlet_feed_flow,distillation_column,feed_flow,required,disturbance,t/h,web_approved:distillation_hssed_2025:web_normalized,a927b5328df54ab4,external_train,distillation_hssed_2025,https://www.sciencedirect.com/science/article/pii/S0957582025011516
COLUMN_INLET_FEED_FLOW,distillation_column,feed_flow,required,disturbance,t/h,web_approved:distillation_hssed_2025:web_uppercase,a927b5328df54ab4,external_train,distillation_hssed_2025,https://www.sciencedirect.com/science/article/pii/S0957582025011516
columninletfeedflow,distillation_column,feed_flow,required,disturbance,t/h,web_approved:distillation_hssed_2025:web_compact,a927b5328df54ab4,external_train,distillation_hssed_2025,https://www.sciencedirect.com/science/article/pii/S0957582025011516
DCS_02_column_inlet_feed_flow_PV_11,distillation_column,feed_flow,required,disturbance,t/h,web_approved:distillation_hssed_2025:web_vendor_tag,a927b5328df54ab4,external_train,distillation_hssed_2025,https://www.sciencedirect.com/science/article/pii/S0957582025011516
Unit3.column_inlet_feed_flow.AI,distillation_column,feed_flow,required,disturbance,t/h,web_approved:distillation_hssed_2025:web_channel_tag,a927b5328df54ab4,external_train,distillation_hssed_2025,https://www.sciencedirect.com/science/article/pii/S0957582025011516
column inlet feed flow[t/h],distillation_column,feed_flow,required,disturbance,t/h,web_approved:distillation_hssed_2025:web_unit_bracket,a927b5328df54ab4,external_train,distillation_hssed_2025,https://www.sciencedirect.com/science/article/pii/S0957582025011516
精馏塔进料量,distillation_column,feed_flow,required,disturbance,t/h,web_approved:distillation_hssed_2025:web_phrase,03acc91893b7d4ed,external_train,distillation_hssed_2025,https://www.sciencedirect.com/science/article/pii/S0957582025011516
精馏塔进料量,distillation_column,feed_flow,required,disturbance,t/h,web_approved:distillation_hssed_2025:web_normalized,03acc91893b7d4ed,external_train,distillation_hssed_2025,https://www.sciencedirect.com/science/article/pii/S0957582025011516
精馏塔进料量,distillation_column,feed_flow,required,disturbance,t/h,web_approved:distillation_hssed_2025:web_uppercase,03acc91893b7d4ed,external_train,distillation_hssed_2025,https://www.sciencedirect.com/science/article/pii/S0957582025011516
精馏塔进料量,distillation_column,feed_flow,required,disturbance,t/h,web_approved:distillation_hssed_2025:web_compact,03acc91893b7d4ed,external_train,distillation_hssed_2025,https://www.sciencedirect.com/science/article/pii/S0957582025011516
DCS_02_精馏塔进料量_PV_11,distillation_column,feed_flow,required,disturbance,t/h,web_approved:distillation_hssed_2025:web_vendor_tag,03acc91893b7d4ed,external_train,distillation_hssed_2025,https://www.sciencedirect.com/science/article/pii/S0957582025011516
Unit3.精馏塔进料量.AI,distillation_column,feed_flow,required,disturbance,t/h,web_approved:distillation_hssed_2025:web_channel_tag,03acc91893b7d4ed,external_train,distillation_hssed_2025,https://www.sciencedirect.com/science/article/pii/S0957582025011516
精馏塔进料量[t/h],distillation_column,feed_flow,required,disturbance,t/h,web_approved:distillation_hssed_2025:web_unit_bracket,03acc91893b7d4ed,external_train,distillation_hssed_2025,https://www.sciencedirect.com/science/article/pii/S0957582025011516
原料进塔流量,distillation_column,feed_flow,required,disturbance,t/h,web_approved:distillation_hssed_2025:web_phrase,30fe64e35516b4f9,external_train,distillation_hssed_2025,https://www.sciencedirect.com/science/article/pii/S0957582025011516
原料进塔流量,distillation_column,feed_flow,required,disturbance,t/h,web_approved:distillation_hssed_2025:web_normalized,30fe64e35516b4f9,external_train,distillation_hssed_2025,https://www.sciencedirect.com/science/article/pii/S0957582025011516
原料进塔流量,distillation_column,feed_flow,required,disturbance,t/h,web_approved:distillation_hssed_2025:web_uppercase,30fe64e35516b4f9,external_train,distillation_hssed_2025,https://www.sciencedirect.com/science/article/pii/S0957582025011516
原料进塔流量,distillation_column,feed_flow,required,disturbance,t/h,web_approved:distillation_hssed_2025:web_compact,30fe64e35516b4f9,external_train,distillation_hssed_2025,https://www.sciencedirect.com/science/article/pii/S0957582025011516
DCS_02_原料进塔流量_PV_11,distillation_column,feed_flow,required,disturbance,t/h,web_approved:distillation_hssed_2025:web_vendor_tag,30fe64e35516b4f9,external_train,distillation_hssed_2025,https://www.sciencedirect.com/science/article/pii/S0957582025011516
Unit3.原料进塔流量.AI,distillation_column,feed_flow,required,disturbance,t/h,web_approved:distillation_hssed_2025:web_channel_tag,30fe64e35516b4f9,external_train,distillation_hssed_2025,https://www.sciencedirect.com/science/article/pii/S0957582025011516
原料进塔流量[t/h],distillation_column,feed_flow,required,disturbance,t/h,web_approved:distillation_hssed_2025:web_unit_bracket,30fe64e35516b4f9,external_train,distillation_hssed_2025,https://www.sciencedirect.com/science/article/pii/S0957582025011516
secondary combustion air flow,thermal_power_boiler,secondary_air_flow,useful,manipulated,Nm3/h,web_approved:boiler_airflow_2024:web_phrase,9896ed1c7fd227cf,external_train,boiler_airflow_2024,https://www.mdpi.com/2227-9717/12/12/2823
secondary_combustion_air_flow,thermal_power_boiler,secondary_air_flow,useful,manipulated,Nm3/h,web_approved:boiler_airflow_2024:web_normalized,9896ed1c7fd227cf,external_train,boiler_airflow_2024,https://www.mdpi.com/2227-9717/12/12/2823
SECONDARY_COMBUSTION_AIR_FLOW,thermal_power_boiler,secondary_air_flow,useful,manipulated,Nm3/h,web_approved:boiler_airflow_2024:web_uppercase,9896ed1c7fd227cf,external_train,boiler_airflow_2024,https://www.mdpi.com/2227-9717/12/12/2823
secondarycombustionairflow,thermal_power_boiler,secondary_air_flow,useful,manipulated,Nm3/h,web_approved:boiler_airflow_2024:web_compact,9896ed1c7fd227cf,external_train,boiler_airflow_2024,https://www.mdpi.com/2227-9717/12/12/2823
DCS_02_secondary_combustion_air_flow_SP_11,thermal_power_boiler,secondary_air_flow,useful,manipulated,Nm3/h,web_approved:boiler_airflow_2024:web_vendor_tag,9896ed1c7fd227cf,external_train,boiler_airflow_2024,https://www.mdpi.com/2227-9717/12/12/2823
Unit3.secondary_combustion_air_flow.AI,thermal_power_boiler,secondary_air_flow,useful,manipulated,Nm3/h,web_approved:boiler_airflow_2024:web_channel_tag,9896ed1c7fd227cf,external_train,boiler_airflow_2024,https://www.mdpi.com/2227-9717/12/12/2823
secondary combustion air flow[Nm3/h],thermal_power_boiler,secondary_air_flow,useful,manipulated,Nm3/h,web_approved:boiler_airflow_2024:web_unit_bracket,9896ed1c7fd227cf,external_train,boiler_airflow_2024,https://www.mdpi.com/2227-9717/12/12/2823
SA airflow,thermal_power_boiler,secondary_air_flow,useful,manipulated,Nm3/h,web_approved:boiler_airflow_2024:web_phrase,eedc8d640bd58e1c,external_train,boiler_airflow_2024,https://www.mdpi.com/2227-9717/12/12/2823
SA_airflow,thermal_power_boiler,secondary_air_flow,useful,manipulated,Nm3/h,web_approved:boiler_airflow_2024:web_normalized,eedc8d640bd58e1c,external_train,boiler_airflow_2024,https://www.mdpi.com/2227-9717/12/12/2823
SA_AIRFLOW,thermal_power_boiler,secondary_air_flow,useful,manipulated,Nm3/h,web_approved:boiler_airflow_2024:web_uppercase,eedc8d640bd58e1c,external_train,boiler_airflow_2024,https://www.mdpi.com/2227-9717/12/12/2823
SAairflow,thermal_power_boiler,secondary_air_flow,useful,manipulated,Nm3/h,web_approved:boiler_airflow_2024:web_compact,eedc8d640bd58e1c,external_train,boiler_airflow_2024,https://www.mdpi.com/2227-9717/12/12/2823
DCS_02_SA_airflow_SP_11,thermal_power_boiler,secondary_air_flow,useful,manipulated,Nm3/h,web_approved:boiler_airflow_2024:web_vendor_tag,eedc8d640bd58e1c,external_train,boiler_airflow_2024,https://www.mdpi.com/2227-9717/12/12/2823
Unit3.SA_airflow.AI,thermal_power_boiler,secondary_air_flow,useful,manipulated,Nm3/h,web_approved:boiler_airflow_2024:web_channel_tag,eedc8d640bd58e1c,external_train,boiler_airflow_2024,https://www.mdpi.com/2227-9717/12/12/2823
SA airflow[Nm3/h],thermal_power_boiler,secondary_air_flow,useful,manipulated,Nm3/h,web_approved:boiler_airflow_2024:web_unit_bracket,eedc8d640bd58e1c,external_train,boiler_airflow_2024,https://www.mdpi.com/2227-9717/12/12/2823
secondary air volume rate,thermal_power_boiler,secondary_air_flow,useful,manipulated,Nm3/h,web_approved:boiler_airflow_2024:web_phrase,b57c5aaa0874bc2a,external_train,boiler_airflow_2024,https://www.mdpi.com/2227-9717/12/12/2823
secondary_air_volume_rate,thermal_power_boiler,secondary_air_flow,useful,manipulated,Nm3/h,web_approved:boiler_airflow_2024:web_normalized,b57c5aaa0874bc2a,external_train,boiler_airflow_2024,https://www.mdpi.com/2227-9717/12/12/2823
SECONDARY_AIR_VOLUME_RATE,thermal_power_boiler,secondary_air_flow,useful,manipulated,Nm3/h,web_approved:boiler_airflow_2024:web_uppercase,b57c5aaa0874bc2a,external_train,boiler_airflow_2024,https://www.mdpi.com/2227-9717/12/12/2823
secondaryairvolumerate,thermal_power_boiler,secondary_air_flow,useful,manipulated,Nm3/h,web_approved:boiler_airflow_2024:web_compact,b57c5aaa0874bc2a,external_train,boiler_airflow_2024,https://www.mdpi.com/2227-9717/12/12/2823
DCS_02_secondary_air_volume_rate_SP_11,thermal_power_boiler,secondary_air_flow,useful,manipulated,Nm3/h,web_approved:boiler_airflow_2024:web_vendor_tag,b57c5aaa0874bc2a,external_train,boiler_airflow_2024,https://www.mdpi.com/2227-9717/12/12/2823
Unit3.secondary_air_volume_rate.AI,thermal_power_boiler,secondary_air_flow,useful,manipulated,Nm3/h,web_approved:boiler_airflow_2024:web_channel_tag,b57c5aaa0874bc2a,external_train,boiler_airflow_2024,https://www.mdpi.com/2227-9717/12/12/2823
secondary air volume rate[Nm3/h],thermal_power_boiler,secondary_air_flow,useful,manipulated,Nm3/h,web_approved:boiler_airflow_2024:web_unit_bracket,b57c5aaa0874bc2a,external_train,boiler_airflow_2024,https://www.mdpi.com/2227-9717/12/12/2823
锅炉二次助燃风量,thermal_power_boiler,secondary_air_flow,useful,manipulated,Nm3/h,web_approved:boiler_airflow_2024:web_phrase,594ee4ea20687efe,external_train,boiler_airflow_2024,https://www.mdpi.com/2227-9717/12/12/2823
锅炉二次助燃风量,thermal_power_boiler,secondary_air_flow,useful,manipulated,Nm3/h,web_approved:boiler_airflow_2024:web_normalized,594ee4ea20687efe,external_train,boiler_airflow_2024,https://www.mdpi.com/2227-9717/12/12/2823
锅炉二次助燃风量,thermal_power_boiler,secondary_air_flow,useful,manipulated,Nm3/h,web_approved:boiler_airflow_2024:web_uppercase,594ee4ea20687efe,external_train,boiler_airflow_2024,https://www.mdpi.com/2227-9717/12/12/2823
锅炉二次助燃风量,thermal_power_boiler,secondary_air_flow,useful,manipulated,Nm3/h,web_approved:boiler_airflow_2024:web_compact,594ee4ea20687efe,external_train,boiler_airflow_2024,https://www.mdpi.com/2227-9717/12/12/2823
DCS_02_锅炉二次助燃风量_SP_11,thermal_power_boiler,secondary_air_flow,useful,manipulated,Nm3/h,web_approved:boiler_airflow_2024:web_vendor_tag,594ee4ea20687efe,external_train,boiler_airflow_2024,https://www.mdpi.com/2227-9717/12/12/2823
Unit3.锅炉二次助燃风量.AI,thermal_power_boiler,secondary_air_flow,useful,manipulated,Nm3/h,web_approved:boiler_airflow_2024:web_channel_tag,594ee4ea20687efe,external_train,boiler_airflow_2024,https://www.mdpi.com/2227-9717/12/12/2823
锅炉二次助燃风量[Nm3/h],thermal_power_boiler,secondary_air_flow,useful,manipulated,Nm3/h,web_approved:boiler_airflow_2024:web_unit_bracket,594ee4ea20687efe,external_train,boiler_airflow_2024,https://www.mdpi.com/2227-9717/12/12/2823
steam drum water level,thermal_power_boiler,drum_level,useful,controlled,mm,web_approved:boiler_drum_level_2022:web_phrase,16bbd9789c53a9d5,external_train,boiler_drum_level_2022,https://www.mdpi.com/1996-1073/15/17/6310
steam_drum_water_level,thermal_power_boiler,drum_level,useful,controlled,mm,web_approved:boiler_drum_level_2022:web_normalized,16bbd9789c53a9d5,external_train,boiler_drum_level_2022,https://www.mdpi.com/1996-1073/15/17/6310
STEAM_DRUM_WATER_LEVEL,thermal_power_boiler,drum_level,useful,controlled,mm,web_approved:boiler_drum_level_2022:web_uppercase,16bbd9789c53a9d5,external_train,boiler_drum_level_2022,https://www.mdpi.com/1996-1073/15/17/6310
steamdrumwaterlevel,thermal_power_boiler,drum_level,useful,controlled,mm,web_approved:boiler_drum_level_2022:web_compact,16bbd9789c53a9d5,external_train,boiler_drum_level_2022,https://www.mdpi.com/1996-1073/15/17/6310
DCS_02_steam_drum_water_level_PV_11,thermal_power_boiler,drum_level,useful,controlled,mm,web_approved:boiler_drum_level_2022:web_vendor_tag,16bbd9789c53a9d5,external_train,boiler_drum_level_2022,https://www.mdpi.com/1996-1073/15/17/6310
Unit3.steam_drum_water_level.AI,thermal_power_boiler,drum_level,useful,controlled,mm,web_approved:boiler_drum_level_2022:web_channel_tag,16bbd9789c53a9d5,external_train,boiler_drum_level_2022,https://www.mdpi.com/1996-1073/15/17/6310
steam drum water level[mm],thermal_power_boiler,drum_level,useful,controlled,mm,web_approved:boiler_drum_level_2022:web_unit_bracket,16bbd9789c53a9d5,external_train,boiler_drum_level_2022,https://www.mdpi.com/1996-1073/15/17/6310
measured water level in steam drum,thermal_power_boiler,drum_level,useful,controlled,mm,web_approved:boiler_drum_level_2022:web_phrase,071db09a7b4e33bd,external_train,boiler_drum_level_2022,https://www.mdpi.com/1996-1073/15/17/6310
measured_water_level_in_steam_drum,thermal_power_boiler,drum_level,useful,controlled,mm,web_approved:boiler_drum_level_2022:web_normalized,071db09a7b4e33bd,external_train,boiler_drum_level_2022,https://www.mdpi.com/1996-1073/15/17/6310
MEASURED_WATER_LEVEL_IN_STEAM_DRUM,thermal_power_boiler,drum_level,useful,controlled,mm,web_approved:boiler_drum_level_2022:web_uppercase,071db09a7b4e33bd,external_train,boiler_drum_level_2022,https://www.mdpi.com/1996-1073/15/17/6310
measuredwaterlevelinsteamdrum,thermal_power_boiler,drum_level,useful,controlled,mm,web_approved:boiler_drum_level_2022:web_compact,071db09a7b4e33bd,external_train,boiler_drum_level_2022,https://www.mdpi.com/1996-1073/15/17/6310
DCS_02_measured_water_level_in_steam_drum_PV_11,thermal_power_boiler,drum_level,useful,controlled,mm,web_approved:boiler_drum_level_2022:web_vendor_tag,071db09a7b4e33bd,external_train,boiler_drum_level_2022,https://www.mdpi.com/1996-1073/15/17/6310
Unit3.measured_water_level_in_steam_drum.AI,thermal_power_boiler,drum_level,useful,controlled,mm,web_approved:boiler_drum_level_2022:web_channel_tag,071db09a7b4e33bd,external_train,boiler_drum_level_2022,https://www.mdpi.com/1996-1073/15/17/6310
measured water level in steam drum[mm],thermal_power_boiler,drum_level,useful,controlled,mm,web_approved:boiler_drum_level_2022:web_unit_bracket,071db09a7b4e33bd,external_train,boiler_drum_level_2022,https://www.mdpi.com/1996-1073/15/17/6310
boiler drum liquid level,thermal_power_boiler,drum_level,useful,controlled,mm,web_approved:boiler_drum_level_2022:web_phrase,3bbc3f70b2a7d02a,external_train,boiler_drum_level_2022,https://www.mdpi.com/1996-1073/15/17/6310
boiler_drum_liquid_level,thermal_power_boiler,drum_level,useful,controlled,mm,web_approved:boiler_drum_level_2022:web_normalized,3bbc3f70b2a7d02a,external_train,boiler_drum_level_2022,https://www.mdpi.com/1996-1073/15/17/6310
BOILER_DRUM_LIQUID_LEVEL,thermal_power_boiler,drum_level,useful,controlled,mm,web_approved:boiler_drum_level_2022:web_uppercase,3bbc3f70b2a7d02a,external_train,boiler_drum_level_2022,https://www.mdpi.com/1996-1073/15/17/6310
boilerdrumliquidlevel,thermal_power_boiler,drum_level,useful,controlled,mm,web_approved:boiler_drum_level_2022:web_compact,3bbc3f70b2a7d02a,external_train,boiler_drum_level_2022,https://www.mdpi.com/1996-1073/15/17/6310
DCS_02_boiler_drum_liquid_level_PV_11,thermal_power_boiler,drum_level,useful,controlled,mm,web_approved:boiler_drum_level_2022:web_vendor_tag,3bbc3f70b2a7d02a,external_train,boiler_drum_level_2022,https://www.mdpi.com/1996-1073/15/17/6310
Unit3.boiler_drum_liquid_level.AI,thermal_power_boiler,drum_level,useful,controlled,mm,web_approved:boiler_drum_level_2022:web_channel_tag,3bbc3f70b2a7d02a,external_train,boiler_drum_level_2022,https://www.mdpi.com/1996-1073/15/17/6310
boiler drum liquid level[mm],thermal_power_boiler,drum_level,useful,controlled,mm,web_approved:boiler_drum_level_2022:web_unit_bracket,3bbc3f70b2a7d02a,external_train,boiler_drum_level_2022,https://www.mdpi.com/1996-1073/15/17/6310
汽包水位测量值,thermal_power_boiler,drum_level,useful,controlled,mm,web_approved:boiler_drum_level_2022:web_phrase,70d8d0ad896e1906,external_train,boiler_drum_level_2022,https://www.mdpi.com/1996-1073/15/17/6310
汽包水位测量值,thermal_power_boiler,drum_level,useful,controlled,mm,web_approved:boiler_drum_level_2022:web_normalized,70d8d0ad896e1906,external_train,boiler_drum_level_2022,https://www.mdpi.com/1996-1073/15/17/6310
汽包水位测量值,thermal_power_boiler,drum_level,useful,controlled,mm,web_approved:boiler_drum_level_2022:web_uppercase,70d8d0ad896e1906,external_train,boiler_drum_level_2022,https://www.mdpi.com/1996-1073/15/17/6310
汽包水位测量值,thermal_power_boiler,drum_level,useful,controlled,mm,web_approved:boiler_drum_level_2022:web_compact,70d8d0ad896e1906,external_train,boiler_drum_level_2022,https://www.mdpi.com/1996-1073/15/17/6310
DCS_02_汽包水位测量值_PV_11,thermal_power_boiler,drum_level,useful,controlled,mm,web_approved:boiler_drum_level_2022:web_vendor_tag,70d8d0ad896e1906,external_train,boiler_drum_level_2022,https://www.mdpi.com/1996-1073/15/17/6310
Unit3.汽包水位测量值.AI,thermal_power_boiler,drum_level,useful,controlled,mm,web_approved:boiler_drum_level_2022:web_channel_tag,70d8d0ad896e1906,external_train,boiler_drum_level_2022,https://www.mdpi.com/1996-1073/15/17/6310
汽包水位测量值[mm],thermal_power_boiler,drum_level,useful,controlled,mm,web_approved:boiler_drum_level_2022:web_unit_bracket,70d8d0ad896e1906,external_train,boiler_drum_level_2022,https://www.mdpi.com/1996-1073/15/17/6310
main steam line pressure,thermal_power_boiler,main_steam_pressure,required,controlled,Pa,web_approved:boiler_airflow_2024:web_phrase,82b2480f4df0811c,external_train,boiler_airflow_2024,https://www.mdpi.com/2227-9717/12/12/2823
main_steam_line_pressure,thermal_power_boiler,main_steam_pressure,required,controlled,Pa,web_approved:boiler_airflow_2024:web_normalized,82b2480f4df0811c,external_train,boiler_airflow_2024,https://www.mdpi.com/2227-9717/12/12/2823
MAIN_STEAM_LINE_PRESSURE,thermal_power_boiler,main_steam_pressure,required,controlled,Pa,web_approved:boiler_airflow_2024:web_uppercase,82b2480f4df0811c,external_train,boiler_airflow_2024,https://www.mdpi.com/2227-9717/12/12/2823
mainsteamlinepressure,thermal_power_boiler,main_steam_pressure,required,controlled,Pa,web_approved:boiler_airflow_2024:web_compact,82b2480f4df0811c,external_train,boiler_airflow_2024,https://www.mdpi.com/2227-9717/12/12/2823
DCS_02_main_steam_line_pressure_PV_11,thermal_power_boiler,main_steam_pressure,required,controlled,Pa,web_approved:boiler_airflow_2024:web_vendor_tag,82b2480f4df0811c,external_train,boiler_airflow_2024,https://www.mdpi.com/2227-9717/12/12/2823
Unit3.main_steam_line_pressure.AI,thermal_power_boiler,main_steam_pressure,required,controlled,Pa,web_approved:boiler_airflow_2024:web_channel_tag,82b2480f4df0811c,external_train,boiler_airflow_2024,https://www.mdpi.com/2227-9717/12/12/2823
main steam line pressure[Pa],thermal_power_boiler,main_steam_pressure,required,controlled,Pa,web_approved:boiler_airflow_2024:web_unit_bracket,82b2480f4df0811c,external_train,boiler_airflow_2024,https://www.mdpi.com/2227-9717/12/12/2823
superheated main steam pressure,thermal_power_boiler,main_steam_pressure,required,controlled,Pa,web_approved:boiler_airflow_2024:web_phrase,9efb64b72da08bc9,external_train,boiler_airflow_2024,https://www.mdpi.com/2227-9717/12/12/2823
superheated_main_steam_pressure,thermal_power_boiler,main_steam_pressure,required,controlled,Pa,web_approved:boiler_airflow_2024:web_normalized,9efb64b72da08bc9,external_train,boiler_airflow_2024,https://www.mdpi.com/2227-9717/12/12/2823
SUPERHEATED_MAIN_STEAM_PRESSURE,thermal_power_boiler,main_steam_pressure,required,controlled,Pa,web_approved:boiler_airflow_2024:web_uppercase,9efb64b72da08bc9,external_train,boiler_airflow_2024,https://www.mdpi.com/2227-9717/12/12/2823
superheatedmainsteampressure,thermal_power_boiler,main_steam_pressure,required,controlled,Pa,web_approved:boiler_airflow_2024:web_compact,9efb64b72da08bc9,external_train,boiler_airflow_2024,https://www.mdpi.com/2227-9717/12/12/2823
DCS_02_superheated_main_steam_pressure_PV_11,thermal_power_boiler,main_steam_pressure,required,controlled,Pa,web_approved:boiler_airflow_2024:web_vendor_tag,9efb64b72da08bc9,external_train,boiler_airflow_2024,https://www.mdpi.com/2227-9717/12/12/2823
Unit3.superheated_main_steam_pressure.AI,thermal_power_boiler,main_steam_pressure,required,controlled,Pa,web_approved:boiler_airflow_2024:web_channel_tag,9efb64b72da08bc9,external_train,boiler_airflow_2024,https://www.mdpi.com/2227-9717/12/12/2823
superheated main steam pressure[Pa],thermal_power_boiler,main_steam_pressure,required,controlled,Pa,web_approved:boiler_airflow_2024:web_unit_bracket,9efb64b72da08bc9,external_train,boiler_airflow_2024,https://www.mdpi.com/2227-9717/12/12/2823
主蒸汽出口压力,thermal_power_boiler,main_steam_pressure,required,controlled,Pa,web_approved:boiler_airflow_2024:web_phrase,5f3f4a6002194ab8,external_train,boiler_airflow_2024,https://www.mdpi.com/2227-9717/12/12/2823
主蒸汽出口压力,thermal_power_boiler,main_steam_pressure,required,controlled,Pa,web_approved:boiler_airflow_2024:web_normalized,5f3f4a6002194ab8,external_train,boiler_airflow_2024,https://www.mdpi.com/2227-9717/12/12/2823
主蒸汽出口压力,thermal_power_boiler,main_steam_pressure,required,controlled,Pa,web_approved:boiler_airflow_2024:web_uppercase,5f3f4a6002194ab8,external_train,boiler_airflow_2024,https://www.mdpi.com/2227-9717/12/12/2823
主蒸汽出口压力,thermal_power_boiler,main_steam_pressure,required,controlled,Pa,web_approved:boiler_airflow_2024:web_compact,5f3f4a6002194ab8,external_train,boiler_airflow_2024,https://www.mdpi.com/2227-9717/12/12/2823
DCS_02_主蒸汽出口压力_PV_11,thermal_power_boiler,main_steam_pressure,required,controlled,Pa,web_approved:boiler_airflow_2024:web_vendor_tag,5f3f4a6002194ab8,external_train,boiler_airflow_2024,https://www.mdpi.com/2227-9717/12/12/2823
Unit3.主蒸汽出口压力.AI,thermal_power_boiler,main_steam_pressure,required,controlled,Pa,web_approved:boiler_airflow_2024:web_channel_tag,5f3f4a6002194ab8,external_train,boiler_airflow_2024,https://www.mdpi.com/2227-9717/12/12/2823
主蒸汽出口压力[Pa],thermal_power_boiler,main_steam_pressure,required,controlled,Pa,web_approved:boiler_airflow_2024:web_unit_bracket,5f3f4a6002194ab8,external_train,boiler_airflow_2024,https://www.mdpi.com/2227-9717/12/12/2823
gross generator load,thermal_power_boiler,unit_load,required,disturbance,MW,web_approved:boiler_oxygen_ieee_2020:web_phrase,80a9e03fb51eb801,external_train,boiler_oxygen_ieee_2020,https://research.engineering.uiowa.edu/kusiak/sites/research.engineering.uiowa.edu.kusiak/files/files/IEEE%20Access%202020-1.pdf
gross_generator_load,thermal_power_boiler,unit_load,required,disturbance,MW,web_approved:boiler_oxygen_ieee_2020:web_normalized,80a9e03fb51eb801,external_train,boiler_oxygen_ieee_2020,https://research.engineering.uiowa.edu/kusiak/sites/research.engineering.uiowa.edu.kusiak/files/files/IEEE%20Access%202020-1.pdf
GROSS_GENERATOR_LOAD,thermal_power_boiler,unit_load,required,disturbance,MW,web_approved:boiler_oxygen_ieee_2020:web_uppercase,80a9e03fb51eb801,external_train,boiler_oxygen_ieee_2020,https://research.engineering.uiowa.edu/kusiak/sites/research.engineering.uiowa.edu.kusiak/files/files/IEEE%20Access%202020-1.pdf
grossgeneratorload,thermal_power_boiler,unit_load,required,disturbance,MW,web_approved:boiler_oxygen_ieee_2020:web_compact,80a9e03fb51eb801,external_train,boiler_oxygen_ieee_2020,https://research.engineering.uiowa.edu/kusiak/sites/research.engineering.uiowa.edu.kusiak/files/files/IEEE%20Access%202020-1.pdf
DCS_02_gross_generator_load_PV_11,thermal_power_boiler,unit_load,required,disturbance,MW,web_approved:boiler_oxygen_ieee_2020:web_vendor_tag,80a9e03fb51eb801,external_train,boiler_oxygen_ieee_2020,https://research.engineering.uiowa.edu/kusiak/sites/research.engineering.uiowa.edu.kusiak/files/files/IEEE%20Access%202020-1.pdf
Unit3.gross_generator_load.AI,thermal_power_boiler,unit_load,required,disturbance,MW,web_approved:boiler_oxygen_ieee_2020:web_channel_tag,80a9e03fb51eb801,external_train,boiler_oxygen_ieee_2020,https://research.engineering.uiowa.edu/kusiak/sites/research.engineering.uiowa.edu.kusiak/files/files/IEEE%20Access%202020-1.pdf
gross generator load[MW],thermal_power_boiler,unit_load,required,disturbance,MW,web_approved:boiler_oxygen_ieee_2020:web_unit_bracket,80a9e03fb51eb801,external_train,boiler_oxygen_ieee_2020,https://research.engineering.uiowa.edu/kusiak/sites/research.engineering.uiowa.edu.kusiak/files/files/IEEE%20Access%202020-1.pdf
boiler unit output,thermal_power_boiler,unit_load,required,disturbance,MW,web_approved:boiler_oxygen_ieee_2020:web_phrase,7c800c009bbecc10,external_train,boiler_oxygen_ieee_2020,https://research.engineering.uiowa.edu/kusiak/sites/research.engineering.uiowa.edu.kusiak/files/files/IEEE%20Access%202020-1.pdf
boiler_unit_output,thermal_power_boiler,unit_load,required,disturbance,MW,web_approved:boiler_oxygen_ieee_2020:web_normalized,7c800c009bbecc10,external_train,boiler_oxygen_ieee_2020,https://research.engineering.uiowa.edu/kusiak/sites/research.engineering.uiowa.edu.kusiak/files/files/IEEE%20Access%202020-1.pdf
BOILER_UNIT_OUTPUT,thermal_power_boiler,unit_load,required,disturbance,MW,web_approved:boiler_oxygen_ieee_2020:web_uppercase,7c800c009bbecc10,external_train,boiler_oxygen_ieee_2020,https://research.engineering.uiowa.edu/kusiak/sites/research.engineering.uiowa.edu.kusiak/files/files/IEEE%20Access%202020-1.pdf
boilerunitoutput,thermal_power_boiler,unit_load,required,disturbance,MW,web_approved:boiler_oxygen_ieee_2020:web_compact,7c800c009bbecc10,external_train,boiler_oxygen_ieee_2020,https://research.engineering.uiowa.edu/kusiak/sites/research.engineering.uiowa.edu.kusiak/files/files/IEEE%20Access%202020-1.pdf
DCS_02_boiler_unit_output_PV_11,thermal_power_boiler,unit_load,required,disturbance,MW,web_approved:boiler_oxygen_ieee_2020:web_vendor_tag,7c800c009bbecc10,external_train,boiler_oxygen_ieee_2020,https://research.engineering.uiowa.edu/kusiak/sites/research.engineering.uiowa.edu.kusiak/files/files/IEEE%20Access%202020-1.pdf
Unit3.boiler_unit_output.AI,thermal_power_boiler,unit_load,required,disturbance,MW,web_approved:boiler_oxygen_ieee_2020:web_channel_tag,7c800c009bbecc10,external_train,boiler_oxygen_ieee_2020,https://research.engineering.uiowa.edu/kusiak/sites/research.engineering.uiowa.edu.kusiak/files/files/IEEE%20Access%202020-1.pdf
boiler unit output[MW],thermal_power_boiler,unit_load,required,disturbance,MW,web_approved:boiler_oxygen_ieee_2020:web_unit_bracket,7c800c009bbecc10,external_train,boiler_oxygen_ieee_2020,https://research.engineering.uiowa.edu/kusiak/sites/research.engineering.uiowa.edu.kusiak/files/files/IEEE%20Access%202020-1.pdf
generator active load,thermal_power_boiler,unit_load,required,disturbance,MW,web_approved:boiler_oxygen_ieee_2020:web_phrase,5068daf71956e063,external_train,boiler_oxygen_ieee_2020,https://research.engineering.uiowa.edu/kusiak/sites/research.engineering.uiowa.edu.kusiak/files/files/IEEE%20Access%202020-1.pdf
generator_active_load,thermal_power_boiler,unit_load,required,disturbance,MW,web_approved:boiler_oxygen_ieee_2020:web_normalized,5068daf71956e063,external_train,boiler_oxygen_ieee_2020,https://research.engineering.uiowa.edu/kusiak/sites/research.engineering.uiowa.edu.kusiak/files/files/IEEE%20Access%202020-1.pdf
GENERATOR_ACTIVE_LOAD,thermal_power_boiler,unit_load,required,disturbance,MW,web_approved:boiler_oxygen_ieee_2020:web_uppercase,5068daf71956e063,external_train,boiler_oxygen_ieee_2020,https://research.engineering.uiowa.edu/kusiak/sites/research.engineering.uiowa.edu.kusiak/files/files/IEEE%20Access%202020-1.pdf
generatoractiveload,thermal_power_boiler,unit_load,required,disturbance,MW,web_approved:boiler_oxygen_ieee_2020:web_compact,5068daf71956e063,external_train,boiler_oxygen_ieee_2020,https://research.engineering.uiowa.edu/kusiak/sites/research.engineering.uiowa.edu.kusiak/files/files/IEEE%20Access%202020-1.pdf
DCS_02_generator_active_load_PV_11,thermal_power_boiler,unit_load,required,disturbance,MW,web_approved:boiler_oxygen_ieee_2020:web_vendor_tag,5068daf71956e063,external_train,boiler_oxygen_ieee_2020,https://research.engineering.uiowa.edu/kusiak/sites/research.engineering.uiowa.edu.kusiak/files/files/IEEE%20Access%202020-1.pdf
Unit3.generator_active_load.AI,thermal_power_boiler,unit_load,required,disturbance,MW,web_approved:boiler_oxygen_ieee_2020:web_channel_tag,5068daf71956e063,external_train,boiler_oxygen_ieee_2020,https://research.engineering.uiowa.edu/kusiak/sites/research.engineering.uiowa.edu.kusiak/files/files/IEEE%20Access%202020-1.pdf
generator active load[MW],thermal_power_boiler,unit_load,required,disturbance,MW,web_approved:boiler_oxygen_ieee_2020:web_unit_bracket,5068daf71956e063,external_train,boiler_oxygen_ieee_2020,https://research.engineering.uiowa.edu/kusiak/sites/research.engineering.uiowa.edu.kusiak/files/files/IEEE%20Access%202020-1.pdf
机组当前出力,thermal_power_boiler,unit_load,required,disturbance,MW,web_approved:boiler_oxygen_ieee_2020:web_phrase,4b04194111e9828d,external_train,boiler_oxygen_ieee_2020,https://research.engineering.uiowa.edu/kusiak/sites/research.engineering.uiowa.edu.kusiak/files/files/IEEE%20Access%202020-1.pdf
机组当前出力,thermal_power_boiler,unit_load,required,disturbance,MW,web_approved:boiler_oxygen_ieee_2020:web_normalized,4b04194111e9828d,external_train,boiler_oxygen_ieee_2020,https://research.engineering.uiowa.edu/kusiak/sites/research.engineering.uiowa.edu.kusiak/files/files/IEEE%20Access%202020-1.pdf
机组当前出力,thermal_power_boiler,unit_load,required,disturbance,MW,web_approved:boiler_oxygen_ieee_2020:web_uppercase,4b04194111e9828d,external_train,boiler_oxygen_ieee_2020,https://research.engineering.uiowa.edu/kusiak/sites/research.engineering.uiowa.edu.kusiak/files/files/IEEE%20Access%202020-1.pdf
机组当前出力,thermal_power_boiler,unit_load,required,disturbance,MW,web_approved:boiler_oxygen_ieee_2020:web_compact,4b04194111e9828d,external_train,boiler_oxygen_ieee_2020,https://research.engineering.uiowa.edu/kusiak/sites/research.engineering.uiowa.edu.kusiak/files/files/IEEE%20Access%202020-1.pdf
DCS_02_机组当前出力_PV_11,thermal_power_boiler,unit_load,required,disturbance,MW,web_approved:boiler_oxygen_ieee_2020:web_vendor_tag,4b04194111e9828d,external_train,boiler_oxygen_ieee_2020,https://research.engineering.uiowa.edu/kusiak/sites/research.engineering.uiowa.edu.kusiak/files/files/IEEE%20Access%202020-1.pdf
Unit3.机组当前出力.AI,thermal_power_boiler,unit_load,required,disturbance,MW,web_approved:boiler_oxygen_ieee_2020:web_channel_tag,4b04194111e9828d,external_train,boiler_oxygen_ieee_2020,https://research.engineering.uiowa.edu/kusiak/sites/research.engineering.uiowa.edu.kusiak/files/files/IEEE%20Access%202020-1.pdf
机组当前出力[MW],thermal_power_boiler,unit_load,required,disturbance,MW,web_approved:boiler_oxygen_ieee_2020:web_unit_bracket,4b04194111e9828d,external_train,boiler_oxygen_ieee_2020,https://research.engineering.uiowa.edu/kusiak/sites/research.engineering.uiowa.edu.kusiak/files/files/IEEE%20Access%202020-1.pdf
hot clinker temperature at kiln exit,cement_rotary_kiln,clinker_temperature,useful,state,degC,web_approved:cement_kiln_cooler_apc_2023:web_phrase,52d610fd3d05388a,external_train,cement_kiln_cooler_apc_2023,https://www.mdpi.com/1424-8220/23/5/2805
hot_clinker_temperature_at_kiln_exit,cement_rotary_kiln,clinker_temperature,useful,state,degC,web_approved:cement_kiln_cooler_apc_2023:web_normalized,52d610fd3d05388a,external_train,cement_kiln_cooler_apc_2023,https://www.mdpi.com/1424-8220/23/5/2805
HOT_CLINKER_TEMPERATURE_AT_KILN_EXIT,cement_rotary_kiln,clinker_temperature,useful,state,degC,web_approved:cement_kiln_cooler_apc_2023:web_uppercase,52d610fd3d05388a,external_train,cement_kiln_cooler_apc_2023,https://www.mdpi.com/1424-8220/23/5/2805
hotclinkertemperatureatkilnexit,cement_rotary_kiln,clinker_temperature,useful,state,degC,web_approved:cement_kiln_cooler_apc_2023:web_compact,52d610fd3d05388a,external_train,cement_kiln_cooler_apc_2023,https://www.mdpi.com/1424-8220/23/5/2805
DCS_02_hot_clinker_temperature_at_kiln_exit_PV_11,cement_rotary_kiln,clinker_temperature,useful,state,degC,web_approved:cement_kiln_cooler_apc_2023:web_vendor_tag,52d610fd3d05388a,external_train,cement_kiln_cooler_apc_2023,https://www.mdpi.com/1424-8220/23/5/2805
Unit3.hot_clinker_temperature_at_kiln_exit.AI,cement_rotary_kiln,clinker_temperature,useful,state,degC,web_approved:cement_kiln_cooler_apc_2023:web_channel_tag,52d610fd3d05388a,external_train,cement_kiln_cooler_apc_2023,https://www.mdpi.com/1424-8220/23/5/2805
hot clinker temperature at kiln exit[degC],cement_rotary_kiln,clinker_temperature,useful,state,degC,web_approved:cement_kiln_cooler_apc_2023:web_unit_bracket,52d610fd3d05388a,external_train,cement_kiln_cooler_apc_2023,https://www.mdpi.com/1424-8220/23/5/2805
grate cooler inlet clinker temperature,cement_rotary_kiln,clinker_temperature,useful,state,degC,web_approved:cement_kiln_cooler_apc_2023:web_phrase,9f6b79fb45568c56,external_train,cement_kiln_cooler_apc_2023,https://www.mdpi.com/1424-8220/23/5/2805
grate_cooler_inlet_clinker_temperature,cement_rotary_kiln,clinker_temperature,useful,state,degC,web_approved:cement_kiln_cooler_apc_2023:web_normalized,9f6b79fb45568c56,external_train,cement_kiln_cooler_apc_2023,https://www.mdpi.com/1424-8220/23/5/2805
GRATE_COOLER_INLET_CLINKER_TEMPERATURE,cement_rotary_kiln,clinker_temperature,useful,state,degC,web_approved:cement_kiln_cooler_apc_2023:web_uppercase,9f6b79fb45568c56,external_train,cement_kiln_cooler_apc_2023,https://www.mdpi.com/1424-8220/23/5/2805
gratecoolerinletclinkertemperature,cement_rotary_kiln,clinker_temperature,useful,state,degC,web_approved:cement_kiln_cooler_apc_2023:web_compact,9f6b79fb45568c56,external_train,cement_kiln_cooler_apc_2023,https://www.mdpi.com/1424-8220/23/5/2805
DCS_02_grate_cooler_inlet_clinker_temperature_PV_11,cement_rotary_kiln,clinker_temperature,useful,state,degC,web_approved:cement_kiln_cooler_apc_2023:web_vendor_tag,9f6b79fb45568c56,external_train,cement_kiln_cooler_apc_2023,https://www.mdpi.com/1424-8220/23/5/2805
Unit3.grate_cooler_inlet_clinker_temperature.AI,cement_rotary_kiln,clinker_temperature,useful,state,degC,web_approved:cement_kiln_cooler_apc_2023:web_channel_tag,9f6b79fb45568c56,external_train,cement_kiln_cooler_apc_2023,https://www.mdpi.com/1424-8220/23/5/2805
grate cooler inlet clinker temperature[degC],cement_rotary_kiln,clinker_temperature,useful,state,degC,web_approved:cement_kiln_cooler_apc_2023:web_unit_bracket,9f6b79fb45568c56,external_train,cement_kiln_cooler_apc_2023,https://www.mdpi.com/1424-8220/23/5/2805
red hot clinker temperature,cement_rotary_kiln,clinker_temperature,useful,state,degC,web_approved:cement_kiln_cooler_apc_2023:web_phrase,7eeb754756de4a10,external_train,cement_kiln_cooler_apc_2023,https://www.mdpi.com/1424-8220/23/5/2805
red_hot_clinker_temperature,cement_rotary_kiln,clinker_temperature,useful,state,degC,web_approved:cement_kiln_cooler_apc_2023:web_normalized,7eeb754756de4a10,external_train,cement_kiln_cooler_apc_2023,https://www.mdpi.com/1424-8220/23/5/2805
RED_HOT_CLINKER_TEMPERATURE,cement_rotary_kiln,clinker_temperature,useful,state,degC,web_approved:cement_kiln_cooler_apc_2023:web_uppercase,7eeb754756de4a10,external_train,cement_kiln_cooler_apc_2023,https://www.mdpi.com/1424-8220/23/5/2805
redhotclinkertemperature,cement_rotary_kiln,clinker_temperature,useful,state,degC,web_approved:cement_kiln_cooler_apc_2023:web_compact,7eeb754756de4a10,external_train,cement_kiln_cooler_apc_2023,https://www.mdpi.com/1424-8220/23/5/2805
DCS_02_red_hot_clinker_temperature_PV_11,cement_rotary_kiln,clinker_temperature,useful,state,degC,web_approved:cement_kiln_cooler_apc_2023:web_vendor_tag,7eeb754756de4a10,external_train,cement_kiln_cooler_apc_2023,https://www.mdpi.com/1424-8220/23/5/2805
Unit3.red_hot_clinker_temperature.AI,cement_rotary_kiln,clinker_temperature,useful,state,degC,web_approved:cement_kiln_cooler_apc_2023:web_channel_tag,7eeb754756de4a10,external_train,cement_kiln_cooler_apc_2023,https://www.mdpi.com/1424-8220/23/5/2805
red hot clinker temperature[degC],cement_rotary_kiln,clinker_temperature,useful,state,degC,web_approved:cement_kiln_cooler_apc_2023:web_unit_bracket,7eeb754756de4a10,external_train,cement_kiln_cooler_apc_2023,https://www.mdpi.com/1424-8220/23/5/2805
入冷却机熟料温度,cement_rotary_kiln,clinker_temperature,useful,state,degC,web_approved:cement_kiln_cooler_apc_2023:web_phrase,daa9699407c8b4b9,external_train,cement_kiln_cooler_apc_2023,https://www.mdpi.com/1424-8220/23/5/2805
入冷却机熟料温度,cement_rotary_kiln,clinker_temperature,useful,state,degC,web_approved:cement_kiln_cooler_apc_2023:web_normalized,daa9699407c8b4b9,external_train,cement_kiln_cooler_apc_2023,https://www.mdpi.com/1424-8220/23/5/2805
入冷却机熟料温度,cement_rotary_kiln,clinker_temperature,useful,state,degC,web_approved:cement_kiln_cooler_apc_2023:web_uppercase,daa9699407c8b4b9,external_train,cement_kiln_cooler_apc_2023,https://www.mdpi.com/1424-8220/23/5/2805
入冷却机熟料温度,cement_rotary_kiln,clinker_temperature,useful,state,degC,web_approved:cement_kiln_cooler_apc_2023:web_compact,daa9699407c8b4b9,external_train,cement_kiln_cooler_apc_2023,https://www.mdpi.com/1424-8220/23/5/2805
DCS_02_入冷却机熟料温度_PV_11,cement_rotary_kiln,clinker_temperature,useful,state,degC,web_approved:cement_kiln_cooler_apc_2023:web_vendor_tag,daa9699407c8b4b9,external_train,cement_kiln_cooler_apc_2023,https://www.mdpi.com/1424-8220/23/5/2805
Unit3.入冷却机熟料温度.AI,cement_rotary_kiln,clinker_temperature,useful,state,degC,web_approved:cement_kiln_cooler_apc_2023:web_channel_tag,daa9699407c8b4b9,external_train,cement_kiln_cooler_apc_2023,https://www.mdpi.com/1424-8220/23/5/2805
入冷却机熟料温度[degC],cement_rotary_kiln,clinker_temperature,useful,state,degC,web_approved:cement_kiln_cooler_apc_2023:web_unit_bracket,daa9699407c8b4b9,external_train,cement_kiln_cooler_apc_2023,https://www.mdpi.com/1424-8220/23/5/2805
kiln burning end temperature,cement_rotary_kiln,kiln_outlet_temperature,required,controlled,degC,web_approved:cement_kiln_cooler_apc_2023:web_phrase,3485a5802379ec0e,external_train,cement_kiln_cooler_apc_2023,https://www.mdpi.com/1424-8220/23/5/2805
kiln_burning_end_temperature,cement_rotary_kiln,kiln_outlet_temperature,required,controlled,degC,web_approved:cement_kiln_cooler_apc_2023:web_normalized,3485a5802379ec0e,external_train,cement_kiln_cooler_apc_2023,https://www.mdpi.com/1424-8220/23/5/2805
KILN_BURNING_END_TEMPERATURE,cement_rotary_kiln,kiln_outlet_temperature,required,controlled,degC,web_approved:cement_kiln_cooler_apc_2023:web_uppercase,3485a5802379ec0e,external_train,cement_kiln_cooler_apc_2023,https://www.mdpi.com/1424-8220/23/5/2805
kilnburningendtemperature,cement_rotary_kiln,kiln_outlet_temperature,required,controlled,degC,web_approved:cement_kiln_cooler_apc_2023:web_compact,3485a5802379ec0e,external_train,cement_kiln_cooler_apc_2023,https://www.mdpi.com/1424-8220/23/5/2805
DCS_02_kiln_burning_end_temperature_PV_11,cement_rotary_kiln,kiln_outlet_temperature,required,controlled,degC,web_approved:cement_kiln_cooler_apc_2023:web_vendor_tag,3485a5802379ec0e,external_train,cement_kiln_cooler_apc_2023,https://www.mdpi.com/1424-8220/23/5/2805
Unit3.kiln_burning_end_temperature.AI,cement_rotary_kiln,kiln_outlet_temperature,required,controlled,degC,web_approved:cement_kiln_cooler_apc_2023:web_channel_tag,3485a5802379ec0e,external_train,cement_kiln_cooler_apc_2023,https://www.mdpi.com/1424-8220/23/5/2805
kiln burning end temperature[degC],cement_rotary_kiln,kiln_outlet_temperature,required,controlled,degC,web_approved:cement_kiln_cooler_apc_2023:web_unit_bracket,3485a5802379ec0e,external_train,cement_kiln_cooler_apc_2023,https://www.mdpi.com/1424-8220/23/5/2805
kiln head thermal zone temperature,cement_rotary_kiln,kiln_outlet_temperature,required,controlled,degC,web_approved:cement_kiln_cooler_apc_2023:web_phrase,6a5eb27a67764edc,external_train,cement_kiln_cooler_apc_2023,https://www.mdpi.com/1424-8220/23/5/2805
kiln_head_thermal_zone_temperature,cement_rotary_kiln,kiln_outlet_temperature,required,controlled,degC,web_approved:cement_kiln_cooler_apc_2023:web_normalized,6a5eb27a67764edc,external_train,cement_kiln_cooler_apc_2023,https://www.mdpi.com/1424-8220/23/5/2805
KILN_HEAD_THERMAL_ZONE_TEMPERATURE,cement_rotary_kiln,kiln_outlet_temperature,required,controlled,degC,web_approved:cement_kiln_cooler_apc_2023:web_uppercase,6a5eb27a67764edc,external_train,cement_kiln_cooler_apc_2023,https://www.mdpi.com/1424-8220/23/5/2805
kilnheadthermalzonetemperature,cement_rotary_kiln,kiln_outlet_temperature,required,controlled,degC,web_approved:cement_kiln_cooler_apc_2023:web_compact,6a5eb27a67764edc,external_train,cement_kiln_cooler_apc_2023,https://www.mdpi.com/1424-8220/23/5/2805
DCS_02_kiln_head_thermal_zone_temperature_PV_11,cement_rotary_kiln,kiln_outlet_temperature,required,controlled,degC,web_approved:cement_kiln_cooler_apc_2023:web_vendor_tag,6a5eb27a67764edc,external_train,cement_kiln_cooler_apc_2023,https://www.mdpi.com/1424-8220/23/5/2805
Unit3.kiln_head_thermal_zone_temperature.AI,cement_rotary_kiln,kiln_outlet_temperature,required,controlled,degC,web_approved:cement_kiln_cooler_apc_2023:web_channel_tag,6a5eb27a67764edc,external_train,cement_kiln_cooler_apc_2023,https://www.mdpi.com/1424-8220/23/5/2805
kiln head thermal zone temperature[degC],cement_rotary_kiln,kiln_outlet_temperature,required,controlled,degC,web_approved:cement_kiln_cooler_apc_2023:web_unit_bracket,6a5eb27a67764edc,external_train,cement_kiln_cooler_apc_2023,https://www.mdpi.com/1424-8220/23/5/2805
窑头烧成区温度,cement_rotary_kiln,kiln_outlet_temperature,required,controlled,degC,web_approved:cement_kiln_cooler_apc_2023:web_phrase,3566b73bae697f31,external_train,cement_kiln_cooler_apc_2023,https://www.mdpi.com/1424-8220/23/5/2805
窑头烧成区温度,cement_rotary_kiln,kiln_outlet_temperature,required,controlled,degC,web_approved:cement_kiln_cooler_apc_2023:web_normalized,3566b73bae697f31,external_train,cement_kiln_cooler_apc_2023,https://www.mdpi.com/1424-8220/23/5/2805
窑头烧成区温度,cement_rotary_kiln,kiln_outlet_temperature,required,controlled,degC,web_approved:cement_kiln_cooler_apc_2023:web_uppercase,3566b73bae697f31,external_train,cement_kiln_cooler_apc_2023,https://www.mdpi.com/1424-8220/23/5/2805
窑头烧成区温度,cement_rotary_kiln,kiln_outlet_temperature,required,controlled,degC,web_approved:cement_kiln_cooler_apc_2023:web_compact,3566b73bae697f31,external_train,cement_kiln_cooler_apc_2023,https://www.mdpi.com/1424-8220/23/5/2805
DCS_02_窑头烧成区温度_PV_11,cement_rotary_kiln,kiln_outlet_temperature,required,controlled,degC,web_approved:cement_kiln_cooler_apc_2023:web_vendor_tag,3566b73bae697f31,external_train,cement_kiln_cooler_apc_2023,https://www.mdpi.com/1424-8220/23/5/2805
Unit3.窑头烧成区温度.AI,cement_rotary_kiln,kiln_outlet_temperature,required,controlled,degC,web_approved:cement_kiln_cooler_apc_2023:web_channel_tag,3566b73bae697f31,external_train,cement_kiln_cooler_apc_2023,https://www.mdpi.com/1424-8220/23/5/2805
窑头烧成区温度[degC],cement_rotary_kiln,kiln_outlet_temperature,required,controlled,degC,web_approved:cement_kiln_cooler_apc_2023:web_unit_bracket,3566b73bae697f31,external_train,cement_kiln_cooler_apc_2023,https://www.mdpi.com/1424-8220/23/5/2805
raw mix feed rate,cement_rotary_kiln,raw_meal_feed,required,manipulated,t/h,web_approved:cement_kiln_model_2022:web_phrase,cfa7348ba89fefd0,external_train,cement_kiln_model_2022,https://www.tandfonline.com/doi/full/10.1080/02726351.2022.2135470
raw_mix_feed_rate,cement_rotary_kiln,raw_meal_feed,required,manipulated,t/h,web_approved:cement_kiln_model_2022:web_normalized,cfa7348ba89fefd0,external_train,cement_kiln_model_2022,https://www.tandfonline.com/doi/full/10.1080/02726351.2022.2135470
RAW_MIX_FEED_RATE,cement_rotary_kiln,raw_meal_feed,required,manipulated,t/h,web_approved:cement_kiln_model_2022:web_uppercase,cfa7348ba89fefd0,external_train,cement_kiln_model_2022,https://www.tandfonline.com/doi/full/10.1080/02726351.2022.2135470
rawmixfeedrate,cement_rotary_kiln,raw_meal_feed,required,manipulated,t/h,web_approved:cement_kiln_model_2022:web_compact,cfa7348ba89fefd0,external_train,cement_kiln_model_2022,https://www.tandfonline.com/doi/full/10.1080/02726351.2022.2135470
DCS_02_raw_mix_feed_rate_SP_11,cement_rotary_kiln,raw_meal_feed,required,manipulated,t/h,web_approved:cement_kiln_model_2022:web_vendor_tag,cfa7348ba89fefd0,external_train,cement_kiln_model_2022,https://www.tandfonline.com/doi/full/10.1080/02726351.2022.2135470
Unit3.raw_mix_feed_rate.AI,cement_rotary_kiln,raw_meal_feed,required,manipulated,t/h,web_approved:cement_kiln_model_2022:web_channel_tag,cfa7348ba89fefd0,external_train,cement_kiln_model_2022,https://www.tandfonline.com/doi/full/10.1080/02726351.2022.2135470
raw mix feed rate[t/h],cement_rotary_kiln,raw_meal_feed,required,manipulated,t/h,web_approved:cement_kiln_model_2022:web_unit_bracket,cfa7348ba89fefd0,external_train,cement_kiln_model_2022,https://www.tandfonline.com/doi/full/10.1080/02726351.2022.2135470
kiln raw feed quantity,cement_rotary_kiln,raw_meal_feed,required,manipulated,t/h,web_approved:cement_kiln_model_2022:web_phrase,1639bf2444f94607,external_train,cement_kiln_model_2022,https://www.tandfonline.com/doi/full/10.1080/02726351.2022.2135470
kiln_raw_feed_quantity,cement_rotary_kiln,raw_meal_feed,required,manipulated,t/h,web_approved:cement_kiln_model_2022:web_normalized,1639bf2444f94607,external_train,cement_kiln_model_2022,https://www.tandfonline.com/doi/full/10.1080/02726351.2022.2135470
KILN_RAW_FEED_QUANTITY,cement_rotary_kiln,raw_meal_feed,required,manipulated,t/h,web_approved:cement_kiln_model_2022:web_uppercase,1639bf2444f94607,external_train,cement_kiln_model_2022,https://www.tandfonline.com/doi/full/10.1080/02726351.2022.2135470
kilnrawfeedquantity,cement_rotary_kiln,raw_meal_feed,required,manipulated,t/h,web_approved:cement_kiln_model_2022:web_compact,1639bf2444f94607,external_train,cement_kiln_model_2022,https://www.tandfonline.com/doi/full/10.1080/02726351.2022.2135470
DCS_02_kiln_raw_feed_quantity_SP_11,cement_rotary_kiln,raw_meal_feed,required,manipulated,t/h,web_approved:cement_kiln_model_2022:web_vendor_tag,1639bf2444f94607,external_train,cement_kiln_model_2022,https://www.tandfonline.com/doi/full/10.1080/02726351.2022.2135470
Unit3.kiln_raw_feed_quantity.AI,cement_rotary_kiln,raw_meal_feed,required,manipulated,t/h,web_approved:cement_kiln_model_2022:web_channel_tag,1639bf2444f94607,external_train,cement_kiln_model_2022,https://www.tandfonline.com/doi/full/10.1080/02726351.2022.2135470
kiln raw feed quantity[t/h],cement_rotary_kiln,raw_meal_feed,required,manipulated,t/h,web_approved:cement_kiln_model_2022:web_unit_bracket,1639bf2444f94607,external_train,cement_kiln_model_2022,https://www.tandfonline.com/doi/full/10.1080/02726351.2022.2135470
入窑生料喂料量,cement_rotary_kiln,raw_meal_feed,required,manipulated,t/h,web_approved:cement_kiln_model_2022:web_phrase,e730febe1c2f61a5,external_train,cement_kiln_model_2022,https://www.tandfonline.com/doi/full/10.1080/02726351.2022.2135470
入窑生料喂料量,cement_rotary_kiln,raw_meal_feed,required,manipulated,t/h,web_approved:cement_kiln_model_2022:web_normalized,e730febe1c2f61a5,external_train,cement_kiln_model_2022,https://www.tandfonline.com/doi/full/10.1080/02726351.2022.2135470
入窑生料喂料量,cement_rotary_kiln,raw_meal_feed,required,manipulated,t/h,web_approved:cement_kiln_model_2022:web_uppercase,e730febe1c2f61a5,external_train,cement_kiln_model_2022,https://www.tandfonline.com/doi/full/10.1080/02726351.2022.2135470
入窑生料喂料量,cement_rotary_kiln,raw_meal_feed,required,manipulated,t/h,web_approved:cement_kiln_model_2022:web_compact,e730febe1c2f61a5,external_train,cement_kiln_model_2022,https://www.tandfonline.com/doi/full/10.1080/02726351.2022.2135470
DCS_02_入窑生料喂料量_SP_11,cement_rotary_kiln,raw_meal_feed,required,manipulated,t/h,web_approved:cement_kiln_model_2022:web_vendor_tag,e730febe1c2f61a5,external_train,cement_kiln_model_2022,https://www.tandfonline.com/doi/full/10.1080/02726351.2022.2135470
Unit3.入窑生料喂料量.AI,cement_rotary_kiln,raw_meal_feed,required,manipulated,t/h,web_approved:cement_kiln_model_2022:web_channel_tag,e730febe1c2f61a5,external_train,cement_kiln_model_2022,https://www.tandfonline.com/doi/full/10.1080/02726351.2022.2135470
入窑生料喂料量[t/h],cement_rotary_kiln,raw_meal_feed,required,manipulated,t/h,web_approved:cement_kiln_model_2022:web_unit_bracket,e730febe1c2f61a5,external_train,cement_kiln_model_2022,https://www.tandfonline.com/doi/full/10.1080/02726351.2022.2135470
inlet chemical oxygen demand,wastewater_aeration,influent_cod,required,disturbance,mg/L,web_approved:wastewater_bsm1_report:web_phrase,06706480dab8c195,external_train,wastewater_bsm1_report,https://iwa-mia.org/wp-content/uploads/2019/04/BSM_TG_Tech_Report_no_1_BSM1_General_Description.pdf
inlet_chemical_oxygen_demand,wastewater_aeration,influent_cod,required,disturbance,mg/L,web_approved:wastewater_bsm1_report:web_normalized,06706480dab8c195,external_train,wastewater_bsm1_report,https://iwa-mia.org/wp-content/uploads/2019/04/BSM_TG_Tech_Report_no_1_BSM1_General_Description.pdf
INLET_CHEMICAL_OXYGEN_DEMAND,wastewater_aeration,influent_cod,required,disturbance,mg/L,web_approved:wastewater_bsm1_report:web_uppercase,06706480dab8c195,external_train,wastewater_bsm1_report,https://iwa-mia.org/wp-content/uploads/2019/04/BSM_TG_Tech_Report_no_1_BSM1_General_Description.pdf
inletchemicaloxygendemand,wastewater_aeration,influent_cod,required,disturbance,mg/L,web_approved:wastewater_bsm1_report:web_compact,06706480dab8c195,external_train,wastewater_bsm1_report,https://iwa-mia.org/wp-content/uploads/2019/04/BSM_TG_Tech_Report_no_1_BSM1_General_Description.pdf
DCS_02_inlet_chemical_oxygen_demand_PV_11,wastewater_aeration,influent_cod,required,disturbance,mg/L,web_approved:wastewater_bsm1_report:web_vendor_tag,06706480dab8c195,external_train,wastewater_bsm1_report,https://iwa-mia.org/wp-content/uploads/2019/04/BSM_TG_Tech_Report_no_1_BSM1_General_Description.pdf
Unit3.inlet_chemical_oxygen_demand.AI,wastewater_aeration,influent_cod,required,disturbance,mg/L,web_approved:wastewater_bsm1_report:web_channel_tag,06706480dab8c195,external_train,wastewater_bsm1_report,https://iwa-mia.org/wp-content/uploads/2019/04/BSM_TG_Tech_Report_no_1_BSM1_General_Description.pdf
inlet chemical oxygen demand[mg/L],wastewater_aeration,influent_cod,required,disturbance,mg/L,web_approved:wastewater_bsm1_report:web_unit_bracket,06706480dab8c195,external_train,wastewater_bsm1_report,https://iwa-mia.org/wp-content/uploads/2019/04/BSM_TG_Tech_Report_no_1_BSM1_General_Description.pdf
raw wastewater COD concentration,wastewater_aeration,influent_cod,required,disturbance,mg/L,web_approved:wastewater_bsm1_report:web_phrase,5accad3d155bac74,external_train,wastewater_bsm1_report,https://iwa-mia.org/wp-content/uploads/2019/04/BSM_TG_Tech_Report_no_1_BSM1_General_Description.pdf
raw_wastewater_COD_concentration,wastewater_aeration,influent_cod,required,disturbance,mg/L,web_approved:wastewater_bsm1_report:web_normalized,5accad3d155bac74,external_train,wastewater_bsm1_report,https://iwa-mia.org/wp-content/uploads/2019/04/BSM_TG_Tech_Report_no_1_BSM1_General_Description.pdf
RAW_WASTEWATER_COD_CONCENTRATION,wastewater_aeration,influent_cod,required,disturbance,mg/L,web_approved:wastewater_bsm1_report:web_uppercase,5accad3d155bac74,external_train,wastewater_bsm1_report,https://iwa-mia.org/wp-content/uploads/2019/04/BSM_TG_Tech_Report_no_1_BSM1_General_Description.pdf
rawwastewaterCODconcentration,wastewater_aeration,influent_cod,required,disturbance,mg/L,web_approved:wastewater_bsm1_report:web_compact,5accad3d155bac74,external_train,wastewater_bsm1_report,https://iwa-mia.org/wp-content/uploads/2019/04/BSM_TG_Tech_Report_no_1_BSM1_General_Description.pdf
DCS_02_raw_wastewater_COD_concentration_PV_11,wastewater_aeration,influent_cod,required,disturbance,mg/L,web_approved:wastewater_bsm1_report:web_vendor_tag,5accad3d155bac74,external_train,wastewater_bsm1_report,https://iwa-mia.org/wp-content/uploads/2019/04/BSM_TG_Tech_Report_no_1_BSM1_General_Description.pdf
Unit3.raw_wastewater_COD_concentration.AI,wastewater_aeration,influent_cod,required,disturbance,mg/L,web_approved:wastewater_bsm1_report:web_channel_tag,5accad3d155bac74,external_train,wastewater_bsm1_report,https://iwa-mia.org/wp-content/uploads/2019/04/BSM_TG_Tech_Report_no_1_BSM1_General_Description.pdf
raw wastewater COD concentration[mg/L],wastewater_aeration,influent_cod,required,disturbance,mg/L,web_approved:wastewater_bsm1_report:web_unit_bracket,5accad3d155bac74,external_train,wastewater_bsm1_report,https://iwa-mia.org/wp-content/uploads/2019/04/BSM_TG_Tech_Report_no_1_BSM1_General_Description.pdf
进厂污水COD,wastewater_aeration,influent_cod,required,disturbance,mg/L,web_approved:wastewater_bsm1_report:web_phrase,dd9b282c13dc816f,external_train,wastewater_bsm1_report,https://iwa-mia.org/wp-content/uploads/2019/04/BSM_TG_Tech_Report_no_1_BSM1_General_Description.pdf
进厂污水COD,wastewater_aeration,influent_cod,required,disturbance,mg/L,web_approved:wastewater_bsm1_report:web_normalized,dd9b282c13dc816f,external_train,wastewater_bsm1_report,https://iwa-mia.org/wp-content/uploads/2019/04/BSM_TG_Tech_Report_no_1_BSM1_General_Description.pdf
进厂污水COD,wastewater_aeration,influent_cod,required,disturbance,mg/L,web_approved:wastewater_bsm1_report:web_uppercase,dd9b282c13dc816f,external_train,wastewater_bsm1_report,https://iwa-mia.org/wp-content/uploads/2019/04/BSM_TG_Tech_Report_no_1_BSM1_General_Description.pdf
进厂污水COD,wastewater_aeration,influent_cod,required,disturbance,mg/L,web_approved:wastewater_bsm1_report:web_compact,dd9b282c13dc816f,external_train,wastewater_bsm1_report,https://iwa-mia.org/wp-content/uploads/2019/04/BSM_TG_Tech_Report_no_1_BSM1_General_Description.pdf
DCS_02_进厂污水COD_PV_11,wastewater_aeration,influent_cod,required,disturbance,mg/L,web_approved:wastewater_bsm1_report:web_vendor_tag,dd9b282c13dc816f,external_train,wastewater_bsm1_report,https://iwa-mia.org/wp-content/uploads/2019/04/BSM_TG_Tech_Report_no_1_BSM1_General_Description.pdf
Unit3.进厂污水COD.AI,wastewater_aeration,influent_cod,required,disturbance,mg/L,web_approved:wastewater_bsm1_report:web_channel_tag,dd9b282c13dc816f,external_train,wastewater_bsm1_report,https://iwa-mia.org/wp-content/uploads/2019/04/BSM_TG_Tech_Report_no_1_BSM1_General_Description.pdf
进厂污水COD[mg/L],wastewater_aeration,influent_cod,required,disturbance,mg/L,web_approved:wastewater_bsm1_report:web_unit_bracket,dd9b282c13dc816f,external_train,wastewater_bsm1_report,https://iwa-mia.org/wp-content/uploads/2019/04/BSM_TG_Tech_Report_no_1_BSM1_General_Description.pdf
outlet chemical oxygen demand,wastewater_aeration,effluent_cod,required,controlled,mg/L,web_approved:wastewater_bsm1_report:web_phrase,3694b2ef74c123ce,external_train,wastewater_bsm1_report,https://iwa-mia.org/wp-content/uploads/2019/04/BSM_TG_Tech_Report_no_1_BSM1_General_Description.pdf
outlet_chemical_oxygen_demand,wastewater_aeration,effluent_cod,required,controlled,mg/L,web_approved:wastewater_bsm1_report:web_normalized,3694b2ef74c123ce,external_train,wastewater_bsm1_report,https://iwa-mia.org/wp-content/uploads/2019/04/BSM_TG_Tech_Report_no_1_BSM1_General_Description.pdf
OUTLET_CHEMICAL_OXYGEN_DEMAND,wastewater_aeration,effluent_cod,required,controlled,mg/L,web_approved:wastewater_bsm1_report:web_uppercase,3694b2ef74c123ce,external_train,wastewater_bsm1_report,https://iwa-mia.org/wp-content/uploads/2019/04/BSM_TG_Tech_Report_no_1_BSM1_General_Description.pdf
outletchemicaloxygendemand,wastewater_aeration,effluent_cod,required,controlled,mg/L,web_approved:wastewater_bsm1_report:web_compact,3694b2ef74c123ce,external_train,wastewater_bsm1_report,https://iwa-mia.org/wp-content/uploads/2019/04/BSM_TG_Tech_Report_no_1_BSM1_General_Description.pdf
DCS_02_outlet_chemical_oxygen_demand_PV_11,wastewater_aeration,effluent_cod,required,controlled,mg/L,web_approved:wastewater_bsm1_report:web_vendor_tag,3694b2ef74c123ce,external_train,wastewater_bsm1_report,https://iwa-mia.org/wp-content/uploads/2019/04/BSM_TG_Tech_Report_no_1_BSM1_General_Description.pdf
Unit3.outlet_chemical_oxygen_demand.AI,wastewater_aeration,effluent_cod,required,controlled,mg/L,web_approved:wastewater_bsm1_report:web_channel_tag,3694b2ef74c123ce,external_train,wastewater_bsm1_report,https://iwa-mia.org/wp-content/uploads/2019/04/BSM_TG_Tech_Report_no_1_BSM1_General_Description.pdf
outlet chemical oxygen demand[mg/L],wastewater_aeration,effluent_cod,required,controlled,mg/L,web_approved:wastewater_bsm1_report:web_unit_bracket,3694b2ef74c123ce,external_train,wastewater_bsm1_report,https://iwa-mia.org/wp-content/uploads/2019/04/BSM_TG_Tech_Report_no_1_BSM1_General_Description.pdf
treated effluent COD concentration,wastewater_aeration,effluent_cod,required,controlled,mg/L,web_approved:wastewater_bsm1_report:web_phrase,e64653d20d46c8c5,external_train,wastewater_bsm1_report,https://iwa-mia.org/wp-content/uploads/2019/04/BSM_TG_Tech_Report_no_1_BSM1_General_Description.pdf
treated_effluent_COD_concentration,wastewater_aeration,effluent_cod,required,controlled,mg/L,web_approved:wastewater_bsm1_report:web_normalized,e64653d20d46c8c5,external_train,wastewater_bsm1_report,https://iwa-mia.org/wp-content/uploads/2019/04/BSM_TG_Tech_Report_no_1_BSM1_General_Description.pdf
TREATED_EFFLUENT_COD_CONCENTRATION,wastewater_aeration,effluent_cod,required,controlled,mg/L,web_approved:wastewater_bsm1_report:web_uppercase,e64653d20d46c8c5,external_train,wastewater_bsm1_report,https://iwa-mia.org/wp-content/uploads/2019/04/BSM_TG_Tech_Report_no_1_BSM1_General_Description.pdf
treatedeffluentCODconcentration,wastewater_aeration,effluent_cod,required,controlled,mg/L,web_approved:wastewater_bsm1_report:web_compact,e64653d20d46c8c5,external_train,wastewater_bsm1_report,https://iwa-mia.org/wp-content/uploads/2019/04/BSM_TG_Tech_Report_no_1_BSM1_General_Description.pdf
DCS_02_treated_effluent_COD_concentration_PV_11,wastewater_aeration,effluent_cod,required,controlled,mg/L,web_approved:wastewater_bsm1_report:web_vendor_tag,e64653d20d46c8c5,external_train,wastewater_bsm1_report,https://iwa-mia.org/wp-content/uploads/2019/04/BSM_TG_Tech_Report_no_1_BSM1_General_Description.pdf
Unit3.treated_effluent_COD_concentration.AI,wastewater_aeration,effluent_cod,required,controlled,mg/L,web_approved:wastewater_bsm1_report:web_channel_tag,e64653d20d46c8c5,external_train,wastewater_bsm1_report,https://iwa-mia.org/wp-content/uploads/2019/04/BSM_TG_Tech_Report_no_1_BSM1_General_Description.pdf
treated effluent COD concentration[mg/L],wastewater_aeration,effluent_cod,required,controlled,mg/L,web_approved:wastewater_bsm1_report:web_unit_bracket,e64653d20d46c8c5,external_train,wastewater_bsm1_report,https://iwa-mia.org/wp-content/uploads/2019/04/BSM_TG_Tech_Report_no_1_BSM1_General_Description.pdf
最终出水COD,wastewater_aeration,effluent_cod,required,controlled,mg/L,web_approved:wastewater_bsm1_report:web_phrase,b7e2556681e5758d,external_train,wastewater_bsm1_report,https://iwa-mia.org/wp-content/uploads/2019/04/BSM_TG_Tech_Report_no_1_BSM1_General_Description.pdf
最终出水COD,wastewater_aeration,effluent_cod,required,controlled,mg/L,web_approved:wastewater_bsm1_report:web_normalized,b7e2556681e5758d,external_train,wastewater_bsm1_report,https://iwa-mia.org/wp-content/uploads/2019/04/BSM_TG_Tech_Report_no_1_BSM1_General_Description.pdf
最终出水COD,wastewater_aeration,effluent_cod,required,controlled,mg/L,web_approved:wastewater_bsm1_report:web_uppercase,b7e2556681e5758d,external_train,wastewater_bsm1_report,https://iwa-mia.org/wp-content/uploads/2019/04/BSM_TG_Tech_Report_no_1_BSM1_General_Description.pdf
最终出水COD,wastewater_aeration,effluent_cod,required,controlled,mg/L,web_approved:wastewater_bsm1_report:web_compact,b7e2556681e5758d,external_train,wastewater_bsm1_report,https://iwa-mia.org/wp-content/uploads/2019/04/BSM_TG_Tech_Report_no_1_BSM1_General_Description.pdf
DCS_02_最终出水COD_PV_11,wastewater_aeration,effluent_cod,required,controlled,mg/L,web_approved:wastewater_bsm1_report:web_vendor_tag,b7e2556681e5758d,external_train,wastewater_bsm1_report,https://iwa-mia.org/wp-content/uploads/2019/04/BSM_TG_Tech_Report_no_1_BSM1_General_Description.pdf
Unit3.最终出水COD.AI,wastewater_aeration,effluent_cod,required,controlled,mg/L,web_approved:wastewater_bsm1_report:web_channel_tag,b7e2556681e5758d,external_train,wastewater_bsm1_report,https://iwa-mia.org/wp-content/uploads/2019/04/BSM_TG_Tech_Report_no_1_BSM1_General_Description.pdf
最终出水COD[mg/L],wastewater_aeration,effluent_cod,required,controlled,mg/L,web_approved:wastewater_bsm1_report:web_unit_bracket,b7e2556681e5758d,external_train,wastewater_bsm1_report,https://iwa-mia.org/wp-content/uploads/2019/04/BSM_TG_Tech_Report_no_1_BSM1_General_Description.pdf
inlet ammonium nitrogen concentration,wastewater_aeration,influent_ammonia,useful,disturbance,mg/L,web_approved:wastewater_bsm1_report:web_phrase,ee85217b51b81388,external_train,wastewater_bsm1_report,https://iwa-mia.org/wp-content/uploads/2019/04/BSM_TG_Tech_Report_no_1_BSM1_General_Description.pdf
inlet_ammonium_nitrogen_concentration,wastewater_aeration,influent_ammonia,useful,disturbance,mg/L,web_approved:wastewater_bsm1_report:web_normalized,ee85217b51b81388,external_train,wastewater_bsm1_report,https://iwa-mia.org/wp-content/uploads/2019/04/BSM_TG_Tech_Report_no_1_BSM1_General_Description.pdf
INLET_AMMONIUM_NITROGEN_CONCENTRATION,wastewater_aeration,influent_ammonia,useful,disturbance,mg/L,web_approved:wastewater_bsm1_report:web_uppercase,ee85217b51b81388,external_train,wastewater_bsm1_report,https://iwa-mia.org/wp-content/uploads/2019/04/BSM_TG_Tech_Report_no_1_BSM1_General_Description.pdf
inletammoniumnitrogenconcentration,wastewater_aeration,influent_ammonia,useful,disturbance,mg/L,web_approved:wastewater_bsm1_report:web_compact,ee85217b51b81388,external_train,wastewater_bsm1_report,https://iwa-mia.org/wp-content/uploads/2019/04/BSM_TG_Tech_Report_no_1_BSM1_General_Description.pdf
DCS_02_inlet_ammonium_nitrogen_concentration_PV_11,wastewater_aeration,influent_ammonia,useful,disturbance,mg/L,web_approved:wastewater_bsm1_report:web_vendor_tag,ee85217b51b81388,external_train,wastewater_bsm1_report,https://iwa-mia.org/wp-content/uploads/2019/04/BSM_TG_Tech_Report_no_1_BSM1_General_Description.pdf
Unit3.inlet_ammonium_nitrogen_concentration.AI,wastewater_aeration,influent_ammonia,useful,disturbance,mg/L,web_approved:wastewater_bsm1_report:web_channel_tag,ee85217b51b81388,external_train,wastewater_bsm1_report,https://iwa-mia.org/wp-content/uploads/2019/04/BSM_TG_Tech_Report_no_1_BSM1_General_Description.pdf
inlet ammonium nitrogen concentration[mg/L],wastewater_aeration,influent_ammonia,useful,disturbance,mg/L,web_approved:wastewater_bsm1_report:web_unit_bracket,ee85217b51b81388,external_train,wastewater_bsm1_report,https://iwa-mia.org/wp-content/uploads/2019/04/BSM_TG_Tech_Report_no_1_BSM1_General_Description.pdf
influent NH4 N,wastewater_aeration,influent_ammonia,useful,disturbance,mg/L,web_approved:wastewater_bsm1_report:web_phrase,632117be865687f8,external_train,wastewater_bsm1_report,https://iwa-mia.org/wp-content/uploads/2019/04/BSM_TG_Tech_Report_no_1_BSM1_General_Description.pdf
influent_NH4_N,wastewater_aeration,influent_ammonia,useful,disturbance,mg/L,web_approved:wastewater_bsm1_report:web_normalized,632117be865687f8,external_train,wastewater_bsm1_report,https://iwa-mia.org/wp-content/uploads/2019/04/BSM_TG_Tech_Report_no_1_BSM1_General_Description.pdf
INFLUENT_NH4_N,wastewater_aeration,influent_ammonia,useful,disturbance,mg/L,web_approved:wastewater_bsm1_report:web_uppercase,632117be865687f8,external_train,wastewater_bsm1_report,https://iwa-mia.org/wp-content/uploads/2019/04/BSM_TG_Tech_Report_no_1_BSM1_General_Description.pdf
influentNH4N,wastewater_aeration,influent_ammonia,useful,disturbance,mg/L,web_approved:wastewater_bsm1_report:web_compact,632117be865687f8,external_train,wastewater_bsm1_report,https://iwa-mia.org/wp-content/uploads/2019/04/BSM_TG_Tech_Report_no_1_BSM1_General_Description.pdf
DCS_02_influent_NH4_N_PV_11,wastewater_aeration,influent_ammonia,useful,disturbance,mg/L,web_approved:wastewater_bsm1_report:web_vendor_tag,632117be865687f8,external_train,wastewater_bsm1_report,https://iwa-mia.org/wp-content/uploads/2019/04/BSM_TG_Tech_Report_no_1_BSM1_General_Description.pdf
Unit3.influent_NH4_N.AI,wastewater_aeration,influent_ammonia,useful,disturbance,mg/L,web_approved:wastewater_bsm1_report:web_channel_tag,632117be865687f8,external_train,wastewater_bsm1_report,https://iwa-mia.org/wp-content/uploads/2019/04/BSM_TG_Tech_Report_no_1_BSM1_General_Description.pdf
influent NH4 N[mg/L],wastewater_aeration,influent_ammonia,useful,disturbance,mg/L,web_approved:wastewater_bsm1_report:web_unit_bracket,632117be865687f8,external_train,wastewater_bsm1_report,https://iwa-mia.org/wp-content/uploads/2019/04/BSM_TG_Tech_Report_no_1_BSM1_General_Description.pdf
原污水氨氮,wastewater_aeration,influent_ammonia,useful,disturbance,mg/L,web_approved:wastewater_bsm1_report:web_phrase,8f686e6f6bf224c6,external_train,wastewater_bsm1_report,https://iwa-mia.org/wp-content/uploads/2019/04/BSM_TG_Tech_Report_no_1_BSM1_General_Description.pdf
原污水氨氮,wastewater_aeration,influent_ammonia,useful,disturbance,mg/L,web_approved:wastewater_bsm1_report:web_normalized,8f686e6f6bf224c6,external_train,wastewater_bsm1_report,https://iwa-mia.org/wp-content/uploads/2019/04/BSM_TG_Tech_Report_no_1_BSM1_General_Description.pdf
原污水氨氮,wastewater_aeration,influent_ammonia,useful,disturbance,mg/L,web_approved:wastewater_bsm1_report:web_uppercase,8f686e6f6bf224c6,external_train,wastewater_bsm1_report,https://iwa-mia.org/wp-content/uploads/2019/04/BSM_TG_Tech_Report_no_1_BSM1_General_Description.pdf
原污水氨氮,wastewater_aeration,influent_ammonia,useful,disturbance,mg/L,web_approved:wastewater_bsm1_report:web_compact,8f686e6f6bf224c6,external_train,wastewater_bsm1_report,https://iwa-mia.org/wp-content/uploads/2019/04/BSM_TG_Tech_Report_no_1_BSM1_General_Description.pdf
DCS_02_原污水氨氮_PV_11,wastewater_aeration,influent_ammonia,useful,disturbance,mg/L,web_approved:wastewater_bsm1_report:web_vendor_tag,8f686e6f6bf224c6,external_train,wastewater_bsm1_report,https://iwa-mia.org/wp-content/uploads/2019/04/BSM_TG_Tech_Report_no_1_BSM1_General_Description.pdf
Unit3.原污水氨氮.AI,wastewater_aeration,influent_ammonia,useful,disturbance,mg/L,web_approved:wastewater_bsm1_report:web_channel_tag,8f686e6f6bf224c6,external_train,wastewater_bsm1_report,https://iwa-mia.org/wp-content/uploads/2019/04/BSM_TG_Tech_Report_no_1_BSM1_General_Description.pdf
原污水氨氮[mg/L],wastewater_aeration,influent_ammonia,useful,disturbance,mg/L,web_approved:wastewater_bsm1_report:web_unit_bracket,8f686e6f6bf224c6,external_train,wastewater_bsm1_report,https://iwa-mia.org/wp-content/uploads/2019/04/BSM_TG_Tech_Report_no_1_BSM1_General_Description.pdf
outlet ammonium nitrogen concentration,wastewater_aeration,effluent_ammonia,required,controlled,mg/L,web_approved:wastewater_bsm1_report:web_phrase,502f2d078cd3f5c0,external_train,wastewater_bsm1_report,https://iwa-mia.org/wp-content/uploads/2019/04/BSM_TG_Tech_Report_no_1_BSM1_General_Description.pdf
outlet_ammonium_nitrogen_concentration,wastewater_aeration,effluent_ammonia,required,controlled,mg/L,web_approved:wastewater_bsm1_report:web_normalized,502f2d078cd3f5c0,external_train,wastewater_bsm1_report,https://iwa-mia.org/wp-content/uploads/2019/04/BSM_TG_Tech_Report_no_1_BSM1_General_Description.pdf
OUTLET_AMMONIUM_NITROGEN_CONCENTRATION,wastewater_aeration,effluent_ammonia,required,controlled,mg/L,web_approved:wastewater_bsm1_report:web_uppercase,502f2d078cd3f5c0,external_train,wastewater_bsm1_report,https://iwa-mia.org/wp-content/uploads/2019/04/BSM_TG_Tech_Report_no_1_BSM1_General_Description.pdf
outletammoniumnitrogenconcentration,wastewater_aeration,effluent_ammonia,required,controlled,mg/L,web_approved:wastewater_bsm1_report:web_compact,502f2d078cd3f5c0,external_train,wastewater_bsm1_report,https://iwa-mia.org/wp-content/uploads/2019/04/BSM_TG_Tech_Report_no_1_BSM1_General_Description.pdf
DCS_02_outlet_ammonium_nitrogen_concentration_PV_11,wastewater_aeration,effluent_ammonia,required,controlled,mg/L,web_approved:wastewater_bsm1_report:web_vendor_tag,502f2d078cd3f5c0,external_train,wastewater_bsm1_report,https://iwa-mia.org/wp-content/uploads/2019/04/BSM_TG_Tech_Report_no_1_BSM1_General_Description.pdf
Unit3.outlet_ammonium_nitrogen_concentration.AI,wastewater_aeration,effluent_ammonia,required,controlled,mg/L,web_approved:wastewater_bsm1_report:web_channel_tag,502f2d078cd3f5c0,external_train,wastewater_bsm1_report,https://iwa-mia.org/wp-content/uploads/2019/04/BSM_TG_Tech_Report_no_1_BSM1_General_Description.pdf
outlet ammonium nitrogen concentration[mg/L],wastewater_aeration,effluent_ammonia,required,controlled,mg/L,web_approved:wastewater_bsm1_report:web_unit_bracket,502f2d078cd3f5c0,external_train,wastewater_bsm1_report,https://iwa-mia.org/wp-content/uploads/2019/04/BSM_TG_Tech_Report_no_1_BSM1_General_Description.pdf
effluent NH4 N,wastewater_aeration,effluent_ammonia,required,controlled,mg/L,web_approved:wastewater_bsm1_report:web_phrase,e048e9da93d42cfb,external_train,wastewater_bsm1_report,https://iwa-mia.org/wp-content/uploads/2019/04/BSM_TG_Tech_Report_no_1_BSM1_General_Description.pdf
effluent_NH4_N,wastewater_aeration,effluent_ammonia,required,controlled,mg/L,web_approved:wastewater_bsm1_report:web_normalized,e048e9da93d42cfb,external_train,wastewater_bsm1_report,https://iwa-mia.org/wp-content/uploads/2019/04/BSM_TG_Tech_Report_no_1_BSM1_General_Description.pdf
EFFLUENT_NH4_N,wastewater_aeration,effluent_ammonia,required,controlled,mg/L,web_approved:wastewater_bsm1_report:web_uppercase,e048e9da93d42cfb,external_train,wastewater_bsm1_report,https://iwa-mia.org/wp-content/uploads/2019/04/BSM_TG_Tech_Report_no_1_BSM1_General_Description.pdf
effluentNH4N,wastewater_aeration,effluent_ammonia,required,controlled,mg/L,web_approved:wastewater_bsm1_report:web_compact,e048e9da93d42cfb,external_train,wastewater_bsm1_report,https://iwa-mia.org/wp-content/uploads/2019/04/BSM_TG_Tech_Report_no_1_BSM1_General_Description.pdf
DCS_02_effluent_NH4_N_PV_11,wastewater_aeration,effluent_ammonia,required,controlled,mg/L,web_approved:wastewater_bsm1_report:web_vendor_tag,e048e9da93d42cfb,external_train,wastewater_bsm1_report,https://iwa-mia.org/wp-content/uploads/2019/04/BSM_TG_Tech_Report_no_1_BSM1_General_Description.pdf
Unit3.effluent_NH4_N.AI,wastewater_aeration,effluent_ammonia,required,controlled,mg/L,web_approved:wastewater_bsm1_report:web_channel_tag,e048e9da93d42cfb,external_train,wastewater_bsm1_report,https://iwa-mia.org/wp-content/uploads/2019/04/BSM_TG_Tech_Report_no_1_BSM1_General_Description.pdf
effluent NH4 N[mg/L],wastewater_aeration,effluent_ammonia,required,controlled,mg/L,web_approved:wastewater_bsm1_report:web_unit_bracket,e048e9da93d42cfb,external_train,wastewater_bsm1_report,https://iwa-mia.org/wp-content/uploads/2019/04/BSM_TG_Tech_Report_no_1_BSM1_General_Description.pdf
最终出水氨氮,wastewater_aeration,effluent_ammonia,required,controlled,mg/L,web_approved:wastewater_bsm1_report:web_phrase,a53158cfed35604c,external_train,wastewater_bsm1_report,https://iwa-mia.org/wp-content/uploads/2019/04/BSM_TG_Tech_Report_no_1_BSM1_General_Description.pdf
最终出水氨氮,wastewater_aeration,effluent_ammonia,required,controlled,mg/L,web_approved:wastewater_bsm1_report:web_normalized,a53158cfed35604c,external_train,wastewater_bsm1_report,https://iwa-mia.org/wp-content/uploads/2019/04/BSM_TG_Tech_Report_no_1_BSM1_General_Description.pdf
最终出水氨氮,wastewater_aeration,effluent_ammonia,required,controlled,mg/L,web_approved:wastewater_bsm1_report:web_uppercase,a53158cfed35604c,external_train,wastewater_bsm1_report,https://iwa-mia.org/wp-content/uploads/2019/04/BSM_TG_Tech_Report_no_1_BSM1_General_Description.pdf
最终出水氨氮,wastewater_aeration,effluent_ammonia,required,controlled,mg/L,web_approved:wastewater_bsm1_report:web_compact,a53158cfed35604c,external_train,wastewater_bsm1_report,https://iwa-mia.org/wp-content/uploads/2019/04/BSM_TG_Tech_Report_no_1_BSM1_General_Description.pdf
DCS_02_最终出水氨氮_PV_11,wastewater_aeration,effluent_ammonia,required,controlled,mg/L,web_approved:wastewater_bsm1_report:web_vendor_tag,a53158cfed35604c,external_train,wastewater_bsm1_report,https://iwa-mia.org/wp-content/uploads/2019/04/BSM_TG_Tech_Report_no_1_BSM1_General_Description.pdf
Unit3.最终出水氨氮.AI,wastewater_aeration,effluent_ammonia,required,controlled,mg/L,web_approved:wastewater_bsm1_report:web_channel_tag,a53158cfed35604c,external_train,wastewater_bsm1_report,https://iwa-mia.org/wp-content/uploads/2019/04/BSM_TG_Tech_Report_no_1_BSM1_General_Description.pdf
最终出水氨氮[mg/L],wastewater_aeration,effluent_ammonia,required,controlled,mg/L,web_approved:wastewater_bsm1_report:web_unit_bracket,a53158cfed35604c,external_train,wastewater_bsm1_report,https://iwa-mia.org/wp-content/uploads/2019/04/BSM_TG_Tech_Report_no_1_BSM1_General_Description.pdf
biological aeration air rate,wastewater_aeration,aeration_air_flow,required,manipulated,Nm3/h,web_approved:wastewater_iwa_benchmark:web_phrase,4c55a9499e96472a,external_train,wastewater_iwa_benchmark,https://iwa-mia.org/benchmarking/
biological_aeration_air_rate,wastewater_aeration,aeration_air_flow,required,manipulated,Nm3/h,web_approved:wastewater_iwa_benchmark:web_normalized,4c55a9499e96472a,external_train,wastewater_iwa_benchmark,https://iwa-mia.org/benchmarking/
BIOLOGICAL_AERATION_AIR_RATE,wastewater_aeration,aeration_air_flow,required,manipulated,Nm3/h,web_approved:wastewater_iwa_benchmark:web_uppercase,4c55a9499e96472a,external_train,wastewater_iwa_benchmark,https://iwa-mia.org/benchmarking/
biologicalaerationairrate,wastewater_aeration,aeration_air_flow,required,manipulated,Nm3/h,web_approved:wastewater_iwa_benchmark:web_compact,4c55a9499e96472a,external_train,wastewater_iwa_benchmark,https://iwa-mia.org/benchmarking/
DCS_02_biological_aeration_air_rate_SP_11,wastewater_aeration,aeration_air_flow,required,manipulated,Nm3/h,web_approved:wastewater_iwa_benchmark:web_vendor_tag,4c55a9499e96472a,external_train,wastewater_iwa_benchmark,https://iwa-mia.org/benchmarking/
Unit3.biological_aeration_air_rate.AI,wastewater_aeration,aeration_air_flow,required,manipulated,Nm3/h,web_approved:wastewater_iwa_benchmark:web_channel_tag,4c55a9499e96472a,external_train,wastewater_iwa_benchmark,https://iwa-mia.org/benchmarking/
biological aeration air rate[Nm3/h],wastewater_aeration,aeration_air_flow,required,manipulated,Nm3/h,web_approved:wastewater_iwa_benchmark:web_unit_bracket,4c55a9499e96472a,external_train,wastewater_iwa_benchmark,https://iwa-mia.org/benchmarking/
blower discharge airflow,wastewater_aeration,aeration_air_flow,required,manipulated,Nm3/h,web_approved:wastewater_iwa_benchmark:web_phrase,46e6228f695c83c0,external_train,wastewater_iwa_benchmark,https://iwa-mia.org/benchmarking/
blower_discharge_airflow,wastewater_aeration,aeration_air_flow,required,manipulated,Nm3/h,web_approved:wastewater_iwa_benchmark:web_normalized,46e6228f695c83c0,external_train,wastewater_iwa_benchmark,https://iwa-mia.org/benchmarking/
BLOWER_DISCHARGE_AIRFLOW,wastewater_aeration,aeration_air_flow,required,manipulated,Nm3/h,web_approved:wastewater_iwa_benchmark:web_uppercase,46e6228f695c83c0,external_train,wastewater_iwa_benchmark,https://iwa-mia.org/benchmarking/
blowerdischargeairflow,wastewater_aeration,aeration_air_flow,required,manipulated,Nm3/h,web_approved:wastewater_iwa_benchmark:web_compact,46e6228f695c83c0,external_train,wastewater_iwa_benchmark,https://iwa-mia.org/benchmarking/
DCS_02_blower_discharge_airflow_SP_11,wastewater_aeration,aeration_air_flow,required,manipulated,Nm3/h,web_approved:wastewater_iwa_benchmark:web_vendor_tag,46e6228f695c83c0,external_train,wastewater_iwa_benchmark,https://iwa-mia.org/benchmarking/
Unit3.blower_discharge_airflow.AI,wastewater_aeration,aeration_air_flow,required,manipulated,Nm3/h,web_approved:wastewater_iwa_benchmark:web_channel_tag,46e6228f695c83c0,external_train,wastewater_iwa_benchmark,https://iwa-mia.org/benchmarking/
blower discharge airflow[Nm3/h],wastewater_aeration,aeration_air_flow,required,manipulated,Nm3/h,web_approved:wastewater_iwa_benchmark:web_unit_bracket,46e6228f695c83c0,external_train,wastewater_iwa_benchmark,https://iwa-mia.org/benchmarking/
曝气池鼓风机送风量,wastewater_aeration,aeration_air_flow,required,manipulated,Nm3/h,web_approved:wastewater_iwa_benchmark:web_phrase,830e5e19b792ca8f,external_train,wastewater_iwa_benchmark,https://iwa-mia.org/benchmarking/
曝气池鼓风机送风量,wastewater_aeration,aeration_air_flow,required,manipulated,Nm3/h,web_approved:wastewater_iwa_benchmark:web_normalized,830e5e19b792ca8f,external_train,wastewater_iwa_benchmark,https://iwa-mia.org/benchmarking/
曝气池鼓风机送风量,wastewater_aeration,aeration_air_flow,required,manipulated,Nm3/h,web_approved:wastewater_iwa_benchmark:web_uppercase,830e5e19b792ca8f,external_train,wastewater_iwa_benchmark,https://iwa-mia.org/benchmarking/
曝气池鼓风机送风量,wastewater_aeration,aeration_air_flow,required,manipulated,Nm3/h,web_approved:wastewater_iwa_benchmark:web_compact,830e5e19b792ca8f,external_train,wastewater_iwa_benchmark,https://iwa-mia.org/benchmarking/
DCS_02_曝气池鼓风机送风量_SP_11,wastewater_aeration,aeration_air_flow,required,manipulated,Nm3/h,web_approved:wastewater_iwa_benchmark:web_vendor_tag,830e5e19b792ca8f,external_train,wastewater_iwa_benchmark,https://iwa-mia.org/benchmarking/
Unit3.曝气池鼓风机送风量.AI,wastewater_aeration,aeration_air_flow,required,manipulated,Nm3/h,web_approved:wastewater_iwa_benchmark:web_channel_tag,830e5e19b792ca8f,external_train,wastewater_iwa_benchmark,https://iwa-mia.org/benchmarking/
曝气池鼓风机送风量[Nm3/h],wastewater_aeration,aeration_air_flow,required,manipulated,Nm3/h,web_approved:wastewater_iwa_benchmark:web_unit_bracket,830e5e19b792ca8f,external_train,wastewater_iwa_benchmark,https://iwa-mia.org/benchmarking/
process sampling timestamp,steel_reheating_furnace,timestamp,required,time,datetime,web_approved:steel_furnace_monitoring_2025:web_phrase,50348470dec78201,external_train,steel_furnace_monitoring_2025,https://pmc.ncbi.nlm.nih.gov/articles/PMC11983217/
process_sampling_timestamp,steel_reheating_furnace,timestamp,required,time,datetime,web_approved:steel_furnace_monitoring_2025:web_normalized,50348470dec78201,external_train,steel_furnace_monitoring_2025,https://pmc.ncbi.nlm.nih.gov/articles/PMC11983217/
PROCESS_SAMPLING_TIMESTAMP,steel_reheating_furnace,timestamp,required,time,datetime,web_approved:steel_furnace_monitoring_2025:web_uppercase,50348470dec78201,external_train,steel_furnace_monitoring_2025,https://pmc.ncbi.nlm.nih.gov/articles/PMC11983217/
processsamplingtimestamp,steel_reheating_furnace,timestamp,required,time,datetime,web_approved:steel_furnace_monitoring_2025:web_compact,50348470dec78201,external_train,steel_furnace_monitoring_2025,https://pmc.ncbi.nlm.nih.gov/articles/PMC11983217/
DCS_02_process_sampling_timestamp_PV_11,steel_reheating_furnace,timestamp,required,time,datetime,web_approved:steel_furnace_monitoring_2025:web_vendor_tag,50348470dec78201,external_train,steel_furnace_monitoring_2025,https://pmc.ncbi.nlm.nih.gov/articles/PMC11983217/
Unit3.process_sampling_timestamp.AI,steel_reheating_furnace,timestamp,required,time,datetime,web_approved:steel_furnace_monitoring_2025:web_channel_tag,50348470dec78201,external_train,steel_furnace_monitoring_2025,https://pmc.ncbi.nlm.nih.gov/articles/PMC11983217/
furnace record datetime,steel_reheating_furnace,timestamp,required,time,datetime,web_approved:steel_furnace_monitoring_2025:web_phrase,117dd6e21c508424,external_train,steel_furnace_monitoring_2025,https://pmc.ncbi.nlm.nih.gov/articles/PMC11983217/
furnace_record_datetime,steel_reheating_furnace,timestamp,required,time,datetime,web_approved:steel_furnace_monitoring_2025:web_normalized,117dd6e21c508424,external_train,steel_furnace_monitoring_2025,https://pmc.ncbi.nlm.nih.gov/articles/PMC11983217/
FURNACE_RECORD_DATETIME,steel_reheating_furnace,timestamp,required,time,datetime,web_approved:steel_furnace_monitoring_2025:web_uppercase,117dd6e21c508424,external_train,steel_furnace_monitoring_2025,https://pmc.ncbi.nlm.nih.gov/articles/PMC11983217/
furnacerecorddatetime,steel_reheating_furnace,timestamp,required,time,datetime,web_approved:steel_furnace_monitoring_2025:web_compact,117dd6e21c508424,external_train,steel_furnace_monitoring_2025,https://pmc.ncbi.nlm.nih.gov/articles/PMC11983217/
DCS_02_furnace_record_datetime_PV_11,steel_reheating_furnace,timestamp,required,time,datetime,web_approved:steel_furnace_monitoring_2025:web_vendor_tag,117dd6e21c508424,external_train,steel_furnace_monitoring_2025,https://pmc.ncbi.nlm.nih.gov/articles/PMC11983217/
Unit3.furnace_record_datetime.AI,steel_reheating_furnace,timestamp,required,time,datetime,web_approved:steel_furnace_monitoring_2025:web_channel_tag,117dd6e21c508424,external_train,steel_furnace_monitoring_2025,https://pmc.ncbi.nlm.nih.gov/articles/PMC11983217/
zone 1 temp,steel_reheating_furnace,furnace_zone1_temp,required,controlled,degC,web_approved:steel_furnace_mpc_2023:web_phrase,faf328c82044b446,external_train,steel_furnace_mpc_2023,https://pmc.ncbi.nlm.nih.gov/articles/PMC10141550/
zone_1_temp,steel_reheating_furnace,furnace_zone1_temp,required,controlled,degC,web_approved:steel_furnace_mpc_2023:web_normalized,faf328c82044b446,external_train,steel_furnace_mpc_2023,https://pmc.ncbi.nlm.nih.gov/articles/PMC10141550/
ZONE_1_TEMP,steel_reheating_furnace,furnace_zone1_temp,required,controlled,degC,web_approved:steel_furnace_mpc_2023:web_uppercase,faf328c82044b446,external_train,steel_furnace_mpc_2023,https://pmc.ncbi.nlm.nih.gov/articles/PMC10141550/
zone1temp,steel_reheating_furnace,furnace_zone1_temp,required,controlled,degC,web_approved:steel_furnace_mpc_2023:web_compact,faf328c82044b446,external_train,steel_furnace_mpc_2023,https://pmc.ncbi.nlm.nih.gov/articles/PMC10141550/
DCS_02_zone_1_temp_PV_11,steel_reheating_furnace,furnace_zone1_temp,required,controlled,degC,web_approved:steel_furnace_mpc_2023:web_vendor_tag,faf328c82044b446,external_train,steel_furnace_mpc_2023,https://pmc.ncbi.nlm.nih.gov/articles/PMC10141550/
Unit3.zone_1_temp.AI,steel_reheating_furnace,furnace_zone1_temp,required,controlled,degC,web_approved:steel_furnace_mpc_2023:web_channel_tag,faf328c82044b446,external_train,steel_furnace_mpc_2023,https://pmc.ncbi.nlm.nih.gov/articles/PMC10141550/
zone 1 temp[degC],steel_reheating_furnace,furnace_zone1_temp,required,controlled,degC,web_approved:steel_furnace_mpc_2023:web_unit_bracket,faf328c82044b446,external_train,steel_furnace_mpc_2023,https://pmc.ncbi.nlm.nih.gov/articles/PMC10141550/
Z1 furnace temp,steel_reheating_furnace,furnace_zone1_temp,required,controlled,degC,web_approved:steel_furnace_mpc_2023:web_phrase,0c804e45cb47190a,external_train,steel_furnace_mpc_2023,https://pmc.ncbi.nlm.nih.gov/articles/PMC10141550/
Z1_furnace_temp,steel_reheating_furnace,furnace_zone1_temp,required,controlled,degC,web_approved:steel_furnace_mpc_2023:web_normalized,0c804e45cb47190a,external_train,steel_furnace_mpc_2023,https://pmc.ncbi.nlm.nih.gov/articles/PMC10141550/
Z1_FURNACE_TEMP,steel_reheating_furnace,furnace_zone1_temp,required,controlled,degC,web_approved:steel_furnace_mpc_2023:web_uppercase,0c804e45cb47190a,external_train,steel_furnace_mpc_2023,https://pmc.ncbi.nlm.nih.gov/articles/PMC10141550/
Z1furnacetemp,steel_reheating_furnace,furnace_zone1_temp,required,controlled,degC,web_approved:steel_furnace_mpc_2023:web_compact,0c804e45cb47190a,external_train,steel_furnace_mpc_2023,https://pmc.ncbi.nlm.nih.gov/articles/PMC10141550/
DCS_02_Z1_furnace_temp_PV_11,steel_reheating_furnace,furnace_zone1_temp,required,controlled,degC,web_approved:steel_furnace_mpc_2023:web_vendor_tag,0c804e45cb47190a,external_train,steel_furnace_mpc_2023,https://pmc.ncbi.nlm.nih.gov/articles/PMC10141550/
Unit3.Z1_furnace_temp.AI,steel_reheating_furnace,furnace_zone1_temp,required,controlled,degC,web_approved:steel_furnace_mpc_2023:web_channel_tag,0c804e45cb47190a,external_train,steel_furnace_mpc_2023,https://pmc.ncbi.nlm.nih.gov/articles/PMC10141550/
Z1 furnace temp[degC],steel_reheating_furnace,furnace_zone1_temp,required,controlled,degC,web_approved:steel_furnace_mpc_2023:web_unit_bracket,0c804e45cb47190a,external_train,steel_furnace_mpc_2023,https://pmc.ncbi.nlm.nih.gov/articles/PMC10141550/
第一段炉温,steel_reheating_furnace,furnace_zone1_temp,required,controlled,degC,web_approved:steel_furnace_monitoring_2025:web_phrase,3eae607d5f1889ce,external_train,steel_furnace_monitoring_2025,https://pmc.ncbi.nlm.nih.gov/articles/PMC11983217/
第一段炉温,steel_reheating_furnace,furnace_zone1_temp,required,controlled,degC,web_approved:steel_furnace_monitoring_2025:web_normalized,3eae607d5f1889ce,external_train,steel_furnace_monitoring_2025,https://pmc.ncbi.nlm.nih.gov/articles/PMC11983217/
第一段炉温,steel_reheating_furnace,furnace_zone1_temp,required,controlled,degC,web_approved:steel_furnace_monitoring_2025:web_uppercase,3eae607d5f1889ce,external_train,steel_furnace_monitoring_2025,https://pmc.ncbi.nlm.nih.gov/articles/PMC11983217/
第一段炉温,steel_reheating_furnace,furnace_zone1_temp,required,controlled,degC,web_approved:steel_furnace_monitoring_2025:web_compact,3eae607d5f1889ce,external_train,steel_furnace_monitoring_2025,https://pmc.ncbi.nlm.nih.gov/articles/PMC11983217/
DCS_02_第一段炉温_PV_11,steel_reheating_furnace,furnace_zone1_temp,required,controlled,degC,web_approved:steel_furnace_monitoring_2025:web_vendor_tag,3eae607d5f1889ce,external_train,steel_furnace_monitoring_2025,https://pmc.ncbi.nlm.nih.gov/articles/PMC11983217/
Unit3.第一段炉温.AI,steel_reheating_furnace,furnace_zone1_temp,required,controlled,degC,web_approved:steel_furnace_monitoring_2025:web_channel_tag,3eae607d5f1889ce,external_train,steel_furnace_monitoring_2025,https://pmc.ncbi.nlm.nih.gov/articles/PMC11983217/
第一段炉温[degC],steel_reheating_furnace,furnace_zone1_temp,required,controlled,degC,web_approved:steel_furnace_monitoring_2025:web_unit_bracket,3eae607d5f1889ce,external_train,steel_furnace_monitoring_2025,https://pmc.ncbi.nlm.nih.gov/articles/PMC11983217/
zone 3 temp,steel_reheating_furnace,furnace_zone3_temp,required,controlled,degC,web_approved:steel_furnace_mpc_2023:web_phrase,b7671d67478a6c0c,external_train,steel_furnace_mpc_2023,https://pmc.ncbi.nlm.nih.gov/articles/PMC10141550/
zone_3_temp,steel_reheating_furnace,furnace_zone3_temp,required,controlled,degC,web_approved:steel_furnace_mpc_2023:web_normalized,b7671d67478a6c0c,external_train,steel_furnace_mpc_2023,https://pmc.ncbi.nlm.nih.gov/articles/PMC10141550/
ZONE_3_TEMP,steel_reheating_furnace,furnace_zone3_temp,required,controlled,degC,web_approved:steel_furnace_mpc_2023:web_uppercase,b7671d67478a6c0c,external_train,steel_furnace_mpc_2023,https://pmc.ncbi.nlm.nih.gov/articles/PMC10141550/
zone3temp,steel_reheating_furnace,furnace_zone3_temp,required,controlled,degC,web_approved:steel_furnace_mpc_2023:web_compact,b7671d67478a6c0c,external_train,steel_furnace_mpc_2023,https://pmc.ncbi.nlm.nih.gov/articles/PMC10141550/
DCS_02_zone_3_temp_PV_11,steel_reheating_furnace,furnace_zone3_temp,required,controlled,degC,web_approved:steel_furnace_mpc_2023:web_vendor_tag,b7671d67478a6c0c,external_train,steel_furnace_mpc_2023,https://pmc.ncbi.nlm.nih.gov/articles/PMC10141550/
Unit3.zone_3_temp.AI,steel_reheating_furnace,furnace_zone3_temp,required,controlled,degC,web_approved:steel_furnace_mpc_2023:web_channel_tag,b7671d67478a6c0c,external_train,steel_furnace_mpc_2023,https://pmc.ncbi.nlm.nih.gov/articles/PMC10141550/
zone 3 temp[degC],steel_reheating_furnace,furnace_zone3_temp,required,controlled,degC,web_approved:steel_furnace_mpc_2023:web_unit_bracket,b7671d67478a6c0c,external_train,steel_furnace_mpc_2023,https://pmc.ncbi.nlm.nih.gov/articles/PMC10141550/
Z3 furnace temp,steel_reheating_furnace,furnace_zone3_temp,required,controlled,degC,web_approved:steel_furnace_mpc_2023:web_phrase,1a99dd18e4d8ce71,external_train,steel_furnace_mpc_2023,https://pmc.ncbi.nlm.nih.gov/articles/PMC10141550/
Z3_furnace_temp,steel_reheating_furnace,furnace_zone3_temp,required,controlled,degC,web_approved:steel_furnace_mpc_2023:web_normalized,1a99dd18e4d8ce71,external_train,steel_furnace_mpc_2023,https://pmc.ncbi.nlm.nih.gov/articles/PMC10141550/
Z3_FURNACE_TEMP,steel_reheating_furnace,furnace_zone3_temp,required,controlled,degC,web_approved:steel_furnace_mpc_2023:web_uppercase,1a99dd18e4d8ce71,external_train,steel_furnace_mpc_2023,https://pmc.ncbi.nlm.nih.gov/articles/PMC10141550/
Z3furnacetemp,steel_reheating_furnace,furnace_zone3_temp,required,controlled,degC,web_approved:steel_furnace_mpc_2023:web_compact,1a99dd18e4d8ce71,external_train,steel_furnace_mpc_2023,https://pmc.ncbi.nlm.nih.gov/articles/PMC10141550/
DCS_02_Z3_furnace_temp_PV_11,steel_reheating_furnace,furnace_zone3_temp,required,controlled,degC,web_approved:steel_furnace_mpc_2023:web_vendor_tag,1a99dd18e4d8ce71,external_train,steel_furnace_mpc_2023,https://pmc.ncbi.nlm.nih.gov/articles/PMC10141550/
Unit3.Z3_furnace_temp.AI,steel_reheating_furnace,furnace_zone3_temp,required,controlled,degC,web_approved:steel_furnace_mpc_2023:web_channel_tag,1a99dd18e4d8ce71,external_train,steel_furnace_mpc_2023,https://pmc.ncbi.nlm.nih.gov/articles/PMC10141550/
Z3 furnace temp[degC],steel_reheating_furnace,furnace_zone3_temp,required,controlled,degC,web_approved:steel_furnace_mpc_2023:web_unit_bracket,1a99dd18e4d8ce71,external_train,steel_furnace_mpc_2023,https://pmc.ncbi.nlm.nih.gov/articles/PMC10141550/
第三段炉温,steel_reheating_furnace,furnace_zone3_temp,required,controlled,degC,web_approved:steel_furnace_monitoring_2025:web_phrase,a066363992273a31,external_train,steel_furnace_monitoring_2025,https://pmc.ncbi.nlm.nih.gov/articles/PMC11983217/
第三段炉温,steel_reheating_furnace,furnace_zone3_temp,required,controlled,degC,web_approved:steel_furnace_monitoring_2025:web_normalized,a066363992273a31,external_train,steel_furnace_monitoring_2025,https://pmc.ncbi.nlm.nih.gov/articles/PMC11983217/
第三段炉温,steel_reheating_furnace,furnace_zone3_temp,required,controlled,degC,web_approved:steel_furnace_monitoring_2025:web_uppercase,a066363992273a31,external_train,steel_furnace_monitoring_2025,https://pmc.ncbi.nlm.nih.gov/articles/PMC11983217/
第三段炉温,steel_reheating_furnace,furnace_zone3_temp,required,controlled,degC,web_approved:steel_furnace_monitoring_2025:web_compact,a066363992273a31,external_train,steel_furnace_monitoring_2025,https://pmc.ncbi.nlm.nih.gov/articles/PMC11983217/
DCS_02_第三段炉温_PV_11,steel_reheating_furnace,furnace_zone3_temp,required,controlled,degC,web_approved:steel_furnace_monitoring_2025:web_vendor_tag,a066363992273a31,external_train,steel_furnace_monitoring_2025,https://pmc.ncbi.nlm.nih.gov/articles/PMC11983217/
Unit3.第三段炉温.AI,steel_reheating_furnace,furnace_zone3_temp,required,controlled,degC,web_approved:steel_furnace_monitoring_2025:web_channel_tag,a066363992273a31,external_train,steel_furnace_monitoring_2025,https://pmc.ncbi.nlm.nih.gov/articles/PMC11983217/
第三段炉温[degC],steel_reheating_furnace,furnace_zone3_temp,required,controlled,degC,web_approved:steel_furnace_monitoring_2025:web_unit_bracket,a066363992273a31,external_train,steel_furnace_monitoring_2025,https://pmc.ncbi.nlm.nih.gov/articles/PMC11983217/
均热段温度测点,steel_reheating_furnace,furnace_zone3_temp,required,controlled,degC,web_approved:steel_furnace_monitoring_2025:web_phrase,fc235d6d5dd291d0,external_train,steel_furnace_monitoring_2025,https://pmc.ncbi.nlm.nih.gov/articles/PMC11983217/
均热段温度测点,steel_reheating_furnace,furnace_zone3_temp,required,controlled,degC,web_approved:steel_furnace_monitoring_2025:web_normalized,fc235d6d5dd291d0,external_train,steel_furnace_monitoring_2025,https://pmc.ncbi.nlm.nih.gov/articles/PMC11983217/
均热段温度测点,steel_reheating_furnace,furnace_zone3_temp,required,controlled,degC,web_approved:steel_furnace_monitoring_2025:web_uppercase,fc235d6d5dd291d0,external_train,steel_furnace_monitoring_2025,https://pmc.ncbi.nlm.nih.gov/articles/PMC11983217/
均热段温度测点,steel_reheating_furnace,furnace_zone3_temp,required,controlled,degC,web_approved:steel_furnace_monitoring_2025:web_compact,fc235d6d5dd291d0,external_train,steel_furnace_monitoring_2025,https://pmc.ncbi.nlm.nih.gov/articles/PMC11983217/
DCS_02_均热段温度测点_PV_11,steel_reheating_furnace,furnace_zone3_temp,required,controlled,degC,web_approved:steel_furnace_monitoring_2025:web_vendor_tag,fc235d6d5dd291d0,external_train,steel_furnace_monitoring_2025,https://pmc.ncbi.nlm.nih.gov/articles/PMC11983217/
Unit3.均热段温度测点.AI,steel_reheating_furnace,furnace_zone3_temp,required,controlled,degC,web_approved:steel_furnace_monitoring_2025:web_channel_tag,fc235d6d5dd291d0,external_train,steel_furnace_monitoring_2025,https://pmc.ncbi.nlm.nih.gov/articles/PMC11983217/
均热段温度测点[degC],steel_reheating_furnace,furnace_zone3_temp,required,controlled,degC,web_approved:steel_furnace_monitoring_2025:web_unit_bracket,fc235d6d5dd291d0,external_train,steel_furnace_monitoring_2025,https://pmc.ncbi.nlm.nih.gov/articles/PMC11983217/
distillation tower pressure,distillation_column,column_pressure,useful,state,Pa,web_approved:distillation_hssed_2025:web_phrase,010eaf97bb9e94be,external_train,distillation_hssed_2025,https://www.sciencedirect.com/science/article/pii/S0957582025011516
distillation_tower_pressure,distillation_column,column_pressure,useful,state,Pa,web_approved:distillation_hssed_2025:web_normalized,010eaf97bb9e94be,external_train,distillation_hssed_2025,https://www.sciencedirect.com/science/article/pii/S0957582025011516
DISTILLATION_TOWER_PRESSURE,distillation_column,column_pressure,useful,state,Pa,web_approved:distillation_hssed_2025:web_uppercase,010eaf97bb9e94be,external_train,distillation_hssed_2025,https://www.sciencedirect.com/science/article/pii/S0957582025011516
distillationtowerpressure,distillation_column,column_pressure,useful,state,Pa,web_approved:distillation_hssed_2025:web_compact,010eaf97bb9e94be,external_train,distillation_hssed_2025,https://www.sciencedirect.com/science/article/pii/S0957582025011516
DCS_02_distillation_tower_pressure_PV_11,distillation_column,column_pressure,useful,state,Pa,web_approved:distillation_hssed_2025:web_vendor_tag,010eaf97bb9e94be,external_train,distillation_hssed_2025,https://www.sciencedirect.com/science/article/pii/S0957582025011516
Unit3.distillation_tower_pressure.AI,distillation_column,column_pressure,useful,state,Pa,web_approved:distillation_hssed_2025:web_channel_tag,010eaf97bb9e94be,external_train,distillation_hssed_2025,https://www.sciencedirect.com/science/article/pii/S0957582025011516
distillation tower pressure[Pa],distillation_column,column_pressure,useful,state,Pa,web_approved:distillation_hssed_2025:web_unit_bracket,010eaf97bb9e94be,external_train,distillation_hssed_2025,https://www.sciencedirect.com/science/article/pii/S0957582025011516
tower pressure PV,distillation_column,column_pressure,useful,state,Pa,web_approved:distillation_hssed_2025:web_phrase,671a1af78541c660,external_train,distillation_hssed_2025,https://www.sciencedirect.com/science/article/pii/S0957582025011516
tower_pressure_PV,distillation_column,column_pressure,useful,state,Pa,web_approved:distillation_hssed_2025:web_normalized,671a1af78541c660,external_train,distillation_hssed_2025,https://www.sciencedirect.com/science/article/pii/S0957582025011516
TOWER_PRESSURE_PV,distillation_column,column_pressure,useful,state,Pa,web_approved:distillation_hssed_2025:web_uppercase,671a1af78541c660,external_train,distillation_hssed_2025,https://www.sciencedirect.com/science/article/pii/S0957582025011516
towerpressurePV,distillation_column,column_pressure,useful,state,Pa,web_approved:distillation_hssed_2025:web_compact,671a1af78541c660,external_train,distillation_hssed_2025,https://www.sciencedirect.com/science/article/pii/S0957582025011516
DCS_02_tower_pressure_PV_PV_11,distillation_column,column_pressure,useful,state,Pa,web_approved:distillation_hssed_2025:web_vendor_tag,671a1af78541c660,external_train,distillation_hssed_2025,https://www.sciencedirect.com/science/article/pii/S0957582025011516
Unit3.tower_pressure_PV.AI,distillation_column,column_pressure,useful,state,Pa,web_approved:distillation_hssed_2025:web_channel_tag,671a1af78541c660,external_train,distillation_hssed_2025,https://www.sciencedirect.com/science/article/pii/S0957582025011516
tower pressure PV[Pa],distillation_column,column_pressure,useful,state,Pa,web_approved:distillation_hssed_2025:web_unit_bracket,671a1af78541c660,external_train,distillation_hssed_2025,https://www.sciencedirect.com/science/article/pii/S0957582025011516
overhead column pressure,distillation_column,column_pressure,useful,state,Pa,web_approved:distillation_hssed_2025:web_phrase,93ed9b1a4789652b,external_train,distillation_hssed_2025,https://www.sciencedirect.com/science/article/pii/S0957582025011516
overhead_column_pressure,distillation_column,column_pressure,useful,state,Pa,web_approved:distillation_hssed_2025:web_normalized,93ed9b1a4789652b,external_train,distillation_hssed_2025,https://www.sciencedirect.com/science/article/pii/S0957582025011516
OVERHEAD_COLUMN_PRESSURE,distillation_column,column_pressure,useful,state,Pa,web_approved:distillation_hssed_2025:web_uppercase,93ed9b1a4789652b,external_train,distillation_hssed_2025,https://www.sciencedirect.com/science/article/pii/S0957582025011516
overheadcolumnpressure,distillation_column,column_pressure,useful,state,Pa,web_approved:distillation_hssed_2025:web_compact,93ed9b1a4789652b,external_train,distillation_hssed_2025,https://www.sciencedirect.com/science/article/pii/S0957582025011516
DCS_02_overhead_column_pressure_PV_11,distillation_column,column_pressure,useful,state,Pa,web_approved:distillation_hssed_2025:web_vendor_tag,93ed9b1a4789652b,external_train,distillation_hssed_2025,https://www.sciencedirect.com/science/article/pii/S0957582025011516
Unit3.overhead_column_pressure.AI,distillation_column,column_pressure,useful,state,Pa,web_approved:distillation_hssed_2025:web_channel_tag,93ed9b1a4789652b,external_train,distillation_hssed_2025,https://www.sciencedirect.com/science/article/pii/S0957582025011516
overhead column pressure[Pa],distillation_column,column_pressure,useful,state,Pa,web_approved:distillation_hssed_2025:web_unit_bracket,93ed9b1a4789652b,external_train,distillation_hssed_2025,https://www.sciencedirect.com/science/article/pii/S0957582025011516
精馏塔操作压力,distillation_column,column_pressure,useful,state,Pa,web_approved:distillation_hssed_2025:web_phrase,215c73e3d17dba1a,external_train,distillation_hssed_2025,https://www.sciencedirect.com/science/article/pii/S0957582025011516
精馏塔操作压力,distillation_column,column_pressure,useful,state,Pa,web_approved:distillation_hssed_2025:web_normalized,215c73e3d17dba1a,external_train,distillation_hssed_2025,https://www.sciencedirect.com/science/article/pii/S0957582025011516
精馏塔操作压力,distillation_column,column_pressure,useful,state,Pa,web_approved:distillation_hssed_2025:web_uppercase,215c73e3d17dba1a,external_train,distillation_hssed_2025,https://www.sciencedirect.com/science/article/pii/S0957582025011516
精馏塔操作压力,distillation_column,column_pressure,useful,state,Pa,web_approved:distillation_hssed_2025:web_compact,215c73e3d17dba1a,external_train,distillation_hssed_2025,https://www.sciencedirect.com/science/article/pii/S0957582025011516
DCS_02_精馏塔操作压力_PV_11,distillation_column,column_pressure,useful,state,Pa,web_approved:distillation_hssed_2025:web_vendor_tag,215c73e3d17dba1a,external_train,distillation_hssed_2025,https://www.sciencedirect.com/science/article/pii/S0957582025011516
Unit3.精馏塔操作压力.AI,distillation_column,column_pressure,useful,state,Pa,web_approved:distillation_hssed_2025:web_channel_tag,215c73e3d17dba1a,external_train,distillation_hssed_2025,https://www.sciencedirect.com/science/article/pii/S0957582025011516
精馏塔操作压力[Pa],distillation_column,column_pressure,useful,state,Pa,web_approved:distillation_hssed_2025:web_unit_bracket,215c73e3d17dba1a,external_train,distillation_hssed_2025,https://www.sciencedirect.com/science/article/pii/S0957582025011516
SA flow rate,thermal_power_boiler,secondary_air_flow,useful,manipulated,Nm3/h,web_approved:boiler_airflow_2024:web_phrase,fc055e06e4015099,external_train,boiler_airflow_2024,https://www.mdpi.com/2227-9717/12/12/2823
SA_flow_rate,thermal_power_boiler,secondary_air_flow,useful,manipulated,Nm3/h,web_approved:boiler_airflow_2024:web_normalized,fc055e06e4015099,external_train,boiler_airflow_2024,https://www.mdpi.com/2227-9717/12/12/2823
SA_FLOW_RATE,thermal_power_boiler,secondary_air_flow,useful,manipulated,Nm3/h,web_approved:boiler_airflow_2024:web_uppercase,fc055e06e4015099,external_train,boiler_airflow_2024,https://www.mdpi.com/2227-9717/12/12/2823
SAflowrate,thermal_power_boiler,secondary_air_flow,useful,manipulated,Nm3/h,web_approved:boiler_airflow_2024:web_compact,fc055e06e4015099,external_train,boiler_airflow_2024,https://www.mdpi.com/2227-9717/12/12/2823
DCS_02_SA_flow_rate_SP_11,thermal_power_boiler,secondary_air_flow,useful,manipulated,Nm3/h,web_approved:boiler_airflow_2024:web_vendor_tag,fc055e06e4015099,external_train,boiler_airflow_2024,https://www.mdpi.com/2227-9717/12/12/2823
Unit3.SA_flow_rate.AI,thermal_power_boiler,secondary_air_flow,useful,manipulated,Nm3/h,web_approved:boiler_airflow_2024:web_channel_tag,fc055e06e4015099,external_train,boiler_airflow_2024,https://www.mdpi.com/2227-9717/12/12/2823
SA flow rate[Nm3/h],thermal_power_boiler,secondary_air_flow,useful,manipulated,Nm3/h,web_approved:boiler_airflow_2024:web_unit_bracket,fc055e06e4015099,external_train,boiler_airflow_2024,https://www.mdpi.com/2227-9717/12/12/2823
SA flow meter,thermal_power_boiler,secondary_air_flow,useful,manipulated,Nm3/h,web_approved:boiler_airflow_2024:web_phrase,95127c33326fb12a,external_train,boiler_airflow_2024,https://www.mdpi.com/2227-9717/12/12/2823
SA_flow_meter,thermal_power_boiler,secondary_air_flow,useful,manipulated,Nm3/h,web_approved:boiler_airflow_2024:web_normalized,95127c33326fb12a,external_train,boiler_airflow_2024,https://www.mdpi.com/2227-9717/12/12/2823
SA_FLOW_METER,thermal_power_boiler,secondary_air_flow,useful,manipulated,Nm3/h,web_approved:boiler_airflow_2024:web_uppercase,95127c33326fb12a,external_train,boiler_airflow_2024,https://www.mdpi.com/2227-9717/12/12/2823
SAflowmeter,thermal_power_boiler,secondary_air_flow,useful,manipulated,Nm3/h,web_approved:boiler_airflow_2024:web_compact,95127c33326fb12a,external_train,boiler_airflow_2024,https://www.mdpi.com/2227-9717/12/12/2823
DCS_02_SA_flow_meter_SP_11,thermal_power_boiler,secondary_air_flow,useful,manipulated,Nm3/h,web_approved:boiler_airflow_2024:web_vendor_tag,95127c33326fb12a,external_train,boiler_airflow_2024,https://www.mdpi.com/2227-9717/12/12/2823
Unit3.SA_flow_meter.AI,thermal_power_boiler,secondary_air_flow,useful,manipulated,Nm3/h,web_approved:boiler_airflow_2024:web_channel_tag,95127c33326fb12a,external_train,boiler_airflow_2024,https://www.mdpi.com/2227-9717/12/12/2823
SA flow meter[Nm3/h],thermal_power_boiler,secondary_air_flow,useful,manipulated,Nm3/h,web_approved:boiler_airflow_2024:web_unit_bracket,95127c33326fb12a,external_train,boiler_airflow_2024,https://www.mdpi.com/2227-9717/12/12/2823
secondary air flow PV,thermal_power_boiler,secondary_air_flow,useful,manipulated,Nm3/h,web_approved:boiler_airflow_2024:web_phrase,8c0626a5ef627e40,external_train,boiler_airflow_2024,https://www.mdpi.com/2227-9717/12/12/2823
secondary_air_flow_PV,thermal_power_boiler,secondary_air_flow,useful,manipulated,Nm3/h,web_approved:boiler_airflow_2024:web_normalized,8c0626a5ef627e40,external_train,boiler_airflow_2024,https://www.mdpi.com/2227-9717/12/12/2823
SECONDARY_AIR_FLOW_PV,thermal_power_boiler,secondary_air_flow,useful,manipulated,Nm3/h,web_approved:boiler_airflow_2024:web_uppercase,8c0626a5ef627e40,external_train,boiler_airflow_2024,https://www.mdpi.com/2227-9717/12/12/2823
secondaryairflowPV,thermal_power_boiler,secondary_air_flow,useful,manipulated,Nm3/h,web_approved:boiler_airflow_2024:web_compact,8c0626a5ef627e40,external_train,boiler_airflow_2024,https://www.mdpi.com/2227-9717/12/12/2823
DCS_02_secondary_air_flow_PV_SP_11,thermal_power_boiler,secondary_air_flow,useful,manipulated,Nm3/h,web_approved:boiler_airflow_2024:web_vendor_tag,8c0626a5ef627e40,external_train,boiler_airflow_2024,https://www.mdpi.com/2227-9717/12/12/2823
Unit3.secondary_air_flow_PV.AI,thermal_power_boiler,secondary_air_flow,useful,manipulated,Nm3/h,web_approved:boiler_airflow_2024:web_channel_tag,8c0626a5ef627e40,external_train,boiler_airflow_2024,https://www.mdpi.com/2227-9717/12/12/2823
secondary air flow PV[Nm3/h],thermal_power_boiler,secondary_air_flow,useful,manipulated,Nm3/h,web_approved:boiler_airflow_2024:web_unit_bracket,8c0626a5ef627e40,external_train,boiler_airflow_2024,https://www.mdpi.com/2227-9717/12/12/2823
二次风量测点,thermal_power_boiler,secondary_air_flow,useful,manipulated,Nm3/h,web_approved:boiler_airflow_2024:web_phrase,67c2e8928a1cf985,external_train,boiler_airflow_2024,https://www.mdpi.com/2227-9717/12/12/2823
二次风量测点,thermal_power_boiler,secondary_air_flow,useful,manipulated,Nm3/h,web_approved:boiler_airflow_2024:web_normalized,67c2e8928a1cf985,external_train,boiler_airflow_2024,https://www.mdpi.com/2227-9717/12/12/2823
二次风量测点,thermal_power_boiler,secondary_air_flow,useful,manipulated,Nm3/h,web_approved:boiler_airflow_2024:web_uppercase,67c2e8928a1cf985,external_train,boiler_airflow_2024,https://www.mdpi.com/2227-9717/12/12/2823
二次风量测点,thermal_power_boiler,secondary_air_flow,useful,manipulated,Nm3/h,web_approved:boiler_airflow_2024:web_compact,67c2e8928a1cf985,external_train,boiler_airflow_2024,https://www.mdpi.com/2227-9717/12/12/2823
DCS_02_二次风量测点_SP_11,thermal_power_boiler,secondary_air_flow,useful,manipulated,Nm3/h,web_approved:boiler_airflow_2024:web_vendor_tag,67c2e8928a1cf985,external_train,boiler_airflow_2024,https://www.mdpi.com/2227-9717/12/12/2823
Unit3.二次风量测点.AI,thermal_power_boiler,secondary_air_flow,useful,manipulated,Nm3/h,web_approved:boiler_airflow_2024:web_channel_tag,67c2e8928a1cf985,external_train,boiler_airflow_2024,https://www.mdpi.com/2227-9717/12/12/2823
二次风量测点[Nm3/h],thermal_power_boiler,secondary_air_flow,useful,manipulated,Nm3/h,web_approved:boiler_airflow_2024:web_unit_bracket,67c2e8928a1cf985,external_train,boiler_airflow_2024,https://www.mdpi.com/2227-9717/12/12/2823
PA flow rate,thermal_power_boiler,primary_air_flow,useful,manipulated,Nm3/h,web_approved:boiler_airflow_2024:web_phrase,c41f083f13c4fbc8,external_train,boiler_airflow_2024,https://www.mdpi.com/2227-9717/12/12/2823
PA_flow_rate,thermal_power_boiler,primary_air_flow,useful,manipulated,Nm3/h,web_approved:boiler_airflow_2024:web_normalized,c41f083f13c4fbc8,external_train,boiler_airflow_2024,https://www.mdpi.com/2227-9717/12/12/2823
PA_FLOW_RATE,thermal_power_boiler,primary_air_flow,useful,manipulated,Nm3/h,web_approved:boiler_airflow_2024:web_uppercase,c41f083f13c4fbc8,external_train,boiler_airflow_2024,https://www.mdpi.com/2227-9717/12/12/2823
PAflowrate,thermal_power_boiler,primary_air_flow,useful,manipulated,Nm3/h,web_approved:boiler_airflow_2024:web_compact,c41f083f13c4fbc8,external_train,boiler_airflow_2024,https://www.mdpi.com/2227-9717/12/12/2823
DCS_02_PA_flow_rate_SP_11,thermal_power_boiler,primary_air_flow,useful,manipulated,Nm3/h,web_approved:boiler_airflow_2024:web_vendor_tag,c41f083f13c4fbc8,external_train,boiler_airflow_2024,https://www.mdpi.com/2227-9717/12/12/2823
Unit3.PA_flow_rate.AI,thermal_power_boiler,primary_air_flow,useful,manipulated,Nm3/h,web_approved:boiler_airflow_2024:web_channel_tag,c41f083f13c4fbc8,external_train,boiler_airflow_2024,https://www.mdpi.com/2227-9717/12/12/2823
PA flow rate[Nm3/h],thermal_power_boiler,primary_air_flow,useful,manipulated,Nm3/h,web_approved:boiler_airflow_2024:web_unit_bracket,c41f083f13c4fbc8,external_train,boiler_airflow_2024,https://www.mdpi.com/2227-9717/12/12/2823
primary air flow PV,thermal_power_boiler,primary_air_flow,useful,manipulated,Nm3/h,web_approved:boiler_airflow_2024:web_phrase,a8075bd710ae29fd,external_train,boiler_airflow_2024,https://www.mdpi.com/2227-9717/12/12/2823
primary_air_flow_PV,thermal_power_boiler,primary_air_flow,useful,manipulated,Nm3/h,web_approved:boiler_airflow_2024:web_normalized,a8075bd710ae29fd,external_train,boiler_airflow_2024,https://www.mdpi.com/2227-9717/12/12/2823
PRIMARY_AIR_FLOW_PV,thermal_power_boiler,primary_air_flow,useful,manipulated,Nm3/h,web_approved:boiler_airflow_2024:web_uppercase,a8075bd710ae29fd,external_train,boiler_airflow_2024,https://www.mdpi.com/2227-9717/12/12/2823
primaryairflowPV,thermal_power_boiler,primary_air_flow,useful,manipulated,Nm3/h,web_approved:boiler_airflow_2024:web_compact,a8075bd710ae29fd,external_train,boiler_airflow_2024,https://www.mdpi.com/2227-9717/12/12/2823
DCS_02_primary_air_flow_PV_SP_11,thermal_power_boiler,primary_air_flow,useful,manipulated,Nm3/h,web_approved:boiler_airflow_2024:web_vendor_tag,a8075bd710ae29fd,external_train,boiler_airflow_2024,https://www.mdpi.com/2227-9717/12/12/2823
Unit3.primary_air_flow_PV.AI,thermal_power_boiler,primary_air_flow,useful,manipulated,Nm3/h,web_approved:boiler_airflow_2024:web_channel_tag,a8075bd710ae29fd,external_train,boiler_airflow_2024,https://www.mdpi.com/2227-9717/12/12/2823
primary air flow PV[Nm3/h],thermal_power_boiler,primary_air_flow,useful,manipulated,Nm3/h,web_approved:boiler_airflow_2024:web_unit_bracket,a8075bd710ae29fd,external_train,boiler_airflow_2024,https://www.mdpi.com/2227-9717/12/12/2823
MS steam pressure,thermal_power_boiler,main_steam_pressure,required,controlled,Pa,web_approved:boiler_airflow_2024:web_phrase,ec4b9053fcae8dc9,external_train,boiler_airflow_2024,https://www.mdpi.com/2227-9717/12/12/2823
MS_steam_pressure,thermal_power_boiler,main_steam_pressure,required,controlled,Pa,web_approved:boiler_airflow_2024:web_normalized,ec4b9053fcae8dc9,external_train,boiler_airflow_2024,https://www.mdpi.com/2227-9717/12/12/2823
MS_STEAM_PRESSURE,thermal_power_boiler,main_steam_pressure,required,controlled,Pa,web_approved:boiler_airflow_2024:web_uppercase,ec4b9053fcae8dc9,external_train,boiler_airflow_2024,https://www.mdpi.com/2227-9717/12/12/2823
MSsteampressure,thermal_power_boiler,main_steam_pressure,required,controlled,Pa,web_approved:boiler_airflow_2024:web_compact,ec4b9053fcae8dc9,external_train,boiler_airflow_2024,https://www.mdpi.com/2227-9717/12/12/2823
DCS_02_MS_steam_pressure_PV_11,thermal_power_boiler,main_steam_pressure,required,controlled,Pa,web_approved:boiler_airflow_2024:web_vendor_tag,ec4b9053fcae8dc9,external_train,boiler_airflow_2024,https://www.mdpi.com/2227-9717/12/12/2823
Unit3.MS_steam_pressure.AI,thermal_power_boiler,main_steam_pressure,required,controlled,Pa,web_approved:boiler_airflow_2024:web_channel_tag,ec4b9053fcae8dc9,external_train,boiler_airflow_2024,https://www.mdpi.com/2227-9717/12/12/2823
MS steam pressure[Pa],thermal_power_boiler,main_steam_pressure,required,controlled,Pa,web_approved:boiler_airflow_2024:web_unit_bracket,ec4b9053fcae8dc9,external_train,boiler_airflow_2024,https://www.mdpi.com/2227-9717/12/12/2823
main steam header pressure,thermal_power_boiler,main_steam_pressure,required,controlled,Pa,web_approved:boiler_airflow_2024:web_phrase,0a1fcfe2cd9f0cb6,external_train,boiler_airflow_2024,https://www.mdpi.com/2227-9717/12/12/2823
main_steam_header_pressure,thermal_power_boiler,main_steam_pressure,required,controlled,Pa,web_approved:boiler_airflow_2024:web_normalized,0a1fcfe2cd9f0cb6,external_train,boiler_airflow_2024,https://www.mdpi.com/2227-9717/12/12/2823
MAIN_STEAM_HEADER_PRESSURE,thermal_power_boiler,main_steam_pressure,required,controlled,Pa,web_approved:boiler_airflow_2024:web_uppercase,0a1fcfe2cd9f0cb6,external_train,boiler_airflow_2024,https://www.mdpi.com/2227-9717/12/12/2823
mainsteamheaderpressure,thermal_power_boiler,main_steam_pressure,required,controlled,Pa,web_approved:boiler_airflow_2024:web_compact,0a1fcfe2cd9f0cb6,external_train,boiler_airflow_2024,https://www.mdpi.com/2227-9717/12/12/2823
DCS_02_main_steam_header_pressure_PV_11,thermal_power_boiler,main_steam_pressure,required,controlled,Pa,web_approved:boiler_airflow_2024:web_vendor_tag,0a1fcfe2cd9f0cb6,external_train,boiler_airflow_2024,https://www.mdpi.com/2227-9717/12/12/2823
Unit3.main_steam_header_pressure.AI,thermal_power_boiler,main_steam_pressure,required,controlled,Pa,web_approved:boiler_airflow_2024:web_channel_tag,0a1fcfe2cd9f0cb6,external_train,boiler_airflow_2024,https://www.mdpi.com/2227-9717/12/12/2823
main steam header pressure[Pa],thermal_power_boiler,main_steam_pressure,required,controlled,Pa,web_approved:boiler_airflow_2024:web_unit_bracket,0a1fcfe2cd9f0cb6,external_train,boiler_airflow_2024,https://www.mdpi.com/2227-9717/12/12/2823
主汽母管压力,thermal_power_boiler,main_steam_pressure,required,controlled,Pa,web_approved:boiler_airflow_2024:web_phrase,113c2480a48b63f9,external_train,boiler_airflow_2024,https://www.mdpi.com/2227-9717/12/12/2823
主汽母管压力,thermal_power_boiler,main_steam_pressure,required,controlled,Pa,web_approved:boiler_airflow_2024:web_normalized,113c2480a48b63f9,external_train,boiler_airflow_2024,https://www.mdpi.com/2227-9717/12/12/2823
主汽母管压力,thermal_power_boiler,main_steam_pressure,required,controlled,Pa,web_approved:boiler_airflow_2024:web_uppercase,113c2480a48b63f9,external_train,boiler_airflow_2024,https://www.mdpi.com/2227-9717/12/12/2823
主汽母管压力,thermal_power_boiler,main_steam_pressure,required,controlled,Pa,web_approved:boiler_airflow_2024:web_compact,113c2480a48b63f9,external_train,boiler_airflow_2024,https://www.mdpi.com/2227-9717/12/12/2823
DCS_02_主汽母管压力_PV_11,thermal_power_boiler,main_steam_pressure,required,controlled,Pa,web_approved:boiler_airflow_2024:web_vendor_tag,113c2480a48b63f9,external_train,boiler_airflow_2024,https://www.mdpi.com/2227-9717/12/12/2823
Unit3.主汽母管压力.AI,thermal_power_boiler,main_steam_pressure,required,controlled,Pa,web_approved:boiler_airflow_2024:web_channel_tag,113c2480a48b63f9,external_train,boiler_airflow_2024,https://www.mdpi.com/2227-9717/12/12/2823
主汽母管压力[Pa],thermal_power_boiler,main_steam_pressure,required,controlled,Pa,web_approved:boiler_airflow_2024:web_unit_bracket,113c2480a48b63f9,external_train,boiler_airflow_2024,https://www.mdpi.com/2227-9717/12/12/2823
generation load MW,thermal_power_boiler,unit_load,required,disturbance,MW,web_approved:boiler_oxygen_ieee_2020:web_phrase,c44d6cc0e31268bc,external_train,boiler_oxygen_ieee_2020,https://research.engineering.uiowa.edu/kusiak/sites/research.engineering.uiowa.edu.kusiak/files/files/IEEE%20Access%202020-1.pdf
generation_load_MW,thermal_power_boiler,unit_load,required,disturbance,MW,web_approved:boiler_oxygen_ieee_2020:web_normalized,c44d6cc0e31268bc,external_train,boiler_oxygen_ieee_2020,https://research.engineering.uiowa.edu/kusiak/sites/research.engineering.uiowa.edu.kusiak/files/files/IEEE%20Access%202020-1.pdf
GENERATION_LOAD_MW,thermal_power_boiler,unit_load,required,disturbance,MW,web_approved:boiler_oxygen_ieee_2020:web_uppercase,c44d6cc0e31268bc,external_train,boiler_oxygen_ieee_2020,https://research.engineering.uiowa.edu/kusiak/sites/research.engineering.uiowa.edu.kusiak/files/files/IEEE%20Access%202020-1.pdf
generationloadMW,thermal_power_boiler,unit_load,required,disturbance,MW,web_approved:boiler_oxygen_ieee_2020:web_compact,c44d6cc0e31268bc,external_train,boiler_oxygen_ieee_2020,https://research.engineering.uiowa.edu/kusiak/sites/research.engineering.uiowa.edu.kusiak/files/files/IEEE%20Access%202020-1.pdf
DCS_02_generation_load_MW_PV_11,thermal_power_boiler,unit_load,required,disturbance,MW,web_approved:boiler_oxygen_ieee_2020:web_vendor_tag,c44d6cc0e31268bc,external_train,boiler_oxygen_ieee_2020,https://research.engineering.uiowa.edu/kusiak/sites/research.engineering.uiowa.edu.kusiak/files/files/IEEE%20Access%202020-1.pdf
Unit3.generation_load_MW.AI,thermal_power_boiler,unit_load,required,disturbance,MW,web_approved:boiler_oxygen_ieee_2020:web_channel_tag,c44d6cc0e31268bc,external_train,boiler_oxygen_ieee_2020,https://research.engineering.uiowa.edu/kusiak/sites/research.engineering.uiowa.edu.kusiak/files/files/IEEE%20Access%202020-1.pdf
generation load MW[MW],thermal_power_boiler,unit_load,required,disturbance,MW,web_approved:boiler_oxygen_ieee_2020:web_unit_bracket,c44d6cc0e31268bc,external_train,boiler_oxygen_ieee_2020,https://research.engineering.uiowa.edu/kusiak/sites/research.engineering.uiowa.edu.kusiak/files/files/IEEE%20Access%202020-1.pdf
unit output MW,thermal_power_boiler,unit_load,required,disturbance,MW,web_approved:boiler_oxygen_ieee_2020:web_phrase,ec8f6a5b15552347,external_train,boiler_oxygen_ieee_2020,https://research.engineering.uiowa.edu/kusiak/sites/research.engineering.uiowa.edu.kusiak/files/files/IEEE%20Access%202020-1.pdf
unit_output_MW,thermal_power_boiler,unit_load,required,disturbance,MW,web_approved:boiler_oxygen_ieee_2020:web_normalized,ec8f6a5b15552347,external_train,boiler_oxygen_ieee_2020,https://research.engineering.uiowa.edu/kusiak/sites/research.engineering.uiowa.edu.kusiak/files/files/IEEE%20Access%202020-1.pdf
UNIT_OUTPUT_MW,thermal_power_boiler,unit_load,required,disturbance,MW,web_approved:boiler_oxygen_ieee_2020:web_uppercase,ec8f6a5b15552347,external_train,boiler_oxygen_ieee_2020,https://research.engineering.uiowa.edu/kusiak/sites/research.engineering.uiowa.edu.kusiak/files/files/IEEE%20Access%202020-1.pdf
unitoutputMW,thermal_power_boiler,unit_load,required,disturbance,MW,web_approved:boiler_oxygen_ieee_2020:web_compact,ec8f6a5b15552347,external_train,boiler_oxygen_ieee_2020,https://research.engineering.uiowa.edu/kusiak/sites/research.engineering.uiowa.edu.kusiak/files/files/IEEE%20Access%202020-1.pdf
DCS_02_unit_output_MW_PV_11,thermal_power_boiler,unit_load,required,disturbance,MW,web_approved:boiler_oxygen_ieee_2020:web_vendor_tag,ec8f6a5b15552347,external_train,boiler_oxygen_ieee_2020,https://research.engineering.uiowa.edu/kusiak/sites/research.engineering.uiowa.edu.kusiak/files/files/IEEE%20Access%202020-1.pdf
Unit3.unit_output_MW.AI,thermal_power_boiler,unit_load,required,disturbance,MW,web_approved:boiler_oxygen_ieee_2020:web_channel_tag,ec8f6a5b15552347,external_train,boiler_oxygen_ieee_2020,https://research.engineering.uiowa.edu/kusiak/sites/research.engineering.uiowa.edu.kusiak/files/files/IEEE%20Access%202020-1.pdf
unit output MW[MW],thermal_power_boiler,unit_load,required,disturbance,MW,web_approved:boiler_oxygen_ieee_2020:web_unit_bracket,ec8f6a5b15552347,external_train,boiler_oxygen_ieee_2020,https://research.engineering.uiowa.edu/kusiak/sites/research.engineering.uiowa.edu.kusiak/files/files/IEEE%20Access%202020-1.pdf
发电机有功出力,thermal_power_boiler,unit_load,required,disturbance,MW,web_approved:boiler_oxygen_ieee_2020:web_phrase,4b1e7f2dd0bbbcd9,external_train,boiler_oxygen_ieee_2020,https://research.engineering.uiowa.edu/kusiak/sites/research.engineering.uiowa.edu.kusiak/files/files/IEEE%20Access%202020-1.pdf
发电机有功出力,thermal_power_boiler,unit_load,required,disturbance,MW,web_approved:boiler_oxygen_ieee_2020:web_normalized,4b1e7f2dd0bbbcd9,external_train,boiler_oxygen_ieee_2020,https://research.engineering.uiowa.edu/kusiak/sites/research.engineering.uiowa.edu.kusiak/files/files/IEEE%20Access%202020-1.pdf
发电机有功出力,thermal_power_boiler,unit_load,required,disturbance,MW,web_approved:boiler_oxygen_ieee_2020:web_uppercase,4b1e7f2dd0bbbcd9,external_train,boiler_oxygen_ieee_2020,https://research.engineering.uiowa.edu/kusiak/sites/research.engineering.uiowa.edu.kusiak/files/files/IEEE%20Access%202020-1.pdf
发电机有功出力,thermal_power_boiler,unit_load,required,disturbance,MW,web_approved:boiler_oxygen_ieee_2020:web_compact,4b1e7f2dd0bbbcd9,external_train,boiler_oxygen_ieee_2020,https://research.engineering.uiowa.edu/kusiak/sites/research.engineering.uiowa.edu.kusiak/files/files/IEEE%20Access%202020-1.pdf
DCS_02_发电机有功出力_PV_11,thermal_power_boiler,unit_load,required,disturbance,MW,web_approved:boiler_oxygen_ieee_2020:web_vendor_tag,4b1e7f2dd0bbbcd9,external_train,boiler_oxygen_ieee_2020,https://research.engineering.uiowa.edu/kusiak/sites/research.engineering.uiowa.edu.kusiak/files/files/IEEE%20Access%202020-1.pdf
Unit3.发电机有功出力.AI,thermal_power_boiler,unit_load,required,disturbance,MW,web_approved:boiler_oxygen_ieee_2020:web_channel_tag,4b1e7f2dd0bbbcd9,external_train,boiler_oxygen_ieee_2020,https://research.engineering.uiowa.edu/kusiak/sites/research.engineering.uiowa.edu.kusiak/files/files/IEEE%20Access%202020-1.pdf
发电机有功出力[MW],thermal_power_boiler,unit_load,required,disturbance,MW,web_approved:boiler_oxygen_ieee_2020:web_unit_bracket,4b1e7f2dd0bbbcd9,external_train,boiler_oxygen_ieee_2020,https://research.engineering.uiowa.edu/kusiak/sites/research.engineering.uiowa.edu.kusiak/files/files/IEEE%20Access%202020-1.pdf
rotary kiln outlet thermal measurement,cement_rotary_kiln,kiln_outlet_temperature,required,controlled,degC,web_approved:cement_kiln_cooler_apc_2023:web_phrase,74751f920aadaa95,external_train,cement_kiln_cooler_apc_2023,https://www.mdpi.com/1424-8220/23/5/2805
rotary_kiln_outlet_thermal_measurement,cement_rotary_kiln,kiln_outlet_temperature,required,controlled,degC,web_approved:cement_kiln_cooler_apc_2023:web_normalized,74751f920aadaa95,external_train,cement_kiln_cooler_apc_2023,https://www.mdpi.com/1424-8220/23/5/2805
ROTARY_KILN_OUTLET_THERMAL_MEASUREMENT,cement_rotary_kiln,kiln_outlet_temperature,required,controlled,degC,web_approved:cement_kiln_cooler_apc_2023:web_uppercase,74751f920aadaa95,external_train,cement_kiln_cooler_apc_2023,https://www.mdpi.com/1424-8220/23/5/2805
rotarykilnoutletthermalmeasurement,cement_rotary_kiln,kiln_outlet_temperature,required,controlled,degC,web_approved:cement_kiln_cooler_apc_2023:web_compact,74751f920aadaa95,external_train,cement_kiln_cooler_apc_2023,https://www.mdpi.com/1424-8220/23/5/2805
DCS_02_rotary_kiln_outlet_thermal_measurement_PV_11,cement_rotary_kiln,kiln_outlet_temperature,required,controlled,degC,web_approved:cement_kiln_cooler_apc_2023:web_vendor_tag,74751f920aadaa95,external_train,cement_kiln_cooler_apc_2023,https://www.mdpi.com/1424-8220/23/5/2805
Unit3.rotary_kiln_outlet_thermal_measurement.AI,cement_rotary_kiln,kiln_outlet_temperature,required,controlled,degC,web_approved:cement_kiln_cooler_apc_2023:web_channel_tag,74751f920aadaa95,external_train,cement_kiln_cooler_apc_2023,https://www.mdpi.com/1424-8220/23/5/2805
rotary kiln outlet thermal measurement[degC],cement_rotary_kiln,kiln_outlet_temperature,required,controlled,degC,web_approved:cement_kiln_cooler_apc_2023:web_unit_bracket,74751f920aadaa95,external_train,cement_kiln_cooler_apc_2023,https://www.mdpi.com/1424-8220/23/5/2805
kiln outlet zone temp,cement_rotary_kiln,kiln_outlet_temperature,required,controlled,degC,web_approved:cement_kiln_cooler_apc_2023:web_phrase,a958070a957a6419,external_train,cement_kiln_cooler_apc_2023,https://www.mdpi.com/1424-8220/23/5/2805
kiln_outlet_zone_temp,cement_rotary_kiln,kiln_outlet_temperature,required,controlled,degC,web_approved:cement_kiln_cooler_apc_2023:web_normalized,a958070a957a6419,external_train,cement_kiln_cooler_apc_2023,https://www.mdpi.com/1424-8220/23/5/2805
KILN_OUTLET_ZONE_TEMP,cement_rotary_kiln,kiln_outlet_temperature,required,controlled,degC,web_approved:cement_kiln_cooler_apc_2023:web_uppercase,a958070a957a6419,external_train,cement_kiln_cooler_apc_2023,https://www.mdpi.com/1424-8220/23/5/2805
kilnoutletzonetemp,cement_rotary_kiln,kiln_outlet_temperature,required,controlled,degC,web_approved:cement_kiln_cooler_apc_2023:web_compact,a958070a957a6419,external_train,cement_kiln_cooler_apc_2023,https://www.mdpi.com/1424-8220/23/5/2805
DCS_02_kiln_outlet_zone_temp_PV_11,cement_rotary_kiln,kiln_outlet_temperature,required,controlled,degC,web_approved:cement_kiln_cooler_apc_2023:web_vendor_tag,a958070a957a6419,external_train,cement_kiln_cooler_apc_2023,https://www.mdpi.com/1424-8220/23/5/2805
Unit3.kiln_outlet_zone_temp.AI,cement_rotary_kiln,kiln_outlet_temperature,required,controlled,degC,web_approved:cement_kiln_cooler_apc_2023:web_channel_tag,a958070a957a6419,external_train,cement_kiln_cooler_apc_2023,https://www.mdpi.com/1424-8220/23/5/2805
kiln outlet zone temp[degC],cement_rotary_kiln,kiln_outlet_temperature,required,controlled,degC,web_approved:cement_kiln_cooler_apc_2023:web_unit_bracket,a958070a957a6419,external_train,cement_kiln_cooler_apc_2023,https://www.mdpi.com/1424-8220/23/5/2805
kiln head hood temperature,cement_rotary_kiln,kiln_outlet_temperature,required,controlled,degC,web_approved:cement_kiln_cooler_apc_2023:web_phrase,13c07e105afc7d30,external_train,cement_kiln_cooler_apc_2023,https://www.mdpi.com/1424-8220/23/5/2805
kiln_head_hood_temperature,cement_rotary_kiln,kiln_outlet_temperature,required,controlled,degC,web_approved:cement_kiln_cooler_apc_2023:web_normalized,13c07e105afc7d30,external_train,cement_kiln_cooler_apc_2023,https://www.mdpi.com/1424-8220/23/5/2805
KILN_HEAD_HOOD_TEMPERATURE,cement_rotary_kiln,kiln_outlet_temperature,required,controlled,degC,web_approved:cement_kiln_cooler_apc_2023:web_uppercase,13c07e105afc7d30,external_train,cement_kiln_cooler_apc_2023,https://www.mdpi.com/1424-8220/23/5/2805
kilnheadhoodtemperature,cement_rotary_kiln,kiln_outlet_temperature,required,controlled,degC,web_approved:cement_kiln_cooler_apc_2023:web_compact,13c07e105afc7d30,external_train,cement_kiln_cooler_apc_2023,https://www.mdpi.com/1424-8220/23/5/2805
DCS_02_kiln_head_hood_temperature_PV_11,cement_rotary_kiln,kiln_outlet_temperature,required,controlled,degC,web_approved:cement_kiln_cooler_apc_2023:web_vendor_tag,13c07e105afc7d30,external_train,cement_kiln_cooler_apc_2023,https://www.mdpi.com/1424-8220/23/5/2805
Unit3.kiln_head_hood_temperature.AI,cement_rotary_kiln,kiln_outlet_temperature,required,controlled,degC,web_approved:cement_kiln_cooler_apc_2023:web_channel_tag,13c07e105afc7d30,external_train,cement_kiln_cooler_apc_2023,https://www.mdpi.com/1424-8220/23/5/2805
kiln head hood temperature[degC],cement_rotary_kiln,kiln_outlet_temperature,required,controlled,degC,web_approved:cement_kiln_cooler_apc_2023:web_unit_bracket,13c07e105afc7d30,external_train,cement_kiln_cooler_apc_2023,https://www.mdpi.com/1424-8220/23/5/2805
窑出口热工温度,cement_rotary_kiln,kiln_outlet_temperature,required,controlled,degC,web_approved:cement_kiln_cooler_apc_2023:web_phrase,0a236a328fae281e,external_train,cement_kiln_cooler_apc_2023,https://www.mdpi.com/1424-8220/23/5/2805
窑出口热工温度,cement_rotary_kiln,kiln_outlet_temperature,required,controlled,degC,web_approved:cement_kiln_cooler_apc_2023:web_normalized,0a236a328fae281e,external_train,cement_kiln_cooler_apc_2023,https://www.mdpi.com/1424-8220/23/5/2805
窑出口热工温度,cement_rotary_kiln,kiln_outlet_temperature,required,controlled,degC,web_approved:cement_kiln_cooler_apc_2023:web_uppercase,0a236a328fae281e,external_train,cement_kiln_cooler_apc_2023,https://www.mdpi.com/1424-8220/23/5/2805
窑出口热工温度,cement_rotary_kiln,kiln_outlet_temperature,required,controlled,degC,web_approved:cement_kiln_cooler_apc_2023:web_compact,0a236a328fae281e,external_train,cement_kiln_cooler_apc_2023,https://www.mdpi.com/1424-8220/23/5/2805
DCS_02_窑出口热工温度_PV_11,cement_rotary_kiln,kiln_outlet_temperature,required,controlled,degC,web_approved:cement_kiln_cooler_apc_2023:web_vendor_tag,0a236a328fae281e,external_train,cement_kiln_cooler_apc_2023,https://www.mdpi.com/1424-8220/23/5/2805
Unit3.窑出口热工温度.AI,cement_rotary_kiln,kiln_outlet_temperature,required,controlled,degC,web_approved:cement_kiln_cooler_apc_2023:web_channel_tag,0a236a328fae281e,external_train,cement_kiln_cooler_apc_2023,https://www.mdpi.com/1424-8220/23/5/2805
窑出口热工温度[degC],cement_rotary_kiln,kiln_outlet_temperature,required,controlled,degC,web_approved:cement_kiln_cooler_apc_2023:web_unit_bracket,0a236a328fae281e,external_train,cement_kiln_cooler_apc_2023,https://www.mdpi.com/1424-8220/23/5/2805
RM feed rate,cement_rotary_kiln,raw_meal_feed,required,manipulated,t/h,web_approved:cement_kiln_model_2022:web_phrase,16a3ac5dbf23e284,external_train,cement_kiln_model_2022,https://www.tandfonline.com/doi/full/10.1080/02726351.2022.2135470
RM_feed_rate,cement_rotary_kiln,raw_meal_feed,required,manipulated,t/h,web_approved:cement_kiln_model_2022:web_normalized,16a3ac5dbf23e284,external_train,cement_kiln_model_2022,https://www.tandfonline.com/doi/full/10.1080/02726351.2022.2135470
RM_FEED_RATE,cement_rotary_kiln,raw_meal_feed,required,manipulated,t/h,web_approved:cement_kiln_model_2022:web_uppercase,16a3ac5dbf23e284,external_train,cement_kiln_model_2022,https://www.tandfonline.com/doi/full/10.1080/02726351.2022.2135470
RMfeedrate,cement_rotary_kiln,raw_meal_feed,required,manipulated,t/h,web_approved:cement_kiln_model_2022:web_compact,16a3ac5dbf23e284,external_train,cement_kiln_model_2022,https://www.tandfonline.com/doi/full/10.1080/02726351.2022.2135470
DCS_02_RM_feed_rate_SP_11,cement_rotary_kiln,raw_meal_feed,required,manipulated,t/h,web_approved:cement_kiln_model_2022:web_vendor_tag,16a3ac5dbf23e284,external_train,cement_kiln_model_2022,https://www.tandfonline.com/doi/full/10.1080/02726351.2022.2135470
Unit3.RM_feed_rate.AI,cement_rotary_kiln,raw_meal_feed,required,manipulated,t/h,web_approved:cement_kiln_model_2022:web_channel_tag,16a3ac5dbf23e284,external_train,cement_kiln_model_2022,https://www.tandfonline.com/doi/full/10.1080/02726351.2022.2135470
RM feed rate[t/h],cement_rotary_kiln,raw_meal_feed,required,manipulated,t/h,web_approved:cement_kiln_model_2022:web_unit_bracket,16a3ac5dbf23e284,external_train,cement_kiln_model_2022,https://www.tandfonline.com/doi/full/10.1080/02726351.2022.2135470
rawmeal rate,cement_rotary_kiln,raw_meal_feed,required,manipulated,t/h,web_approved:cement_kiln_model_2022:web_phrase,8c324a3d643f8b63,external_train,cement_kiln_model_2022,https://www.tandfonline.com/doi/full/10.1080/02726351.2022.2135470
rawmeal_rate,cement_rotary_kiln,raw_meal_feed,required,manipulated,t/h,web_approved:cement_kiln_model_2022:web_normalized,8c324a3d643f8b63,external_train,cement_kiln_model_2022,https://www.tandfonline.com/doi/full/10.1080/02726351.2022.2135470
RAWMEAL_RATE,cement_rotary_kiln,raw_meal_feed,required,manipulated,t/h,web_approved:cement_kiln_model_2022:web_uppercase,8c324a3d643f8b63,external_train,cement_kiln_model_2022,https://www.tandfonline.com/doi/full/10.1080/02726351.2022.2135470
rawmealrate,cement_rotary_kiln,raw_meal_feed,required,manipulated,t/h,web_approved:cement_kiln_model_2022:web_compact,8c324a3d643f8b63,external_train,cement_kiln_model_2022,https://www.tandfonline.com/doi/full/10.1080/02726351.2022.2135470
DCS_02_rawmeal_rate_SP_11,cement_rotary_kiln,raw_meal_feed,required,manipulated,t/h,web_approved:cement_kiln_model_2022:web_vendor_tag,8c324a3d643f8b63,external_train,cement_kiln_model_2022,https://www.tandfonline.com/doi/full/10.1080/02726351.2022.2135470
Unit3.rawmeal_rate.AI,cement_rotary_kiln,raw_meal_feed,required,manipulated,t/h,web_approved:cement_kiln_model_2022:web_channel_tag,8c324a3d643f8b63,external_train,cement_kiln_model_2022,https://www.tandfonline.com/doi/full/10.1080/02726351.2022.2135470
rawmeal rate[t/h],cement_rotary_kiln,raw_meal_feed,required,manipulated,t/h,web_approved:cement_kiln_model_2022:web_unit_bracket,8c324a3d643f8b63,external_train,cement_kiln_model_2022,https://www.tandfonline.com/doi/full/10.1080/02726351.2022.2135470
kiln meal feed,cement_rotary_kiln,raw_meal_feed,required,manipulated,t/h,web_approved:cement_kiln_model_2022:web_phrase,a019a6d7c9d59e7a,external_train,cement_kiln_model_2022,https://www.tandfonline.com/doi/full/10.1080/02726351.2022.2135470
kiln_meal_feed,cement_rotary_kiln,raw_meal_feed,required,manipulated,t/h,web_approved:cement_kiln_model_2022:web_normalized,a019a6d7c9d59e7a,external_train,cement_kiln_model_2022,https://www.tandfonline.com/doi/full/10.1080/02726351.2022.2135470
KILN_MEAL_FEED,cement_rotary_kiln,raw_meal_feed,required,manipulated,t/h,web_approved:cement_kiln_model_2022:web_uppercase,a019a6d7c9d59e7a,external_train,cement_kiln_model_2022,https://www.tandfonline.com/doi/full/10.1080/02726351.2022.2135470
kilnmealfeed,cement_rotary_kiln,raw_meal_feed,required,manipulated,t/h,web_approved:cement_kiln_model_2022:web_compact,a019a6d7c9d59e7a,external_train,cement_kiln_model_2022,https://www.tandfonline.com/doi/full/10.1080/02726351.2022.2135470
DCS_02_kiln_meal_feed_SP_11,cement_rotary_kiln,raw_meal_feed,required,manipulated,t/h,web_approved:cement_kiln_model_2022:web_vendor_tag,a019a6d7c9d59e7a,external_train,cement_kiln_model_2022,https://www.tandfonline.com/doi/full/10.1080/02726351.2022.2135470
Unit3.kiln_meal_feed.AI,cement_rotary_kiln,raw_meal_feed,required,manipulated,t/h,web_approved:cement_kiln_model_2022:web_channel_tag,a019a6d7c9d59e7a,external_train,cement_kiln_model_2022,https://www.tandfonline.com/doi/full/10.1080/02726351.2022.2135470
kiln meal feed[t/h],cement_rotary_kiln,raw_meal_feed,required,manipulated,t/h,web_approved:cement_kiln_model_2022:web_unit_bracket,a019a6d7c9d59e7a,external_train,cement_kiln_model_2022,https://www.tandfonline.com/doi/full/10.1080/02726351.2022.2135470
inlet COD,wastewater_aeration,influent_cod,required,disturbance,mg/L,web_approved:wastewater_bsm1_report:web_phrase,060e793158c8f3ee,external_train,wastewater_bsm1_report,https://iwa-mia.org/wp-content/uploads/2019/04/BSM_TG_Tech_Report_no_1_BSM1_General_Description.pdf
inlet_COD,wastewater_aeration,influent_cod,required,disturbance,mg/L,web_approved:wastewater_bsm1_report:web_normalized,060e793158c8f3ee,external_train,wastewater_bsm1_report,https://iwa-mia.org/wp-content/uploads/2019/04/BSM_TG_Tech_Report_no_1_BSM1_General_Description.pdf
INLET_COD,wastewater_aeration,influent_cod,required,disturbance,mg/L,web_approved:wastewater_bsm1_report:web_uppercase,060e793158c8f3ee,external_train,wastewater_bsm1_report,https://iwa-mia.org/wp-content/uploads/2019/04/BSM_TG_Tech_Report_no_1_BSM1_General_Description.pdf
inletCOD,wastewater_aeration,influent_cod,required,disturbance,mg/L,web_approved:wastewater_bsm1_report:web_compact,060e793158c8f3ee,external_train,wastewater_bsm1_report,https://iwa-mia.org/wp-content/uploads/2019/04/BSM_TG_Tech_Report_no_1_BSM1_General_Description.pdf
DCS_02_inlet_COD_PV_11,wastewater_aeration,influent_cod,required,disturbance,mg/L,web_approved:wastewater_bsm1_report:web_vendor_tag,060e793158c8f3ee,external_train,wastewater_bsm1_report,https://iwa-mia.org/wp-content/uploads/2019/04/BSM_TG_Tech_Report_no_1_BSM1_General_Description.pdf
Unit3.inlet_COD.AI,wastewater_aeration,influent_cod,required,disturbance,mg/L,web_approved:wastewater_bsm1_report:web_channel_tag,060e793158c8f3ee,external_train,wastewater_bsm1_report,https://iwa-mia.org/wp-content/uploads/2019/04/BSM_TG_Tech_Report_no_1_BSM1_General_Description.pdf
inlet COD[mg/L],wastewater_aeration,influent_cod,required,disturbance,mg/L,web_approved:wastewater_bsm1_report:web_unit_bracket,060e793158c8f3ee,external_train,wastewater_bsm1_report,https://iwa-mia.org/wp-content/uploads/2019/04/BSM_TG_Tech_Report_no_1_BSM1_General_Description.pdf
WWTP influent COD,wastewater_aeration,influent_cod,required,disturbance,mg/L,web_approved:wastewater_bsm1_report:web_phrase,5841d68158cc11c6,external_train,wastewater_bsm1_report,https://iwa-mia.org/wp-content/uploads/2019/04/BSM_TG_Tech_Report_no_1_BSM1_General_Description.pdf
WWTP_influent_COD,wastewater_aeration,influent_cod,required,disturbance,mg/L,web_approved:wastewater_bsm1_report:web_normalized,5841d68158cc11c6,external_train,wastewater_bsm1_report,https://iwa-mia.org/wp-content/uploads/2019/04/BSM_TG_Tech_Report_no_1_BSM1_General_Description.pdf
WWTP_INFLUENT_COD,wastewater_aeration,influent_cod,required,disturbance,mg/L,web_approved:wastewater_bsm1_report:web_uppercase,5841d68158cc11c6,external_train,wastewater_bsm1_report,https://iwa-mia.org/wp-content/uploads/2019/04/BSM_TG_Tech_Report_no_1_BSM1_General_Description.pdf
WWTPinfluentCOD,wastewater_aeration,influent_cod,required,disturbance,mg/L,web_approved:wastewater_bsm1_report:web_compact,5841d68158cc11c6,external_train,wastewater_bsm1_report,https://iwa-mia.org/wp-content/uploads/2019/04/BSM_TG_Tech_Report_no_1_BSM1_General_Description.pdf
DCS_02_WWTP_influent_COD_PV_11,wastewater_aeration,influent_cod,required,disturbance,mg/L,web_approved:wastewater_bsm1_report:web_vendor_tag,5841d68158cc11c6,external_train,wastewater_bsm1_report,https://iwa-mia.org/wp-content/uploads/2019/04/BSM_TG_Tech_Report_no_1_BSM1_General_Description.pdf
Unit3.WWTP_influent_COD.AI,wastewater_aeration,influent_cod,required,disturbance,mg/L,web_approved:wastewater_bsm1_report:web_channel_tag,5841d68158cc11c6,external_train,wastewater_bsm1_report,https://iwa-mia.org/wp-content/uploads/2019/04/BSM_TG_Tech_Report_no_1_BSM1_General_Description.pdf
WWTP influent COD[mg/L],wastewater_aeration,influent_cod,required,disturbance,mg/L,web_approved:wastewater_bsm1_report:web_unit_bracket,5841d68158cc11c6,external_train,wastewater_bsm1_report,https://iwa-mia.org/wp-content/uploads/2019/04/BSM_TG_Tech_Report_no_1_BSM1_General_Description.pdf
raw water COD,wastewater_aeration,influent_cod,required,disturbance,mg/L,web_approved:wastewater_bsm1_report:web_phrase,2c3e0019fff0a888,external_train,wastewater_bsm1_report,https://iwa-mia.org/wp-content/uploads/2019/04/BSM_TG_Tech_Report_no_1_BSM1_General_Description.pdf
raw_water_COD,wastewater_aeration,influent_cod,required,disturbance,mg/L,web_approved:wastewater_bsm1_report:web_normalized,2c3e0019fff0a888,external_train,wastewater_bsm1_report,https://iwa-mia.org/wp-content/uploads/2019/04/BSM_TG_Tech_Report_no_1_BSM1_General_Description.pdf
RAW_WATER_COD,wastewater_aeration,influent_cod,required,disturbance,mg/L,web_approved:wastewater_bsm1_report:web_uppercase,2c3e0019fff0a888,external_train,wastewater_bsm1_report,https://iwa-mia.org/wp-content/uploads/2019/04/BSM_TG_Tech_Report_no_1_BSM1_General_Description.pdf
rawwaterCOD,wastewater_aeration,influent_cod,required,disturbance,mg/L,web_approved:wastewater_bsm1_report:web_compact,2c3e0019fff0a888,external_train,wastewater_bsm1_report,https://iwa-mia.org/wp-content/uploads/2019/04/BSM_TG_Tech_Report_no_1_BSM1_General_Description.pdf
DCS_02_raw_water_COD_PV_11,wastewater_aeration,influent_cod,required,disturbance,mg/L,web_approved:wastewater_bsm1_report:web_vendor_tag,2c3e0019fff0a888,external_train,wastewater_bsm1_report,https://iwa-mia.org/wp-content/uploads/2019/04/BSM_TG_Tech_Report_no_1_BSM1_General_Description.pdf
Unit3.raw_water_COD.AI,wastewater_aeration,influent_cod,required,disturbance,mg/L,web_approved:wastewater_bsm1_report:web_channel_tag,2c3e0019fff0a888,external_train,wastewater_bsm1_report,https://iwa-mia.org/wp-content/uploads/2019/04/BSM_TG_Tech_Report_no_1_BSM1_General_Description.pdf
raw water COD[mg/L],wastewater_aeration,influent_cod,required,disturbance,mg/L,web_approved:wastewater_bsm1_report:web_unit_bracket,2c3e0019fff0a888,external_train,wastewater_bsm1_report,https://iwa-mia.org/wp-content/uploads/2019/04/BSM_TG_Tech_Report_no_1_BSM1_General_Description.pdf
outlet COD,wastewater_aeration,effluent_cod,required,controlled,mg/L,web_approved:wastewater_bsm1_report:web_phrase,2721140c081ce99f,external_train,wastewater_bsm1_report,https://iwa-mia.org/wp-content/uploads/2019/04/BSM_TG_Tech_Report_no_1_BSM1_General_Description.pdf
outlet_COD,wastewater_aeration,effluent_cod,required,controlled,mg/L,web_approved:wastewater_bsm1_report:web_normalized,2721140c081ce99f,external_train,wastewater_bsm1_report,https://iwa-mia.org/wp-content/uploads/2019/04/BSM_TG_Tech_Report_no_1_BSM1_General_Description.pdf
OUTLET_COD,wastewater_aeration,effluent_cod,required,controlled,mg/L,web_approved:wastewater_bsm1_report:web_uppercase,2721140c081ce99f,external_train,wastewater_bsm1_report,https://iwa-mia.org/wp-content/uploads/2019/04/BSM_TG_Tech_Report_no_1_BSM1_General_Description.pdf
outletCOD,wastewater_aeration,effluent_cod,required,controlled,mg/L,web_approved:wastewater_bsm1_report:web_compact,2721140c081ce99f,external_train,wastewater_bsm1_report,https://iwa-mia.org/wp-content/uploads/2019/04/BSM_TG_Tech_Report_no_1_BSM1_General_Description.pdf
DCS_02_outlet_COD_PV_11,wastewater_aeration,effluent_cod,required,controlled,mg/L,web_approved:wastewater_bsm1_report:web_vendor_tag,2721140c081ce99f,external_train,wastewater_bsm1_report,https://iwa-mia.org/wp-content/uploads/2019/04/BSM_TG_Tech_Report_no_1_BSM1_General_Description.pdf
Unit3.outlet_COD.AI,wastewater_aeration,effluent_cod,required,controlled,mg/L,web_approved:wastewater_bsm1_report:web_channel_tag,2721140c081ce99f,external_train,wastewater_bsm1_report,https://iwa-mia.org/wp-content/uploads/2019/04/BSM_TG_Tech_Report_no_1_BSM1_General_Description.pdf
outlet COD[mg/L],wastewater_aeration,effluent_cod,required,controlled,mg/L,web_approved:wastewater_bsm1_report:web_unit_bracket,2721140c081ce99f,external_train,wastewater_bsm1_report,https://iwa-mia.org/wp-content/uploads/2019/04/BSM_TG_Tech_Report_no_1_BSM1_General_Description.pdf
WWTP effluent COD,wastewater_aeration,effluent_cod,required,controlled,mg/L,web_approved:wastewater_bsm1_report:web_phrase,8c22b81cd525b17f,external_train,wastewater_bsm1_report,https://iwa-mia.org/wp-content/uploads/2019/04/BSM_TG_Tech_Report_no_1_BSM1_General_Description.pdf
WWTP_effluent_COD,wastewater_aeration,effluent_cod,required,controlled,mg/L,web_approved:wastewater_bsm1_report:web_normalized,8c22b81cd525b17f,external_train,wastewater_bsm1_report,https://iwa-mia.org/wp-content/uploads/2019/04/BSM_TG_Tech_Report_no_1_BSM1_General_Description.pdf
WWTP_EFFLUENT_COD,wastewater_aeration,effluent_cod,required,controlled,mg/L,web_approved:wastewater_bsm1_report:web_uppercase,8c22b81cd525b17f,external_train,wastewater_bsm1_report,https://iwa-mia.org/wp-content/uploads/2019/04/BSM_TG_Tech_Report_no_1_BSM1_General_Description.pdf
WWTPeffluentCOD,wastewater_aeration,effluent_cod,required,controlled,mg/L,web_approved:wastewater_bsm1_report:web_compact,8c22b81cd525b17f,external_train,wastewater_bsm1_report,https://iwa-mia.org/wp-content/uploads/2019/04/BSM_TG_Tech_Report_no_1_BSM1_General_Description.pdf
DCS_02_WWTP_effluent_COD_PV_11,wastewater_aeration,effluent_cod,required,controlled,mg/L,web_approved:wastewater_bsm1_report:web_vendor_tag,8c22b81cd525b17f,external_train,wastewater_bsm1_report,https://iwa-mia.org/wp-content/uploads/2019/04/BSM_TG_Tech_Report_no_1_BSM1_General_Description.pdf
Unit3.WWTP_effluent_COD.AI,wastewater_aeration,effluent_cod,required,controlled,mg/L,web_approved:wastewater_bsm1_report:web_channel_tag,8c22b81cd525b17f,external_train,wastewater_bsm1_report,https://iwa-mia.org/wp-content/uploads/2019/04/BSM_TG_Tech_Report_no_1_BSM1_General_Description.pdf
WWTP effluent COD[mg/L],wastewater_aeration,effluent_cod,required,controlled,mg/L,web_approved:wastewater_bsm1_report:web_unit_bracket,8c22b81cd525b17f,external_train,wastewater_bsm1_report,https://iwa-mia.org/wp-content/uploads/2019/04/BSM_TG_Tech_Report_no_1_BSM1_General_Description.pdf
inlet NH3 N,wastewater_aeration,influent_ammonia,useful,disturbance,mg/L,web_approved:wastewater_bsm1_report:web_phrase,c7fb86c26cb3131a,external_train,wastewater_bsm1_report,https://iwa-mia.org/wp-content/uploads/2019/04/BSM_TG_Tech_Report_no_1_BSM1_General_Description.pdf
inlet_NH3_N,wastewater_aeration,influent_ammonia,useful,disturbance,mg/L,web_approved:wastewater_bsm1_report:web_normalized,c7fb86c26cb3131a,external_train,wastewater_bsm1_report,https://iwa-mia.org/wp-content/uploads/2019/04/BSM_TG_Tech_Report_no_1_BSM1_General_Description.pdf
INLET_NH3_N,wastewater_aeration,influent_ammonia,useful,disturbance,mg/L,web_approved:wastewater_bsm1_report:web_uppercase,c7fb86c26cb3131a,external_train,wastewater_bsm1_report,https://iwa-mia.org/wp-content/uploads/2019/04/BSM_TG_Tech_Report_no_1_BSM1_General_Description.pdf
inletNH3N,wastewater_aeration,influent_ammonia,useful,disturbance,mg/L,web_approved:wastewater_bsm1_report:web_compact,c7fb86c26cb3131a,external_train,wastewater_bsm1_report,https://iwa-mia.org/wp-content/uploads/2019/04/BSM_TG_Tech_Report_no_1_BSM1_General_Description.pdf
DCS_02_inlet_NH3_N_PV_11,wastewater_aeration,influent_ammonia,useful,disturbance,mg/L,web_approved:wastewater_bsm1_report:web_vendor_tag,c7fb86c26cb3131a,external_train,wastewater_bsm1_report,https://iwa-mia.org/wp-content/uploads/2019/04/BSM_TG_Tech_Report_no_1_BSM1_General_Description.pdf
Unit3.inlet_NH3_N.AI,wastewater_aeration,influent_ammonia,useful,disturbance,mg/L,web_approved:wastewater_bsm1_report:web_channel_tag,c7fb86c26cb3131a,external_train,wastewater_bsm1_report,https://iwa-mia.org/wp-content/uploads/2019/04/BSM_TG_Tech_Report_no_1_BSM1_General_Description.pdf
inlet NH3 N[mg/L],wastewater_aeration,influent_ammonia,useful,disturbance,mg/L,web_approved:wastewater_bsm1_report:web_unit_bracket,c7fb86c26cb3131a,external_train,wastewater_bsm1_report,https://iwa-mia.org/wp-content/uploads/2019/04/BSM_TG_Tech_Report_no_1_BSM1_General_Description.pdf
WWTP influent ammonia,wastewater_aeration,influent_ammonia,useful,disturbance,mg/L,web_approved:wastewater_bsm1_report:web_phrase,0ffb04559d5b50fb,external_train,wastewater_bsm1_report,https://iwa-mia.org/wp-content/uploads/2019/04/BSM_TG_Tech_Report_no_1_BSM1_General_Description.pdf
WWTP_influent_ammonia,wastewater_aeration,influent_ammonia,useful,disturbance,mg/L,web_approved:wastewater_bsm1_report:web_normalized,0ffb04559d5b50fb,external_train,wastewater_bsm1_report,https://iwa-mia.org/wp-content/uploads/2019/04/BSM_TG_Tech_Report_no_1_BSM1_General_Description.pdf
WWTP_INFLUENT_AMMONIA,wastewater_aeration,influent_ammonia,useful,disturbance,mg/L,web_approved:wastewater_bsm1_report:web_uppercase,0ffb04559d5b50fb,external_train,wastewater_bsm1_report,https://iwa-mia.org/wp-content/uploads/2019/04/BSM_TG_Tech_Report_no_1_BSM1_General_Description.pdf
WWTPinfluentammonia,wastewater_aeration,influent_ammonia,useful,disturbance,mg/L,web_approved:wastewater_bsm1_report:web_compact,0ffb04559d5b50fb,external_train,wastewater_bsm1_report,https://iwa-mia.org/wp-content/uploads/2019/04/BSM_TG_Tech_Report_no_1_BSM1_General_Description.pdf
DCS_02_WWTP_influent_ammonia_PV_11,wastewater_aeration,influent_ammonia,useful,disturbance,mg/L,web_approved:wastewater_bsm1_report:web_vendor_tag,0ffb04559d5b50fb,external_train,wastewater_bsm1_report,https://iwa-mia.org/wp-content/uploads/2019/04/BSM_TG_Tech_Report_no_1_BSM1_General_Description.pdf
Unit3.WWTP_influent_ammonia.AI,wastewater_aeration,influent_ammonia,useful,disturbance,mg/L,web_approved:wastewater_bsm1_report:web_channel_tag,0ffb04559d5b50fb,external_train,wastewater_bsm1_report,https://iwa-mia.org/wp-content/uploads/2019/04/BSM_TG_Tech_Report_no_1_BSM1_General_Description.pdf
WWTP influent ammonia[mg/L],wastewater_aeration,influent_ammonia,useful,disturbance,mg/L,web_approved:wastewater_bsm1_report:web_unit_bracket,0ffb04559d5b50fb,external_train,wastewater_bsm1_report,https://iwa-mia.org/wp-content/uploads/2019/04/BSM_TG_Tech_Report_no_1_BSM1_General_Description.pdf
outlet NH3 N,wastewater_aeration,effluent_ammonia,required,controlled,mg/L,web_approved:wastewater_bsm1_report:web_phrase,4864b001554eb4e0,external_train,wastewater_bsm1_report,https://iwa-mia.org/wp-content/uploads/2019/04/BSM_TG_Tech_Report_no_1_BSM1_General_Description.pdf
outlet_NH3_N,wastewater_aeration,effluent_ammonia,required,controlled,mg/L,web_approved:wastewater_bsm1_report:web_normalized,4864b001554eb4e0,external_train,wastewater_bsm1_report,https://iwa-mia.org/wp-content/uploads/2019/04/BSM_TG_Tech_Report_no_1_BSM1_General_Description.pdf
OUTLET_NH3_N,wastewater_aeration,effluent_ammonia,required,controlled,mg/L,web_approved:wastewater_bsm1_report:web_uppercase,4864b001554eb4e0,external_train,wastewater_bsm1_report,https://iwa-mia.org/wp-content/uploads/2019/04/BSM_TG_Tech_Report_no_1_BSM1_General_Description.pdf
outletNH3N,wastewater_aeration,effluent_ammonia,required,controlled,mg/L,web_approved:wastewater_bsm1_report:web_compact,4864b001554eb4e0,external_train,wastewater_bsm1_report,https://iwa-mia.org/wp-content/uploads/2019/04/BSM_TG_Tech_Report_no_1_BSM1_General_Description.pdf
DCS_02_outlet_NH3_N_PV_11,wastewater_aeration,effluent_ammonia,required,controlled,mg/L,web_approved:wastewater_bsm1_report:web_vendor_tag,4864b001554eb4e0,external_train,wastewater_bsm1_report,https://iwa-mia.org/wp-content/uploads/2019/04/BSM_TG_Tech_Report_no_1_BSM1_General_Description.pdf
Unit3.outlet_NH3_N.AI,wastewater_aeration,effluent_ammonia,required,controlled,mg/L,web_approved:wastewater_bsm1_report:web_channel_tag,4864b001554eb4e0,external_train,wastewater_bsm1_report,https://iwa-mia.org/wp-content/uploads/2019/04/BSM_TG_Tech_Report_no_1_BSM1_General_Description.pdf
outlet NH3 N[mg/L],wastewater_aeration,effluent_ammonia,required,controlled,mg/L,web_approved:wastewater_bsm1_report:web_unit_bracket,4864b001554eb4e0,external_train,wastewater_bsm1_report,https://iwa-mia.org/wp-content/uploads/2019/04/BSM_TG_Tech_Report_no_1_BSM1_General_Description.pdf
WWTP effluent ammonia,wastewater_aeration,effluent_ammonia,required,controlled,mg/L,web_approved:wastewater_bsm1_report:web_phrase,30655743d3587632,external_train,wastewater_bsm1_report,https://iwa-mia.org/wp-content/uploads/2019/04/BSM_TG_Tech_Report_no_1_BSM1_General_Description.pdf
WWTP_effluent_ammonia,wastewater_aeration,effluent_ammonia,required,controlled,mg/L,web_approved:wastewater_bsm1_report:web_normalized,30655743d3587632,external_train,wastewater_bsm1_report,https://iwa-mia.org/wp-content/uploads/2019/04/BSM_TG_Tech_Report_no_1_BSM1_General_Description.pdf
WWTP_EFFLUENT_AMMONIA,wastewater_aeration,effluent_ammonia,required,controlled,mg/L,web_approved:wastewater_bsm1_report:web_uppercase,30655743d3587632,external_train,wastewater_bsm1_report,https://iwa-mia.org/wp-content/uploads/2019/04/BSM_TG_Tech_Report_no_1_BSM1_General_Description.pdf
WWTPeffluentammonia,wastewater_aeration,effluent_ammonia,required,controlled,mg/L,web_approved:wastewater_bsm1_report:web_compact,30655743d3587632,external_train,wastewater_bsm1_report,https://iwa-mia.org/wp-content/uploads/2019/04/BSM_TG_Tech_Report_no_1_BSM1_General_Description.pdf
DCS_02_WWTP_effluent_ammonia_PV_11,wastewater_aeration,effluent_ammonia,required,controlled,mg/L,web_approved:wastewater_bsm1_report:web_vendor_tag,30655743d3587632,external_train,wastewater_bsm1_report,https://iwa-mia.org/wp-content/uploads/2019/04/BSM_TG_Tech_Report_no_1_BSM1_General_Description.pdf
Unit3.WWTP_effluent_ammonia.AI,wastewater_aeration,effluent_ammonia,required,controlled,mg/L,web_approved:wastewater_bsm1_report:web_channel_tag,30655743d3587632,external_train,wastewater_bsm1_report,https://iwa-mia.org/wp-content/uploads/2019/04/BSM_TG_Tech_Report_no_1_BSM1_General_Description.pdf
WWTP effluent ammonia[mg/L],wastewater_aeration,effluent_ammonia,required,controlled,mg/L,web_approved:wastewater_bsm1_report:web_unit_bracket,30655743d3587632,external_train,wastewater_bsm1_report,https://iwa-mia.org/wp-content/uploads/2019/04/BSM_TG_Tech_Report_no_1_BSM1_General_Description.pdf
final ammonia nitrogen,wastewater_aeration,effluent_ammonia,required,controlled,mg/L,web_approved:wastewater_bsm1_report:web_phrase,9cb6bc637285a3cc,external_train,wastewater_bsm1_report,https://iwa-mia.org/wp-content/uploads/2019/04/BSM_TG_Tech_Report_no_1_BSM1_General_Description.pdf
final_ammonia_nitrogen,wastewater_aeration,effluent_ammonia,required,controlled,mg/L,web_approved:wastewater_bsm1_report:web_normalized,9cb6bc637285a3cc,external_train,wastewater_bsm1_report,https://iwa-mia.org/wp-content/uploads/2019/04/BSM_TG_Tech_Report_no_1_BSM1_General_Description.pdf
FINAL_AMMONIA_NITROGEN,wastewater_aeration,effluent_ammonia,required,controlled,mg/L,web_approved:wastewater_bsm1_report:web_uppercase,9cb6bc637285a3cc,external_train,wastewater_bsm1_report,https://iwa-mia.org/wp-content/uploads/2019/04/BSM_TG_Tech_Report_no_1_BSM1_General_Description.pdf
finalammonianitrogen,wastewater_aeration,effluent_ammonia,required,controlled,mg/L,web_approved:wastewater_bsm1_report:web_compact,9cb6bc637285a3cc,external_train,wastewater_bsm1_report,https://iwa-mia.org/wp-content/uploads/2019/04/BSM_TG_Tech_Report_no_1_BSM1_General_Description.pdf
DCS_02_final_ammonia_nitrogen_PV_11,wastewater_aeration,effluent_ammonia,required,controlled,mg/L,web_approved:wastewater_bsm1_report:web_vendor_tag,9cb6bc637285a3cc,external_train,wastewater_bsm1_report,https://iwa-mia.org/wp-content/uploads/2019/04/BSM_TG_Tech_Report_no_1_BSM1_General_Description.pdf
Unit3.final_ammonia_nitrogen.AI,wastewater_aeration,effluent_ammonia,required,controlled,mg/L,web_approved:wastewater_bsm1_report:web_channel_tag,9cb6bc637285a3cc,external_train,wastewater_bsm1_report,https://iwa-mia.org/wp-content/uploads/2019/04/BSM_TG_Tech_Report_no_1_BSM1_General_Description.pdf
final ammonia nitrogen[mg/L],wastewater_aeration,effluent_ammonia,required,controlled,mg/L,web_approved:wastewater_bsm1_report:web_unit_bracket,9cb6bc637285a3cc,external_train,wastewater_bsm1_report,https://iwa-mia.org/wp-content/uploads/2019/04/BSM_TG_Tech_Report_no_1_BSM1_General_Description.pdf
blower flow rate,wastewater_aeration,aeration_air_flow,required,manipulated,Nm3/h,web_approved:wastewater_iwa_benchmark:web_phrase,c6fbc3943e23ad43,external_train,wastewater_iwa_benchmark,https://iwa-mia.org/benchmarking/
blower_flow_rate,wastewater_aeration,aeration_air_flow,required,manipulated,Nm3/h,web_approved:wastewater_iwa_benchmark:web_normalized,c6fbc3943e23ad43,external_train,wastewater_iwa_benchmark,https://iwa-mia.org/benchmarking/
BLOWER_FLOW_RATE,wastewater_aeration,aeration_air_flow,required,manipulated,Nm3/h,web_approved:wastewater_iwa_benchmark:web_uppercase,c6fbc3943e23ad43,external_train,wastewater_iwa_benchmark,https://iwa-mia.org/benchmarking/
blowerflowrate,wastewater_aeration,aeration_air_flow,required,manipulated,Nm3/h,web_approved:wastewater_iwa_benchmark:web_compact,c6fbc3943e23ad43,external_train,wastewater_iwa_benchmark,https://iwa-mia.org/benchmarking/
DCS_02_blower_flow_rate_SP_11,wastewater_aeration,aeration_air_flow,required,manipulated,Nm3/h,web_approved:wastewater_iwa_benchmark:web_vendor_tag,c6fbc3943e23ad43,external_train,wastewater_iwa_benchmark,https://iwa-mia.org/benchmarking/
Unit3.blower_flow_rate.AI,wastewater_aeration,aeration_air_flow,required,manipulated,Nm3/h,web_approved:wastewater_iwa_benchmark:web_channel_tag,c6fbc3943e23ad43,external_train,wastewater_iwa_benchmark,https://iwa-mia.org/benchmarking/
blower flow rate[Nm3/h],wastewater_aeration,aeration_air_flow,required,manipulated,Nm3/h,web_approved:wastewater_iwa_benchmark:web_unit_bracket,c6fbc3943e23ad43,external_train,wastewater_iwa_benchmark,https://iwa-mia.org/benchmarking/
aeration blower flow PV,wastewater_aeration,aeration_air_flow,required,manipulated,Nm3/h,web_approved:wastewater_iwa_benchmark:web_phrase,d1176c5931df2cae,external_train,wastewater_iwa_benchmark,https://iwa-mia.org/benchmarking/
aeration_blower_flow_PV,wastewater_aeration,aeration_air_flow,required,manipulated,Nm3/h,web_approved:wastewater_iwa_benchmark:web_normalized,d1176c5931df2cae,external_train,wastewater_iwa_benchmark,https://iwa-mia.org/benchmarking/
AERATION_BLOWER_FLOW_PV,wastewater_aeration,aeration_air_flow,required,manipulated,Nm3/h,web_approved:wastewater_iwa_benchmark:web_uppercase,d1176c5931df2cae,external_train,wastewater_iwa_benchmark,https://iwa-mia.org/benchmarking/
aerationblowerflowPV,wastewater_aeration,aeration_air_flow,required,manipulated,Nm3/h,web_approved:wastewater_iwa_benchmark:web_compact,d1176c5931df2cae,external_train,wastewater_iwa_benchmark,https://iwa-mia.org/benchmarking/
DCS_02_aeration_blower_flow_PV_SP_11,wastewater_aeration,aeration_air_flow,required,manipulated,Nm3/h,web_approved:wastewater_iwa_benchmark:web_vendor_tag,d1176c5931df2cae,external_train,wastewater_iwa_benchmark,https://iwa-mia.org/benchmarking/
Unit3.aeration_blower_flow_PV.AI,wastewater_aeration,aeration_air_flow,required,manipulated,Nm3/h,web_approved:wastewater_iwa_benchmark:web_channel_tag,d1176c5931df2cae,external_train,wastewater_iwa_benchmark,https://iwa-mia.org/benchmarking/
aeration blower flow PV[Nm3/h],wastewater_aeration,aeration_air_flow,required,manipulated,Nm3/h,web_approved:wastewater_iwa_benchmark:web_unit_bracket,d1176c5931df2cae,external_train,wastewater_iwa_benchmark,https://iwa-mia.org/benchmarking/
air blower flow,wastewater_aeration,aeration_air_flow,required,manipulated,Nm3/h,web_approved:wastewater_iwa_benchmark:web_phrase,4fc002caad7c8312,external_train,wastewater_iwa_benchmark,https://iwa-mia.org/benchmarking/
air_blower_flow,wastewater_aeration,aeration_air_flow,required,manipulated,Nm3/h,web_approved:wastewater_iwa_benchmark:web_normalized,4fc002caad7c8312,external_train,wastewater_iwa_benchmark,https://iwa-mia.org/benchmarking/
AIR_BLOWER_FLOW,wastewater_aeration,aeration_air_flow,required,manipulated,Nm3/h,web_approved:wastewater_iwa_benchmark:web_uppercase,4fc002caad7c8312,external_train,wastewater_iwa_benchmark,https://iwa-mia.org/benchmarking/
airblowerflow,wastewater_aeration,aeration_air_flow,required,manipulated,Nm3/h,web_approved:wastewater_iwa_benchmark:web_compact,4fc002caad7c8312,external_train,wastewater_iwa_benchmark,https://iwa-mia.org/benchmarking/
DCS_02_air_blower_flow_SP_11,wastewater_aeration,aeration_air_flow,required,manipulated,Nm3/h,web_approved:wastewater_iwa_benchmark:web_vendor_tag,4fc002caad7c8312,external_train,wastewater_iwa_benchmark,https://iwa-mia.org/benchmarking/
Unit3.air_blower_flow.AI,wastewater_aeration,aeration_air_flow,required,manipulated,Nm3/h,web_approved:wastewater_iwa_benchmark:web_channel_tag,4fc002caad7c8312,external_train,wastewater_iwa_benchmark,https://iwa-mia.org/benchmarking/
air blower flow[Nm3/h],wastewater_aeration,aeration_air_flow,required,manipulated,Nm3/h,web_approved:wastewater_iwa_benchmark:web_unit_bracket,4fc002caad7c8312,external_train,wastewater_iwa_benchmark,https://iwa-mia.org/benchmarking/
F74_00,thermal_power_boiler,feedwater_flow,required,manipulated,t/h,web_approved:damadics_lublin_2002:web_phrase,ee4b90f835b6a3b4,external_train,damadics_lublin_2002,https://iair.mchtr.pw.edu.pl/layout/set/print/Damadics
F74_00,thermal_power_boiler,feedwater_flow,required,manipulated,t/h,web_approved:damadics_lublin_2002:web_normalized,ee4b90f835b6a3b4,external_train,damadics_lublin_2002,https://iair.mchtr.pw.edu.pl/layout/set/print/Damadics
F74_00,thermal_power_boiler,feedwater_flow,required,manipulated,t/h,web_approved:damadics_lublin_2002:web_uppercase,ee4b90f835b6a3b4,external_train,damadics_lublin_2002,https://iair.mchtr.pw.edu.pl/layout/set/print/Damadics
F7400,thermal_power_boiler,feedwater_flow,required,manipulated,t/h,web_approved:damadics_lublin_2002:web_compact,ee4b90f835b6a3b4,external_train,damadics_lublin_2002,https://iair.mchtr.pw.edu.pl/layout/set/print/Damadics
DCS_02_F74_00_SP_11,thermal_power_boiler,feedwater_flow,required,manipulated,t/h,web_approved:damadics_lublin_2002:web_vendor_tag,ee4b90f835b6a3b4,external_train,damadics_lublin_2002,https://iair.mchtr.pw.edu.pl/layout/set/print/Damadics
Unit3.F74_00.AI,thermal_power_boiler,feedwater_flow,required,manipulated,t/h,web_approved:damadics_lublin_2002:web_channel_tag,ee4b90f835b6a3b4,external_train,damadics_lublin_2002,https://iair.mchtr.pw.edu.pl/layout/set/print/Damadics
F74_00[t/h],thermal_power_boiler,feedwater_flow,required,manipulated,t/h,web_approved:damadics_lublin_2002:web_unit_bracket,ee4b90f835b6a3b4,external_train,damadics_lublin_2002,https://iair.mchtr.pw.edu.pl/layout/set/print/Damadics
F74_30,thermal_power_boiler,main_steam_flow,useful,state,t/h,web_approved:damadics_lublin_2002:web_phrase,c7f8903e31a8094a,external_train,damadics_lublin_2002,https://iair.mchtr.pw.edu.pl/layout/set/print/Damadics
F74_30,thermal_power_boiler,main_steam_flow,useful,state,t/h,web_approved:damadics_lublin_2002:web_normalized,c7f8903e31a8094a,external_train,damadics_lublin_2002,https://iair.mchtr.pw.edu.pl/layout/set/print/Damadics
F74_30,thermal_power_boiler,main_steam_flow,useful,state,t/h,web_approved:damadics_lublin_2002:web_uppercase,c7f8903e31a8094a,external_train,damadics_lublin_2002,https://iair.mchtr.pw.edu.pl/layout/set/print/Damadics
F7430,thermal_power_boiler,main_steam_flow,useful,state,t/h,web_approved:damadics_lublin_2002:web_compact,c7f8903e31a8094a,external_train,damadics_lublin_2002,https://iair.mchtr.pw.edu.pl/layout/set/print/Damadics
DCS_02_F74_30_PV_11,thermal_power_boiler,main_steam_flow,useful,state,t/h,web_approved:damadics_lublin_2002:web_vendor_tag,c7f8903e31a8094a,external_train,damadics_lublin_2002,https://iair.mchtr.pw.edu.pl/layout/set/print/Damadics
Unit3.F74_30.AI,thermal_power_boiler,main_steam_flow,useful,state,t/h,web_approved:damadics_lublin_2002:web_channel_tag,c7f8903e31a8094a,external_train,damadics_lublin_2002,https://iair.mchtr.pw.edu.pl/layout/set/print/Damadics
F74_30[t/h],thermal_power_boiler,main_steam_flow,useful,state,t/h,web_approved:damadics_lublin_2002:web_unit_bracket,c7f8903e31a8094a,external_train,damadics_lublin_2002,https://iair.mchtr.pw.edu.pl/layout/set/print/Damadics
P74_30,thermal_power_boiler,main_steam_pressure,required,controlled,Pa,web_approved:damadics_lublin_2002:web_phrase,da202b31a9be7d18,external_train,damadics_lublin_2002,https://iair.mchtr.pw.edu.pl/layout/set/print/Damadics
P74_30,thermal_power_boiler,main_steam_pressure,required,controlled,Pa,web_approved:damadics_lublin_2002:web_normalized,da202b31a9be7d18,external_train,damadics_lublin_2002,https://iair.mchtr.pw.edu.pl/layout/set/print/Damadics
P74_30,thermal_power_boiler,main_steam_pressure,required,controlled,Pa,web_approved:damadics_lublin_2002:web_uppercase,da202b31a9be7d18,external_train,damadics_lublin_2002,https://iair.mchtr.pw.edu.pl/layout/set/print/Damadics
P7430,thermal_power_boiler,main_steam_pressure,required,controlled,Pa,web_approved:damadics_lublin_2002:web_compact,da202b31a9be7d18,external_train,damadics_lublin_2002,https://iair.mchtr.pw.edu.pl/layout/set/print/Damadics
DCS_02_P74_30_PV_11,thermal_power_boiler,main_steam_pressure,required,controlled,Pa,web_approved:damadics_lublin_2002:web_vendor_tag,da202b31a9be7d18,external_train,damadics_lublin_2002,https://iair.mchtr.pw.edu.pl/layout/set/print/Damadics
Unit3.P74_30.AI,thermal_power_boiler,main_steam_pressure,required,controlled,Pa,web_approved:damadics_lublin_2002:web_channel_tag,da202b31a9be7d18,external_train,damadics_lublin_2002,https://iair.mchtr.pw.edu.pl/layout/set/print/Damadics
P74_30[Pa],thermal_power_boiler,main_steam_pressure,required,controlled,Pa,web_approved:damadics_lublin_2002:web_unit_bracket,da202b31a9be7d18,external_train,damadics_lublin_2002,https://iair.mchtr.pw.edu.pl/layout/set/print/Damadics
T74_30,thermal_power_boiler,main_steam_temperature,required,controlled,degC,web_approved:damadics_lublin_2002:web_phrase,3f4671aaaff80945,external_train,damadics_lublin_2002,https://iair.mchtr.pw.edu.pl/layout/set/print/Damadics
T74_30,thermal_power_boiler,main_steam_temperature,required,controlled,degC,web_approved:damadics_lublin_2002:web_normalized,3f4671aaaff80945,external_train,damadics_lublin_2002,https://iair.mchtr.pw.edu.pl/layout/set/print/Damadics
T74_30,thermal_power_boiler,main_steam_temperature,required,controlled,degC,web_approved:damadics_lublin_2002:web_uppercase,3f4671aaaff80945,external_train,damadics_lublin_2002,https://iair.mchtr.pw.edu.pl/layout/set/print/Damadics
T7430,thermal_power_boiler,main_steam_temperature,required,controlled,degC,web_approved:damadics_lublin_2002:web_compact,3f4671aaaff80945,external_train,damadics_lublin_2002,https://iair.mchtr.pw.edu.pl/layout/set/print/Damadics
DCS_02_T74_30_PV_11,thermal_power_boiler,main_steam_temperature,required,controlled,degC,web_approved:damadics_lublin_2002:web_vendor_tag,3f4671aaaff80945,external_train,damadics_lublin_2002,https://iair.mchtr.pw.edu.pl/layout/set/print/Damadics
Unit3.T74_30.AI,thermal_power_boiler,main_steam_temperature,required,controlled,degC,web_approved:damadics_lublin_2002:web_channel_tag,3f4671aaaff80945,external_train,damadics_lublin_2002,https://iair.mchtr.pw.edu.pl/layout/set/print/Damadics
T74_30[degC],thermal_power_boiler,main_steam_temperature,required,controlled,degC,web_approved:damadics_lublin_2002:web_unit_bracket,3f4671aaaff80945,external_train,damadics_lublin_2002,https://iair.mchtr.pw.edu.pl/layout/set/print/Damadics
